ticker,price,avg_share_volume20,avg_dollar_volume20,median_dollar_volume20,adr20_pct,ret20_pct,max_up_day_30d_pct,tradable,rejection_reason,name,exchange
NVDA,215.23,127370097.0,27906887872.0,26764948610.0,2.6,-1.94,8.74,True,,NVIDIA Corporation - Common Stock,NASDAQ
MU,930.53,23986107.0,22967794694.0,23818819700.0,3.86,-1.09,6.1,True,,"Micron Technology, Inc. - Common Stock",NASDAQ
SNDK,1529.71,10629840.0,16861600007.0,14833395115.0,5.55,-5.91,13.67,True,,Sandisk Corporation - Common Stock When-Issued,NASDAQ
TSLA,361.36,38631759.0,13880545809.0,11817907814.0,3.42,7.27,5.51,True,,"Tesla, Inc.  - Common Stock",NASDAQ
AAPL,333.29,40836463.0,13082986608.0,12514616747.0,2.23,7.5,3.56,True,,Apple Inc. - Common Stock,NASDAQ
SPCX,151.19,75614900.0,10895620231.0,10223480454.0,4.39,5.48,15.83,True,,Space Exploration Technologies Corp. - Class A Common Stock,NASDAQ
META,676.2,17609648.0,10673847749.0,9543048076.0,2.9,24.38,6.55,True,,"Meta Platforms, Inc. - Class A Common Stock",NASDAQ
AVGO,339.97,25457900.0,9177161396.0,8026585311.0,2.44,-10.53,4.49,True,,Broadcom Inc. - Common Stock,NASDAQ
INTC,101.53,88775258.0,8411843307.0,8249002858.0,4.18,5.01,9.05,True,,Intel Corporation - Common Stock,NASDAQ
AMD,522.22,17255811.0,8365661020.0,7710183938.0,3.38,7.81,6.5,True,,"Advanced Micro Devices, Inc. - Common Stock",NASDAQ
MRVL,228.4,23272784.0,5319137162.0,4715839572.0,5.09,5.74,9.85,True,,"Marvell Technology, Inc. - Common Stock",NASDAQ
MRNA,148.7,34743461.0,5296737726.0,2552054061.0,9.86,136.18,176.97,True,,"Moderna, Inc. - Common Stock",NASDAQ
PLTR,172.96,28320025.0,4992535752.0,4854855412.0,3.98,0.83,10.32,True,,Palantir Technologies Inc. - Class A Common Stock,NASDAQ
DELL,564.88,9446022.0,4708421176.0,3531048236.0,5.87,20.53,15.81,True,,Dell Technologies Inc. Class C Common Stock ,NYSE
ORCL,143.26,28329663.0,4241947551.0,3707109913.0,4.24,0.33,5.69,True,,Oracle Corporation Common Stock,NYSE
CRM,251.41,16074314.0,3911946385.0,2999782115.0,3.74,28.18,22.58,True,,"Salesforce, Inc. Common Stock",NYSE
MSTR,125.89,28208834.0,3580102041.0,3094391834.0,6.31,36.07,17.56,True,,Strategy Inc - Class A Common Stock,NASDAQ
LITE,905.86,3918246.0,3520675210.0,3213100770.0,6.28,3.73,13.63,True,,Lumentum Holdings Inc. - Common Stock,NASDAQ
NBIS,217.05,15984476.0,3519235812.0,2830846361.0,5.55,-12.63,34.14,True,,Nebius Group N.V. - Class A Ordinary Shares,NASDAQ
BE,269.0,12721142.0,3016452138.0,2697735384.0,6.23,28.7,12.29,True,,Bloom Energy Corporation Class A Common Stock,NYSE
STX,787.32,3352457.0,2796263754.0,2650327540.0,5.18,-12.88,7.03,True,,Seagate Technology Holdings PLC - Ordinary Shares (Ireland),NASDAQ
LLY,1140.77,2366014.0,2795796289.0,2767228769.0,2.4,-6.93,4.86,True,,Eli Lilly and Company Common Stock,NYSE
AMAT,419.23,5902860.0,2728388747.0,2781317087.0,3.0,-18.4,5.55,True,,"Applied Materials, Inc. - Common Stock",NASDAQ
HOOD,105.57,23289877.0,2568833423.0,2258026966.0,5.94,15.33,16.57,True,,"Robinhood Markets, Inc. - Class A Common Stock",NASDAQ
CRWD,242.19,11852683.0,2555634890.0,1981351783.0,5.72,13.75,20.5,True,,"CrowdStrike Holdings, Inc. - Class A Common Stock",NASDAQ
WDC,424.77,5540439.0,2503219442.0,2454923728.0,5.17,-14.36,7.31,True,,Western Digital Corporation - Common Stock,NASDAQ
LRCX,270.88,7561341.0,2268561363.0,2253237205.0,3.72,-17.39,5.12,True,,Lam Research Corporation - Common Stock,NASDAQ
PANW,380.33,6402169.0,2265728658.0,1909504932.0,4.98,1.65,13.09,True,,"Palo Alto Networks, Inc. - Common Stock",NASDAQ
NOW,141.37,15919474.0,2181217383.0,1979945210.0,4.15,18.31,10.04,True,,"ServiceNow, Inc. Common Stock",NYSE
NFLX,77.25,25827815.0,2058206120.0,2077106520.0,2.46,-0.67,5.43,True,,"Netflix, Inc. - Common Stock",NASDAQ
ASML,1603.44,1149822.0,1946064669.0,1826254781.0,2.16,-11.07,4.17,True,,ASML Holding N.V. - New York Registry Shares,NASDAQ
COIN,165.68,10817724.0,1941332444.0,1775886007.0,6.02,13.3,10.14,True,,"Coinbase Global, Inc. - Class A Common Stock",NASDAQ
QCOM,187.75,11252413.0,1919234690.0,1682217419.0,3.69,17.84,4.66,True,,QUALCOMM Incorporated - Common Stock,NASDAQ
GEV,928.48,2037251.0,1894803080.0,1795139025.0,3.49,-7.57,5.17,True,,GE Vernova Inc. Common Stock,NYSE
CAT,789.61,2287747.0,1844413845.0,1826951657.0,2.44,-6.1,2.93,True,,"Caterpillar, Inc. Common Stock",NYSE
GS,983.03,1798056.0,1833352276.0,1762425512.0,2.32,-5.06,3.73,True,,"Goldman Sachs Group, Inc. (The) Common Stock",NYSE
UNH,378.14,4630826.0,1803406537.0,1718079020.0,2.39,-3.42,2.22,True,,UnitedHealth Group Incorporated Common Stock (DE),NYSE
CRWV,83.92,20327541.0,1799832073.0,1586883468.0,4.94,-9.93,19.28,True,,"CoreWeave, Inc. - Class A Common Stock",NASDAQ
SNOW,332.99,5387540.0,1786179855.0,1311816339.0,4.17,2.35,16.55,True,,Snowflake Inc. Common Stock,NYSE
IREN,43.0,40379550.0,1664004215.0,1563661566.0,6.34,2.39,9.86,True,,IREN Limited - Ordinary Shares,NASDAQ
COHR,287.83,5713653.0,1629086697.0,1480920193.0,5.62,-6.07,13.44,True,,Coherent Corp. Common Stock,NYSE
MRK,144.43,10702908.0,1595356994.0,1290062666.0,2.28,7.48,12.6,True,,"Merck & Company, Inc. Common Stock (new)",NYSE
KLAC,169.9,8652093.0,1552620131.0,1634968934.0,3.59,-12.78,7.32,True,,KLA Corporation  - Common Stock,NASDAQ
CRCL,81.51,16427977.0,1487165001.0,1412267670.0,7.23,13.63,16.46,True,,"Circle Internet Group, Inc. Class A Common Stock",NYSE
APP,328.79,4393720.0,1384259305.0,1316100049.0,4.15,7.01,4.0,True,,Applovin Corporation - Class A Common Stock,NASDAQ
SMCI,36.73,35751190.0,1348360045.0,1300730046.0,5.36,-1.82,19.02,True,,"Super Micro Computer, Inc. - Common Stock",NASDAQ
HPE,57.3,24615023.0,1345833883.0,1041607257.0,5.5,2.89,12.44,True,,Hewlett Packard Enterprise Company Common Stock,NYSE
ADBE,252.3,5000631.0,1344756714.0,1227909144.0,3.15,-4.12,5.73,True,,Adobe Inc. - Common Stock,NASDAQ
CRDO,160.88,7449716.0,1343336181.0,995245324.0,5.77,-34.59,8.82,True,,Credo Technology Group Holding Ltd - Ordinary Shares,NASDAQ
TXN,264.22,5103111.0,1332739267.0,1410004254.0,2.63,-2.95,3.82,True,,Texas Instruments Incorporated - Common Stock,NASDAQ
INTU,322.36,3849862.0,1328989629.0,1183756515.0,3.75,-8.0,7.04,True,,Intuit Inc. - Common Stock,NASDAQ
VRT,243.53,5130865.0,1319931691.0,1117453439.0,4.85,-10.62,4.73,True,,"Vertiv Holdings, LLC Class A Common Stock",NYSE
GLW,145.12,8591120.0,1300626612.0,1255693292.0,3.98,-9.07,7.56,True,,Corning Incorporated Common Stock,NYSE
ADI,366.17,3478303.0,1272345913.0,1237332795.0,2.42,-2.48,4.85,True,,"Analog Devices, Inc. - Common Stock",NASDAQ
UBER,71.79,16838130.0,1265226544.0,1123211771.0,3.13,-3.84,6.46,True,,"Uber Technologies, Inc. Common Stock",NYSE
GE,316.99,3745692.0,1251027948.0,1085815332.0,2.47,-15.49,3.24,True,,GE Aerospace Common Stock,NYSE
CBRS,188.29,6176937.0,1194049865.0,1090419031.0,5.82,-14.42,15.07,True,,Cerebras Systems Inc. - Class A Common Stock,NASDAQ
BMNR,22.6,47981923.0,1151824105.0,1196949861.0,6.74,23.66,14.7,True,,"BitMine Immersion Technologies, Inc. Common Stock",NYSE
C,135.47,8541844.0,1149136583.0,1020949673.0,2.29,-1.58,2.83,True,,"Citigroup, Inc. Common Stock",NYSE
BKNG,172.29,6030056.0,1147546077.0,1069255065.0,3.15,-17.07,6.56,True,,Booking Holdings Inc. - Common Stock,NASDAQ
WFC,88.44,12720972.0,1112153810.0,1132325095.0,2.16,1.19,2.56,True,,Wells Fargo & Company Common Stock,NYSE
IBM,240.87,4690179.0,1111256857.0,1094429683.0,2.45,3.52,3.96,True,,International Business Machines Corporation Common Stock,NYSE
TMO,649.2,1762712.0,1092161930.0,980824842.0,2.55,10.3,4.61,True,,Thermo Fisher Scientific Inc Common Stock,NYSE
FCX,69.85,14589332.0,1088101642.0,1107839131.0,3.47,5.32,7.64,True,,"Freeport-McMoRan, Inc. Common Stock",NYSE
RKLB,62.91,16222822.0,1064247417.0,997541101.0,4.37,-20.53,9.46,True,,Rocket Lab Corporation - Common Stock,NASDAQ
SHOP,131.11,7490246.0,1045041416.0,912292444.0,3.77,-10.55,16.98,True,,Shopify Inc. - Class A Subordinate Voting Shares,NASDAQ
AMGN,378.04,2489618.0,1034611876.0,1006821262.0,2.1,-10.59,4.57,True,,Amgen Inc. - Common Stock,NASDAQ
NKE,36.32,26372543.0,1008090412.0,998621778.0,2.02,-8.37,3.02,True,,"Nike, Inc. Common Stock",NYSE
NU,13.76,68051054.0,1005789694.0,1000355731.0,3.74,-4.11,9.33,True,,Nu Holdings Ltd. Class A Ordinary Shares,NYSE
PATH,13.78,62244636.0,1001137356.0,1007598774.0,5.21,-11.55,9.37,True,,"UiPath, Inc. Class A Common Stock",NYSE
NEM,123.29,7818657.0,998794765.0,969505564.0,2.8,6.53,7.85,True,,Newmont Corporation,NYSE
VLO,406.95,2651425.0,979903496.0,962912323.0,3.17,16.25,5.58,True,,Valero Energy Corporation Common Stock,NYSE
BSX,44.12,20207801.0,952641428.0,894225255.0,3.53,-12.57,4.82,True,,Boston Scientific Corporation Common Stock,NYSE
ALAB,265.99,3312155.0,943236017.0,811629815.0,5.7,-12.34,9.75,True,,"Astera Labs, Inc. - Common Stock",NASDAQ
HWM,228.73,3772705.0,929228782.0,741057919.0,3.23,-21.84,4.06,True,,Howmet Aerospace Inc. Common Stock,NYSE
DE,673.73,1403270.0,923141192.0,797151681.0,2.93,14.44,6.94,True,,Deere & Company Common Stock,NYSE
MPC,418.6,2386416.0,907504879.0,846606781.0,3.0,14.62,7.42,True,,Marathon Petroleum Corporation Common Stock,NYSE
ANET,198.6,4683885.0,901121504.0,880856686.0,3.36,2.81,6.39,True,,"Arista Networks, Inc. Common Stock",NYSE
MS,207.76,4229757.0,898562705.0,842576069.0,2.26,-4.5,3.25,True,,Morgan Stanley Common Stock,NYSE
NET,328.2,2984971.0,891814977.0,859463887.0,5.17,8.9,10.51,True,,"Cloudflare, Inc. Class A Common Stock",NYSE
AAL,12.82,66582466.0,886557292.0,882650190.0,2.74,-8.72,2.35,True,,"American Airlines Group, Inc. - Common Stock",NASDAQ
APH,77.91,10849777.0,867777299.0,868049757.0,2.79,-2.35,4.57,True,,Amphenol Corporation Common Stock,NYSE
COP,134.51,6294286.0,846295653.0,807664593.0,2.19,3.69,4.61,True,,ConocoPhillips Common Stock,NYSE
ACN,191.55,4544586.0,846246593.0,846081970.0,3.21,10.77,6.04,True,,Accenture plc Class A Ordinary Shares (Ireland),NYSE
SYK,287.45,2791958.0,840194222.0,734068658.0,3.29,-13.25,2.66,True,,Stryker Corporation Common Stock,NYSE
TER,344.23,2323569.0,833404941.0,853547321.0,4.32,-14.82,6.11,True,,"Teradyne, Inc. - Common Stock",NASDAQ
ABT,103.11,7466414.0,817445547.0,807047570.0,2.25,-8.49,2.19,True,,Abbott Laboratories Common Stock,NYSE
ISRG,383.42,2196716.0,813691994.0,754545291.0,3.03,-1.98,3.85,True,,"Intuitive Surgical, Inc. - Common Stock",NASDAQ
DDOG,233.47,3563692.0,803447647.0,752687646.0,4.66,-5.09,11.48,True,,"Datadog, Inc. - Class A Common Stock",NASDAQ
PCG,13.32,54417249.0,803342620.0,544391190.0,4.88,-25.25,5.95,True,,Pacific Gas & Electric Co. Common Stock,NYSE
SPOT,552.26,1484206.0,802957240.0,761863228.0,3.19,6.97,5.81,True,,Spotify Technology S.A. Ordinary Shares,NYSE
LULU,98.0,7325991.0,796602601.0,466434383.0,3.35,-17.65,5.05,True,,lululemon athletica inc. - Common Stock,NASDAQ
DASH,196.84,3613190.0,791238144.0,794989390.0,3.32,-9.02,2.89,True,,"DoorDash, Inc. - Common Stock",NASDAQ
ABNB,169.18,4344277.0,788561258.0,812648492.0,2.56,-7.68,17.43,True,,"Airbnb, Inc. - Class A Common Stock",NASDAQ
SNPS,378.5,1918164.0,783846657.0,689957202.0,3.7,-6.41,13.39,True,,"Synopsys, Inc. - Common Stock",NASDAQ
AAOI,97.31,7058294.0,778541932.0,626223545.0,6.23,-25.95,15.53,True,,"Applied Optoelectronics, Inc. - Common Stock",NASDAQ
CIEN,339.07,2220708.0,776964305.0,695619220.0,5.34,-16.39,11.49,True,,Ciena Corporation Common Stock,NYSE
DKS,125.46,5817243.0,776312355.0,463727391.0,4.78,-33.87,5.15,True,,Dick's Sporting Goods Inc Common Stock,NYSE
SPGI,411.16,1798302.0,774037050.0,747669145.0,2.35,-1.42,4.37,True,,S&P Global Inc. Common Stock,NYSE
GILD,148.63,5167897.0,756569085.0,737378434.0,2.2,4.2,3.25,True,,"Gilead Sciences, Inc. - Common Stock",NASDAQ
MDB,382.75,1911939.0,756558259.0,629234107.0,4.58,-11.93,8.49,True,,"MongoDB, Inc. - Class A Common Stock",NASDAQ
ETN,401.89,1813741.0,738956832.0,733788081.0,2.79,-6.83,3.96,True,,"Eaton Corporation, PLC Ordinary Shares",NYSE
PM,193.7,3891779.0,738445359.0,763784179.0,2.14,3.24,2.19,True,,Philip Morris International Inc Common Stock,NYSE
CDNS,279.67,2366888.0,724610035.0,673669315.0,3.35,-11.64,5.06,True,,"Cadence Design Systems, Inc. - Common Stock",NASDAQ
SLB,53.23,12850372.0,721011043.0,633929105.0,3.44,0.56,5.28,True,,SLB Limited Common Shares,NYSE
IONQ,37.09,18000991.0,714444471.0,641247294.0,5.63,-15.93,11.86,True,,"IonQ, Inc. Common Stock",NYSE
MDT,93.54,7738294.0,714096817.0,680006947.0,2.25,1.57,3.12,True,,Medtronic plc. Ordinary Shares,NYSE
OKTA,189.29,4259047.0,699455255.0,578333848.0,5.28,31.52,28.63,True,,"Okta, Inc. - Class A Common Stock",NASDAQ
CDE,19.58,33093477.0,692570192.0,734344333.0,4.57,5.78,13.07,True,,"Coeur Mining, Inc. Common Stock",NYSE
SOFI,16.96,38377705.0,692128801.0,702507903.0,4.09,-3.96,5.52,True,,"SoFi Technologies, Inc.  - Common Stock",NASDAQ
TMUS,177.61,3814243.0,691457308.0,691728551.0,2.22,-2.25,3.75,True,,"T-Mobile US, Inc. - Common Stock",NASDAQ
CEG,260.05,2462636.0,689783929.0,674212159.0,3.17,-2.54,4.88,True,,Constellation Energy Corporation - Common Stock When-Issued,NASDAQ
WDAY,189.84,3495141.0,685915581.0,615469352.0,3.74,-0.42,17.78,True,,"Workday, Inc. - Class A Common Stock",NASDAQ
DHR,209.79,3237227.0,681567601.0,625315960.0,2.68,5.12,5.97,True,,Danaher Corporation Common Stock,NYSE
TGT,155.74,4207840.0,681055416.0,576792498.0,2.85,2.14,4.54,True,,Target Corporation Common Stock,NYSE
PYPL,53.37,12138323.0,681050983.0,592421522.0,2.6,-11.47,4.33,True,,"PayPal Holdings, Inc. - Common Stock",NASDAQ
RDDT,158.6,4389949.0,675661599.0,662639498.0,4.58,0.22,12.63,True,,"Reddit, Inc. Class A Common Stock",NYSE
TEAM,190.24,3670686.0,667853101.0,657057588.0,4.8,16.71,35.31,True,,Atlassian Corporation  - Class A Common Stock,NASDAQ
FTNT,172.23,4124070.0,664614254.0,572856287.0,4.2,9.0,9.67,True,,"Fortinet, Inc. - Common Stock",NASDAQ
PSX,266.55,2642097.0,662706482.0,660027900.0,2.73,9.47,5.69,True,,Phillips 66 Common Stock,NYSE
NXPI,224.45,2897623.0,653069542.0,661519234.0,2.52,-1.8,4.48,True,,NXP Semiconductors N.V. - Common Stock,NASDAQ
LOW,196.82,3152826.0,650104493.0,606827580.0,2.12,-8.73,2.27,True,,"Lowe's Companies, Inc. Common Stock",NYSE
COF,207.32,3038594.0,649454227.0,609195850.0,2.16,-6.39,2.56,True,,Capital One Financial Corporation Common Stock,NYSE
CLS,324.63,2044453.0,635545134.0,544631225.0,4.72,4.52,11.55,True,,"Celestica, Inc. Common Stock",NYSE
HL,18.57,30416493.0,615629744.0,587773834.0,4.62,3.45,14.43,True,,Hecla Mining Company Common Stock,NYSE
AEM,198.32,2952094.0,611426635.0,559134158.0,3.39,6.32,11.12,True,,Agnico Eagle Mines Limited Common Stock,NYSE
SBUX,97.81,5858317.0,607818686.0,603068387.0,2.27,-7.74,2.97,True,,Starbucks Corporation - Common Stock,NASDAQ
VST,142.29,4242608.0,604493360.0,604481046.0,3.0,1.26,3.9,True,,Vistra Corp. Common Stock,NYSE
F,13.47,43225486.0,604303513.0,580822985.0,2.91,-3.34,4.09,True,,Ford Motor Company Common Stock,NYSE
ZS,195.42,3319659.0,590619454.0,426366606.0,5.1,5.23,16.52,True,,"Zscaler, Inc. - Common Stock",NASDAQ
TTWO,213.51,2601414.0,582722530.0,539032917.0,3.58,-11.92,6.04,True,,"Take-Two Interactive Software, Inc. - Common Stock",NASDAQ
ROST,227.38,2508971.0,582024449.0,529362136.0,2.3,-3.62,4.39,True,,"Ross Stores, Inc. - Common Stock",NASDAQ
ON,72.8,7953474.0,581635714.0,532807396.0,3.47,-8.34,8.51,True,,ON Semiconductor Corporation - Common Stock,NASDAQ
CMCSA,24.1,22230292.0,577747696.0,551820801.0,2.37,-8.02,2.79,True,,Comcast Corporation - Class A Common Stock,NASDAQ
CMI,533.04,1020907.0,572864918.0,584968545.0,2.41,-13.82,2.8,True,,Cummins Inc. Common Stock,NYSE
HON,207.55,2704267.0,570804228.0,524674575.0,2.01,-8.85,2.31,True,,Honeywell International Inc. - Common Stock,NASDAQ
LMT,537.6,1044765.0,570045395.0,548106735.0,2.2,-10.91,2.59,True,,Lockheed Martin Corporation Common Stock,NYSE
HONA,165.46,3526855.0,565607318.0,502460958.0,3.8,2.92,7.69,True,,Honeywell Aerospace Inc. - Common Stock,NASDAQ
SUNB,73.4,7915550.0,564794945.0,335717089.0,3.78,-6.85,5.91,True,,"Sunbelt Rentals Holdings, Inc. Common Stock",NYSE
MARA,11.23,49921843.0,561152643.0,546725806.0,7.59,25.28,15.54,True,,"MARA Holdings, Inc. - Common Stock",NASDAQ
KHC,24.86,22501400.0,558629703.0,461275710.0,2.51,1.78,3.47,True,,The Kraft Heinz Company Common Stock,NYSE
LNG,270.68,1972797.0,556654482.0,476612437.0,2.36,-1.13,4.32,True,,"Cheniere Energy, Inc. Common Stock",NYSE
CIFR,16.77,33995434.0,554724954.0,562183765.0,8.2,4.19,14.43,True,,Cipher Digital Inc. - Common Stock,NASDAQ
ASTS,58.86,8954389.0,554633541.0,500322839.0,5.65,-12.24,11.83,True,,"AST SpaceMobile, Inc. - Class A Common Stock",NASDAQ
WMB,71.26,7538210.0,550603519.0,529675695.0,2.89,-4.46,4.68,True,,"Williams Companies, Inc. (The) Common Stock",NYSE
TEM,70.6,8382200.0,548597514.0,397210721.0,7.57,43.03,24.09,True,,"Tempus AI, Inc. - Class A Common Stock",NASDAQ
MCHP,71.54,7435984.0,546417607.0,535948882.0,2.75,-7.95,13.89,True,,Microchip Technology Incorporated - Common Stock,NASDAQ
HCA,431.98,1297870.0,542036986.0,556550277.0,3.11,4.92,5.64,True,,"HCA Healthcare, Inc. Common Stock",NYSE
ADSK,222.65,2231926.0,531562921.0,463539375.0,3.74,-9.78,7.78,True,,"Autodesk, Inc. - Common Stock",NASDAQ
SWKS,87.73,7036067.0,528254829.0,361173098.0,5.64,30.11,13.55,True,,"Skyworks Solutions, Inc. - Common Stock",NASDAQ
AXTI,64.01,8135721.0,526088942.0,463773068.0,8.65,-22.23,17.84,True,,AXT Inc - Common Stock,NASDAQ
CVS,93.0,5526867.0,523886002.0,468773413.0,2.07,-2.02,3.93,True,,CVS Health Corporation Common Stock,NYSE
HPQ,33.31,16093456.0,502918602.0,469405826.0,4.73,12.28,8.4,True,,HP Inc. Common Stock,NYSE
GM,84.73,5845882.0,502290927.0,480920588.0,2.54,1.43,2.82,True,,General Motors Company Common Stock,NYSE
CVNA,67.4,6931382.0,498870700.0,440164571.0,4.27,3.7,8.37,True,,Carvana Co. Class A Common Stock,NYSE
DVN,49.25,10162248.0,493898138.0,480436141.0,2.35,3.64,5.54,True,,Devon Energy Corporation Common Stock,NYSE
EXPE,290.22,1613681.0,486842588.0,478480709.0,3.81,-9.58,5.44,True,,"Expedia Group, Inc. - Common Stock",NASDAQ
RCL,254.59,1786790.0,484176426.0,470326243.0,2.51,-15.14,2.12,True,,Royal Caribbean Cruises Ltd. Common Stock,NYSE
AON,302.04,1488452.0,479034287.0,476675753.0,2.63,-11.99,2.92,True,,Aon plc Class A Ordinary Shares (Ireland),NYSE
SMTC,168.66,3358786.0,474817337.0,375643775.0,7.08,24.72,11.76,True,,Semtech Corporation - Common Stock,NASDAQ
CCL,22.51,19505003.0,469214512.0,439670565.0,2.78,-17.45,2.71,True,,Carnival Corporation Ltd. Common Shares,NYSE
BURL,235.1,1708776.0,467577963.0,423043992.0,3.97,-30.23,3.44,True,,"Burlington Stores, Inc. Common Stock",NYSE
FANG,195.23,2311803.0,467212058.0,397784467.0,2.7,-7.04,5.81,True,,"Diamondback Energy, Inc. - Common Stock",NASDAQ
SAP,215.43,2170457.0,466887462.0,478678603.0,2.16,2.36,5.78,True,,SAP  SE ADS,NYSE
CMG,34.28,12654327.0,464577216.0,409531637.0,3.15,2.74,4.56,True,,"Chipotle Mexican Grill, Inc. Common Stock",NYSE
VEEV,267.7,1721663.0,463189904.0,360916533.0,3.21,10.28,15.2,True,,Veeva Systems Inc. Class A Common Stock,NYSE
ONDS,7.16,58994972.0,461858799.0,474891093.0,5.08,-20.92,8.1,True,,Ondas Inc - Common Stock,NASDAQ
PBR,21.06,23178991.0,458134438.0,453535931.0,2.7,19.26,5.06,True,,Petroleo Brasileiro S.A. Petrobras ADS,NYSE
WULF,15.55,28636848.0,455764994.0,450384554.0,6.38,-0.48,9.51,True,,TeraWulf Inc. - Common Stock,NASDAQ
NTAP,194.17,2387160.0,448846835.0,417910215.0,4.35,-5.15,8.54,True,,"NetApp, Inc. - Common Stock",NASDAQ
B,43.06,9885482.0,448001240.0,403820129.0,2.79,2.69,7.43,True,,Barrick Mining Corporation Common Shares,NYSE
FDX,304.05,1380270.0,443511315.0,409756461.0,2.22,-7.05,3.85,True,,FedEx Corporation Common Stock,NYSE
OXY,60.4,7300240.0,441849773.0,413231934.0,2.2,1.47,4.9,True,,Occidental Petroleum Corporation Common Stock,NYSE
JCI,140.8,3084391.0,438353161.0,419536985.0,2.16,-5.93,2.69,True,,Johnson Controls International plc Ordinary Share,NYSE
CHTR,137.89,2939490.0,436441555.0,353623776.0,4.87,-7.05,8.74,True,,"Charter Communications, Inc. - Class A Common Stock",NASDAQ
EBAY,109.0,4141237.0,434835747.0,400340610.0,2.89,6.9,3.59,True,,eBay Inc. - Common Stock,NASDAQ
EOG,146.23,2929182.0,432835074.0,417212671.0,2.26,-1.66,5.55,True,,"EOG Resources, Inc. Common Stock",NYSE
ILMN,230.38,1987066.0,428863384.0,403442162.0,4.56,22.35,8.87,True,,"Illumina, Inc. - Common Stock",NASDAQ
RBLX,48.56,10014697.0,423175858.0,380255851.0,4.76,28.91,12.73,True,,Roblox Corporation Class A Common Stock,NYSE
AFRM,72.42,5667106.0,422845352.0,267038166.0,4.82,-1.55,6.7,True,,"Affirm Holdings, Inc. - Class A Common Stock",NASDAQ
BX,126.96,3077644.0,420010940.0,415490889.0,2.53,-9.7,3.89,True,,Blackstone Inc. Common Stock,NYSE
BKR,56.89,6747790.0,414828454.0,372130912.0,3.02,-11.72,4.09,True,,Baker Hughes Company - Common Stock,NASDAQ
ELV,416.6,1015776.0,411854398.0,434236589.0,2.24,5.06,5.41,True,,"Elevance Health, Inc. Common Stock",NYSE
DAL,78.79,5140242.0,411607538.0,417172414.0,2.49,-8.06,2.3,True,,"Delta Air Lines, Inc. Common Stock",NYSE
ALNY,241.13,1656079.0,409329924.0,398121741.0,4.21,5.48,8.65,True,,"Alnylam Pharmaceuticals, Inc. - Common Stock",NASDAQ
HUT,91.87,4658894.0,405175940.0,363402044.0,7.95,13.71,9.18,True,,Hut 8 Corp. - Common Stock,NASDAQ
CTVA,82.17,4796404.0,404552958.0,378543402.0,2.9,5.69,3.88,True,,"Corteva, Inc. Common Stock ",NYSE
LHX,249.95,1562895.0,404178759.0,395331675.0,2.04,-10.16,1.65,True,,"L3Harris Technologies, Inc. Common Stock",NYSE
EIX,55.1,6702384.0,400388921.0,270637220.0,4.53,-25.22,8.93,True,,Edison International Common Stock,NYSE
TPR,120.76,3237881.0,399136353.0,367412533.0,2.69,-8.35,3.12,True,,"Tapestry, Inc. Common Stock",NYSE
TEL,204.36,1948285.0,398632521.0,371748660.0,2.45,0.09,3.58,True,,TE Connectivity plc Ordinary Shares,NYSE
CRH,88.27,4313089.0,398164091.0,383658851.0,2.38,-5.34,2.89,True,,CRH PLC Ordinary Shares,NYSE
KEYS,322.43,1238436.0,397286083.0,349651065.0,2.93,-5.45,3.99,True,,Keysight Technologies Inc. Common Stock,NYSE
OKLO,35.61,9751208.0,392559676.0,329168110.0,5.87,-13.9,14.77,True,,Oklo Inc. Class A common stock,NYSE
NVT,149.83,2558327.0,390585267.0,303767354.0,3.99,-8.99,4.65,True,,nVent Electric plc Ordinary Shares ,NYSE
HAL,35.04,10769539.0,385505292.0,351810098.0,3.01,1.57,5.49,True,,Halliburton Company Common Stock,NYSE
KR,61.74,6560581.0,382470406.0,347438910.0,2.47,9.58,4.14,True,,Kroger Company (The) Common Stock,NYSE
FSLR,192.49,1847158.0,381877542.0,336578241.0,4.0,-12.51,4.3,True,,"First Solar, Inc. - Common Stock",NASDAQ
EL,96.54,3796290.0,381757515.0,322768333.0,3.26,14.95,16.3,True,,"Estee Lauder Companies, Inc. (The) Common Stock",NYSE
ATI,193.41,1863619.0,381558149.0,299198948.0,3.68,-14.59,8.93,True,,ATI Inc. Common Stock,NYSE
U,43.02,8718962.0,380597899.0,383103444.0,3.68,-7.96,15.05,True,,Unity Software Inc. Common Stock,NYSE
APLD,24.55,14353882.0,378949150.0,368322818.0,5.48,-13.91,7.36,True,,Applied Digital Corporation - Common Stock,NASDAQ
UAL,107.34,3414202.0,375624518.0,353442153.0,2.91,-9.59,3.56,True,,"United Airlines Holdings, Inc. - Common Stock",NASDAQ
NTRA,348.71,1126953.0,373083156.0,352809150.0,3.22,11.88,21.37,True,,"Natera, Inc. - Common Stock",NASDAQ
STM,49.01,7337172.0,368701080.0,369980722.0,2.29,-6.24,5.29,True,,STMicroelectronics N.V. Common Stock,NYSE
FIG,22.9,14245581.0,368131745.0,353575982.0,5.56,-11.96,13.28,True,,"Figma, Inc. Class A Common Stock",NYSE
TWLO,239.61,1588347.0,366477819.0,344751380.0,4.0,3.24,24.89,True,,Twilio Inc. Class A Common Stock,NYSE
VIK,86.11,4144164.0,365687227.0,316489858.0,3.32,-12.39,2.65,True,,Viking Holdings Ltd Ordinary Shares,NYSE
A,154.34,2387702.0,364104085.0,391249293.0,2.96,3.97,4.7,True,,"Agilent Technologies, Inc. Common Stock",NYSE
BBY,92.62,4181310.0,363366446.0,325200613.0,3.77,6.13,5.29,True,,"Best Buy Co., Inc. Common Stock",NYSE
DLR,183.38,1925490.0,358094655.0,311158395.0,2.73,-5.43,3.28,True,,"Digital Realty Trust, Inc. Common Stock",NYSE
KMI,30.92,11346662.0,357058899.0,363479858.0,2.54,-5.95,3.49,True,,"Kinder Morgan, Inc. Common Stock",NYSE
RVMD,198.28,1685224.0,354180834.0,286015316.0,3.72,-8.2,4.07,True,,"Revolution Medicines, Inc. - Common Stock",NASDAQ
KKR,99.8,3322367.0,352906444.0,370334856.0,2.74,-6.89,6.88,True,,KKR & Co. Inc. Common Stock,NYSE
RBRK,104.01,3672132.0,351471423.0,279528013.0,6.07,3.44,15.64,True,,"Rubrik, Inc. Class A Common Stock",NYSE
WPM,149.16,2284576.0,350448271.0,332662984.0,3.27,12.55,11.1,True,,Wheaton Precious Metals Corp Common Shares (Canada),NYSE
ANF,142.3,2483859.0,350108619.0,220709229.0,4.83,37.65,35.67,True,,Abercrombie & Fitch Company Common Stock,NYSE
AMT,179.01,1977445.0,347940607.0,350384924.0,2.07,3.88,2.82,True,,American Tower Corporation (REIT) Common Stock,NYSE
CF,134.26,2633392.0,347231448.0,317710923.0,4.01,12.14,6.24,True,,"CF Industries Holdings, Inc. Common Stock",NYSE
AJG,243.4,1343121.0,347227707.0,362055078.0,2.67,-1.74,5.4,True,,Arthur J. Gallagher & Co. Common Stock,NYSE
SMR,8.25,36685797.0,344493398.0,304493600.0,6.98,-4.51,15.26,True,,NuScale Power Corporation Class A Common Stock,NYSE
CNQ,50.43,6861760.0,344490572.0,332595146.0,2.25,2.61,3.82,True,,Canadian Natural Resources Limited Common Stock,NYSE
CTSH,62.73,5518654.0,343886954.0,360512259.0,3.06,8.57,6.83,True,,Cognizant Technology Solutions Corporation - Class A Common Stock,NASDAQ
DLTR,115.18,2717368.0,341049257.0,342566903.0,3.85,-11.73,4.04,True,,"Dollar Tree, Inc. - Common Stock",NASDAQ
IBKR,87.35,3678881.0,340626690.0,329070525.0,2.97,-3.46,5.52,True,,"Interactive Brokers Group, Inc. - Class A Common Stock",NASDAQ
IQV,272.79,1299040.0,340058311.0,336138569.0,2.66,13.65,3.85,True,,"IQVIA Holdings, Inc. Common Stock",NYSE
NUE,263.74,1337593.0,336357504.0,270952494.0,3.33,-0.17,4.78,True,,Nucor Corporation Common Stock,NYSE
DG,125.46,2644303.0,333281945.0,299595748.0,3.2,3.82,3.68,True,,Dollar General Corporation Common Stock,NYSE
GIS,36.97,8538088.0,332888435.0,336721394.0,2.87,-2.93,5.02,True,,"General Mills, Inc. Common Stock",NYSE
MKSI,238.71,1270991.0,331964385.0,317819874.0,3.84,-20.42,4.7,True,,MKS Inc. - Common Stock,NASDAQ
ZTS,73.69,4379400.0,330683334.0,328460029.0,2.44,-0.36,3.87,True,,Zoetis Inc. Class A Common Stock,NYSE
PURR,11.66,29025922.0,329808792.0,290866793.0,11.25,61.92,30.42,True,,Hyperliquid Strategies Inc - Common Stock,NASDAQ
CARR,55.12,5669069.0,329652854.0,298276894.0,2.68,-10.26,2.61,True,,Carrier Global Corporation Common Stock ,NYSE
EQT,51.49,6049002.0,328705505.0,330158903.0,2.66,-3.11,4.62,True,,EQT Corporation Common Stock,NYSE
DXCM,87.97,3730640.0,328655877.0,286132378.0,2.71,-1.82,3.42,True,,"DexCom, Inc. - Common Stock",NASDAQ
YUM,139.92,2202715.0,328540528.0,300257542.0,2.41,-2.92,4.39,True,,"Yum! Brands, Inc.",NYSE
MTZ,233.02,1343175.0,328447124.0,342090074.0,4.45,-16.82,5.35,True,,"MasTec, Inc. Common Stock",NYSE
ROIV,39.92,8744660.0,327943093.0,230279358.0,3.51,6.81,18.75,True,,Roivant Sciences Ltd. - Common Shares,NASDAQ
AVAV,155.74,2189072.0,326162508.0,212371908.0,5.44,-10.57,9.12,True,,"AeroVironment, Inc. - Common Stock",NASDAQ
CNH,13.73,25713735.0,324995560.0,251748971.0,4.73,36.94,9.2,True,,CNH Industrial N.V. Common Shares,NYSE
FISV,49.93,6306676.0,324702667.0,288788436.0,3.01,-3.46,7.64,True,,"Fiserv, Inc. - Common Stock",NASDAQ
ZM,92.87,3286163.0,324098975.0,284066704.0,3.33,-11.31,6.86,True,,"Zoom Communications, Inc. - Class A Common Stock",NASDAQ
TRGP,286.86,1099283.0,322790399.0,269692438.0,2.42,-3.66,7.13,True,,"Targa Resources, Inc. Common Stock",NYSE
AU,100.85,2844808.0,320495085.0,279230609.0,3.25,3.6,10.81,True,,AngloGold Ashanti PLC Ordinary Shares,NYSE
SRE,82.09,3806141.0,319571919.0,278648426.0,2.41,-5.84,3.13,True,,DBA Sempra Common Stock,NYSE
AKAM,106.08,2956214.0,318466218.0,314365451.0,3.78,-7.92,6.43,True,,"Akamai Technologies, Inc. - Common Stock",NASDAQ
FOXA,66.72,4736093.0,317845117.0,316945470.0,2.45,-2.91,5.49,True,,Fox Corporation - Class A Common Stock,NASDAQ
MTSI,252.69,1194385.0,316339729.0,286580428.0,4.57,-13.72,14.49,True,,"MACOM Technology Solutions Holdings, Inc. - Common Stock",NASDAQ
RIVN,15.28,19631479.0,316132095.0,287117121.0,3.93,3.42,6.43,True,,"Rivian Automotive, Inc. - Class A Common Stock",NASDAQ
HIMS,28.11,10556518.0,314918321.0,275102931.0,5.79,2.63,13.51,True,,"Hims & Hers Health, Inc. Class A Common Stock",NYSE
RIOT,20.67,15362959.0,313223343.0,313093590.0,6.96,9.33,13.44,True,,"Riot Platforms, Inc. - Common Stock",NASDAQ
RKT,13.22,22744464.0,312550546.0,324794902.0,3.71,-5.52,7.05,True,,"Rocket Companies, Inc. Class A Common Stock",NYSE
XYZ,77.87,3828327.0,311202129.0,276358456.0,3.13,-1.96,6.14,True,,"Block, Inc. Class A Common Stock,",NYSE
EMR,147.95,2023684.0,308453095.0,306583251.0,2.14,-6.23,3.57,True,,Emerson Electric Company Common Stock,NYSE
CBOE,267.1,1044164.0,308240434.0,275962227.0,3.64,-7.96,4.76,True,,"Cboe Global Markets, Inc. Common Stock",BATS
APO,128.82,2337067.0,307795514.0,280687400.0,2.56,-3.36,6.26,True,,"Apollo Global Management, Inc. (New) Common Stock",NYSE
ODFL,175.62,1616022.0,307283236.0,262679512.0,3.18,-15.44,2.34,True,,"Old Dominion Freight Line, Inc. - Common Stock",NASDAQ
LYV,173.71,1737553.0,307202985.0,298342397.0,2.31,-3.41,2.42,True,,"Live Nation Entertainment, Inc. Common Stock",NYSE
FIVE,240.66,1239973.0,306797930.0,274372744.0,4.2,0.9,5.89,True,,"Five Below, Inc. - Common Stock",NASDAQ
P,97.41,3062049.0,306718557.0,271288588.0,5.49,-16.79,11.64,True,,"Everpure, Inc. Class A common stock",NYSE
FLEX,110.39,2776117.0,305902972.0,309582081.0,3.89,-8.19,7.19,True,,Flex Ltd. - Ordinary Shares,NASDAQ
OKE,93.71,3195459.0,304388396.0,290039045.0,2.62,-3.46,4.54,True,,"ONEOK, Inc. Common Stock",NYSE
IOT,41.42,7554369.0,301465813.0,226136573.0,5.49,4.65,11.8,True,,Samsara Inc. Class A Common Stock,NYSE
DT,55.3,5806789.0,301080880.0,279981303.0,2.97,12.26,11.27,True,,"Dynatrace, Inc. Common Stock",NYSE
BDX,184.4,1618014.0,299645375.0,278323200.0,2.1,2.61,3.78,True,,"Becton, Dickinson and Company Common Stock",NYSE
NRG,108.29,2637378.0,297966498.0,314811154.0,3.49,-6.29,6.42,True,,"NRG Energy, Inc. Common Stock",NYSE
CPRT,30.95,9180776.0,297622771.0,267363842.0,3.34,-1.76,7.55,True,,"Copart, Inc. - Common Stock",NASDAQ
RMD,228.38,1291958.0,297445464.0,285973601.0,2.66,4.12,4.85,True,,ResMed Inc. Common Stock,NYSE
SU,69.67,4350105.0,294373290.0,227292839.0,2.38,3.59,4.58,True,,Suncor Energy  Inc. Common Stock,NYSE
ADM,86.5,3524736.0,293234972.0,295152441.0,3.21,5.57,5.09,True,,Archer-Daniels-Midland Company Common Stock,NYSE
GH,176.45,1760354.0,291074230.0,294687625.0,4.94,10.2,6.92,True,,"Guardant Health, Inc. - Common Stock",NASDAQ
HUBS,238.0,1195433.0,290903777.0,289598292.0,4.57,5.2,14.46,True,,"HubSpot, Inc. Common Stock",NYSE
FERG,216.74,1263229.0,287293177.0,255158083.0,2.38,-11.01,2.76,True,,Ferguson Enterprises Inc. Common Stock,NYSE
ALB,111.65,2211277.0,286716596.0,265874186.0,3.69,-15.59,6.75,True,,Albemarle Corporation Common Stock,NYSE
CLX,86.26,2964771.0,284461352.0,219540418.0,2.54,-18.27,2.43,True,,Clorox Company (The) Common Stock,NYSE
DHI,141.47,1980958.0,283257172.0,266910786.0,2.22,-2.89,4.24,True,,"D.R. Horton, Inc. Common Stock",NYSE
MP,49.21,5030960.0,278455994.0,252214021.0,5.05,-13.16,9.1,True,,MP Materials Corp. Common Stock,NYSE
SN,173.62,1573582.0,277249498.0,272033179.0,3.59,-5.04,8.28,True,,"SharkNinja, Inc. Ordinary Shares",NYSE
PCAR,120.31,2215432.0,277179026.0,288183304.0,2.02,-6.02,1.95,True,,PACCAR Inc. - Common Stock,NASDAQ
GWRE,148.8,1605450.0,276698351.0,242738624.0,4.35,-16.29,8.57,True,,"Guidewire Software, Inc. Common Stock",NYSE
STLD,243.15,1177151.0,275586668.0,258282857.0,3.65,-2.66,5.79,True,,"Steel Dynamics, Inc. - Common Stock",NASDAQ
WSM,224.42,1191835.0,274419974.0,253422062.0,3.31,-7.03,2.09,True,,"Williams-Sonoma, Inc. Common Stock (DE)",NYSE
TSCO,33.6,7932180.0,274162709.0,266429565.0,2.79,-2.56,3.4,True,,Tractor Supply Company - Common Stock,NASDAQ
KDP,31.84,8471010.0,270734744.0,271574822.0,2.0,3.41,5.28,True,,Keurig Dr Pepper Inc. - Common Stock,NASDAQ
TOST,31.73,7851746.0,269865327.0,263474940.0,3.27,-9.23,3.74,True,,"Toast, Inc. Class A Common Stock",NYSE
QBTS,16.31,15226711.0,268986038.0,218040970.0,4.69,-16.51,8.46,True,,D-Wave Quantum Inc. - Common Stock,NASDAQ
DOCN,124.06,2266523.0,268022788.0,242956975.0,6.68,-0.95,12.64,True,,"DigitalOcean Holdings, Inc. Common Stock",NYSE
TSEM,202.53,1267572.0,267428158.0,247150894.0,4.59,-15.81,12.37,True,,Tower Semiconductor Ltd. - Ordinary Shares,NASDAQ
ESTC,86.08,2964702.0,267106915.0,199106910.0,4.54,1.26,19.31,True,,Elastic N.V. Ordinary Shares,NYSE
IR,72.93,3437711.0,262123672.0,258569749.0,2.37,-9.71,1.78,True,,Ingersoll Rand Inc. Common Stock,NYSE
STT,186.38,1376981.0,261671239.0,259754201.0,2.15,-2.86,2.22,True,,State Street Corporation Common Stock,NYSE
GTLB,48.88,5563072.0,261002775.0,175219058.0,4.33,17.78,9.98,True,,GitLab Inc. - Class A Common Stock,NASDAQ
ENTG,131.86,1907711.0,260886239.0,237481267.0,3.69,-12.25,7.24,True,,"Entegris, Inc. - Common Stock",NASDAQ
STZ,123.69,2026008.0,259564875.0,260052473.0,2.35,-5.58,2.44,True,,"Constellation Brands, Inc. Common Stock",NYSE
CCJ,91.7,2580818.0,257850653.0,225535991.0,3.24,-4.51,7.24,True,,Cameco Corporation Common Stock,NYSE
DOW,30.14,8493159.0,257605176.0,255337386.0,3.24,-2.26,4.23,True,,Dow Inc. Common Stock ,NYSE
RGTI,14.95,16198680.0,257333801.0,225490531.0,5.33,-15.58,11.48,True,,"Rigetti Computing, Inc.  - Common stock",NASDAQ
CNC,66.86,3902168.0,256437397.0,241663083.0,2.99,2.51,4.56,True,,Centene Corporation Common Stock,NYSE
ASST,27.16,10770604.0,253180484.0,251360514.0,8.69,112.19,15.08,True,,"Strive, Inc. - Class A Common Stock",NASDAQ
EW,89.05,2833939.0,251884315.0,241656272.0,2.35,-2.12,3.86,True,,Edwards Lifesciences Corporation Common Stock,NYSE
KGC,28.16,8132081.0,251402987.0,249214744.0,3.44,3.96,10.25,True,,Kinross Gold Corporation Common Stock,NYSE
ARES,127.43,1805833.0,250093696.0,234159664.0,2.82,-9.18,4.99,True,,Ares Management Corporation Class A Common Stock,NYSE
XYL,108.43,2272542.0,248092903.0,206421534.0,2.32,-4.47,2.95,True,,Xylem Inc. Common Stock New,NYSE
SGI,66.25,3758266.0,246818842.0,246341437.0,3.16,3.95,6.55,True,,Somnigroup International Inc. Common Stock,NYSE
DECK,79.86,2907249.0,246721226.0,245886315.0,2.6,-10.78,3.17,True,,Deckers Outdoor Corporation Common Stock,NYSE
CHYM,31.66,7445584.0,246579585.0,205313640.0,4.01,-0.78,20.56,True,,"Chime Financial, Inc. - Class A Common Stock",NASDAQ
PODD,142.81,1713506.0,246363107.0,201424091.0,3.64,-3.53,5.96,True,,Insulet Corporation - Common Stock,NASDAQ
LEN,80.13,2963592.0,245661489.0,200176949.0,2.35,-5.66,3.96,True,,Lennar Corporation Class A Common Stock,NYSE
SYF,76.04,3126782.0,244628571.0,232701988.0,2.49,-5.63,3.6,True,,Synchrony Financial Common Stock,NYSE
PAAS,48.36,4696918.0,244392386.0,233315490.0,3.28,4.14,7.94,True,,Pan American Silver Corp. Common Stock,NYSE
FTAI,186.8,1274409.0,244054363.0,227671013.0,4.35,-11.68,7.42,True,,FTAI Aviation Ltd. - Common Stock,NASDAQ
CELH,28.7,7763914.0,241976843.0,239815437.0,4.23,-4.0,16.83,True,,"Celsius Holdings, Inc. - Common Stock",NASDAQ
CDW,150.96,1662110.0,240991122.0,249648129.0,4.5,12.38,7.85,True,,CDW Corporation - Common Stock,NASDAQ
PINS,18.75,11500828.0,240218480.0,220443486.0,3.56,-18.71,3.36,True,,"Pinterest, Inc. Class A Common Stock",NYSE
AEHR,82.23,2694384.0,240034202.0,196066874.0,8.07,-33.28,13.1,True,,Aehr Test Systems - Common Stock,NASDAQ
EXE,91.0,2487553.0,239961664.0,216807978.0,2.54,-4.66,5.08,True,,Expand Energy Corporation - Common Stock,NASDAQ
AS,27.78,7982135.0,239286598.0,224016805.0,3.22,-17.37,4.36,True,,"Amer Sports, Inc. Ordinary Shares",NYSE
CPNG,14.91,15283543.0,238442244.0,214877058.0,2.95,-4.27,6.93,True,,"Coupang, Inc. Class A Common Stock",NYSE
TTMI,115.43,2011699.0,236831789.0,209671308.0,5.25,-8.18,8.85,True,,"TTM Technologies, Inc. - Common Stock",NASDAQ
SCCO,192.27,1153498.0,236131981.0,229267775.0,3.65,2.38,8.69,True,,Southern Copper Corporation Common Stock,NYSE
DINO,114.06,2288309.0,235297181.0,229407771.0,3.96,19.18,4.99,True,,HF Sinclair Corporation Common Stock,NYSE
NCLH,14.52,14841069.0,234490576.0,232409635.0,3.17,-17.58,3.33,True,,Norwegian Cruise Line Holdings Ltd. Ordinary Shares,NYSE
RVTY,146.01,1821918.0,234380212.0,221537085.0,3.5,28.36,9.11,True,,"Revvity, Inc. Common Stock",NYSE
FLUT,98.96,2335047.0,233317883.0,197854646.0,4.02,6.54,7.13,True,,Flutter Entertainment plc Ordinary Shares,NYSE
TTD,14.94,16534822.0,231907455.0,214059450.0,3.97,11.33,7.93,True,,"The Trade Desk, Inc. - Class A Common Stock",NASDAQ
FPS,35.08,7348099.0,231388166.0,166958161.0,5.93,-3.03,11.88,True,,"Forgent Power Solutions, Inc. Class A Common Stock",NYSE
PBF,76.67,3147855.0,231342417.0,178881815.0,5.84,1.95,7.42,True,,PBF Energy Inc. Class A Common Stock,NYSE
PNR,57.44,3806031.0,230300008.0,160921927.0,2.59,-9.61,3.21,True,,Pentair plc. Ordinary Share,NYSE
RIG,5.71,39433470.0,229805296.0,228276875.0,4.11,-1.95,8.99,True,,Transocean Ltd (Switzerland) Common Stock,NYSE
INSM,123.05,1840880.0,229625086.0,224008212.0,3.73,-4.21,33.86,True,,Insmed Incorporated - Common Stock,NASDAQ
APA,45.35,5179782.0,227420134.0,201793721.0,3.3,7.03,9.01,True,,APA Corporation - Common Stock,NASDAQ
PR,23.05,9665031.0,227108037.0,217246023.0,2.61,3.11,5.36,True,,Permian Resources Corporation Class A Common Stock,NYSE
MOD,184.18,1215186.0,226989577.0,222641498.0,4.95,-8.21,5.6,True,,Modine Manufacturing Company Common Stock,NYSE
MDLN,33.74,6573101.0,226325701.0,228194459.0,3.72,-1.11,5.16,True,,Medline Inc. - Class A common stock,NASDAQ
FIS,37.51,5659653.0,225194128.0,219605148.0,2.95,-7.33,5.27,True,,"Fidelity National Information Services, Inc. Common Stock",NYSE
ECHO,94.57,2520244.0,224865133.0,208875029.0,2.94,5.08,5.14,True,,EchoStar Corporation - Common stock,NASDAQ
TWST,144.13,1632708.0,224757768.0,212561282.0,6.68,24.14,22.64,True,,Twist Bioscience Corporation - Common Stock,NASDAQ
TTAN,58.69,3332259.0,223092419.0,129711211.0,5.65,-35.58,9.12,True,,"ServiceTitan, Inc. - Class A Common Stock",NASDAQ
ETSY,73.83,2832899.0,222931196.0,213266518.0,3.87,-7.66,7.4,True,,"Etsy, Inc. Common Stock",NYSE
KNX,65.54,3248838.0,222768978.0,209339749.0,3.43,-7.06,4.06,True,,Knight-Swift Transportation Holdings Inc.,NYSE
USAR,15.24,12575268.0,221875144.0,227814820.0,5.93,-17.64,12.57,True,,"USA Rare Earth, Inc. - Common Stock",NASDAQ
CLSK,12.99,17684119.0,220687542.0,228431276.0,7.02,10.78,11.03,True,,"CleanSpark, Inc. - Common Stock",NASDAQ
GPN,87.95,2412159.0,220001131.0,216366901.0,2.61,-2.4,7.12,True,,Global Payments Inc. Common Stock,NYSE
DOCU,71.12,3363960.0,219897500.0,204876584.0,3.87,18.51,10.31,True,,"DocuSign, Inc. - Common Stock",NASDAQ
LVS,41.29,4947789.0,219144978.0,203806355.0,2.51,-9.19,2.44,True,,Las Vegas Sands Corp. Common Stock,NYSE
DKNG,24.52,8863101.0,218335759.0,203287576.0,4.24,2.0,8.39,True,,DraftKings Inc. - Class A Common Stock,NASDAQ
W,106.3,2153341.0,218028935.0,211105712.0,4.0,4.53,6.31,True,,Wayfair Inc. Class A Common Stock,NYSE
CBRE,142.46,1486431.0,216556629.0,221022901.0,2.77,-3.29,5.27,True,,CBRE Group Inc Common Stock Class A,NYSE
UMC,22.67,10597912.0,215351222.0,194262063.0,2.96,22.7,5.06,True,,United Microelectronics Corporation (NEW) Common Stock,NYSE
CFG,68.94,3070953.0,214568351.0,184655559.0,2.06,-6.15,2.38,True,,"Citizens Financial Group, Inc. Common Stock",NYSE
EFX,165.46,1185100.0,214396885.0,211795747.0,3.35,-8.75,5.64,True,,"Equifax, Inc. Common Stock",NYSE
TRMB,58.38,3591528.0,213917492.0,147582774.0,2.59,2.44,3.97,True,,Trimble Inc. - Common Stock,NASDAQ
COO,54.69,3480873.0,212626477.0,124041749.0,2.83,-27.8,2.82,True,,"The Cooper Companies, Inc.  - Common Stock",NASDAQ
AMKR,46.79,4358384.0,212582590.0,205161805.0,4.12,-14.52,6.9,True,,"Amkor Technology, Inc. - Common Stock",NASDAQ
QSR,75.71,2693872.0,211679004.0,222592268.0,2.13,-1.1,3.18,True,,Restaurant Brands International Inc. Common Shares,NYSE
Q,116.7,1720788.0,211483850.0,194532637.0,4.0,-12.58,5.93,True,,"Qnity Electronics, Inc. Common Stock",NYSE
CSGP,31.02,6634190.0,210112655.0,167673482.0,3.76,-1.13,8.36,True,,"CoStar Group, Inc. - Common Stock",NASDAQ
CVE,32.91,6479701.0,209860101.0,185037333.0,2.59,1.68,4.64,True,,Cenovus Energy Inc Common Stock,NYSE
JHX,27.45,7202845.0,209782244.0,181759862.0,2.94,-6.26,7.96,True,,James Hardie Industries plc. Ordinary Shares,NYSE
APTV,43.85,4582154.0,209207903.0,166387444.0,3.0,-9.78,7.02,True,,Aptiv PLC Ordinary Shares,NYSE
TECK,64.87,3049314.0,208963070.0,196067453.0,2.67,1.64,4.59,True,,Teck Resources Ltd Ordinary Shares,NYSE
IT,192.65,1086994.0,206785914.0,204127255.0,4.16,5.81,9.73,True,,"Gartner, Inc. Common Stock",NYSE
LYB,65.14,3187262.0,205890497.0,201061655.0,3.16,0.74,5.14,True,,LyondellBasell Industries NV Ordinary Shares Class A (Netherlands),NYSE
OWL,10.27,17873928.0,204114555.0,191184214.0,3.28,-11.35,5.75,True,,Blue Owl Capital Inc. Class A Common Stock,NYSE
NTR,78.38,2654067.0,203674797.0,224448985.0,2.74,12.94,3.72,True,,Nutrien Ltd. Common Shares,NYSE
ALLE,154.3,1303348.0,203466867.0,160401510.0,2.14,-3.12,2.14,True,,Allegion plc Ordinary Shares,NYSE
MOS,25.16,8270321.0,203377440.0,196871230.0,4.23,20.0,5.16,True,,Mosaic Company (The) Common Stock,NYSE
OVV,63.47,3120167.0,202809479.0,177316258.0,2.64,-1.93,7.08,True,,Ovintiv Inc. (DE),NYSE
ONON,27.75,7126162.0,201752232.0,205305030.0,2.62,-10.57,3.7,True,,On Holding AG Class A Ordinary Shares,NYSE
RJF,167.27,1142191.0,200462473.0,197713728.0,2.14,-6.71,2.93,True,,"Raymond James Financial, Inc. Common Stock",NYSE
USFD,93.74,1961199.0,199527388.0,181597628.0,2.68,-12.32,6.45,True,,US Foods Holding Corp. Common Stock,NYSE
CCI,74.66,2659619.0,197699972.0,184769973.0,2.37,2.32,2.49,True,,Crown Castle Inc. Common Stock,NYSE
VRSK,181.62,1065054.0,197514303.0,177761597.0,3.01,1.82,6.15,True,,"Verisk Analytics, Inc. - Common Stock",NASDAQ
VG,14.95,13351000.0,197027751.0,186308369.0,4.0,5.56,9.25,True,,"Venture Global, Inc. Class A common stock",NYSE
TENB,36.67,5597126.0,196100763.0,126751092.0,6.26,0.91,16.51,True,,"Tenable Holdings, Inc. - Common Stock",NASDAQ
CPB,21.64,8702015.0,195635301.0,154883248.0,3.18,-5.34,4.16,True,,The Campbell's Company - Common Stock,NASDAQ
CHWY,21.27,8666753.0,195549548.0,175169576.0,4.52,-7.66,4.45,True,,"Chewy, Inc. Class A Common Stock",NYSE
SW,45.29,4206324.0,195223395.0,174363047.0,3.02,-4.25,4.27,True,,Smurfit WestRock plc Ordinary Shares,NYSE
AG,18.65,9435656.0,194549041.0,183881515.0,4.47,0.92,12.82,True,,First Majestic Silver Corp. Ordinary Shares (Canada),NYSE
OMC,79.62,2302933.0,192942466.0,175367235.0,2.5,-7.75,3.63,True,,Omnicom Group Inc. Common Stock,NYSE
TKO,194.93,1011687.0,192714027.0,174113685.0,2.88,1.88,5.01,True,,"TKO Group Holdings, Inc. Class A Common Stock",NYSE
ZETA,31.21,6320131.0,192275012.0,159387817.0,4.45,10.56,11.58,True,,Zeta Global Holdings Corp. Class A Common Stock,NYSE
SOLS,59.22,3167864.0,191789542.0,139901223.0,3.79,-1.32,12.76,True,,Solstice Advanced Materials Inc. - Common Stock,NASDAQ
FTI,74.4,2481706.0,190873074.0,192802554.0,3.07,-4.96,6.48,True,,TechnipFMC plc Ordinary Share,NYSE
RRX,153.09,1185533.0,190599113.0,183727711.0,3.13,-10.93,3.69,True,,Regal Rexnord Corporation Common Stock,NYSE
SNAP,5.82,34409015.0,190196198.0,167902013.0,5.29,13.8,7.05,True,,Snap Inc. Class A Common Stock,NYSE
BG,119.68,1606967.0,190152113.0,182942852.0,3.78,4.66,4.36,True,,Bunge Limited Common Shares,NYSE
PL,16.0,10271286.0,189571670.0,133122120.0,5.39,-31.49,5.33,True,,Planet Labs PBC Class A Common Stock,NYSE
GEHC,63.9,2731476.0,189227236.0,194577255.0,2.14,-12.02,2.74,True,,GE HealthCare Technologies Inc. - Common Stock,NASDAQ
PTC,131.91,1316344.0,188373919.0,189657286.0,3.2,-9.94,5.9,True,,PTC Inc. - Common Stock,NASDAQ
GAP,20.51,8733523.0,188166038.0,143685323.0,3.41,2.17,12.94,True,,"Gap, Inc. (The) Common Stock",NYSE
AA,47.41,3723463.0,186540665.0,174696540.0,3.7,-5.22,5.67,True,,Alcoa Corporation Common Stock ,NYSE
CORZ,17.17,10683006.0,186406797.0,181917309.0,5.52,-8.91,7.04,True,,"Core Scientific, Inc. - Common Stock",NASDAQ
CHRW,153.13,1248892.0,186273051.0,164064686.0,2.52,6.3,5.62,True,,"C.H. Robinson Worldwide, Inc. - Common Stock",NASDAQ
S,23.26,8728936.0,184920902.0,130987803.0,4.98,3.45,14.48,True,,"SentinelOne, Inc. Class A Common Stock",NYSE
BR,167.65,1037662.0,183122463.0,196259442.0,2.44,-0.69,4.14,True,,"Broadridge Financial Solutions, Inc. Common Stock",NYSE
AVY,173.2,1044230.0,181965771.0,135221880.0,2.43,-1.97,3.07,True,,Avery Dennison Corporation Common Stock,NYSE
IONS,46.25,3212343.0,181122014.0,146941155.0,3.72,-22.43,3.85,True,,"Ionis Pharmaceuticals, Inc. - Common Stock",NASDAQ
RPRX,58.99,2965814.0,181093219.0,169535566.0,2.27,-1.17,3.42,True,,Royalty Pharma plc - Class A Ordinary Shares,NASDAQ
BJ,93.61,1938125.0,180080784.0,149624774.0,2.75,0.99,5.61,True,,"BJ's Wholesale Club Holdings, Inc. Common Stock",NYSE
QXO,11.49,13820692.0,179444992.0,175425435.0,3.65,-14.89,6.46,True,,"QXO, Inc. Common Stock",NYSE
LUV,38.97,4553487.0,179402560.0,175563658.0,2.58,-7.85,2.47,True,,Southwest Airlines Company Common Stock,NYSE
NTNX,68.82,2656303.0,179284406.0,159518480.0,3.2,4.54,6.81,True,,"Nutanix, Inc. - Class A Common Stock",NASDAQ
TEVA,38.8,4800424.0,179065072.0,167893132.0,2.96,6.07,4.39,True,,Teva Pharmaceutical Industries Limited Ordinary Shares,NYSE
AMRZ,39.19,4174502.0,178941171.0,162927772.0,2.22,-12.2,2.83,True,,Amrize Ltd Ordinary Shares,NYSE
AUR,6.42,29255524.0,178491338.0,166472682.0,5.08,4.39,8.03,True,,"Aurora Innovation, Inc.  - Class A Common Stock",NASDAQ
ESI,32.71,5106834.0,177718873.0,154712651.0,3.59,-12.08,2.94,True,,Element Solutions Inc. Common Stock,NYSE
TSN,52.55,3288611.0,177625123.0,168109444.0,2.1,-8.53,3.16,True,,"Tyson Foods, Inc. Common Stock",NYSE
SJM,123.42,1392965.0,176489723.0,164423671.0,2.41,4.15,4.34,True,,The J.M. Smucker Company Common Stock,NYSE
TXG,75.21,2701363.0,176471924.0,175932957.0,5.88,35.2,14.1,True,,"10x Genomics, Inc. - Common Stock",NASDAQ
FROG,92.6,1887885.0,175486573.0,167013746.0,5.91,1.09,12.1,True,,JFrog Ltd. - Ordinary shares,NASDAQ
BROS,42.1,3696911.0,174719543.0,167186329.0,3.71,-13.08,4.17,True,,Dutch Bros Inc. Class A Common Stock,NYSE
BULL,7.93,19227444.0,174463268.0,131889113.0,6.25,0.06,11.11,True,,Webull Corporation - Class A Ordinary Shares,NASDAQ
JOBY,6.05,25328436.0,173386960.0,172258269.0,3.81,-20.92,5.51,True,,"Joby Aviation, Inc. Common Stock",NYSE
IRM,114.69,1489990.0,172464258.0,161147377.0,3.17,-8.75,2.81,True,,Iron Mountain Incorporated (Delaware)Common Stock REIT,NYSE
FWONK,96.11,1733403.0,171867843.0,173636614.0,2.34,-5.79,3.79,True,,Liberty Media Corporation - Series C Liberty Formula One Common Stock,NASDAQ
CP,88.43,1859623.0,170880935.0,165477993.0,2.01,-5.6,1.97,True,,Canadian Pacific Kansas City Limited Common Shares,NYSE
DAR,66.65,2613612.0,170855520.0,148738264.0,4.23,-2.47,5.76,True,,Darling Ingredients Inc. Common Stock,NYSE
DUOL,148.15,1136941.0,169775718.0,155924894.0,4.57,6.1,7.28,True,,"Duolingo, Inc. - Class A Common Stock",NASDAQ
RPM,101.17,1627477.0,169723770.0,116456892.0,2.35,-8.48,2.02,True,,RPM International Inc. Common Stock,NYSE
CAVA,50.77,2788504.0,168635903.0,149569608.0,4.05,-25.6,14.24,True,,"CAVA Group, Inc. Common Stock",NYSE
LYFT,15.85,10103898.0,168274383.0,161845232.0,3.82,-6.35,7.12,True,,"Lyft, Inc. - Class A Common Stock",NASDAQ
CART,46.87,3365219.0,166833985.0,146354794.0,3.23,-4.21,11.41,True,,Maplebear Inc. - Common Stock,NASDAQ
GDDY,100.75,1683215.0,165969857.0,169858370.0,3.46,5.17,9.45,True,,GoDaddy Inc. Class A Common Stock,NYSE
BWXT,146.24,1072976.0,165777426.0,155337799.0,3.36,-11.37,6.07,True,,"BWX Technologies, Inc. Common Stock",NYSE
GEN,30.69,5511899.0,165755932.0,166106372.0,2.75,11.05,3.81,True,,Gen Digital Inc. - Common Stock,NASDAQ
ELF,94.83,1609538.0,165514976.0,158508963.0,4.14,2.51,7.72,True,,"e.l.f. Beauty, Inc. Common Stock",NYSE
HNGE,92.47,1826835.0,165281590.0,154257521.0,4.95,4.79,11.55,True,,"Hinge Health, Inc. Class A Common Stock",NYSE
NXT,78.43,1945579.0,164244667.0,156635587.0,4.49,-13.96,4.91,True,,Nextpower Inc. - Common Stock,NASDAQ
GFS,43.48,3596340.0,163430777.0,165691902.0,3.38,-12.87,7.09,True,,GlobalFoundries Inc. - Ordinary Share,NASDAQ
SOUN,5.92,23860709.0,162382757.0,160565542.0,4.25,-15.28,13.28,True,,"SoundHound AI, Inc. - Class A Common Stock",NASDAQ
RMBS,82.62,1866411.0,161620211.0,157526602.0,3.46,-11.83,4.76,True,,"Rambus, Inc. - Common Stock",NASDAQ
PCOR,52.4,2716570.0,161302060.0,162071995.0,3.73,-12.51,7.23,True,,"Procore Technologies, Inc. Common Stock",NYSE
BTG,5.24,29071107.0,160255231.0,142669348.0,3.43,5.7,22.98,True,,B2Gold Corp Common shares (Canada),NYSE American
ROL,34.3,4483155.0,159761501.0,159099126.0,2.18,-5.56,2.47,True,,"Rollins, Inc. Common Stock",NYSE
KTOS,47.23,3161678.0,159349125.0,166351169.0,4.72,-23.81,6.69,True,,"Kratos Defense & Security Solutions, Inc. - Common Stock",NASDAQ
TRU,75.94,1953641.0,158940268.0,160951270.0,2.92,-4.3,5.12,True,,TransUnion Common Stock,NYSE
CLF,12.38,13643419.0,158656055.0,139624483.0,5.05,4.17,7.63,True,,Cleveland-Cliffs Inc. Common Stock,NYSE
SEI,65.92,2725618.0,158352306.0,142308034.0,6.2,6.63,16.29,True,,"Solaris Energy Infrastructure, Inc. Class A Common Stock",NYSE
CAKE,97.39,1461660.0,157472880.0,152667782.0,3.56,-8.43,6.38,True,,The Cheesecake Factory Incorporated - Common Stock,NASDAQ
PHM,119.42,1273638.0,157410989.0,146378782.0,2.17,-5.05,3.67,True,,"PulteGroup, Inc. Common Stock",NYSE
ZBH,97.35,1604243.0,157084945.0,135797042.0,2.64,-1.82,3.26,True,,"Zimmer Biomet Holdings, Inc. Common Stock",NYSE
CAG,15.19,9957835.0,156223656.0,153185458.0,2.59,-2.09,4.51,True,,"ConAgra Brands, Inc. Common Stock",NYSE
IP,34.17,4196472.0,156196161.0,152520724.0,3.22,-14.68,2.8,True,,International Paper Company Common Stock,NYSE
HALO,109.13,1443806.0,155739907.0,162047552.0,2.27,4.04,20.24,True,,"Halozyme Therapeutics, Inc. - Common Stock",NASDAQ
FDXF,122.79,1197010.0,155341747.0,148990543.0,3.95,-11.8,7.61,True,,"FedEx Freight Holding Company, Inc. Common Stock",NYSE
WYNN,84.91,1676033.0,155277142.0,159082177.0,2.56,-16.17,3.64,True,,"Wynn Resorts, Limited - Common Stock",NASDAQ
VSXY,75.76,1948517.0,154920326.0,120943013.0,4.65,-9.73,5.58,True,,Victorias Secret & Co. Common Stock ,NYSE
INCY,123.9,1228144.0,154410493.0,156604893.0,2.49,0.35,4.05,True,,Incyte Corporation - Common Stock,NASDAQ
FIGR,33.57,4149046.0,152095910.0,152982248.0,7.13,-5.49,13.76,True,,"Figure Technology Solutions, Inc. - Class A Common Stock",NASDAQ
DD,128.21,1139781.0,151149685.0,140921893.0,2.14,-7.23,3.11,True,,"DuPont de Nemours, Inc. Common Stock",NYSE
PPG,105.82,1366857.0,150315575.0,151894835.0,2.13,-6.2,2.19,True,,"PPG Industries, Inc. Common Stock",NYSE
AMCR,42.74,3310588.0,149513282.0,146419199.0,2.02,-5.46,3.47,True,,Amcor plc Ordinary Shares,NYSE
TRI,101.91,1424660.0,148449170.0,146386211.0,3.51,1.67,8.7,True,,Thomson Reuters Corp - Common Shares,NASDAQ
EQX,11.86,11510026.0,148325554.0,145065929.0,3.48,3.78,10.79,True,,Equinox Gold Corp. Common Shares,NYSE American
VIAV,34.43,4016811.0,147937968.0,136578601.0,5.14,-16.78,12.27,True,,Viavi Solutions Inc. - Common Stock,NASDAQ
AGCO,120.73,1248121.0,147898893.0,126876608.0,3.85,22.63,6.02,True,,AGCO Corporation Common Stock,NYSE
OSCR,31.53,4664722.0,147800219.0,149142839.0,5.73,0.8,6.43,True,,"Oscar Health, Inc. Class A Common Stock",NYSE
CG,41.31,3157006.0,147128917.0,143103957.0,2.82,-14.6,6.51,True,,The Carlyle Group Inc. - Common Stock,NASDAQ
LDOS,130.57,1090236.0,146990962.0,147364734.0,2.97,-8.7,6.63,True,,"Leidos Holdings, Inc. Common Stock",NYSE
ENPH,35.58,3941982.0,146861645.0,150012760.0,4.87,-5.32,6.76,True,,"Enphase Energy, Inc. - Common Stock",NASDAQ
LSCC,107.09,1279087.0,146369409.0,135999917.0,3.8,-13.78,4.92,True,,Lattice Semiconductor Corporation - Common Stock,NASDAQ
RBA,85.94,1730915.0,146153935.0,150540830.0,2.61,0.6,4.45,True,,"RB Global, Inc. Common Stock",NYSE
BBIO,68.54,1906516.0,145303732.0,134661472.0,3.02,-17.4,3.87,True,,"BridgeBio Pharma, Inc. - Common Stock",NASDAQ
SWK,90.08,1528561.0,144479749.0,142023671.0,2.61,-7.66,2.82,True,,"Stanley Black & Decker, Inc. Common Stock",NYSE
M,22.26,6532242.0,143726754.0,136046036.0,3.67,-3.33,7.71,True,,Macy's Inc Common Stock,NYSE
MXL,70.1,2188710.0,142468688.0,134451185.0,6.47,-3.48,10.68,True,,"MaxLinear, Inc - Common Stock",NASDAQ
BLDR,61.19,2200339.0,142033652.0,143949735.0,3.8,-9.51,7.29,True,,"Builders FirstSource, Inc. Common Stock",NYSE
GME,21.64,7312621.0,141072139.0,119087317.0,2.77,20.53,5.29,True,,GameStop Corporation Common Stock,NYSE
ACM,64.03,2096788.0,138601146.0,106715878.0,3.35,3.74,5.38,True,,AECOM Common Stock,NYSE
AHR,53.24,2505219.0,138397485.0,127371579.0,2.03,-2.18,3.71,True,,"American Healthcare REIT, Inc. Common Stock",NYSE
ACHR,5.28,23582838.0,137195071.0,132784649.0,4.45,-16.53,11.99,True,,Archer Aviation Inc. Class A Common Stock,NYSE
MKC,50.35,2573647.0,136864786.0,143231814.0,2.48,-8.91,2.79,True,,"McCormick & Company, Incorporated Common Stock",NYSE
PFGC,92.14,1381368.0,136532419.0,137400161.0,2.31,-11.86,3.56,True,,Performance Food Group Company Common Stock,NYSE
GPC,132.35,1013291.0,136467511.0,125713788.0,2.07,1.13,2.14,True,,Genuine Parts Company Common Stock,NYSE
FRO,54.22,2912287.0,135658211.0,119553913.0,3.11,24.64,6.19,True,,Frontline Plc Ordinary Shares,NYSE
DK,79.09,1859058.0,135329219.0,129604752.0,5.84,15.93,11.6,True,,"Delek US Holdings, Inc. Common Stock",NYSE
UNM,96.44,1454988.0,135272105.0,126908909.0,2.18,7.44,4.06,True,,Unum Group Common Stock,NYSE
EPAM,118.56,1176077.0,135078983.0,122044034.0,3.96,18.26,7.1,True,,"EPAM Systems, Inc. Common Stock",NYSE
SM,38.73,3602517.0,135075811.0,126805732.0,3.39,9.77,9.97,True,,SM Energy Company Common Stock,NYSE
AGI,35.33,3652508.0,134267189.0,111046458.0,3.2,7.5,8.73,True,,Alamos Gold Inc. Class A Common Shares,NYSE
CAI,28.74,5175124.0,133401611.0,127103609.0,5.65,37.05,21.58,True,,"Caris Life Sciences, Inc. - Common Stock",NASDAQ
OLLI,76.86,1789805.0,133333065.0,112557049.0,4.61,0.85,4.71,True,,"Ollie's Bargain Outlet Holdings, Inc. - Common Stock",NASDAQ
BTDR,11.14,11970410.0,133155176.0,124867882.0,7.61,23.72,10.89,True,,Bitdeer Technologies Group - Ordinary Shares,NASDAQ
SFM,72.77,1693064.0,132836285.0,131396196.0,4.31,-7.7,6.23,True,,"Sprouts Farmers Market, Inc. - Common Stock",NASDAQ
TXT,81.61,1627584.0,132032515.0,125005626.0,2.06,-6.31,2.3,True,,Textron Inc. Common Stock,NYSE
MTCH,44.21,3140114.0,131485967.0,127065810.0,2.82,14.27,3.95,True,,"Match Group, Inc. - Common Stock",NASDAQ
GLXY,22.58,5401753.0,130811702.0,115125153.0,6.69,10.55,10.14,True,,Galaxy Digital Inc. - Class A common stock,NASDAQ
NVTS,10.7,10993900.0,130516990.0,118819972.0,5.38,-18.75,12.02,True,,Navitas Semiconductor Corporation - Common Stock,NASDAQ
ALLY,41.38,3060518.0,129635861.0,122658624.0,2.11,-5.16,2.18,True,,Ally Financial Inc. Common Stock,NYSE
MAS,69.14,1819135.0,129351921.0,128931743.0,2.2,-5.36,2.7,True,,Masco Corporation Common Stock,NYSE
WING,104.38,1164148.0,129177916.0,113416417.0,5.73,-8.88,11.05,True,,Wingstop Inc. - Common Stock,NASDAQ
CM,114.1,1117136.0,129120755.0,121211975.0,2.14,-6.2,2.96,True,,Canadian Imperial Bank of Commerce Common Stock,NYSE
BTSG,59.52,2151578.0,128710693.0,120958131.0,3.83,0.03,7.2,True,,"BrightSpring Health Services, Inc. - Common Stock",NASDAQ
NYT,72.69,1890651.0,128270878.0,121075018.0,2.39,11.72,5.17,True,,New York Times Company (The) Common Stock,NYSE
TRP,61.65,2043710.0,127045723.0,119546455.0,2.12,-3.7,1.63,True,,TC Energy Corporation Common Stock,NYSE
BBWI,17.22,6841481.0,126959760.0,117513741.0,5.09,-13.19,7.51,True,,"Bath & Body Works, Inc.",NYSE
XP,19.66,6722746.0,126312905.0,103876842.0,3.89,24.12,6.78,True,,XP Inc. - Class A Common Stock,NASDAQ
CYTK,70.25,1708453.0,126044088.0,116197344.0,3.09,-7.69,3.62,True,,"Cytokinetics, Incorporated - Common Stock",NASDAQ
ARWR,67.51,1544381.0,125873458.0,109482724.0,4.51,-23.2,3.18,True,,"Arrowhead Pharmaceuticals, Inc. - Common Stock",NASDAQ
EGO,41.37,2844714.0,125244516.0,130195238.0,3.73,7.05,13.14,True,,Eldorado Gold Corporation Ordinary Shares,NYSE
TPG,48.03,2429598.0,124171728.0,123559820.0,3.26,-7.67,8.51,True,,TPG Inc. - Class A Common Stock,NASDAQ
FCEL,15.46,7222448.0,123742672.0,101388407.0,7.8,-28.76,18.8,True,,"FuelCell Energy, Inc. - Common Stock",NASDAQ
IOVA,9.69,14413691.0,123607366.0,100501677.0,6.45,37.77,43.09,True,,"Iovance Biotherapeutics, Inc. - Common Stock",NASDAQ
APG,37.11,3134105.0,123361268.0,106016774.0,3.2,-13.25,2.08,True,,APi Group Corporation Common Stock,NYSE
EQH,54.51,2398171.0,123317091.0,111769092.0,2.23,7.22,6.32,True,,"Equitable Holdings, Inc. Common Stock",NYSE
AR,36.99,3178586.0,122578676.0,120630371.0,2.67,-0.13,6.8,True,,Antero Resources Corporation Common Stock,NYSE
TW,101.09,1161084.0,122154967.0,121327221.0,2.27,-4.03,2.72,True,,Tradeweb Markets Inc. - Class A Common Stock,NASDAQ
HRL,20.85,5538092.0,122061153.0,95762046.0,2.2,-14.32,1.9,True,,Hormel Foods Corporation Common Stock,NYSE
HAS,90.74,1312996.0,121954842.0,123614907.0,2.06,-2.73,2.7,True,,"Hasbro, Inc. - Common Stock",NASDAQ
FRVO,15.34,6915290.0,121172489.0,67936415.0,8.34,-14.66,28.41,True,,Fervo Energy Company - Class A common stock,NASDAQ
QRVO,116.11,1150337.0,120609771.0,85677218.0,3.85,21.33,9.34,True,,"Qorvo, Inc. - Common Stock",NASDAQ
COMP,10.46,10995777.0,120594118.0,124621179.0,4.11,-14.96,6.92,True,,"Compass, Inc. Class A Common Stock",NYSE
BAX,23.64,4769461.0,120507418.0,118676749.0,2.93,-8.85,2.7,True,,Baxter International Inc. Common Stock,NYSE
DBX,37.62,3399659.0,119912163.0,116591864.0,2.76,11.06,6.84,True,,"Dropbox, Inc. - Class A Common Stock",NASDAQ
RDW,10.6,10799198.0,119358678.0,119667825.0,5.3,-18.04,14.88,True,,Redwire Corporation Common Stock,NYSE
FLS,73.28,1544042.0,119332289.0,123210220.0,2.93,-6.99,3.17,True,,Flowserve Corporation Common Stock,NYSE
AEO,15.19,7375378.0,118694541.0,82390695.0,3.87,-7.06,5.14,True,,"American Eagle Outfitters, Inc. Common Stock",NYSE
BAH,78.79,1567295.0,118480039.0,123125505.0,2.99,4.0,4.82,True,,Booz Allen Hamilton Holding Corporation Common Stock,NYSE
KRMN,37.01,2843197.0,117660260.0,113655578.0,6.18,-37.72,7.86,True,,Karman Holdings Inc. Common Stock,NYSE
FLR,52.92,2143045.0,116330390.0,108057189.0,3.43,-0.94,16.92,True,,Fluor Corporation Common Stock,NYSE
VTRS,17.01,7002334.0,116259295.0,108853659.0,2.35,5.98,2.77,True,,Viatris Inc. - Common Stock,NASDAQ
AMBA,63.68,1729561.0,115700243.0,87867497.0,5.32,-14.89,8.38,True,,"Ambarella, Inc. - Ordinary Shares",NASDAQ
BRKR,60.74,2022681.0,115376081.0,111923325.0,4.59,6.82,8.95,True,,Bruker Corporation - Common Stock,NASDAQ
UPST,25.27,4051498.0,113923865.0,102359463.0,4.61,-13.21,6.43,True,,"Upstart Holdings, Inc. - Common stock",NASDAQ
EXEL,57.71,2013781.0,113509714.0,109062271.0,2.63,8.63,4.12,True,,"Exelixis, Inc. - Common Stock",NASDAQ
BRO,66.18,1606188.0,113111553.0,106439184.0,2.25,-4.6,3.23,True,,"Brown & Brown, Inc. Common Stock",NYSE
BMRN,64.88,1715203.0,112970462.0,110928627.0,2.37,-3.16,7.95,True,,BioMarin Pharmaceutical Inc. - Common Stock,NASDAQ
VSH,32.03,3620972.0,112215584.0,101024561.0,4.33,-4.14,8.02,True,,"Vishay Intertechnology, Inc. Common Stock",NYSE
STLA,5.02,21086877.0,112099798.0,105428650.0,2.52,-0.59,7.52,True,,Stellantis N.V. Common Shares,NYSE
WIX,81.42,1363338.0,112097904.0,95927623.0,5.75,5.52,16.45,True,,Wix.com Ltd. - Ordinary Shares,NASDAQ
AAP,43.65,2566154.0,111665454.0,72689309.0,4.27,-23.37,7.17,True,,Advance Auto Parts Inc.,NYSE
TAP,39.18,2766190.0,111281078.0,105805639.0,2.57,-3.63,3.31,True,,Molson Coors Beverage Company Class B Common Stock,NYSE
ELAN,23.33,4640487.0,111244212.0,102297534.0,2.81,-1.33,5.15,True,,Elanco Animal Health Incorporated Common Stock,NYSE
XE,14.6,6350923.0,111148944.0,96138926.0,8.25,-22.56,11.7,True,,"X-Energy, Inc. - Class A Common Stock",NASDAQ
FSLY,24.26,4825329.0,110935516.0,98273281.0,7.13,-8.76,20.86,True,,"Fastly, Inc. - Class A Common Stock",NASDAQ
VSAT,72.06,1528420.0,110631229.0,103674334.0,5.08,-5.27,5.54,True,,"ViaSat, Inc. - Common Stock",NASDAQ
SEDG,34.75,3245348.0,110166386.0,84279877.0,6.74,16.53,10.71,True,,"SolarEdge Technologies, Inc. - Common Stock",NASDAQ
FND,47.13,2180077.0,109841038.0,106024016.0,3.47,-15.91,4.5,True,,"Floor & Decor Holdings, Inc. Common Stock",NYSE
BWA,62.96,1686413.0,109694616.0,105182275.0,2.65,-7.1,5.93,True,,BorgWarner Inc. Common Stock,NYSE
PSKY,11.15,10290962.0,109610444.0,109083601.0,3.79,7.35,4.95,True,,Paramount Skydance Corporation - Class B Common Stock,NASDAQ
FORM,104.97,1026666.0,109456304.0,112070637.0,5.39,-15.57,7.65,True,,"FormFactor, Inc. - Common Stock",NASDAQ
ASO,52.01,2290657.0,109170291.0,82406790.0,3.88,10.95,14.4,True,,"Academy Sports and Outdoors, Inc. - Common Stock",NASDAQ
ALM,13.8,6294802.0,109122424.0,99278199.0,6.86,-11.56,9.33,True,,Almonty Industries Inc. - Common Shares,NASDAQ
CRBG,35.27,3260349.0,109119811.0,105151154.0,2.18,6.49,6.3,True,,Corebridge Financial Inc. Common Stock,NYSE
BAM,45.95,2200745.0,108561974.0,102344864.0,2.19,-9.86,4.77,True,,Brookfield Asset Management Inc Class A Limited Voting Shares,NYSE
CNM,42.91,2527806.0,107811379.0,92247831.0,3.07,-5.59,4.45,True,,"Core & Main, Inc. Class A Common Stock",NYSE
SYRE,91.38,1140951.0,106786591.0,99573330.0,4.25,-15.25,3.08,True,,"Spyre Therapeutics, Inc. - Common Stock",NASDAQ
NWSA,30.4,3508672.0,106412631.0,103337090.0,2.01,3.77,3.8,True,,News Corporation - Class A Common Stock,NASDAQ
KLAR,14.14,7441120.0,106175457.0,88506188.0,3.76,-6.14,8.16,True,,Klarna Group plc Ordinary Shares,NYSE
QGEN,43.36,2451665.0,106119900.0,72439714.0,2.52,2.46,5.15,True,,Qiagen N.V. Common Shares,NYSE
MNDY,94.2,1147240.0,105939478.0,104698555.0,4.98,7.0,10.67,True,,monday.com Ltd. - Ordinary Shares,NASDAQ
HBM,25.61,3739591.0,105553594.0,104791147.0,4.0,-3.0,6.79,True,,Hudbay Minerals Inc. Ordinary Shares (Canada),NYSE
INFQ,12.8,7975088.0,105305087.0,95556587.0,6.29,-0.85,12.51,True,,"Infleqtion, Inc. Common Stock",NYSE
SLS,11.47,7758810.0,105160390.0,93841836.0,8.7,-12.44,15.37,True,,"SELLAS Life Sciences Group, Inc.  - Common Stock",NASDAQ
IVZ,30.88,3253122.0,104717221.0,102167633.0,2.57,-4.65,3.12,True,,Invesco Ltd Common Stock,NYSE
AVTR,15.78,7044361.0,104196723.0,93269308.0,2.98,18.42,4.73,True,,"Avantor, Inc. Common Stock",NYSE
MTDR,59.13,1760924.0,103895352.0,99738075.0,2.89,3.3,7.28,True,,Matador Resources Company Common Stock,NYSE
Z,32.04,3001672.0,102954752.0,96360510.0,3.97,-7.32,8.0,True,,"Zillow Group, Inc. - Class C Capital Stock",NASDAQ
BEN,33.2,2994591.0,102023610.0,94587187.0,2.05,-2.32,3.52,True,,"Franklin Templeton, Inc. Common Stock",NYSE
KGS,59.29,1689676.0,101884817.0,100400787.0,4.44,-5.71,5.35,True,,"Kodiak Gas Services, Inc. Common Stock",NYSE
KVYO,16.41,5537910.0,101824281.0,97523465.0,5.04,-7.89,11.42,True,,"Klaviyo, Inc. Series A Common Stock",NYSE
URBN,78.08,1298465.0,101766419.0,80382825.0,3.67,4.68,9.46,True,,"Urban Outfitters, Inc. - Common Stock",NASDAQ
UEC,9.98,8555101.0,101571129.0,100249097.0,5.6,-8.99,14.44,True,,Uranium Energy Corp. Common Stock,NYSE American
AVT,94.29,1113485.0,101182245.0,96362921.0,3.47,1.36,7.16,True,,"Avnet, Inc. - Common Stock",NASDAQ
LTH,41.34,2344338.0,101118893.0,100384562.0,2.58,-8.94,3.97,True,,"Life Time Group Holdings, Inc. Common Stock",NYSE
TGTX,55.96,1839839.0,100726933.0,76902364.0,4.8,11.34,7.34,True,,"TG Therapeutics, Inc. - Common Stock",NASDAQ
BOX,35.1,2930687.0,100705988.0,82846139.0,3.0,8.2,4.36,True,,"Box, Inc. Class A Common Stock",NYSE
BILL,48.88,2071013.0,100305959.0,90474192.0,3.67,-0.6,5.36,True,,"BILL Holdings, Inc. Common Stock",NYSE
MT,74.52,1317406.0,97888245.0,87345072.0,2.07,3.5,3.6,True,,Arcelor Mittal NY Registry Shares NEW,NYSE
SIG,103.79,1062532.0,97223388.0,67326133.0,4.02,22.45,23.96,True,,Signet Jewelers Limited Common Shares,NYSE
BWIN,32.08,3061450.0,97076522.0,27912667.0,3.29,6.23,7.93,True,,"The Baldwin Insurance Group, Inc. - Class A Common Stock",NASDAQ
AMLX,33.62,2640364.0,96501599.0,63149092.0,5.47,-4.23,63.84,True,,"Amylyx Pharmaceuticals, Inc. - Common Stock",NASDAQ
VAL,84.93,1111329.0,96266544.0,97095621.0,4.03,-1.66,8.59,True,,Valaris Limited Common Shares,NYSE
KMX,59.67,1559545.0,96017693.0,95233888.0,2.77,3.95,3.56,True,,CarMax Inc,NYSE
LUNR,13.8,6063936.0,96003830.0,88444906.0,5.16,-28.53,9.85,True,,"Intuitive Machines, Inc. - Class A Common Stock",NASDAQ
ARE,52.76,1835130.0,95731819.0,87378670.0,3.55,15.09,10.27,True,,"Alexandria Real Estate Equities, Inc. Common Stock",NYSE
PTEN,12.26,7705406.0,95723145.0,98631034.0,4.16,1.84,11.35,True,,"Patterson-UTI Energy, Inc. - Common Stock",NASDAQ
IAG,19.79,4637983.0,95499990.0,84671954.0,3.53,8.8,14.29,True,,Iamgold Corporation Ordinary Shares,NYSE
MGY,26.91,3483263.0,95475048.0,89310130.0,2.78,0.02,4.46,True,,Magnolia Oil & Gas Corporation Class A Common Stock,NYSE
EXK,9.73,8848281.0,95307397.0,95891232.0,5.23,0.67,13.77,True,,Endeavour Silver Corporation Ordinary Shares (Canada),NYSE
GMED,75.61,1201173.0,94969499.0,87766592.0,2.68,-12.53,4.61,True,,"Globus Medical, Inc. Class A Common Stock",NYSE
RNG,74.55,1358872.0,94778853.0,97018960.0,4.07,14.36,7.79,True,,"RingCentral, Inc. Class A Common Stock",NYSE
BRZE,25.41,3235359.0,94374227.0,75530731.0,4.99,-12.74,10.65,True,,"Braze, Inc. - Class A Common Stock",NASDAQ
FBIN,40.19,2175794.0,94336567.0,84941361.0,2.97,-10.75,4.19,True,,"Fortune Brands Innovations, Inc. Common Stock",NYSE
SIRI,29.33,3260314.0,94125445.0,90593391.0,2.15,2.46,7.53,True,,SiriusXM Holdings Inc. - Common Stock,NASDAQ
SMMT,17.59,6097174.0,94062623.0,78339350.0,5.55,37.21,17.33,True,,Summit Therapeutics Inc.  - Common Stock,NASDAQ
PRMB,21.25,4215881.0,93254892.0,85233439.0,3.28,-8.89,8.72,True,,Primo Brands Corporation Class A Common Stock,NYSE
GFL,41.76,2202764.0,93225849.0,85336467.0,2.85,3.12,4.39,True,,"GFL Environmental Inc. Subordinate voting shares, no par value",NYSE
ALK,40.09,2253260.0,92789645.0,92093887.0,2.92,-5.47,4.26,True,,"Alaska Air Group, Inc. Common Stock",NYSE
NAVN,22.14,3779514.0,92721753.0,65639240.0,4.71,-24.18,4.91,True,,"Navan, Inc. - Class A Common Stock",NASDAQ
WHR,33.68,2455504.0,92591684.0,82024566.0,4.18,-14.23,3.52,True,,Whirlpool Corporation Common Stock,NYSE
RRC,39.83,2223737.0,91990112.0,92535665.0,2.55,0.16,5.25,True,,Range Resources Corporation Common Stock,NYSE
HTFL,49.08,1886046.0,91613635.0,87423832.0,4.95,8.5,35.7,True,,"Heartflow, Inc. - Common Stock",NASDAQ
UUUU,11.79,6420842.0,91495467.0,88451654.0,5.23,-16.32,9.61,True,,Energy Fuels Inc Ordinary Shares (Canada),NYSE American
SSRM,35.79,2440359.0,90539542.0,85857278.0,3.68,12.94,11.64,True,,SSR Mining Inc. - Common Stock,NASDAQ
NTSK,17.42,5918082.0,89340174.0,81024815.0,6.71,13.34,15.65,True,,"Netskope, Inc. - Class A Common Stock",NASDAQ
RARE,12.96,4960805.0,89294975.0,63620663.0,4.84,-49.16,3.57,True,,Ultragenyx Pharmaceutical Inc. - Common Stock,NASDAQ
CGNX,60.69,1459324.0,88688826.0,89517825.0,2.94,-4.16,6.56,True,,Cognex Corporation - Common Stock,NASDAQ
AUGO,87.14,1032296.0,88552120.0,78812419.0,4.62,14.3,13.79,True,,Aura Minerals Inc. - Common Shares,NASDAQ
FOUR,43.14,1970230.0,88132239.0,86229184.0,6.22,-7.62,9.29,True,,"Shift4 Payments, Inc. Class A Common Stock",NYSE
RELY,21.94,3534770.0,88036449.0,81587862.0,4.32,-13.74,7.93,True,,"Remitly Global, Inc. - Common stock",NASDAQ
JEF,49.39,1655702.0,86875350.0,76119509.0,3.08,-8.27,2.57,True,,Jefferies Financial Group Inc. Common Stock,NYSE
CRSP,52.94,1526908.0,86806692.0,73181970.0,4.18,-0.07,12.91,True,,CRISPR Therapeutics AG - Common Shares,NASDAQ
CTRE,38.06,2199365.0,86479442.0,68922868.0,2.06,-3.14,2.52,True,,"CareTrust REIT, Inc. Common Stock",NYSE
SHAZ,53.72,1522186.0,86244648.0,81636364.0,8.14,-21.9,21.0,True,,"SharonAI Holdings, Inc. - Class A Common Stock",NASDAQ
G,35.42,2353473.0,86132206.0,72073471.0,2.83,2.78,5.05,True,,Genpact Limited Common Stock,NYSE
VIRT,57.95,1347400.0,85131766.0,65177210.0,4.24,-4.73,11.01,True,,"Virtu Financial, Inc. Class A Common Stock",NYSE
SRRK,49.18,1555689.0,84996194.0,67894175.0,4.75,-10.12,9.96,True,,Scholar Rock Holding Corporation - Common Stock,NASDAQ
EMBJ,74.89,1140773.0,84794370.0,89902073.0,2.69,-2.84,3.6,True,,Embraer S.A. Common Stock,NYSE
HMY,19.53,4049775.0,84602946.0,84775650.0,3.01,1.3,9.39,True,,Harmony Gold Mining Company Limited,NYSE
ACI,12.85,6840372.0,84229544.0,72411516.0,2.81,5.2,5.3,True,,"Albertsons Companies, Inc. Class A Common Stock",NYSE
COLB,30.22,2787881.0,84148387.0,78785525.0,2.08,-4.83,2.59,True,,"Columbia Banking System, Inc. - Common Stock",NASDAQ
KSS,16.49,4730041.0,84081189.0,81058017.0,5.39,-11.25,7.8,True,,Kohl's Corporation Common Stock,NYSE
WOLF,24.1,3154372.0,83954119.0,64945545.0,7.48,-23.39,19.14,True,,"Wolfspeed, Inc. Common Stock New",NYSE
RHI,37.43,1977614.0,83592510.0,73498392.0,3.55,-13.33,5.37,True,,Robert Half Inc. Common Stock,NYSE
RAL,67.51,1295075.0,83172258.0,76299891.0,3.53,-2.77,3.97,True,,Ralliant Corporation Common Stock,NYSE
TTEK,36.83,2273709.0,82825698.0,71707836.0,2.09,4.04,3.39,True,,"Tetra Tech, Inc. - Common Stock",NASDAQ
TVTX,63.65,1255127.0,82627710.0,75133855.0,3.47,-0.39,12.03,True,,"Travere Therapeutics, Inc. - Common Stock",NASDAQ
BIRK,30.96,2432112.0,82512074.0,75868751.0,3.64,-16.84,11.59,True,,Birkenstock Holding plc Ordinary Shares,NYSE
PRIM,77.69,1095914.0,82497485.0,80165434.0,3.77,-2.64,4.52,True,,Primoris Services Corporation Common Stock,NYSE
VRNS,47.59,1824671.0,82338919.0,67695126.0,4.16,8.85,10.41,True,,"Varonis Systems, Inc. - Common Stock",NASDAQ
WAL,80.74,1026090.0,81449282.0,80120606.0,2.31,-0.01,2.41,True,,Western Alliance Bancorporation Common Stock (DE),NYSE
AAON,76.15,1051337.0,81442108.0,78170420.0,4.1,-7.08,5.04,True,,"AAON, Inc. - Common Stock",NASDAQ
VLY,13.82,5886616.0,81394625.0,85658058.0,2.03,-6.25,3.21,True,,Valley National Bancorp - Common Stock,NASDAQ
MLI,60.68,1309712.0,81244110.0,77281588.0,2.9,-5.63,4.18,True,,"Mueller Industries, Inc. Common Stock",NYSE
VERA,31.67,2362355.0,80644520.0,59789334.0,5.57,-1.89,9.48,True,,"Vera Therapeutics, Inc. - Class A Common Stock",NASDAQ
SBET,7.9,9719097.0,80563211.0,68441763.0,6.55,25.6,12.56,True,,"Sharplink, Inc. - Common Stock",NASDAQ
DFTX,38.88,1975953.0,79887833.0,61459576.0,5.06,-15.81,6.17,True,,"Definium Therapeutics, Inc.  - Common Shares",NASDAQ
PLNT,50.43,1543253.0,79850002.0,79157201.0,3.01,-5.49,5.39,True,,"Planet Fitness, Inc. Common Stock",NYSE
VFC,13.06,5963552.0,79634464.0,78725048.0,2.76,-8.09,4.36,True,,V.F. Corporation Common Stock,NYSE
WH,69.51,1099217.0,78992071.0,75029584.0,2.62,-4.66,3.39,True,,"Wyndham Hotels & Resorts, Inc. Common Stock ",NYSE
MAIR,23.72,2985264.0,78363935.0,56628727.0,5.19,-13.56,12.09,True,,Madison Air Solutions Corporation Class A Common Stock,NYSE
INIO,18.57,3745223.0,78050677.0,75054229.0,6.38,-28.58,6.38,True,,INNIO N.V. - Ordinary Shares,NASDAQ
UMAC,21.85,3153173.0,78020830.0,64890512.0,7.42,-28.55,25.04,True,,"Unusual Machines, Inc. Common Stock",NYSE American
MGA,64.22,1171679.0,77958860.0,69977132.0,2.59,-8.61,3.78,True,,"Magna International, Inc. Common Stock",NYSE
PVH,73.62,1059173.0,77951139.0,73247545.0,3.61,-6.44,5.35,True,,PVH Corp. Common Stock,NYSE
PEGA,37.45,2150189.0,77595749.0,75696839.0,3.6,15.23,6.83,True,,Pegasystems Inc. - Common Stock,NASDAQ
CENX,40.84,1737311.0,77403955.0,67014974.0,5.1,-10.55,11.49,True,,Century Aluminum Company - Common Stock,NASDAQ
LNC,43.6,1773751.0,76992690.0,76201798.0,2.75,-3.28,3.49,True,,Lincoln National Corporation Common Stock,NYSE
SAIL,20.05,4062388.0,76927277.0,57333562.0,6.02,4.43,15.31,True,,"SailPoint, Inc. - Common Stock",NASDAQ
AOS,57.48,1279488.0,76798147.0,75290683.0,2.25,-5.55,4.83,True,,A.O. Smith Corporation Common Stock,NYSE
CRGY,14.61,5398014.0,76120830.0,81859016.0,3.15,12.81,5.53,True,,Crescent Energy Company Class A Common Stock,NYSE
GTX,26.06,2817350.0,75841702.0,75664397.0,3.06,-6.35,3.01,True,,Garrett Motion Inc. - Common Stock,NASDAQ
LKQ,23.58,3035429.0,75575143.0,77445312.0,2.8,-5.16,2.82,True,,LKQ Corporation - Common Stock,NASDAQ
FRPT,62.29,1075004.0,75540476.0,73836399.0,3.48,-14.24,14.57,True,,"Freshpet, Inc. - Common Stock",NASDAQ
BXP,64.42,1120656.0,75448272.0,74874758.0,2.28,-2.67,3.43,True,,"BXP, Inc. Common Stock",NYSE
DHT,23.17,3648919.0,74972735.0,74495704.0,3.36,19.99,5.62,True,,"DHT Holdings, Inc.",NYSE
LUMN,6.89,11551733.0,74812323.0,74449816.0,5.02,12.32,6.74,True,,"Lumen Technologies, Inc. Common Stock",NYSE
LQDA,69.34,1076583.0,74176560.0,69551220.0,4.09,-6.71,5.51,True,,Liquidia Corporation - Common Stock,NASDAQ
BSY,31.15,2142436.0,74094076.0,77364628.0,3.33,-10.09,3.7,True,,"Bentley Systems, Incorporated - Class B Common Stock",NASDAQ
ALGM,33.63,2045891.0,73964207.0,75534853.0,4.14,-14.61,5.08,True,,"Allegro MicroSystems, Inc. - Common Stock",NASDAQ
USDE,5.95,10048592.0,73689920.0,26756331.0,20.21,113.26,85.25,True,,StablecoinX Inc. - Class A Common Stock,NASDAQ
HRB,45.57,1492496.0,73480741.0,72903290.0,2.83,-9.73,16.09,True,,"H&R Block, Inc. Common Stock",NYSE
SARO,23.48,2968652.0,72667204.0,65580304.0,2.88,-13.02,2.88,True,,"StandardAero, Inc. Common Stock",NYSE
YOU,40.59,1678230.0,72429737.0,70338387.0,3.43,-8.69,3.26,True,,"Clear Secure, Inc. Class A Common Stock",NYSE
ALHC,9.01,5909109.0,71845799.0,56410864.0,5.62,-31.93,7.4,True,,"Alignment Healthcare, Inc. - Common Stock",NASDAQ
RYN,20.42,3480086.0,71776155.0,68204481.0,2.12,-1.66,3.37,True,,Rayonier Inc. REIT Common Stock,NYSE
CNK,34.2,1997556.0,71684259.0,63490642.0,3.02,-6.59,4.92,True,,"Cinemark Holdings Inc Cinemark Holdings, Inc. Common Stock",NYSE
MBGL,19.86,3535837.0,71521355.0,69477435.0,3.28,0.5,4.39,True,,Mobility Global Inc. Common Stock,NYSE
OUST,34.11,1983758.0,71278348.0,70288933.0,5.28,-20.66,7.93,True,,"Ouster, Inc. - Common Stock",NASDAQ
CMC,66.96,1057744.0,71249666.0,69451650.0,3.31,-5.66,4.19,True,,Commercial Metals Company Common Stock,NYSE
SHAK,58.16,1052002.0,71068088.0,67919860.0,3.9,-18.07,12.25,True,,"Shake Shack, Inc. Class A Common Stock",NYSE
QNT,51.47,1382212.0,70443145.0,64129340.0,5.39,-13.5,27.97,True,,Quantinuum Inc. - Class A Common Stock,NASDAQ
LPX,66.81,1014641.0,70388109.0,66901279.0,3.12,-6.21,6.68,True,,Louisiana-Pacific Corporation Common Stock,NYSE
EXLS,35.9,1897354.0,70059879.0,69671485.0,2.5,1.21,4.37,True,,"ExlService Holdings, Inc. - Common Stock",NASDAQ
CCC,6.47,9669321.0,69083347.0,56355615.0,4.04,-9.45,6.73,True,,CCC Intelligent Solutions Holdings Inc. - Common Stock,NASDAQ
BB,7.68,8655149.0,68507705.0,62637700.0,3.99,-10.49,11.04,True,,BlackBerry Limited Common Stock,NYSE
COCO,55.97,1199448.0,68220532.0,59771134.0,4.13,-11.91,6.34,True,,"The Vita Coco Company, Inc. - Common Stock",NASDAQ
PCVX,59.76,1116836.0,67723249.0,65628444.0,3.38,-0.05,5.87,True,,"Vaxcyte, Inc. - Common Stock",NASDAQ
INDV,34.02,1911025.0,67626190.0,63089233.0,2.72,-13.72,6.11,True,,"Indivior Pharmaceuticals, Inc.  - Common Stock",NASDAQ
CE,47.6,1481052.0,67463655.0,57942522.0,3.58,6.61,5.73,True,,Celanese Corporation Common Stock,NYSE
ERAS,15.72,3943084.0,67323312.0,60504643.0,6.5,-13.18,7.83,True,,"Erasca, Inc. - Common Stock",NASDAQ
IBRX,7.97,8332057.0,67148632.0,64182319.0,4.77,3.24,8.05,True,,"ImmunityBio, Inc. - Common Stock",NASDAQ
PENG,48.83,1342238.0,67129016.0,66914854.0,5.1,-16.33,6.44,True,,"Penguin Solutions, Inc. - Common Stock",NASDAQ
LW,47.95,1293247.0,66945904.0,65568052.0,2.73,-7.75,3.62,True,,"Lamb Weston Holdings, Inc. Common Stock ",NYSE
GEO,31.69,2115891.0,66761724.0,64840685.0,3.48,2.52,3.56,True,,Geo Group Inc (The) REIT,NYSE
LBRT,19.58,3369352.0,66547900.0,69889345.0,4.63,-7.6,5.97,True,,Liberty Energy Inc. Class A common stock,NYSE
MAC,22.57,2853059.0,66353184.0,50842881.0,2.23,-6.93,3.87,True,,Macerich Company (The) Common Stock,NYSE
YUMC,41.6,1460807.0,65932496.0,60614007.0,2.04,-10.68,2.73,True,,"Yum China Holdings, Inc. Common Stock",NYSE
SRPT,20.23,3132892.0,65758380.0,55913777.0,6.73,12.24,10.95,True,,"Sarepta Therapeutics, Inc. - Common Stock",NASDAQ
JBS,12.22,4955534.0,65752853.0,62280766.0,2.94,-10.58,3.94,True,,JBS N.V. Class A Common Shares,NYSE
SBSW,11.77,5311458.0,65532830.0,60054345.0,3.31,11.41,9.75,True,,D/B/A Sibanye-Stillwater Limited ADS,NYSE
WT,22.42,2720037.0,64611026.0,62582698.0,4.09,-1.92,4.76,True,,"WisdomTree, Inc. Common Stock",NYSE
DOCS,26.06,2513650.0,64530863.0,64765844.0,3.66,4.47,32.62,True,,"Doximity, Inc. Class A Common Stock",NYSE
ALKS,46.04,1361260.0,64344106.0,63570657.0,2.74,-6.95,2.17,True,,Alkermes plc - Ordinary Shares,NASDAQ
PSNL,16.15,3799723.0,64069693.0,44510700.0,4.43,16.1,13.66,True,,"Personalis, Inc. - Common Stock",NASDAQ
DYN,17.84,2924946.0,63082984.0,40585375.0,4.59,-31.38,3.0,True,,"Dyne Therapeutics, Inc. - Common Stock",NASDAQ
YETI,41.17,1513734.0,62880827.0,66217323.0,2.84,-4.8,4.51,True,,"YETI Holdings, Inc. Common Stock",NYSE
DOX,61.81,1014375.0,62751170.0,62357761.0,2.29,6.79,6.93,True,,Amdocs Limited - Ordinary Shares,NASDAQ
SYM,42.58,1517771.0,62641386.0,60553236.0,3.74,5.25,4.34,True,,Symbotic Inc. - Class A Common Stock,NASDAQ
VVV,28.0,1981581.0,62202466.0,59289097.0,2.73,-16.73,1.41,True,,Valvoline Inc. Common Stock,NYSE
RYAN,40.14,1505146.0,62171396.0,62278701.0,3.42,-2.67,4.12,True,,"Ryan Specialty Holdings, Inc. Class A Common Stock",NYSE
NOV,20.95,2987221.0,61913020.0,62205516.0,3.2,0.23,5.34,True,,NOV Inc. Common Stock,NYSE
CX,10.26,5767023.0,61656504.0,51853889.0,2.32,-3.47,4.81,True,,"Cemex, S.A.B. de C.V. Sponsored ADR",NYSE
TREX,43.23,1357988.0,61504237.0,56623280.0,3.11,-9.43,5.42,True,,"Trex Company, Inc. Common Stock",NYSE
BTU,27.78,2174577.0,61364570.0,58641872.0,4.16,10.33,7.76,True,,Peabody Energy Corporation Common Stock ,NYSE
VKTX,30.4,1852302.0,61306790.0,58059786.0,4.26,-8.92,7.82,True,,"Viking Therapeutics, Inc. - Common Stock",NASDAQ
CPRI,15.17,4535667.0,61267892.0,61138758.0,4.21,5.2,7.97,True,,Capri Holdings Limited Ordinary Shares,NYSE
BF-B,25.87,2268362.0,61234518.0,59065429.0,2.71,-3.9,4.71,True,,Brown Forman Inc Class B Common Stock,NYSE
AROC,31.42,1919626.0,60893166.0,61056485.0,3.78,-7.93,4.05,True,,"Archrock, Inc. Common Stock",NYSE
FOX,59.66,1015347.0,60687756.0,58867746.0,2.42,-2.08,6.07,True,,Fox Corporation - Class B Common Stock,NASDAQ
RUN,8.49,6802178.0,60597809.0,56827057.0,4.22,-8.26,8.74,True,,Sunrun Inc. - Common Stock,NASDAQ
POET,7.32,7709570.0,60326345.0,55167695.0,4.83,-13.62,8.05,True,,POET Technologies Inc. - Common Shares,NASDAQ
SKM,35.62,1564573.0,60059276.0,55692151.0,2.11,-7.27,5.17,True,,"SK Telecom Co., Ltd. Common Stock",NYSE
CLMT,58.52,1148062.0,60037376.0,58061908.0,4.4,15.17,15.17,True,,"Calumet, Inc - Common Stock",NASDAQ
NCNO,21.94,2737615.0,60014825.0,52562249.0,4.03,8.64,8.74,True,,"nCino, Inc. - Common Stock",NASDAQ
GLNG,50.67,1157137.0,59886965.0,58605028.0,2.58,-2.41,2.5,True,,Golar LNG Limited - Common Shares,NASDAQ
FLNC,9.15,5617333.0,59883673.0,55981165.0,4.72,-22.09,6.67,True,,"Fluence Energy, Inc. - Class A Common Stock",NASDAQ
ERO,32.82,1612076.0,59479564.0,51595753.0,4.71,-0.45,10.32,True,,Ero Copper Corp. Common Shares,NYSE
STNE,9.64,6052258.0,59317136.0,44235417.0,4.18,5.65,7.35,True,,StoneCo Ltd. - Class A Common Share,NASDAQ
GXO,46.62,1262780.0,58951877.0,55144043.0,2.92,-0.01,2.81,True,,"GXO Logistics, Inc. Common Stock ",NYSE
NVST,25.26,2208327.0,58727347.0,53083275.0,2.99,-9.18,2.82,True,,Envista Holdings Corporation Common Stock,NYSE
FSM,11.67,4809609.0,58349991.0,60972642.0,3.75,11.67,11.29,True,,Fortuna Mining Corp. Common Shares,NYSE
VNOM,43.26,1301994.0,58201615.0,54803847.0,2.14,-0.72,3.8,True,,"Viper Energy, Inc.  - Class A Common Stock",NASDAQ
VISN,6.66,9144127.0,57996652.0,49240824.0,3.71,2.58,8.32,True,,"Vistance Networks, Inc.  - Common Stock",NASDAQ
SON,49.35,1086908.0,57456651.0,51335148.0,2.93,-13.72,2.22,True,,Sonoco Products Company Common Stock,NYSE
ST,42.33,1354546.0,57127625.0,50355170.0,2.57,-1.81,3.44,True,,Sensata Technologies Holding plc Ordinary Shares,NYSE
CXW,35.24,1680921.0,57126008.0,57400432.0,3.69,8.77,4.75,True,,"CoreCivic, Inc. Common Stock",NYSE
WRBY,24.3,2254626.0,56910284.0,55434742.0,5.06,-5.12,11.28,True,,Warby Parker Inc. Class A Common Stock,NYSE
WAY,26.79,2249934.0,56705567.0,47642531.0,4.07,10.16,7.11,True,,Waystar Holding Corp. - Common Stock,NASDAQ
BKV,23.44,2279880.0,56502157.0,27718152.0,4.33,-12.05,4.91,True,,BKV Corporation Common Stock,NYSE
MUR,38.69,1509157.0,56485619.0,54338792.0,3.38,9.98,6.35,True,,Murphy Oil Corporation Common Stock,NYSE
KNTK,54.45,1029965.0,56174218.0,56123409.0,2.62,-0.17,4.25,True,,Kinetik Holdings Inc. Class A Common Stock,NYSE
CDNA,54.33,1123785.0,56134474.0,57520170.0,4.75,17.66,6.95,True,,"CareDx, Inc. - Common Stock",NASDAQ
RSI,26.16,2124679.0,55868517.0,55289981.0,3.93,6.56,4.77,True,,"Rush Street Interactive, Inc. Class A Common Stock",NYSE
AI,10.63,5315680.0,55843806.0,50415616.0,4.54,7.73,6.49,True,,"C3.ai, Inc. Class A Common Stock",NYSE
ABCL,11.53,4812668.0,55564255.0,50602006.0,5.69,3.73,34.78,True,,AbCellera Biologics Inc. - Common Shares,NASDAQ
CAPR,8.6,6555880.0,55291129.0,47458122.0,11.11,21.47,57.96,True,,"Capricor Therapeutics, Inc. - Common Stock",NASDAQ
WYFI,17.28,2774183.0,55259959.0,41287109.0,7.41,-36.17,18.0,True,,"WhiteFiber, Inc. - Ordinary Shares",NASDAQ
ASAN,9.61,5861666.0,55109631.0,49776664.0,4.75,4.97,10.15,True,,"Asana, Inc. Class A Common Stock",NYSE
RLAY,19.1,2875755.0,55069273.0,52092729.0,4.05,-7.33,4.1,True,,"Relay Therapeutics, Inc. - Common Stock",NASDAQ
GGB,5.03,11617223.0,54968101.0,54089786.0,3.5,8.84,5.97,True,,Gerdau S.A. Common Stock,NYSE
CRML,6.63,7653902.0,54927128.0,40661656.0,8.47,7.75,22.59,True,,Critical Metals Corp. - Ordinary Shares,NASDAQ
QURE,42.66,1164700.0,54790667.0,49137394.0,4.3,-9.96,7.56,True,,uniQure N.V. - Ordinary Shares,NASDAQ
AXGN,45.46,1181514.0,54713260.0,44145782.0,5.12,-9.42,8.53,True,,"Axogen, Inc. - Common Stock",NASDAQ
NESR,31.95,1616344.0,54637337.0,54279476.0,4.17,-9.45,23.33,True,,National Energy Services Reunited Corp - Ordinary Shares,NASDAQ
GPK,9.85,5264373.0,54570489.0,53388582.0,3.62,-9.11,3.92,True,,Graphic Packaging Holding Company,NYSE
COGT,32.87,1553657.0,54450150.0,52783471.0,3.7,-12.11,4.02,True,,"Cogent Biosciences, Inc. - Common Stock",NASDAQ
MIAX,38.87,1288062.0,54293968.0,53183098.0,4.2,-7.27,5.15,True,,"Miami International Holdings, Inc. Common Stock",NYSE
LFST,12.99,4255838.0,54091498.0,44085286.0,3.41,5.1,9.78,True,,"LifeStance Health Group, Inc. - Common Stock",NASDAQ
NVAX,9.32,5713457.0,53921201.0,51340618.0,6.22,17.53,10.84,True,,"Novavax, Inc. - Common Stock",NASDAQ
WEN,7.3,6634985.0,53904743.0,44400991.0,3.79,-12.83,14.7,True,,Wendy's Company (The) - Common Stock,NASDAQ
WSC,18.42,2623576.0,53658532.0,41431010.0,3.63,-19.1,4.26,True,,WillScot Holdings Corporation - Class A Common Stock,NASDAQ
BHVN,12.06,3602123.0,53597173.0,40522589.0,7.83,-11.13,17.87,True,,Biohaven Ltd. Common Shares ,NYSE
TU,8.9,5668872.0,53588965.0,53224191.0,2.13,-6.62,3.72,True,,Telus Corporation Ordinary Shares,NYSE
HP,42.5,1213616.0,53290292.0,47806257.0,3.63,-3.82,12.86,True,,"Helmerich & Payne, Inc. Common Stock",NYSE
PK,15.26,3422202.0,53126562.0,51515566.0,2.46,-0.75,3.56,True,,Park Hotels & Resorts Inc. Common Stock ,NYSE
LIFE,39.42,1386038.0,52836624.0,41798312.0,6.79,15.89,7.54,True,,Ethos Technologies Inc. - Class A Common Stock,NASDAQ
RCAT,7.22,6153877.0,52688951.0,47950775.0,5.69,-29.25,8.8,True,,"Red Cat Holdings, Inc. - Common Stock",NASDAQ
TNGX,23.93,2208517.0,52648989.0,48943117.0,5.87,-5.92,5.73,True,,"Tango Therapeutics, Inc. - Common Stock",NASDAQ
QUBT,7.97,6400595.0,52629552.0,47096269.0,4.41,-6.4,9.58,True,,Quantum Computing Inc. - Common Stock,NASDAQ
GNTX,22.52,2287799.0,52613882.0,52277176.0,2.02,-4.88,3.3,True,,Gentex Corporation - Common Stock,NASDAQ
KBH,49.5,1011890.0,52550478.0,43350883.0,2.81,-8.28,4.5,True,,KB Home Common Stock,NYSE
NOG,25.7,1993515.0,52543627.0,49487338.0,3.09,1.22,8.75,True,,"Northern Oil and Gas, Inc. Common Stock",NYSE
BEAM,23.07,1903079.0,52493159.0,38835778.0,5.05,-13.17,9.53,True,,Beam Therapeutics Inc. - Common Stock,NASDAQ
BHF,49.15,1008075.0,52374945.0,44497481.0,2.79,-8.36,3.18,True,,"Brighthouse Financial, Inc. - Common Stock",NASDAQ
MIR,16.03,3347553.0,52332037.0,46598825.0,3.91,4.57,7.64,True,,"Mirion Technologies, Inc. Class A Common Stock",NYSE
BSP,40.04,1277535.0,52136752.0,45467824.0,6.33,3.33,16.82,True,,Bending Spoons S.p.A. - Ordinary Shares,NASDAQ
FLO,6.24,7933731.0,51922475.0,47253832.0,4.02,-13.75,5.02,True,,"Flowers Foods, Inc. Common Stock",NYSE
LASR,38.8,1231362.0,51789964.0,46320917.0,5.0,-22.4,7.78,True,,"nLIGHT, Inc. - Common Stock",NASDAQ
VSNT,38.01,1320206.0,51738850.0,53002256.0,2.92,-3.75,6.79,True,,"Versant Media Group, Inc. - Class A Common Stock",NASDAQ
VCYT,40.03,1205901.0,51654422.0,45439232.0,4.31,-1.61,6.2,True,,"Veracyte, Inc. - Common Stock",NASDAQ
EWTX,44.52,1172210.0,51339175.0,44674715.0,4.53,0.93,5.28,True,,"Edgewise Therapeutics, Inc. - Common Stock",NASDAQ
BLSH,32.63,1551692.0,51289160.0,50180509.0,6.25,32.53,11.57,True,,Bullish Ordinary Shares,NYSE
NE,45.22,1116767.0,51069219.0,51082939.0,3.49,1.0,6.82,True,,Noble Corporation plc A Ordinary Shares,NYSE
FIVN,34.29,1550801.0,50838500.0,52037077.0,4.53,5.67,19.81,True,,"Five9, Inc. - Common Stock",NASDAQ
BKD,11.9,4243372.0,50814177.0,52309180.0,3.43,-2.66,3.43,True,,Brookdale Senior Living Inc. Common Stock,NYSE
SBLK,30.97,1647374.0,50797521.0,46833749.0,2.61,5.96,4.6,True,,Star Bulk Carriers Corp. - Common Shares,NASDAQ
TDC,29.44,1787701.0,50412346.0,47177674.0,2.94,3.41,5.51,True,,Teradata Corporation Common Stock,NYSE
INGM,26.2,1844395.0,50364671.0,31553122.0,3.24,-5.64,4.47,True,,Ingram Micro Holding Corporation Common Stock,NYSE
WU,6.57,7066621.0,50337158.0,46272677.0,2.35,-8.81,4.9,True,,Western Union Company (The) Common Stock,NYSE
COLD,14.66,3412741.0,50324860.0,49281167.0,3.03,-1.31,3.74,True,,"Americold Realty Trust, Inc. Common Stock",NYSE
FLY,20.24,2265897.0,49926443.0,45516053.0,5.74,-22.57,11.01,True,,Firefly Aerospace Inc. - Common Stock,NASDAQ
CNX,34.19,1366548.0,49800464.0,47932943.0,2.44,-3.34,3.24,True,,CNX Resources Corporation Common Stock,NYSE
PSN,46.85,1052906.0,49724232.0,51749236.0,3.1,0.86,6.49,True,,Parsons Corporation Common Stock,NYSE
FRSH,12.66,3843426.0,49707637.0,48633194.0,3.23,-0.59,8.89,True,,Freshworks Inc. - Class A Common Stock,NASDAQ
BEPC,29.31,1571675.0,49687894.0,51837178.0,2.44,-11.5,4.73,True,,Brookfield Renewable Corporation Brookfield Renewable Corporation Class A Subordinate Voting Shares,NYSE
ARQT,25.12,2016589.0,49166967.0,47287138.0,3.85,-5.35,6.85,True,,"Arcutis Biotherapeutics, Inc. - Common stock",NASDAQ
DPC,40.6,1145207.0,48786096.0,38574045.0,6.97,-18.11,10.65,True,,DPC Holdings PLC Ordinary Shares,NYSE
LAZ,38.08,1142928.0,48695347.0,49023550.0,4.09,-13.56,4.48,True,,"Lazard, Inc. Common Stock",NYSE
CRI,29.52,1492646.0,48546643.0,47742981.0,3.91,-20.8,2.28,True,,"Carter's, Inc. Common Stock",NYSE
CVI,53.62,1094637.0,48193150.0,46447351.0,5.59,46.26,10.27,True,,CVR Energy Inc. Common Stock,NYSE
MAT,13.38,3341421.0,48081584.0,43665577.0,2.82,-7.72,2.97,True,,"Mattel, Inc. - Common Stock",NASDAQ
MMED,22.83,2175117.0,47880009.0,34440160.0,5.07,17.9,10.66,True,,"MiniMed Group, Inc. - Common Stock",NASDAQ
BETA,20.13,2205764.0,47788136.0,45189513.0,6.69,-24.78,10.34,True,,"Beta Technologies, Inc. Class A Common Stock",NYSE
PLAB,28.11,1640345.0,47774326.0,30621841.0,4.99,-11.81,3.37,True,,"Photronics, Inc. - Common Stock",NASDAQ
TRMD,36.94,1434937.0,47472262.0,31746601.0,3.19,31.34,8.97,True,,TORM plc - Class A Common Stock,NASDAQ
HYMC,20.44,1959717.0,46931765.0,44381994.0,6.47,-15.5,15.34,True,,Hycroft Mining Holding Corporation - Class A Common Stock,NASDAQ
GT,5.26,7966652.0,46591349.0,40150753.0,4.12,-11.38,3.67,True,,The Goodyear Tire & Rubber Company - Common Stock,NASDAQ
MGNI,24.04,1947894.0,46509922.0,39245081.0,3.6,-2.0,17.66,True,,"Magnite, Inc. - Common Stock",NASDAQ
NG,7.14,5531379.0,46138004.0,45110710.0,5.12,-3.71,14.17,True,,Novagold Resources Inc.,NYSE American
WMG,28.55,1636613.0,46099776.0,43105814.0,2.69,9.36,4.23,True,,Warner Music Group Corp. - Class A Common Stock,NASDAQ
OLN,17.33,2636142.0,46024619.0,46211780.0,3.55,-5.17,3.09,True,,Olin Corporation Common Stock,NYSE
ALMS,8.01,4176419.0,45991792.0,30734912.0,8.31,-67.81,9.76,True,,Alumis Inc. - Common Stock,NASDAQ
GTES,26.13,1778054.0,45795279.0,45007009.0,2.9,-3.69,3.02,True,,Gates Industrial Corporation Ltd. Common Shares,NYSE
IMVT,37.05,1124155.0,45644899.0,43463320.0,3.32,-16.37,4.52,True,,"Immunovant, Inc.  - Common Stock",NASDAQ
RUM,8.35,5311510.0,45581920.0,30700308.0,7.92,3.02,11.58,True,,RUM Group Inc. - Class A Common Stock,NASDAQ
MWH,26.3,1698238.0,45436259.0,36942518.0,5.06,-13.12,8.77,True,,"SOLV Energy, Inc. - Class A common stock",NASDAQ
TGB,7.97,5116804.0,45051768.0,45005632.0,4.28,-4.61,5.75,True,,Trekor Metals Limited Common Shares,NYSE American
AM,21.4,2020560.0,45039221.0,43734233.0,2.27,-5.71,3.15,True,,Antero Midstream Corporation Common Stock,NYSE
ADPT,27.59,1769674.0,45021388.0,41451240.0,4.44,12.34,7.67,True,,Adaptive Biotechnologies Corporation - Common Stock,NASDAQ
PGY,21.4,2062518.0,44461220.0,44864347.0,5.29,5.31,7.61,True,,Pagaya Technologies Ltd. - Class A Ordinary Shares,NASDAQ
AVAH,14.6,3239431.0,44121701.0,38270025.0,3.98,15.19,24.75,True,,Aveanna Healthcare Holdings Inc. - Common Stock,NASDAQ
BVN,33.62,1268358.0,44081989.0,37425820.0,3.85,1.27,4.88,True,,Buenaventura Mining Company Inc.,NYSE
HUBG,33.33,1181048.0,44007901.0,40653925.0,4.56,-16.02,5.82,True,,"Hub Group, Inc. - Class A Common Stock",NASDAQ
GLBE,36.96,1151951.0,43922310.0,39294800.0,3.33,-10.54,4.89,True,,Global-E Online Ltd. - ordinary shares,NASDAQ
ZIM,29.37,1542758.0,43846378.0,32742803.0,2.5,3.09,6.13,True,,ZIM Integrated Shipping Services Ltd. Ordinary Shares,NYSE
PPC,29.83,1412738.0,43770958.0,39207509.0,3.35,4.72,9.79,True,,Pilgrim's Pride Corporation - Common Stock,NASDAQ
PENN,17.7,2481446.0,43406442.0,39228636.0,3.28,-3.2,4.15,True,,"PENN Entertainment, Inc. - Common Stock",NASDAQ
KD,13.15,3337493.0,43267405.0,41831462.0,4.06,6.61,6.57,True,,"Kyndryl Holdings, Inc. Common Stock",NYSE
NXE,9.47,4095354.0,42704256.0,43656212.0,3.81,-7.7,6.26,True,,Nexgen Energy Ltd. Common Shares,NYSE
NTLA,11.59,3379830.0,42531448.0,40231299.0,4.68,-0.09,14.48,True,,"Intellia Therapeutics, Inc. - Common Stock",NASDAQ
OCTV,18.47,2265098.0,42499347.0,47081009.0,3.86,-0.86,6.15,True,,Octave Intelligence plc - Class B Ordinary Shares,NASDAQ
HOG,27.55,1542948.0,42425149.0,40705893.0,2.95,1.87,7.24,True,,"Harley-Davidson, Inc. Common Stock",NYSE
REZI,19.04,2153440.0,42223616.0,41235478.0,3.72,-9.42,6.06,True,,"Resideo Technologies, Inc. Common Stock ",NYSE
TDS,37.62,1171559.0,42140660.0,43431930.0,2.85,10.21,6.69,True,,"Telephone and Data Systems, Inc. Common Shares",NYSE
BIPC,35.84,1115966.0,41803034.0,37073388.0,2.39,-7.01,4.44,True,,Brookfield Infrastructure Corporation Brookfield Infrastructure Corporation,NYSE
SLM,25.86,1591830.0,41730015.0,41323759.0,2.39,-3.28,2.98,True,,SLM Corporation - Common Stock,NASDAQ
LEVI,20.22,1989103.0,41414563.0,40553820.0,2.45,-8.13,2.02,True,,Levi Strauss & Co Class A Common Stock,NYSE
AMPX,9.04,4147887.0,40942632.0,38854330.0,4.3,-15.59,8.42,True,,"Amprius Technologies, Inc. Common Stock",NYSE
KMT,29.86,1373591.0,40922369.0,40203254.0,3.0,-2.86,5.4,True,,Kennametal Inc. Common Stock,NYSE
GLOB,39.1,1043996.0,40904431.0,37052077.0,4.31,4.8,7.26,True,,Globant S.A. Common Shares,NYSE
HASI,36.64,1040357.0,40720461.0,32192962.0,2.44,-11.41,6.38,True,,"HA Sustainable Infrastructure Capital, Inc. Common Stock",NYSE
CRK,13.39,2722483.0,40582335.0,32162639.0,4.45,-2.01,11.02,True,,"Comstock Resources, Inc. Common Stock",NYSE
VNO,35.42,1097681.0,40385927.0,42141522.0,2.83,-6.16,3.11,True,,Vornado Realty Trust Common Stock,NYSE
KBR,37.07,1079155.0,40173994.0,37927805.0,2.44,-1.02,3.41,True,,"KBR, Inc. Common Stock",NYSE
RCUS,24.97,1429968.0,39806106.0,37935251.0,4.54,-15.38,4.81,True,,"Arcus Biosciences, Inc. Common Stock",NYSE
NWL,5.76,6633834.0,39655191.0,35697498.0,4.74,-1.84,5.18,True,,Newell Brands Inc. - Common Stock,NASDAQ
AESI,13.76,2995890.0,39480189.0,37118894.0,5.4,8.77,7.71,True,,Atlas Energy Solutions Inc. Common Stock,NYSE
PAY,36.88,1064394.0,39476685.0,38751743.0,4.21,-3.76,4.53,True,,"Paymentus Holdings, Inc. Class A Common Stock",NYSE
VNT,31.98,1204401.0,39284152.0,38704019.0,2.21,-0.11,4.94,True,,Vontier Corporation Common Stock ,NYSE
JAN,31.01,1270235.0,39183828.0,36359026.0,2.54,2.13,3.87,True,,"Janus Living, Inc. Class A-1 Common Stock",NYSE
KRC,34.4,1077257.0,38871284.0,40280288.0,2.09,-4.87,2.1,True,,Kilroy Realty Corporation Common Stock,NYSE
OPLN,35.32,1115326.0,38784651.0,35489584.0,2.3,5.5,2.81,True,,"OPENLANE, Inc. Common Stock",NYSE
VOYG,35.1,1099439.0,38494359.0,34704355.0,5.82,-16.9,10.31,True,,"Voyager Technologies, Inc. Class A Common Stock",NYSE
OPCH,24.14,1615558.0,38356525.0,37274026.0,2.28,3.1,2.98,True,,"Option Care Health, Inc. - Common Stock",NASDAQ
OR,36.04,1042952.0,38317281.0,36005113.0,3.27,11.56,8.02,True,,OR Royalties Inc. Common Shares,NYSE
BRUN,14.94,2204649.0,38189703.0,39587439.0,9.21,-25.76,19.13,True,,Boost Run Inc. - Class A Common Stock,NASDAQ
EQPT,17.87,2084974.0,37956535.0,36250290.0,5.05,-8.55,7.77,True,,EquipmentShare.com Inc - Class A Common Stock,NASDAQ
ACAD,27.37,1321925.0,37954420.0,38909923.0,2.77,-9.31,6.08,True,,ACADIA Pharmaceuticals Inc. - Common Stock,NASDAQ
CSTM,26.34,1417223.0,37769290.0,37071102.0,3.41,-5.89,3.01,True,,Constellium SE Ordinary Shares (France),NYSE
ACHC,28.23,1325056.0,37603891.0,34380166.0,4.91,2.8,4.0,True,,"Acadia Healthcare Company, Inc. - Common Stock",NASDAQ
DAN,30.33,1228483.0,37594651.0,36916357.0,2.68,-1.51,4.92,True,,Dana Incorporated Common Stock ,NYSE
AMTM,20.3,1834713.0,37168017.0,36696440.0,3.13,-3.13,4.27,True,,"Amentum Holdings, Inc. Common Stock",NYSE
XRAY,10.23,3423298.0,37113932.0,35434546.0,3.71,-7.92,4.93,True,,DENTSPLY SIRONA Inc. - Common Stock,NASDAQ
LPTH,9.19,3440639.0,37030840.0,34430758.0,7.71,-35.37,15.63,True,,"LightPath Technologies, Inc. - Class A Common Stock",NASDAQ
UAA,5.11,7218650.0,36933613.0,35438045.0,3.51,0.89,4.67,True,,"Under Armour, Inc. Class A Common Stock",NYSE
BLZE,13.1,2477082.0,36895864.0,25520244.0,5.58,-31.77,5.64,True,,"Backblaze, Inc. - Common Stock",NASDAQ
EYE,17.02,2096583.0,36663642.0,39842169.0,4.68,-9.47,7.38,True,,"National Vision Holdings, Inc. - Common Stock",NASDAQ
XNCR,23.97,1361564.0,36418194.0,34098096.0,5.31,-5.67,9.9,True,,"Xencor, Inc. - Common Stock",NASDAQ
UTI,20.84,1677414.0,36293506.0,36524496.0,5.8,-16.74,3.98,True,,Universal Technical Institute Inc Common Stock,NYSE
NWS,33.62,1057034.0,36054655.0,33739754.0,2.08,0.69,3.52,True,,News Corporation - Class B Common Stock,NASDAQ
MDA,29.29,1218466.0,35939701.0,33949044.0,4.19,-13.88,4.18,True,,MDA Space Ltd. Common Shares,NYSE
CNXC,28.43,1252852.0,35919114.0,31974860.0,6.7,20.11,8.66,True,,Concentrix Corporation - Common Stock,NASDAQ
TH,18.96,1899327.0,35572603.0,27072541.0,4.9,8.53,12.99,True,,Target Hospitality Corp. - Common Stock,NASDAQ
STUB,5.97,5550457.0,35535802.0,35304571.0,4.2,-16.34,5.66,True,,"StubHub Holdings, Inc. Class A Common Stock",NYSE
FIGS,13.29,2473997.0,35393003.0,34592938.0,4.33,-6.14,26.87,True,,"FIGS, Inc. Class A Common Stock",NYSE
SHC,19.58,1846867.0,35092851.0,34518643.0,2.22,5.75,5.17,True,,Sotera Health Company - Common Stock,NASDAQ
REYN,22.42,1528997.0,35075907.0,35720128.0,2.33,-12.95,2.21,True,,Reynolds Consumer Products Inc. - Common Stock,NASDAQ
CWEN,30.06,1102284.0,34869007.0,34442967.0,2.5,-7.83,5.36,True,,"Clearway Energy, Inc. Class C Common Stock",NYSE
PUMP,10.31,3104451.0,34775919.0,36795699.0,4.93,-16.68,5.74,True,,ProPetro Holding Corp. Common Stock,NYSE
NN,14.67,2208090.0,34714340.0,34987347.0,5.9,-23.47,15.55,True,,NextNav Inc. - Common stock,NASDAQ
SGRY,14.12,2456559.0,34549080.0,29264775.0,4.63,-0.84,5.11,True,,"Surgery Partners, Inc. - Common Stock",NASDAQ
BFLY,7.3,4226225.0,34511774.0,34426424.0,6.41,-18.94,9.85,True,,"Butterfly Network, Inc. Class A Common Stock",NYSE
PEB,18.19,1908090.0,34478532.0,33984419.0,2.76,-0.6,2.54,True,,Pebblebrook Hotel Trust Common Shares of Beneficial Interest,NYSE
GENI,6.68,4636939.0,34419028.0,32089529.0,5.25,-10.81,5.94,True,,Genius Sports Limited Ordinary Shares,NYSE
ETOR,28.17,1122856.0,34228586.0,30337668.0,3.73,1.44,6.33,True,,eToro Group Ltd. - Class A Common Shares,NASDAQ
PRGO,13.61,2404703.0,34029892.0,35664949.0,3.89,7.1,23.1,True,,Perrigo Company plc Ordinary Shares,NYSE
BGC,12.11,2854010.0,34011079.0,30706744.0,2.99,9.64,8.92,True,,"BGC Group, Inc. - Class A Common Stock",NASDAQ
FMC,10.83,2882373.0,34002525.0,30460660.0,5.3,7.02,12.21,True,,FMC Corporation Common Stock,NYSE
TRIP,8.98,3564671.0,33520953.0,28827142.0,3.55,-12.27,3.45,True,,"TripAdvisor, Inc. - Common Stock",NASDAQ
ENOV,18.54,1640756.0,33291257.0,26141033.0,6.06,-27.69,7.65,True,,Enovis Corporation Common Stock,NYSE
AYA,27.16,1193403.0,33233698.0,29359665.0,5.34,8.68,9.48,True,,Aya Gold & Silver Inc. - Common Shares,NASDAQ
DLO,14.28,2213998.0,33135536.0,28209782.0,3.13,4.73,5.79,True,,DLocal Limited - Class A Common Shares,NASDAQ
REPL,12.95,2279280.0,33133624.0,30715329.0,5.59,-16.88,13.35,True,,"Replimune Group, Inc. - Common Stock",NASDAQ
SHLS,6.89,4643399.0,33073263.0,30745302.0,5.76,-10.29,6.1,True,,"Shoals Technologies Group, Inc. - Class A Common Stock",NASDAQ
CGAU,22.15,1433674.0,33025237.0,32179805.0,3.49,4.31,7.22,True,,Centerra Gold Inc. Common Shares,NYSE
BW,6.95,4358275.0,32937373.0,30757749.0,6.34,-23.91,10.74,True,,"Babcock & Wilcox Enterprises, Inc. Common Stock",NYSE
DNOW,15.87,2077120.0,32887197.0,32385132.0,2.73,-0.38,8.23,True,,DNOW Inc. Common Stock,NYSE
BCRX,8.27,3605428.0,32818517.0,26638323.0,3.31,-14.69,5.08,True,,"BioCryst Pharmaceuticals, Inc. - Common Stock",NASDAQ
CLBT,11.38,2830049.0,32478386.0,29679022.0,3.83,3.45,5.77,True,,Cellebrite DI Ltd. - Ordinary Shares,NASDAQ
NUVB,5.69,4905742.0,32473714.0,27852185.0,4.71,-18.25,8.02,True,,Nuvation Bio Inc. Class A Common Stock,NYSE
NAMS,21.44,1310243.0,32427298.0,25954020.0,4.88,-21.32,4.7,True,,NewAmsterdam Pharma Company N.V. - Ordinary Shares,NASDAQ
SG,6.78,4736385.0,32280705.0,31101939.0,5.89,16.41,10.31,True,,"Sweetgreen, Inc. Class A Common Stock",NYSE
NUAI,5.41,5873139.0,32129903.0,27377836.0,8.46,5.56,22.0,True,,"New Era Energy & Digital, Inc. - Common Stock",NASDAQ
TALO,17.78,1843210.0,32007028.0,28445761.0,3.59,8.71,8.41,True,,"Talos Energy, Inc. Common Stock",NYSE
NRIX,25.23,1217052.0,31860069.0,32141285.0,3.85,-6.31,3.24,True,,"Nurix Therapeutics, Inc. - Common stock",NASDAQ
DRH,12.44,2543994.0,31548681.0,28151924.0,2.33,-0.44,2.42,True,,Diamondrock Hospitality Company - Common Stock,NASDAQ
DJT,8.56,3436765.0,31308880.0,30428016.0,4.79,6.14,6.93,True,,Trump Media & Technology Group Corp. - Common Stock,NASDAQ
OTEX,23.53,1304143.0,31179234.0,31146434.0,2.6,-1.54,5.39,True,,Open Text Corporation - Common Shares,NASDAQ
ASM,6.05,4183200.0,30300423.0,29956158.0,5.3,-11.42,10.83,True,,Avino Silver & Gold Mines Ltd. Common Shares (Canada),NYSE American
ATEN,26.74,1185383.0,30257611.0,26711773.0,3.69,0.51,5.55,True,,"A10 Networks, Inc. Common Stock",NYSE
SGHC,13.47,2197211.0,30192982.0,30900518.0,2.95,5.03,5.11,True,,Super Group (SGHC) Limited Ordinary Shares,NYSE
NAT,8.07,4330320.0,30157648.0,28783441.0,3.77,21.02,4.4,True,,Nordic American Tankers Limited Common Stock,NYSE
RXO,18.96,1451086.0,30006520.0,31051555.0,5.22,-16.22,7.21,True,,"RXO, Inc. Common Stock",NYSE
TNDM,17.96,1484103.0,29693050.0,29549401.0,5.42,-24.32,19.11,True,,"Tandem Diabetes Care, Inc. - Common Stock",NASDAQ
MBLY,7.88,3477815.0,29450798.0,27107807.0,3.51,-11.16,3.68,True,,Mobileye Global Inc. - Class A Common Stock,NASDAQ
NEO,19.21,1658223.0,29329367.0,26622122.0,4.69,20.82,7.31,True,,"NeoGenomics, Inc. - Common Stock",NASDAQ
SLDE,26.11,1180275.0,28804870.0,26751592.0,2.98,17.3,5.6,True,,"Slide Insurance Holdings, Inc. - Common Stock",NASDAQ
GO,11.7,2395574.0,28240359.0,26837761.0,4.06,5.83,6.19,True,,Grocery Outlet Holding Corp. - Common Stock,NASDAQ
HAYW,12.98,2053834.0,28139857.0,27883292.0,2.31,-11.19,3.35,True,,"Hayward Holdings, Inc. Common Stock",NYSE
OMER,17.73,1497571.0,27958142.0,25564796.0,4.61,3.14,26.55,True,,Omeros Corporation - Common Stock,NASDAQ
EXTR,21.97,1251185.0,27824156.0,26065468.0,3.07,-7.49,4.82,True,,"Extreme Networks, Inc. - Common Stock",NASDAQ
BRBR,9.35,2743512.0,27814894.0,27751696.0,4.83,-9.87,6.48,True,,"BellRing Brands, Inc. Common Stock ",NYSE
PZZA,20.27,1239018.0,27778588.0,26029197.0,3.48,-13.17,6.13,True,,"Papa John's International, Inc. - Common Stock",NASDAQ
ARIS,18.53,1386827.0,27691525.0,26937377.0,3.9,5.34,11.48,True,,Aris Mining Corporation Common Shares,NYSE
ALKT,19.07,1393941.0,27690938.0,25309062.0,3.98,-5.31,7.61,True,,"Alkami Technology, Inc. - Common Stock",NASDAQ
NNE,15.51,1544923.0,27689919.0,27752694.0,5.57,-15.04,9.2,True,,Nano Nuclear Energy Inc. - common stock,NASDAQ
FUN,12.67,1839956.0,27666522.0,27306923.0,4.72,-19.56,8.64,True,,Six Flags Entertainment Corporation Common Stock New,NYSE
CTRI,19.28,1326573.0,27317632.0,27449337.0,3.14,-14.88,6.71,True,,"Centuri Holdings, Inc. Common Stock",NYSE
DNLI,20.32,1193364.0,27245303.0,25253613.0,3.28,-16.41,5.68,True,,Denali Therapeutics Inc. - Common Stock,NASDAQ
APPS,11.27,2468427.0,27227372.0,27018241.0,5.74,-7.01,38.49,True,,"Digital Turbine, Inc. - Common Stock",NASDAQ
PGNY,27.55,1007348.0,26619808.0,27185545.0,2.64,7.16,4.66,True,,"Progyny, Inc. - Common Stock",NASDAQ
FA,21.76,1267127.0,26481111.0,26499023.0,3.34,3.87,17.32,True,,First Advantage Corporation - Common Stock,NASDAQ
HE,10.23,2389850.0,26243337.0,26848719.0,2.39,-11.55,1.46,True,,"Hawaiian Electric Industries, Inc. Common Stock",NYSE
PTRN,20.22,1265257.0,25926476.0,25560750.0,4.4,-2.08,5.87,True,,Pattern Group Inc. - Series A Common Stock,NASDAQ
VRDN,21.81,1115894.0,25872022.0,25326104.0,3.44,-8.86,6.83,True,,"Viridian Therapeutics, Inc.  - Common Stock",NASDAQ
OTF,10.62,2311416.0,25769731.0,26202082.0,2.43,-4.5,8.73,True,,Blue Owl Technology Finance Corp. Common Stock,NYSE
WTTR,20.28,1285078.0,25650519.0,25898015.0,3.75,-3.84,20.32,True,,"Select Water Solutions, Inc. Class A common stock",NYSE
CC,14.76,1620688.0,24903428.0,25261931.0,3.32,-4.31,4.47,True,,Chemours Company (The) Common Stock,NYSE
BXMT,13.39,1753887.0,24265691.0,25136451.0,2.02,-5.61,3.32,True,,"Blackstone Mortgage Trust, Inc. Common Stock",NYSE
MSFT,493.55,19673523.0,9788416938.0,9615347561.0,1.82,2.67,2.68,False,LOW_DAILY_RANGE,Microsoft Corporation - Common Stock,NASDAQ
AMZN,247.73,31009926.0,7993181371.0,7751780523.0,1.84,-4.52,3.97,False,LOW_DAILY_RANGE,"Amazon.com, Inc. - Common Stock",NASDAQ
GOOGL,345.17,23417588.0,7985164777.0,7784518634.0,1.77,0.35,3.22,False,LOW_DAILY_RANGE,Alphabet Inc. - Class A Common Stock,NASDAQ
GOOG,341.85,15484951.0,5232283357.0,5277130015.0,1.72,0.23,3.06,False,LOW_DAILY_RANGE,Alphabet Inc. - Class C Capital Stock,NASDAQ
TSM,417.15,9254946.0,3899967983.0,3648215712.0,1.99,0.9,2.85,False,LOW_DAILY_RANGE,Taiwan Semiconductor Manufacturing Company Ltd.,NYSE
WMT,108.43,27563553.0,2919537728.0,2638041953.0,1.8,-5.65,2.69,False,LOW_DAILY_RANGE,Walmart Inc. - Common Stock,NASDAQ
XOM,164.62,13384145.0,2178151320.0,2233253919.0,1.97,-0.57,4.41,False,LOW_DAILY_RANGE,ExxonMobil Holdings Corporation Common Stock,NYSE
JPM,350.92,6098047.0,2162749512.0,1933867228.0,1.72,-3.39,1.64,False,LOW_DAILY_RANGE,JP Morgan Chase & Co. Common Stock,NYSE
V,371.49,5414316.0,2032210975.0,2131703016.0,1.39,1.99,3.06,False,LOW_DAILY_RANGE,Visa Inc.,NYSE
BAC,58.43,33040706.0,2031549023.0,1823398775.0,2.0,-8.57,1.88,False,LOW_DAILY_RANGE,Bank of America Corporation Common Stock,NYSE
BRK-B,520.56,3841663.0,1942203506.0,1880017823.0,1.02,3.5,1.71,False,LOW_DAILY_RANGE,Berkshire Hathaway Inc. New Common Stock,NYSE
COST,900.24,1911527.0,1777196924.0,1882834939.0,1.49,-6.36,2.5,False,LOW_DAILY_RANGE,Costco Wholesale Corporation - Common Stock,NASDAQ
CVX,212.86,7686730.0,1601358462.0,1618436225.0,1.78,4.36,4.48,False,LOW_DAILY_RANGE,Chevron Corporation Common Stock,NYSE
JNJ,267.76,5926790.0,1597923382.0,1636005042.0,1.77,-0.75,3.33,False,LOW_DAILY_RANGE,Johnson & Johnson Common Stock,NYSE
CSCO,110.64,13331213.0,1468919550.0,1413027863.0,1.77,-0.87,4.37,False,LOW_DAILY_RANGE,"Cisco Systems, Inc. - Common Stock",NASDAQ
MA,569.71,2455882.0,1431786726.0,1393372346.0,1.4,-0.8,3.31,False,LOW_DAILY_RANGE,Mastercard Incorporated Common Stock,NYSE
PG,147.95,8862149.0,1284800615.0,1257664641.0,1.44,3.14,1.61,False,LOW_DAILY_RANGE,Procter & Gamble Company (The) Common Stock,NYSE
KO,88.43,14348722.0,1273404203.0,1273066842.0,1.39,0.16,2.12,False,LOW_DAILY_RANGE,Coca-Cola Company (The) Common Stock,NYSE
HD,307.59,3636521.0,1168286260.0,1130787411.0,1.7,-8.19,2.02,False,LOW_DAILY_RANGE,"Home Depot, Inc. (The) Common Stock",NYSE
MCD,251.55,4342202.0,1128358677.0,1090010794.0,1.51,-5.11,2.11,False,LOW_DAILY_RANGE,McDonald's Corporation Common Stock,NYSE
TJX,125.46,8369364.0,1118478907.0,994115305.0,1.96,-16.83,1.5,False,LOW_DAILY_RANGE,"TJX Companies, Inc. (The) Common Stock",NYSE
ABBV,263.1,4180918.0,1085221952.0,1107152640.0,2.0,1.61,3.43,False,LOW_DAILY_RANGE,AbbVie Inc. Common Stock,NYSE
BA,209.66,4936537.0,1041217769.0,965477160.0,1.88,-6.01,2.76,False,LOW_DAILY_RANGE,Boeing Company (The) Common Stock,NYSE
PEP,135.2,7316986.0,1014532188.0,980934903.0,1.31,-2.49,1.75,False,LOW_DAILY_RANGE,"PepsiCo, Inc. - Common Stock",NASDAQ
PFE,27.54,32365804.0,910961759.0,843835180.0,1.8,1.06,3.63,False,LOW_DAILY_RANGE,"Pfizer, Inc. Common Stock",NYSE
AZO,2899.95,300101.0,887543391.0,899333065.0,2.1,-5.64,3.09,False,SHARE_VOLUME,"AutoZone, Inc. Common Stock",NYSE
NEE,80.66,10584829.0,878622599.0,917525402.0,1.46,-5.75,1.23,False,LOW_DAILY_RANGE,"NextEra Energy, Inc. Common Stock",NYSE
LIN,464.33,1832459.0,875833347.0,891439945.0,1.37,-2.68,1.32,False,LOW_DAILY_RANGE,Linde plc - Ordinary Shares,NASDAQ
VZ,50.38,17345112.0,870284025.0,916889933.0,1.51,3.8,2.64,False,LOW_DAILY_RANGE,Verizon Communications Inc. Common Stock,NYSE
T,26.27,31800619.0,820186563.0,810445342.0,1.84,5.51,2.82,False,LOW_DAILY_RANGE,AT&T Inc.,NYSE
SCHW,105.81,7442223.0,812406130.0,730662266.0,1.88,-5.26,2.29,False,LOW_DAILY_RANGE,Charles Schwab Corporation (The) Common Stock,NYSE
DIS,108.08,7486600.0,804556416.0,777867791.0,1.98,3.98,3.65,False,LOW_DAILY_RANGE,Walt Disney Company (The) Common Stock,NYSE
MELI,1833.94,410841.0,791117834.0,776398542.0,3.21,3.08,7.28,False,SHARE_VOLUME,"MercadoLibre, Inc. - Common Stock",NASDAQ
MCK,889.34,880560.0,782733383.0,787826335.0,2.26,2.42,5.64,False,SHARE_VOLUME,McKesson Corporation Common Stock,NYSE
RTX,197.21,3783210.0,778271455.0,776096888.0,1.91,-12.54,2.01,False,LOW_DAILY_RANGE,RTX Corporation Common Stock,NYSE
AXP,317.77,2321237.0,764761174.0,766840916.0,1.52,-6.13,1.79,False,LOW_DAILY_RANGE,American Express Company Common Stock,NYSE
MPWR,1167.02,571716.0,708004912.0,691113591.0,3.02,-12.46,4.08,False,SHARE_VOLUME,"Monolithic Power Systems, Inc. - Common Stock",NASDAQ
UNP,282.88,2248706.0,667145269.0,623912075.0,1.82,-4.87,2.12,False,LOW_DAILY_RANGE,Union Pacific Corporation Common Stock,NYSE
BLK,1051.58,546499.0,614435609.0,606659872.0,1.74,-8.43,1.89,False,SHARE_VOLUME|LOW_DAILY_RANGE,"BlackRock, Inc. Common Stock",NYSE
PWR,626.44,958932.0,600067216.0,600096188.0,3.38,-10.01,5.33,False,SHARE_VOLUME,"Quanta Services, Inc. Common Stock",NYSE
PH,932.77,603522.0,589806369.0,589582842.0,2.11,-10.29,7.31,False,SHARE_VOLUME,Parker-Hannifin Corporation Common Stock,NYSE
WELL,233.73,2360408.0,561120293.0,537712610.0,1.9,-0.73,2.45,False,LOW_DAILY_RANGE,Welltower Inc. Common Stock,NYSE
FIX,1606.88,337136.0,541154820.0,551463654.0,3.98,-7.6,6.29,False,SHARE_VOLUME,"Comfort Systems USA, Inc. Common Stock",NYSE
MO,70.51,7970171.0,537793353.0,509883415.0,1.82,9.9,3.6,False,LOW_DAILY_RANGE,"Altria Group, Inc.",NYSE
ADP,275.65,1920383.0,531921991.0,507073029.0,1.76,3.01,3.12,False,LOW_DAILY_RANGE,"Automatic Data Processing, Inc. - Common Stock",NASDAQ
EQIX,1026.12,505521.0,528015006.0,548445240.0,2.88,-4.98,3.56,False,SHARE_VOLUME,"Equinix, Inc. - Common Stock",NASDAQ
CB,342.99,1539981.0,524193423.0,548138169.0,1.43,-0.37,2.6,False,LOW_DAILY_RANGE,Chubb Limited  Common Stock,NYSE
TRV,379.78,1411583.0,519186412.0,517729289.0,1.63,3.57,2.23,False,LOW_DAILY_RANGE,"The Travelers Companies, Inc. Common Stock",NYSE
AZN,163.55,3149367.0,513824510.0,486562168.0,1.87,2.16,3.78,False,LOW_DAILY_RANGE,AstraZeneca PLC Ordinary Shares,NYSE
CME,271.1,1844564.0,511970224.0,478147460.0,1.92,0.31,1.92,False,LOW_DAILY_RANGE,CME Group Inc. - Class A Common Stock,NASDAQ
ICE,154.36,3186164.0,508607440.0,503493741.0,1.91,-1.17,4.27,False,LOW_DAILY_RANGE,Intercontinental Exchange Inc. Common Stock,NYSE
SHW,327.21,1499844.0,503716575.0,533306986.0,1.88,-5.01,2.41,False,LOW_DAILY_RANGE,Sherwin-Williams Company (The) Common Stock,NYSE
VRTX,514.52,932212.0,503291422.0,453881146.0,1.97,-2.59,5.61,False,SHARE_VOLUME|LOW_DAILY_RANGE,Vertex Pharmaceuticals Incorporated - Common Stock,NASDAQ
SO,86.35,5635735.0,499984833.0,486993197.0,1.46,-6.21,1.3,False,LOW_DAILY_RANGE,Southern Company (The) Common Stock,NYSE
MAR,337.44,1449880.0,497428991.0,508265667.0,1.96,-5.37,4.67,False,LOW_DAILY_RANGE,Marriott International - Class A Common Stock,NASDAQ
BMY,64.17,7504091.0,496261273.0,458376804.0,1.94,-2.85,2.36,False,LOW_DAILY_RANGE,Bristol-Myers Squibb Company Common Stock,NYSE
HLT,308.61,1555176.0,494884072.0,495265978.0,1.89,-5.8,4.0,False,LOW_DAILY_RANGE,Hilton Worldwide Holdings Inc. Common Stock ,NYSE
REGN,779.46,596980.0,487143035.0,473038141.0,2.25,-3.8,3.78,False,SHARE_VOLUME,"Regeneron Pharmaceuticals, Inc. - Common Stock",NASDAQ
KVUE,17.91,26274950.0,485545386.0,401301493.0,1.64,-4.76,2.03,False,LOW_DAILY_RANGE,Kenvue Inc. Common Stock,NYSE
AXON,468.51,899753.0,473190598.0,386211466.0,4.84,-24.42,9.29,False,SHARE_VOLUME,"Axon Enterprise, Inc. - Common Stock",NASDAQ
WBD,28.01,16408966.0,466130230.0,411337244.0,1.03,-1.65,2.14,False,LOW_DAILY_RANGE,"Warner Bros. Discovery, Inc. - Series A Common Stock",NASDAQ
MMM,163.65,2695526.0,460785014.0,467403320.0,1.89,-9.16,1.64,False,LOW_DAILY_RANGE,3M Company Common Stock,NYSE
MSI,467.91,966419.0,460391000.0,480158683.0,1.95,-0.34,8.2,False,SHARE_VOLUME|LOW_DAILY_RANGE,"Motorola Solutions, Inc. Common Stock",NYSE
WM,216.27,2089004.0,457060627.0,475943494.0,1.47,-2.84,2.17,False,LOW_DAILY_RANGE,"Waste Management, Inc. Common Stock",NYSE
NVO,41.94,9985012.0,457011094.0,420545399.0,1.94,-8.25,3.71,False,LOW_DAILY_RANGE,Novo Nordisk A/S Common Stock,NYSE
ORLY,85.29,5129401.0,449767015.0,411267403.0,1.82,-6.03,1.76,False,LOW_DAILY_RANGE,"O'Reilly Automotive, Inc. - Common Stock",NASDAQ
CSX,48.01,8954686.0,446149110.0,406202322.0,1.91,-4.19,1.39,False,LOW_DAILY_RANGE,CSX Corporation - Common Stock,NASDAQ
KMB,98.37,4287058.0,442859851.0,390876110.0,1.85,-7.58,2.06,False,LOW_DAILY_RANGE,Kimberly-Clark Corporation - Common Stock,NASDAQ
BNY,155.7,2731742.0,439347514.0,391004935.0,1.93,-5.02,2.3,False,LOW_DAILY_RANGE,The Bank of New York Mellon Corporation Common Stock,NYSE
MDLZ,62.61,6967277.0,436115120.0,441443763.0,1.83,-0.08,2.39,False,LOW_DAILY_RANGE,"Mondelez International, Inc. - Class A Common Stock",NASDAQ
TT,425.49,971192.0,431991438.0,407629783.0,1.92,-7.96,2.4,False,SHARE_VOLUME|LOW_DAILY_RANGE,Trane Technologies plc,NYSE
BP,45.8,9557281.0,423412074.0,405024433.0,1.89,5.51,3.73,False,LOW_DAILY_RANGE,BP p.l.c. Common Stock,NYSE
PGR,218.59,1918557.0,421095268.0,375597463.0,1.74,5.48,4.84,False,LOW_DAILY_RANGE,Progressive Corporation (The) Common Stock,NYSE
PLD,135.19,3013038.0,418585630.0,427083648.0,1.37,-3.45,1.29,False,LOW_DAILY_RANGE,"Prologis, Inc. Common Stock",NYSE
URI,1014.52,405123.0,418453880.0,434838125.0,2.74,-9.12,2.97,False,SHARE_VOLUME,"United Rentals, Inc. Common Stock",NYSE
XEL,72.99,5468676.0,413054983.0,407257534.0,1.75,-7.07,1.53,False,LOW_DAILY_RANGE,Xcel Energy Inc. - Common Stock,NASDAQ
USB,61.2,6588324.0,410677222.0,394759568.0,1.78,-5.54,2.55,False,LOW_DAILY_RANGE,U.S. Bancorp Common Stock,NYSE
MNST,44.81,9012260.0,410494827.0,403074537.0,1.89,-5.43,4.09,False,LOW_DAILY_RANGE,Monster Beverage Corporation - Common Stock,NASDAQ
DUK,118.01,3397195.0,409415006.0,408466000.0,1.37,-4.82,1.77,False,LOW_DAILY_RANGE,Duke Energy Corporation (Holding Company) Common Stock,NYSE
TDG,1104.73,351892.0,408640315.0,406368850.0,2.11,-10.46,1.82,False,SHARE_VOLUME,Transdigm Group Incorporated Common Stock,NYSE
CASY,595.0,575003.0,398702806.0,311072723.0,3.58,-30.41,2.78,False,SHARE_VOLUME,"Caseys General Stores, Inc. - Common Stock",NASDAQ
UPS,99.49,3828258.0,393612067.0,374766931.0,1.78,-2.4,2.36,False,LOW_DAILY_RANGE,"United Parcel Service, Inc. Common Stock",NYSE
NOC,530.61,734784.0,393178706.0,403718266.0,2.04,-9.52,3.32,False,SHARE_VOLUME,Northrop Grumman Corporation Common Stock,NYSE
MRSH,177.21,2097517.0,391313216.0,380715387.0,1.85,-4.92,1.99,False,LOW_DAILY_RANGE,Marsh Common Stock,NYSE
CI,283.45,1399002.0,391084866.0,384730751.0,1.92,2.34,3.31,False,LOW_DAILY_RANGE,The Cigna Group Common Stock,NYSE
AEP,121.11,3161942.0,389695227.0,389350426.0,1.65,-4.15,0.92,False,LOW_DAILY_RANGE,"American Electric Power Company, Inc. - Common Stock",NASDAQ
NSC,319.11,1148418.0,385199700.0,382131830.0,1.69,-5.84,2.01,False,LOW_DAILY_RANGE,Norfolk Southern Corporation Common Stock,NYSE
ALL,257.08,1465428.0,375725111.0,344363732.0,1.74,-1.15,3.98,False,LOW_DAILY_RANGE,Allstate Corporation (The) Common Stock,NYSE
VMRK,64.06,5702195.0,374853593.0,401695433.0,1.82,0.05,2.53,False,LOW_DAILY_RANGE,Vivmark Residential Common Shares of Beneficial Interest,NYSE
CL,87.42,4171417.0,373281848.0,371763131.0,1.67,-4.42,1.61,False,LOW_DAILY_RANGE,Colgate-Palmolive Company Common Stock,NYSE
HBAN,16.4,22119939.0,372162636.0,344644696.0,1.97,-7.13,2.8,False,LOW_DAILY_RANGE,Huntington Bancshares Incorporated - Common Stock,NASDAQ
ECL,276.42,1322790.0,371381725.0,382655802.0,1.8,-1.02,2.01,False,LOW_DAILY_RANGE,Ecolab Inc. Common Stock,NYSE
GD,360.96,991110.0,365001935.0,348866708.0,1.77,-8.26,1.44,False,SHARE_VOLUME|LOW_DAILY_RANGE,General Dynamics Corporation Common Stock,NYSE
HUM,387.6,924566.0,363022981.0,362337400.0,3.27,1.46,4.84,False,SHARE_VOLUME,Humana Inc. Common Stock,NYSE
ULTA,537.45,674042.0,362933764.0,332379160.0,3.28,4.01,4.89,False,SHARE_VOLUME,"Ulta Beauty, Inc. - Common Stock",NASDAQ
FN,390.64,866092.0,362303059.0,344649607.0,4.04,-19.05,8.75,False,SHARE_VOLUME,Fabrinet Ordinary Shares,NYSE
FICO,999.8,349992.0,360926381.0,278888993.0,3.97,-7.26,7.74,False,SHARE_VOLUME,Fair Isaac Corporation Common Stock,NYSE
NVS,138.94,2421134.0,360300875.0,280563290.0,1.64,-10.1,6.04,False,LOW_DAILY_RANGE,Novartis AG Common Stock,NYSE
PNC,237.0,1484272.0,360192361.0,354710314.0,1.85,-6.8,2.09,False,LOW_DAILY_RANGE,"PNC Financial Services Group, Inc. (The) Common Stock",NYSE
CRS,422.26,763427.0,357737768.0,279888399.0,3.4,-20.59,2.41,False,SHARE_VOLUME,Carpenter Technology Corporation Common Stock,NYSE
COR,319.83,1097904.0,356857756.0,355697394.0,1.9,1.17,3.57,False,LOW_DAILY_RANGE,"Cencora, Inc. Common Stock",NYSE
MLM,506.09,690541.0,356359277.0,359554673.0,2.21,-3.04,2.43,False,SHARE_VOLUME,"Martin Marietta Materials, Inc. Common Stock",NYSE
TYL,349.75,950244.0,344116866.0,257620344.0,3.55,5.28,6.79,False,SHARE_VOLUME,"Tyler Technologies, Inc. Common Stock",NYSE
ROKU,155.82,2180259.0,340826738.0,317588893.0,1.2,-1.24,2.34,False,LOW_DAILY_RANGE,"Roku, Inc. - Class A Common Stock",NASDAQ
CTAS,200.93,1680535.0,339361800.0,337349685.0,1.58,0.74,1.82,False,LOW_DAILY_RANGE,Cintas Corporation - Common Stock,NASDAQ
O,57.69,5483167.0,334235068.0,328663989.0,1.28,-6.85,1.19,False,LOW_DAILY_RANGE,Realty Income Corporation Common Stock,NYSE
CAH,233.36,1394837.0,330446580.0,329419045.0,1.96,-0.69,2.57,False,LOW_DAILY_RANGE,"Cardinal Health, Inc. Common Stock",NYSE
RSG,222.41,1472933.0,327140959.0,317196728.0,1.52,2.51,2.37,False,LOW_DAILY_RANGE,"Republic Services, Inc. Common Stock",NYSE
MCO,470.05,657996.0,324990391.0,329813735.0,2.07,-3.24,2.92,False,SHARE_VOLUME,Moody's Corporation Common Stock,NYSE
AME,233.7,1331208.0,315783389.0,312578035.0,1.96,-6.38,3.26,False,LOW_DAILY_RANGE,"AMETEK, Inc.",NYSE
EXC,42.56,6882913.0,300160792.0,235026480.0,1.68,-5.19,1.28,False,LOW_DAILY_RANGE,Exelon Corporation - Common Stock,NASDAQ
BTI,56.42,5317541.0,297287266.0,247541008.0,1.37,0.07,3.71,False,LOW_DAILY_RANGE,"British American Tobacco  Industries, p.l.c. Common Stock ADR",NYSE
APD,289.36,970084.0,292353564.0,288312733.0,1.9,-4.57,1.64,False,SHARE_VOLUME|LOW_DAILY_RANGE,"Air Products and Chemicals, Inc. Common Stock",NYSE
ACGL,97.43,2948586.0,289032948.0,224959806.0,1.64,-1.5,1.94,False,LOW_DAILY_RANGE,Arch Capital Group Ltd. - Common Stock,NASDAQ
GWW,1273.25,221733.0,287580434.0,270397437.0,1.88,-3.11,2.59,False,SHARE_VOLUME|LOW_DAILY_RANGE,"W.W. Grainger, Inc. Common Stock",NYSE
UTHR,504.15,568040.0,287252793.0,237900003.0,2.59,-2.72,2.68,False,SHARE_VOLUME,United Therapeutics Corporation - Common Stock,NASDAQ
TFC,49.71,5654345.0,285054623.0,274098224.0,1.84,-5.16,2.77,False,LOW_DAILY_RANGE,Truist Financial Corporation Common Stock,NYSE
ROK,422.48,665159.0,284036272.0,270224239.0,1.89,-2.58,2.71,False,SHARE_VOLUME|LOW_DAILY_RANGE,"Rockwell Automation, Inc. Common Stock",NYSE
ITW,269.92,1038231.0,283968370.0,275654753.0,1.66,-5.18,1.37,False,LOW_DAILY_RANGE,Illinois Tool Works Inc. Common Stock,NYSE
D,63.99,4287102.0,280744905.0,288767937.0,1.56,-5.79,1.41,False,LOW_DAILY_RANGE,"Dominion Energy, Inc. Common Stock",NYSE
ENB,48.61,5649691.0,280540969.0,265193998.0,1.75,-5.41,1.6,False,LOW_DAILY_RANGE,Enbridge Inc Common Stock,NYSE
FAST,49.69,5631148.0,280164706.0,288775856.0,1.95,-3.07,2.71,False,LOW_DAILY_RANGE,Fastenal Company - Common Stock,NASDAQ
AIG,76.26,3667017.0,278649023.0,246730920.0,1.52,0.18,1.66,False,LOW_DAILY_RANGE,"American International Group, Inc. New Common Stock",NYSE
MET,98.03,2814075.0,270539290.0,268125167.0,1.71,1.34,3.83,False,LOW_DAILY_RANGE,"MetLife, Inc. Common Stock",NYSE
PAYX,117.47,2213232.0,269645586.0,276611438.0,1.96,-2.05,4.18,False,LOW_DAILY_RANGE,"Paychex, Inc. - Common Stock",NASDAQ
DPZ,306.47,801681.0,268281725.0,238551543.0,3.18,-8.29,5.4,False,SHARE_VOLUME,Domino's Pizza Inc - Common Stock,NASDAQ
NDAQ,88.82,2785646.0,266528398.0,258771378.0,1.94,-7.85,3.12,False,LOW_DAILY_RANGE,"Nasdaq, Inc. - Common Stock",NASDAQ
FDS,274.91,911733.0,265749399.0,234817042.0,3.8,-3.32,6.63,False,SHARE_VOLUME,FactSet Research Systems Inc. Common Stock,NYSE
VTR,88.29,2908749.0,265461601.0,257317776.0,1.91,-3.19,2.36,False,LOW_DAILY_RANGE,"Ventas, Inc. Common Stock",NYSE
AWK,138.17,1913489.0,265315760.0,265396519.0,1.89,1.39,3.34,False,LOW_DAILY_RANGE,"American Water Works Company, Inc. Common Stock",NYSE
STRL,479.0,536357.0,261876972.0,245052159.0,4.71,-13.66,5.75,False,SHARE_VOLUME,"Sterling Infrastructure, Inc. - Common Stock",NASDAQ
JBL,303.79,845129.0,260014437.0,275177956.0,3.24,-10.29,5.94,False,SHARE_VOLUME,Jabil Inc. Common Stock,NYSE
WAT,422.71,629572.0,258906995.0,251377766.0,2.76,5.35,3.64,False,SHARE_VOLUME,Waters Corporation Common Stock,NYSE
FITB,53.79,4741539.0,258580338.0,240484314.0,1.83,-6.11,2.62,False,LOW_DAILY_RANGE,Fifth Third Bancorp Common Stock,NYSE
SYY,79.58,3165034.0,258058874.0,187825308.0,1.87,-2.9,2.17,False,LOW_DAILY_RANGE,Sysco Corporation Common Stock,NYSE
HDB,22.56,11110153.0,255825692.0,199967744.0,1.95,-2.65,6.87,False,LOW_DAILY_RANGE,HDFC Bank Limited Common Stock,NYSE
ROP,378.9,626948.0,255337929.0,256137795.0,2.16,-3.87,3.34,False,SHARE_VOLUME,"Roper Technologies, Inc. - Common Stock",NASDAQ
KEY,21.43,11667636.0,253632331.0,238205670.0,1.84,-5.04,2.78,False,LOW_DAILY_RANGE,KeyCorp Common Stock,NYSE
MSCI,545.97,450200.0,252672547.0,244954206.0,2.02,-2.99,2.5,False,SHARE_VOLUME,MSCI Inc. Common Stock,NYSE
EME,746.51,333648.0,252615413.0,256608485.0,3.02,-9.46,4.32,False,SHARE_VOLUME,"EMCOR Group, Inc. Common Stock",NYSE
MTD,1378.82,184212.0,251451938.0,230843441.0,2.51,-1.49,3.64,False,SHARE_VOLUME,"Mettler-Toledo International, Inc. Common Stock",NYSE
ETR,102.72,2362408.0,250926963.0,233619101.0,1.8,-4.96,1.2,False,LOW_DAILY_RANGE,Entergy Corporation Common Stock,NYSE
IDXX,519.79,467842.0,250705385.0,240619005.0,2.49,-6.06,2.03,False,SHARE_VOLUME,"IDEXX Laboratories, Inc. - Common Stock",NASDAQ
JAZZ,243.14,991180.0,246517986.0,134961485.0,2.68,-3.92,2.51,False,SHARE_VOLUME,Jazz Pharmaceuticals plc - Ordinary Shares,NASDAQ
VMC,248.34,933317.0,245809283.0,248488682.0,2.21,-8.58,1.98,False,SHARE_VOLUME,Vulcan Materials Company (Holding Company) Common Stock,NYSE
DY,290.48,776426.0,245390501.0,192258151.0,4.61,-29.95,3.9,False,SHARE_VOLUME,"Dycom Industries, Inc. Common Stock",NYSE
CW,574.24,411013.0,244895933.0,199593164.0,3.05,-17.46,2.51,False,SHARE_VOLUME,Curtiss-Wright Corporation Common Stock,NYSE
AMP,549.53,436489.0,242566428.0,234679441.0,1.98,-2.24,2.4,False,SHARE_VOLUME|LOW_DAILY_RANGE,"Ameriprise Financial, Inc. Common Stock",NYSE
CRL,282.42,844329.0,242212116.0,227193776.0,2.95,1.16,11.36,False,SHARE_VOLUME,"Charles River Laboratories International, Inc. Common Stock",NYSE
AFL,117.48,2077439.0,241863313.0,230431458.0,1.5,-3.01,1.84,False,LOW_DAILY_RANGE,AFLAC Incorporated Common Stock,NYSE
OTIS,69.02,3403944.0,240284316.0,241264516.0,1.77,-1.89,2.27,False,LOW_DAILY_RANGE,Otis Worldwide Corporation Common Stock ,NYSE
TLN,291.83,782424.0,239804052.0,234038848.0,3.8,-8.13,4.28,False,SHARE_VOLUME,Talen Energy Corporation - Common Stock,NASDAQ
SPG,203.87,1134245.0,238526707.0,218587645.0,1.43,-6.6,1.17,False,LOW_DAILY_RANGE,"Simon Property Group, Inc. Common Stock",NYSE
RY,204.39,1153218.0,237686355.0,211463166.0,1.62,-4.04,2.15,False,LOW_DAILY_RANGE,Royal Bank Of Canada Common Stock,NYSE
MTB,231.02,998432.0,236968480.0,205418719.0,1.83,-7.55,1.94,False,SHARE_VOLUME|LOW_DAILY_RANGE,M&T Bank Corporation Common Stock,NYSE
PPL,33.4,6882161.0,236573982.0,240460422.0,1.54,-5.45,2.43,False,LOW_DAILY_RANGE,PPL Corporation Common Stock,NYSE
JBHT,237.54,890148.0,233840027.0,213450169.0,3.12,-13.37,3.99,False,SHARE_VOLUME,"J.B. Hunt Transport Services, Inc. - Common Stock",NASDAQ
ONTO,248.01,855334.0,233534504.0,212820185.0,4.7,-21.37,14.74,False,SHARE_VOLUME,Onto Innovation Inc. Common Stock,NYSE
TD,121.7,1946088.0,233315184.0,222985637.0,1.7,-0.22,2.16,False,LOW_DAILY_RANGE,Toronto Dominion Bank (The) Common Stock,NYSE
CNP,38.24,5930424.0,233072954.0,221629227.0,1.9,-5.1,1.7,False,LOW_DAILY_RANGE,"CenterPoint Energy, Inc (Holding Co) Common Stock",NYSE
SUI,115.88,1914396.0,232498943.0,137210028.0,1.88,-3.57,3.11,False,LOW_DAILY_RANGE,"Sun Communities, Inc. Common Stock",NYSE
VICI,24.72,9082409.0,232389086.0,231266717.0,1.48,-4.61,1.78,False,LOW_DAILY_RANGE,VICI Properties Inc. Common Stock,NYSE
PSA,299.17,763309.0,232125382.0,225820683.0,1.88,-6.45,1.59,False,SHARE_VOLUME|LOW_DAILY_RANGE,Public Storage Common Stock,NYSE
DOV,190.07,1181896.0,229790626.0,242446025.0,1.87,-6.15,1.29,False,LOW_DAILY_RANGE,Dover Corporation Common Stock,NYSE
WEC,103.81,2130225.0,226540001.0,221292006.0,1.49,-6.52,2.28,False,LOW_DAILY_RANGE,"WEC Energy Group, Inc. Common Stock",NYSE
GRMN,279.53,796090.0,225522947.0,205006880.0,2.13,-5.66,4.25,False,SHARE_VOLUME,Garmin Ltd. Common Stock (Switzerland),NYSE
DGX,246.86,929769.0,223568419.0,214404857.0,2.21,4.49,3.86,False,SHARE_VOLUME,Quest Diagnostics Incorporated Common Stock,NYSE
RL,344.45,634051.0,221567224.0,215718620.0,2.68,-8.94,3.95,False,SHARE_VOLUME,Ralph Lauren Corporation Common Stock,NYSE
LH,324.23,673163.0,219818959.0,224675596.0,2.42,0.85,2.75,False,SHARE_VOLUME,Labcorp Holdings Inc. Common Stock,NYSE
FNV,262.7,823565.0,216929099.0,194683945.0,2.69,12.95,7.77,False,SHARE_VOLUME,Franco-Nevada Corporation,NYSE
NVR,6240.24,33843.0,212804696.0,209855245.0,2.12,-0.13,2.73,False,SHARE_VOLUME,"NVR, Inc. Common Stock",NYSE
CSL,324.64,614662.0,212492201.0,141469677.0,2.69,-8.58,2.96,False,SHARE_VOLUME,Carlisle Companies Incorporated Common Stock,NYSE
HSY,171.75,1175543.0,209301530.0,206395295.0,1.99,-6.38,2.91,False,LOW_DAILY_RANGE,The Hershey Company Common Stock,NYSE
AGNC,9.95,19915184.0,209141361.0,177848732.0,1.66,-7.82,2.17,False,LOW_DAILY_RANGE,AGNC Investment Corp. - Common Stock,NASDAQ
RF,29.23,6917293.0,207643613.0,207683044.0,1.83,-6.86,2.19,False,LOW_DAILY_RANGE,Regions Financial Corporation Common Stock,NYSE
SAN,14.58,14290664.0,207497895.0,128158754.0,1.22,2.4,2.67,False,LOW_DAILY_RANGE,"Banco Santander, S.A. Sponsored ADR (Spain)",NYSE
ED,105.6,1921591.0,206194666.0,204904110.0,1.39,-2.47,1.28,False,LOW_DAILY_RANGE,"Consolidated Edison, Inc. Common Stock",NYSE
EAT,213.68,911335.0,206171079.0,190619019.0,3.77,-9.32,11.07,False,SHARE_VOLUME,"Brinker International, Inc. Common Stock",NYSE
DRI,210.77,956048.0,206025759.0,201779434.0,2.28,-3.7,4.14,False,SHARE_VOLUME,"Darden Restaurants, Inc. Common Stock",NYSE
SITM,561.83,348593.0,204645045.0,189304617.0,5.6,-17.39,26.58,False,SHARE_VOLUME,SiTime Corporation - Common Stock,NASDAQ
HUBB,443.21,445304.0,204253966.0,202927923.0,2.35,-8.12,2.92,False,SHARE_VOLUME,Hubbell Inc Common Stock,NYSE
WAB,279.37,706555.0,202948562.0,200295563.0,1.93,-5.21,1.8,False,SHARE_VOLUME|LOW_DAILY_RANGE,Westinghouse Air Brake Technologies Corporation Common Stock,NYSE
RIO,97.19,1962982.0,200990966.0,182411329.0,1.71,0.52,3.88,False,LOW_DAILY_RANGE,Rio Tinto Plc Common Stock,NYSE
NI,40.78,4813627.0,198248114.0,204047577.0,1.64,-3.18,1.24,False,LOW_DAILY_RANGE,NiSource Inc Common Stock,NYSE
LPLA,336.05,553862.0,197794957.0,174324451.0,2.94,-8.86,2.62,False,SHARE_VOLUME,LPL Financial Holdings Inc. - Common Stock,NASDAQ
PEG,70.52,2707001.0,196323084.0,167630949.0,1.45,-5.87,1.27,False,LOW_DAILY_RANGE,Public Service Enterprise Group Incorporated Common Stock,NYSE
GGG,77.0,2513182.0,196283662.0,132315930.0,1.82,-4.95,2.07,False,LOW_DAILY_RANGE,Graco Inc. Common Stock,NYSE
BNS,93.55,2116263.0,194572955.0,166310616.0,1.96,3.79,7.18,False,LOW_DAILY_RANGE,Bank Nova Scotia Halifax Pfd 3 Ordinary Shares,NYSE
CMS,66.36,2839111.0,193837252.0,193220054.0,1.46,-6.62,0.85,False,LOW_DAILY_RANGE,CMS Energy Corporation Common Stock,NYSE
THC,267.22,716943.0,191687307.0,191804877.0,3.14,-1.11,3.87,False,SHARE_VOLUME,Tenet Healthcare Corporation Common Stock,NYSE
BUD,80.14,2395381.0,189644200.0,143549821.0,1.35,3.5,2.03,False,LOW_DAILY_RANGE,Anheuser-Busch Inbev SA Sponsored ADR (Belgium),NYSE
WWD,327.16,558643.0,188825783.0,189079522.0,2.6,-10.58,3.35,False,SHARE_VOLUME,"Woodward, Inc. - Common Stock",NASDAQ
ZBRA,347.37,525544.0,186459884.0,185631900.0,3.01,-5.2,3.36,False,SHARE_VOLUME,Zebra Technologies Corporation - Class A Common Stock,NASDAQ
FFIV,424.4,458311.0,183274469.0,175106820.0,3.23,7.82,4.71,False,SHARE_VOLUME,"F5, Inc. - Common Stock",NASDAQ
FE,45.51,3950688.0,183088009.0,181629661.0,1.55,-3.71,1.62,False,LOW_DAILY_RANGE,FirstEnergy Corp. Common Stock,NYSE
VRSN,300.91,628728.0,181687307.0,170549059.0,2.42,9.05,3.19,False,SHARE_VOLUME,"VeriSign, Inc. - Common Stock",NASDAQ
LII,365.35,469246.0,180388470.0,174105157.0,2.74,-11.12,3.23,False,SHARE_VOLUME,"Lennox International, Inc. Common Stock",NYSE
PRU,118.67,1505980.0,180132792.0,174722065.0,1.86,-3.61,2.8,False,LOW_DAILY_RANGE,"Prudential Financial, Inc. Common Stock",NYSE
HIG,135.7,1306914.0,179143642.0,159923901.0,1.48,-1.92,2.12,False,LOW_DAILY_RANGE,"The Hartford Insurance Group, Inc. Common Stock",NYSE
NVMI,342.26,494811.0,178345181.0,175396901.0,3.6,-12.46,5.5,False,SHARE_VOLUME,Nova Ltd. - Ordinary Shares,NASDAQ
GLPI,40.87,4202778.0,173896138.0,144337778.0,1.65,-0.89,2.01,False,LOW_DAILY_RANGE,"Gaming and Leisure Properties, Inc. - Common Stock",NASDAQ
RGEN,175.45,996123.0,173695052.0,156723313.0,4.13,5.6,6.15,False,SHARE_VOLUME,Repligen Corporation - Common Stock,NASDAQ
XPO,174.51,918669.0,173013049.0,178251413.0,3.52,-13.92,4.49,False,SHARE_VOLUME,"XPO, Inc. Common Stock",NYSE
CHD,95.24,1762737.0,172979263.0,186941616.0,1.8,-3.92,3.78,False,LOW_DAILY_RANGE,"Church & Dwight Company, Inc. Common Stock",NYSE
GNRC,178.1,908099.0,172941206.0,148435338.0,3.57,-15.81,4.74,False,SHARE_VOLUME,Generac Holdlings Inc. Common Stock,NYSE
WST,363.16,493921.0,171953799.0,167356361.0,2.34,4.78,2.76,False,SHARE_VOLUME,"West Pharmaceutical Services, Inc. Common Stock",NYSE
HST,22.14,7661059.0,171939624.0,159610839.0,1.69,-3.42,2.29,False,LOW_DAILY_RANGE,"Host Hotels & Resorts, Inc. - Common Stock",NASDAQ
HEI,302.27,517434.0,171629275.0,148393949.0,2.79,-17.86,1.83,False,SHARE_VOLUME,Heico Corporation Common Stock,NYSE
TECH,72.31,2371887.0,171452683.0,154284226.0,0.23,0.23,0.54,False,LOW_DAILY_RANGE,Bio-Techne Corp - Common Stock,NASDAQ
WCC,342.1,489939.0,168330528.0,167373339.0,2.98,-1.88,3.87,False,SHARE_VOLUME,"WESCO International, Inc. Common Stock",NYSE
NTRS,179.1,912528.0,168210069.0,167980240.0,2.05,-5.58,1.89,False,SHARE_VOLUME,Northern Trust Corporation - Common Stock,NASDAQ
AGX,398.9,388723.0,167181302.0,159443172.0,5.55,-27.87,4.5,False,SHARE_VOLUME,"Argan, Inc. Common Stock",NYSE
CNI,120.27,1349379.0,166624229.0,136341447.0,1.69,-4.45,1.42,False,LOW_DAILY_RANGE,Canadian National Railway Company Common Stock,NYSE
EVRG,80.68,2042575.0,166476891.0,177536886.0,1.54,-3.28,1.57,False,LOW_DAILY_RANGE,"Evergy, Inc. - Common Stock",NASDAQ
DTE,131.05,1228596.0,166085903.0,159925999.0,1.53,-6.53,1.15,False,LOW_DAILY_RANGE,DTE Energy Company Common Stock,NYSE
CPAY,406.78,398725.0,163571833.0,169568227.0,1.87,-0.01,3.8,False,SHARE_VOLUME|LOW_DAILY_RANGE,"Corpay, Inc. Common Stock",NYSE
ASND,246.05,630005.0,161367759.0,124271728.0,3.53,-1.13,6.1,False,SHARE_VOLUME,Ascendis Pharma A/S - Ordinary Share,NASDAQ
RGLD,248.97,620306.0,160461237.0,162513061.0,2.67,8.05,7.69,False,SHARE_VOLUME,"Royal Gold, Inc. - Common Stock",NASDAQ
JKHY,159.32,966702.0,159222692.0,144363722.0,3.05,4.43,6.49,False,SHARE_VOLUME,"Jack Henry & Associates, Inc. - Common Stock",NASDAQ
AER,142.99,1089285.0,157507787.0,154139149.0,1.81,-4.43,3.38,False,LOW_DAILY_RANGE,AerCap Holdings N.V. Ordinary Shares,NYSE
BN,37.62,3893018.0,154595459.0,137515891.0,1.73,-10.55,1.79,False,LOW_DAILY_RANGE,Brookfield Corporation Class A Limited Voting Shares,NYSE
NLY,21.39,6851338.0,154553435.0,148642257.0,1.56,-8.61,1.68,False,LOW_DAILY_RANGE,Annaly Capital Management Inc. Common Stock,NYSE
EXR,138.12,1101407.0,153143238.0,136459354.0,1.75,-4.88,1.8,False,LOW_DAILY_RANGE,Extra Space Storage Inc Common Stock,NYSE
BIIB,217.35,701375.0,152861913.0,144724782.0,2.44,2.26,4.24,False,SHARE_VOLUME,Biogen Inc. - Common Stock,NASDAQ
CACI,635.07,242927.0,152519097.0,154703392.0,2.81,-3.2,21.38,False,SHARE_VOLUME,"CACI International, Inc. Class A Common Stock",NYSE
NBIX,151.05,982907.0,152139365.0,142717923.0,2.56,-2.06,2.25,False,SHARE_VOLUME,"Neurocrine Biosciences, Inc. - Common Stock",NASDAQ
PAYC,227.44,661692.0,151163598.0,145466063.0,3.1,5.61,23.55,False,SHARE_VOLUME,"Paycom Software, Inc. Common Stock",NYSE
WCN,158.12,915425.0,150784779.0,145840456.0,1.6,-4.48,1.97,False,SHARE_VOLUME|LOW_DAILY_RANGE,"Waste Connections, Inc. Common Shares",NYSE
GRAB,2.97,46229409.0,150194559.0,120708498.0,3.56,-13.91,2.61,False,PRICE,Grab Holdings Limited - Class A Ordinary Shares,NASDAQ
CCEP,103.58,1406755.0,149920605.0,140915300.0,1.42,-3.65,2.31,False,LOW_DAILY_RANGE,Coca-Cola Europacific Partners plc - Ordinary Shares,NASDAQ
MKTX,163.44,919745.0,149652771.0,144562265.0,0.21,1.02,0.31,False,SHARE_VOLUME|LOW_DAILY_RANGE,"MarketAxess Holdings, Inc. - Common Stock",NASDAQ
BMO,174.1,858571.0,148727355.0,137568423.0,1.87,-4.64,2.69,False,SHARE_VOLUME|LOW_DAILY_RANGE,Bank Of Montreal Common Stock,NYSE
TXRH,172.54,785313.0,147949725.0,141064994.0,2.48,-14.84,2.13,False,SHARE_VOLUME,"Texas Roadhouse, Inc. - Common Stock",NASDAQ
SBAC,184.87,794020.0,147641121.0,151075792.0,2.54,2.61,2.74,False,SHARE_VOLUME,SBA Communications Corporation - Class A Common Stock,NASDAQ
WRB,70.75,2123512.0,147512225.0,120154284.0,1.72,0.83,2.03,False,LOW_DAILY_RANGE,W.R. Berkley Corporation Common Stock,NYSE
IBN,28.33,4916896.0,146627098.0,119622738.0,1.36,-4.39,2.53,False,LOW_DAILY_RANGE,ICICI Bank Limited Common Stock,NYSE
TDY,602.84,236436.0,145633635.0,144715126.0,1.79,-9.35,1.22,False,SHARE_VOLUME|LOW_DAILY_RANGE,Teledyne Technologies Incorporated Common Stock,NYSE
EXPD,190.3,758016.0,143468798.0,140859441.0,1.74,2.34,4.1,False,SHARE_VOLUME|LOW_DAILY_RANGE,"Expeditors International of Washington, Inc. Common Stock",NYSE
RACE,413.89,343264.0,143155354.0,131290509.0,1.42,0.35,3.09,False,SHARE_VOLUME|LOW_DAILY_RANGE,Ferrari N.V. Common Shares,NYSE
MANH,211.21,669111.0,142457569.0,130192517.0,3.24,6.47,4.82,False,SHARE_VOLUME,"Manhattan Associates, Inc. - Common Stock",NASDAQ
WSO,309.45,455690.0,141759452.0,127942377.0,2.82,-1.34,4.0,False,SHARE_VOLUME,"Watsco, Inc. Common Stock",NYSE
MUSA,521.57,267242.0,141615175.0,137411555.0,2.94,-9.05,6.3,False,SHARE_VOLUME,Murphy USA Inc. Common Stock,NYSE
ATO,163.23,849148.0,141522242.0,142321479.0,1.4,-3.69,1.19,False,SHARE_VOLUME|LOW_DAILY_RANGE,Atmos Energy Corporation Common Stock,NYSE
VLTO,96.6,1448393.0,141225030.0,132949157.0,1.74,0.55,4.19,False,LOW_DAILY_RANGE,Veralto Corp Common Stock ,NYSE
TTE,92.26,1576835.0,141200553.0,131416300.0,1.42,3.33,2.48,False,LOW_DAILY_RANGE,TotalEnergies SE Ordinary Shares,NYSE
AEE,103.47,1334557.0,141100568.0,133280422.0,1.52,-4.98,0.97,False,LOW_DAILY_RANGE,Ameren Corporation Common Stock,NYSE
WTW,313.87,416874.0,139153571.0,146489631.0,2.06,-4.28,2.57,False,SHARE_VOLUME,Willis Towers Watson Public Limited Company - Ordinary Shares,NASDAQ
TROW,104.09,1268621.0,137289042.0,131054330.0,1.77,-4.47,1.73,False,LOW_DAILY_RANGE,"T. Rowe Price Group, Inc. - Common Stock",NASDAQ
RBC,486.71,276147.0,136936341.0,137179419.0,2.65,-10.8,3.62,False,SHARE_VOLUME,RBC Bearings Incorporated Common Stock,NYSE
AEIS,256.3,491989.0,135739891.0,129906619.0,4.47,-18.46,5.56,False,SHARE_VOLUME,"Advanced Energy Industries, Inc. - Common Stock",NASDAQ
PFG,118.66,1188418.0,135231130.0,109780569.0,1.87,5.68,7.28,False,LOW_DAILY_RANGE,Principal Financial Group Inc - Common Stock,NASDAQ
CHKP,136.71,998362.0,134137587.0,122685969.0,3.27,4.91,5.21,False,SHARE_VOLUME,Check Point Software Technologies Ltd. - Ordinary Shares,NASDAQ
ESS,273.31,476017.0,133817544.0,136853614.0,1.57,-3.67,2.18,False,SHARE_VOLUME|LOW_DAILY_RANGE,"Essex Property Trust, Inc. Common Stock",NYSE
OC,130.0,976603.0,133585925.0,127528784.0,3.0,-13.68,4.77,False,SHARE_VOLUME,Owens Corning Inc Common Stock New,NYSE
NDSN,311.7,414604.0,133276396.0,112787612.0,2.16,2.77,8.0,False,SHARE_VOLUME,Nordson Corporation - Common Stock,NASDAQ
BRK-A,778803.38,175.0,132640646.0,151444100.0,0.94,3.34,1.76,False,SHARE_VOLUME|LOW_DAILY_RANGE,Berkshire Hathaway Inc. Common Stock,NYSE
VICR,187.17,687382.0,132575120.0,119600721.0,6.21,-22.79,11.15,False,SHARE_VOLUME,Vicor Corporation - Common Stock,NASDAQ
PKG,234.06,559731.0,132513468.0,127768134.0,2.28,-5.88,2.26,False,SHARE_VOLUME,Packaging Corporation of America Common Stock,NYSE
STE,212.6,578438.0,130515213.0,127718242.0,2.12,-8.24,2.45,False,SHARE_VOLUME,STERIS plc (Ireland) Ordinary Shares,NYSE
RS,398.17,332173.0,129771419.0,108915645.0,3.06,-5.51,2.59,False,SHARE_VOLUME,"Reliance, Inc. Common Stock",NYSE
ALGN,151.08,827630.0,129760905.0,126639799.0,3.06,-10.02,2.9,False,SHARE_VOLUME,"Align Technology, Inc. - Common Stock",NASDAQ
ES,67.84,1818816.0,127913878.0,122888126.0,1.73,-6.06,1.48,False,LOW_DAILY_RANGE,Eversource Energy (D/B/A) Common Stock,NYSE
LNT,66.46,1865762.0,126929458.0,125512192.0,1.54,-5.03,2.42,False,LOW_DAILY_RANGE,Alliant Energy Corporation - Common Stock,NASDAQ
ARMK,58.67,2171079.0,126230237.0,122659880.0,1.96,-2.84,8.54,False,LOW_DAILY_RANGE,Aramark Common Stock,NYSE
SNX,265.47,485766.0,124569807.0,119675128.0,2.6,2.18,5.35,False,SHARE_VOLUME,TD SYNNEX Corporation Common Stock,NYSE
HSBC,101.98,1196294.0,124405711.0,128751271.0,1.15,-1.16,1.78,False,LOW_DAILY_RANGE,"HSBC Holdings, plc. Common Stock",NYSE
FTV,55.71,2154883.0,124272512.0,118982466.0,1.91,-6.19,2.28,False,LOW_DAILY_RANGE,Fortive Corporation Common Stock ,NYSE
SAIA,344.21,353970.0,123824165.0,123354323.0,3.87,-6.7,4.27,False,SHARE_VOLUME,"Saia, Inc. - Common Stock",NASDAQ
FCNCA,2147.63,57141.0,123823016.0,109520434.0,2.03,-2.63,1.71,False,SHARE_VOLUME,"First Citizens BancShares, Inc. - Class A Common Stock",NASDAQ
GPRO,1.26,90995504.0,123569920.0,27507740.0,14.84,113.68,46.0,False,PRICE,"GoPro, Inc. - Class A Common Stock",NASDAQ
EQNR,44.83,2840316.0,123146444.0,108558681.0,1.9,7.15,5.32,False,LOW_DAILY_RANGE,Equinor ASA,NYSE
TPL,355.78,331589.0,122779655.0,106621086.0,3.68,-2.47,5.37,False,SHARE_VOLUME,Texas Pacific Land Corporation Common Stock,NYSE
DTM,126.7,948515.0,122493288.0,118770428.0,2.72,-6.64,4.58,False,SHARE_VOLUME,"DT Midstream, Inc. Common Stock ",NYSE
EVR,271.29,424604.0,122239006.0,121689654.0,2.8,-8.89,4.16,False,SHARE_VOLUME,Evercore Inc. Class A Common Stock,NYSE
TOL,134.83,861132.0,121873803.0,116855227.0,2.58,-5.62,4.0,False,SHARE_VOLUME,"Toll Brothers, Inc. Common Stock",NYSE
ITT,197.78,599718.0,121546665.0,123167387.0,2.6,-8.97,5.06,False,SHARE_VOLUME,ITT Inc. Common Stock ,NYSE
IFF,85.11,1417566.0,121083003.0,129229557.0,1.98,5.07,8.88,False,LOW_DAILY_RANGE,"International Flavors & Fragrances, Inc. Common Stock",NYSE
IEX,222.9,527748.0,120451349.0,116219131.0,1.9,-4.81,2.01,False,SHARE_VOLUME|LOW_DAILY_RANGE,IDEX Corporation Common Stock,NYSE
SSNC,80.84,1466662.0,120396750.0,116499451.0,1.82,0.75,2.52,False,LOW_DAILY_RANGE,"SS&C Technologies Holdings, Inc. - Common Stock",NASDAQ
KIM,22.85,5103539.0,120014788.0,114205462.0,1.35,-4.54,1.73,False,LOW_DAILY_RANGE,Kimco Realty Corporation (HC) Common Stock,NYSE
RH,130.78,844623.0,119843347.0,95619278.0,5.3,-23.54,5.15,False,SHARE_VOLUME,RH Common Stock,NYSE
UDR,34.67,3283823.0,119001261.0,107753349.0,1.53,-6.15,1.91,False,LOW_DAILY_RANGE,"UDR, Inc. Common Stock",NYSE
AXSM,212.33,567739.0,118795956.0,118546289.0,3.42,-1.56,4.56,False,SHARE_VOLUME,"Axsome Therapeutics, Inc. - Common Stock",NASDAQ
ICLR,174.74,711508.0,118752626.0,107156433.0,3.68,4.6,4.25,False,SHARE_VOLUME,ICON plc - Ordinary Shares,NASDAQ
MEDP,620.85,197076.0,118725111.0,114728683.0,2.52,5.18,4.21,False,SHARE_VOLUME,"Medpace Holdings, Inc. - Common Stock",NASDAQ
DAVE,372.55,327139.0,118563624.0,122160467.0,5.7,11.83,9.46,False,SHARE_VOLUME,Dave Inc.  - Class A Common Stock,NASDAQ
BAP,382.54,313980.0,117949590.0,100508027.0,2.35,3.83,2.99,False,SHARE_VOLUME,Credicorp Ltd. Common Stock,NYSE
INVH,27.59,4090040.0,117342560.0,100915629.0,1.42,-7.15,1.75,False,LOW_DAILY_RANGE,Invitation Homes Inc. Common Stock,NYSE
LEU,140.75,684200.0,116861334.0,104427355.0,6.5,-19.89,9.17,False,SHARE_VOLUME,Centrus Energy Corp. Class A Common Stock,NYSE
WY,22.22,5053929.0,116647155.0,117269243.0,2.0,-5.04,4.28,False,LOW_DAILY_RANGE,Weyerhaeuser Company Common Stock,NYSE
CLH,323.77,366329.0,116329983.0,114335297.0,2.02,1.34,1.79,False,SHARE_VOLUME,"Clean Harbors, Inc. Common Stock",NYSE
KEEL,3.39,34316756.0,115862687.0,105866329.0,7.66,7.44,8.0,False,PRICE,Keel Infrastructure Corp. - Common Stock,NASDAQ
QLYS,181.33,660451.0,115669179.0,93437249.0,5.14,-3.54,15.06,False,SHARE_VOLUME,"Qualys, Inc. - Common Stock",NASDAQ
LECO,258.99,422286.0,115025685.0,100457154.0,2.92,-8.15,3.56,False,SHARE_VOLUME,"Lincoln Electric Holdings, Inc. - Common Shares",NASDAQ
MHK,129.78,881826.0,114911893.0,112868451.0,2.79,-2.33,3.34,False,SHARE_VOLUME,"Mohawk Industries, Inc. Common Stock",NYSE
MOH,204.62,569515.0,114487685.0,105886684.0,3.15,0.5,5.92,False,SHARE_VOLUME,Molina Healthcare Inc Common Stock,NYSE
UI,568.14,200273.0,113834005.0,101767340.0,5.27,-2.41,5.09,False,SHARE_VOLUME,Ubiquiti Inc. Common Stock,NYSE
H,161.33,677220.0,113619198.0,118705676.0,2.38,-9.65,3.32,False,SHARE_VOLUME,Hyatt Hotels Corporation Class A Common Stock,NYSE
POOL,172.23,625997.0,113417840.0,105104923.0,2.7,-8.14,4.53,False,SHARE_VOLUME,Pool Corporation - Common Stock,NASDAQ
EG,379.09,302398.0,112988380.0,109112223.0,1.6,3.75,2.11,False,SHARE_VOLUME|LOW_DAILY_RANGE,"Everest Group, Ltd. Common Stock",NYSE
AES,14.81,7644727.0,112913252.0,108451700.0,0.3,0.44,0.48,False,LOW_DAILY_RANGE,The AES Corporation Common Stock,NYSE
ADC,68.96,1538709.0,112166650.0,91107393.0,1.35,-6.74,1.32,False,LOW_DAILY_RANGE,Agree Realty Corporation Common Stock,NYSE
CROX,115.63,949133.0,111739726.0,105363615.0,2.8,-10.13,3.72,False,SHARE_VOLUME,"Crocs, Inc. - Common Stock",NASDAQ
GKOS,166.52,623601.0,111527492.0,103650056.0,3.48,-9.57,5.28,False,SHARE_VOLUME,Glaukos Corporation Common Stock,NYSE
J,145.26,748983.0,110426637.0,107796471.0,2.05,1.92,3.16,False,SHARE_VOLUME,Jacobs Solutions Inc. Common Stock,NYSE
SANM,197.88,560050.0,109767136.0,103634516.0,4.48,-0.2,6.24,False,SHARE_VOLUME,Sanmina Corporation - Common Stock,NASDAQ
ARW,216.21,518491.0,109536067.0,103977006.0,3.14,1.26,6.92,False,SHARE_VOLUME,"Arrow Electronics, Inc. Common Stock",NYSE
MAA,122.95,850555.0,109069012.0,107093825.0,1.5,-5.55,1.41,False,SHARE_VOLUME|LOW_DAILY_RANGE,"Mid-America Apartment Communities, Inc. Common Stock",NYSE
MDGL,527.47,203414.0,108546137.0,103230662.0,3.28,0.59,5.22,False,SHARE_VOLUME,"Madrigal Pharmaceuticals, Inc. - Common Stock",NASDAQ
PRAX,315.23,305069.0,108487418.0,100494225.0,4.81,-14.77,15.95,False,SHARE_VOLUME,"Praxis Precision Medicines, Inc. - Common Stock",NASDAQ
PLUG,2.02,49880415.0,108271910.0,101313833.0,4.43,-6.48,5.31,False,PRICE,"Plug Power, Inc. - Common Stock",NASDAQ
LNTH,100.82,1075250.0,108154020.0,108473418.0,0.48,0.55,0.83,False,LOW_DAILY_RANGE,"Lantheus Holdings, Inc. - Common Stock",NASDAQ
JLL,347.78,296034.0,108085369.0,98274182.0,2.89,-6.27,5.17,False,SHARE_VOLUME,Jones Lang LaSalle Incorporated Common Stock,NYSE
MKL,1794.67,59517.0,107303672.0,107154615.0,1.3,-1.13,1.48,False,SHARE_VOLUME|LOW_DAILY_RANGE,Markel Group Inc. Common Stock,NYSE
UHS,180.45,615330.0,106610471.0,102784292.0,3.04,4.37,2.54,False,SHARE_VOLUME,"Universal Health Services, Inc. Common Stock",NYSE
DVA,193.04,590254.0,106514474.0,102681576.0,2.45,8.5,4.28,False,SHARE_VOLUME,DaVita Inc. Common Stock,NYSE
HII,277.39,366991.0,106468678.0,107070709.0,2.45,-12.26,1.95,False,SHARE_VOLUME,"Huntington Ingalls Industries, Inc. Common Stock",NYSE
MFC,43.97,2464227.0,105629803.0,74446596.0,1.72,0.7,3.0,False,LOW_DAILY_RANGE,Manulife Financial Corporation Common Stock,NYSE
BALL,61.88,1695386.0,105350431.0,106135545.0,1.64,0.66,1.57,False,LOW_DAILY_RANGE,Ball Corporation Common Stock,NYSE
FHN,24.35,4279491.0,104472113.0,95695883.0,1.7,-5.02,2.25,False,LOW_DAILY_RANGE,First Horizon Corporation Common Stock,NYSE
TNON,4.31,16416191.0,103600399.0,2810074.0,25.12,-20.92,117.21,False,PRICE|MEDIAN_DOLLAR_VOLUME,"Tenon Medical, Inc. - Common Stock",NASDAQ
CRUS,119.29,908868.0,103449697.0,101250821.0,3.22,2.06,5.2,False,SHARE_VOLUME,"Cirrus Logic, Inc. - Common Stock",NASDAQ
DDS,657.4,161869.0,102488100.0,89850832.0,3.36,12.45,5.35,False,SHARE_VOLUME,"Dillard's, Inc. Common Stock",NYSE
ACVA,10.43,10767774.0,101866656.0,23659213.0,4.25,36.63,44.18,False,MEDIAN_DOLLAR_VOLUME,ACV Auctions Inc. Class A Common Stock,NYSE
TKR,118.83,831862.0,100927098.0,97088540.0,2.57,-8.0,3.12,False,SHARE_VOLUME,Timken Company (The) Common Stock,NYSE
NEU,886.61,110886.0,99790054.0,105744530.0,2.52,-6.06,2.28,False,SHARE_VOLUME,NewMarket Corp Common Stock,NYSE
CORT,112.9,858999.0,99291130.0,103420019.0,3.92,-4.4,3.58,False,SHARE_VOLUME,Corcept Therapeutics Incorporated - Common Stock,NASDAQ
FCFS,220.3,440892.0,98589474.0,89802860.0,3.84,3.56,9.41,False,SHARE_VOLUME,"FirstCash Holdings, Inc. - Common Stock",NASDAQ
BIO,382.89,259546.0,98553751.0,102774500.0,2.87,8.56,4.5,False,SHARE_VOLUME,"Bio-Rad Laboratories, Inc. Class A Common Stock",NYSE
HLI,133.88,718248.0,95609887.0,96956511.0,2.89,5.96,7.12,False,SHARE_VOLUME,"Houlihan Lokey, Inc. Class A Common Stock",NYSE
EOSE,3.9,25665779.0,95441307.0,84723009.0,7.69,6.4,18.75,False,PRICE,"Eos Energy Enterprises, Inc. - Common Stock",NASDAQ
POWL,179.94,523836.0,95348671.0,86395030.0,3.86,-11.56,5.0,False,SHARE_VOLUME,"Powell Industries, Inc. - Common Stock",NASDAQ
WTRG,41.42,2306262.0,95255076.0,94080690.0,1.89,2.66,2.89,False,LOW_DAILY_RANGE,"Essential Utilities, Inc. Common Stock",NYSE
WEX,199.45,487105.0,95175617.0,87254198.0,2.62,4.03,4.82,False,SHARE_VOLUME,WEX Inc. common stock,NYSE
JBLU,4.34,20316488.0,94743885.0,88658529.0,3.81,-13.89,3.8,False,PRICE,JetBlue Airways Corporation - Common Stock,NASDAQ
SNA,378.27,245084.0,94469415.0,92254042.0,1.6,-3.81,0.95,False,SHARE_VOLUME|LOW_DAILY_RANGE,Snap-On Incorporated Common Stock,NYSE
BOOT,125.79,629010.0,93467715.0,85639440.0,4.11,-20.43,7.01,False,SHARE_VOLUME,"Boot Barn Holdings, Inc. Common Stock",NYSE
CHRD,148.8,630184.0,93246510.0,90179934.0,3.06,4.29,5.46,False,SHARE_VOLUME,Chord Energy Corporation - Common Stock,NASDAQ
MSGS,397.33,235775.0,92820177.0,89908160.0,2.25,-0.97,5.25,False,SHARE_VOLUME,Madison Square Garden Sports Corp. Class A Common Stock (New),NYSE
EHC,124.62,759954.0,92123229.0,89137766.0,1.98,2.06,12.55,False,SHARE_VOLUME|LOW_DAILY_RANGE,Encompass Health Corporation Common Stock,NYSE
ALC,67.36,1307913.0,92118812.0,95237609.0,1.52,-8.42,3.26,False,LOW_DAILY_RANGE,Alcon Inc. Ordinary Shares,NYSE
UBS,51.1,1698326.0,91851314.0,79892227.0,1.4,-3.54,1.74,False,LOW_DAILY_RANGE,UBS Group AG Registered Ordinary Shares,NYSE
PEN,319.02,285018.0,91650161.0,80769769.0,0.63,-1.77,0.67,False,SHARE_VOLUME|LOW_DAILY_RANGE,"Penumbra, Inc. Common Stock",NYSE
CPT,101.74,864276.0,91377779.0,86066300.0,1.45,-5.16,1.93,False,SHARE_VOLUME|LOW_DAILY_RANGE,Camden Property Trust Common Stock,NYSE
FNF,43.44,1995130.0,91201507.0,82880173.0,1.98,-10.38,2.82,False,LOW_DAILY_RANGE,"Fidelity National Financial, Inc. Common Stock",NYSE
ENS,173.45,497083.0,90984632.0,80363733.0,2.76,-13.52,5.71,False,SHARE_VOLUME,EnerSys Common Stock,NYSE
AMG,349.02,252179.0,90818218.0,89576202.0,2.83,-4.0,2.72,False,SHARE_VOLUME,"Affiliated Managers Group, Inc. Common Stock",NYSE
OPEN,2.62,28901771.0,90639278.0,87009213.0,4.28,-22.17,6.55,False,PRICE,Opendoor Technologies Inc  - Common Stock,NASDAQ
ITGR,126.31,718420.0,90266170.0,82230826.0,0.25,0.98,0.86,False,SHARE_VOLUME|LOW_DAILY_RANGE,Integer Holdings Corporation Common Stock,NYSE
EPD,38.48,2327888.0,90259818.0,88380207.0,1.31,-0.41,2.31,False,LOW_DAILY_RANGE,Enterprise Products Partners L.P. Common Stock,NYSE
ALSN,122.11,704885.0,90237649.0,92416142.0,3.01,-2.45,4.74,False,SHARE_VOLUME,"Allison Transmission Holdings, Inc. Common Stock",NYSE
VOYA,102.22,887008.0,90068509.0,87343409.0,2.05,2.54,2.41,False,SHARE_VOLUME,"Voya Financial, Inc. Common Stock",NYSE
BCS,25.61,3393318.0,89873443.0,74145269.0,1.41,-6.43,2.67,False,LOW_DAILY_RANGE,Barclays PLC Common Stock,NYSE
MTN,141.0,634469.0,88901740.0,77731264.0,3.1,-5.86,5.07,False,SHARE_VOLUME,"Vail Resorts, Inc. Common Stock",NYSE
HQY,96.76,908684.0,88589606.0,73927747.0,2.88,-5.87,3.19,False,SHARE_VOLUME,"HealthEquity, Inc. - Common Stock",NASDAQ
REXR,39.04,2359574.0,88562841.0,81236337.0,1.72,5.4,3.29,False,LOW_DAILY_RANGE,"Rexford Industrial Realty, Inc. Common Stock",NYSE
ZION,67.09,1300658.0,88519888.0,88067659.0,2.0,-5.41,2.5,False,LOW_DAILY_RANGE,Zions Bancorporation N.A. - Common Stock,NASDAQ
DNN,2.84,26329822.0,87853084.0,76950045.0,4.95,-10.0,11.46,False,PRICE,Denison Mines Corp Ordinary Shares (Canada),NYSE American
TE,4.16,19104463.0,87472573.0,78656587.0,6.81,-10.65,10.0,False,PRICE,T1 Energy Inc. Common Stock,NYSE
EWBC,128.9,675740.0,87321226.0,85037344.0,1.83,-4.57,1.74,False,SHARE_VOLUME|LOW_DAILY_RANGE,"East West Bancorp, Inc. - Common Stock",NASDAQ
COKE,200.54,448038.0,86766489.0,81613416.0,3.03,6.31,4.18,False,SHARE_VOLUME,"Coca-Cola Consolidated, Inc. - Common Stock",NASDAQ
WFRD,83.88,935298.0,86021235.0,76088122.0,3.88,-8.88,7.0,False,SHARE_VOLUME,Weatherford International plc - Ordinary shares,NASDAQ
SLF,80.78,1083401.0,85710797.0,44709504.0,1.47,1.34,1.88,False,LOW_DAILY_RANGE,Sun Life Financial Inc. Common Stock,NYSE
ORA,91.53,848193.0,85554919.0,68466230.0,3.21,-16.46,9.55,False,SHARE_VOLUME,"Ormat Technologies, Inc. Common Stock",NYSE
PNW,95.38,873713.0,85213963.0,84548477.0,1.51,-4.76,1.04,False,SHARE_VOLUME|LOW_DAILY_RANGE,Pinnacle West Capital Corporation Common Stock,NYSE
REG,73.62,1137051.0,85185048.0,87056096.0,1.22,-2.39,1.73,False,LOW_DAILY_RANGE,Regency Centers Corporation - Common Stock,NASDAQ
PNFP,99.09,846721.0,84944686.0,82638819.0,2.15,-5.2,3.15,False,SHARE_VOLUME,"Pinnacle Financial Partners, Inc. Common stock",NYSE
IESC,323.94,261341.0,84356875.0,82440551.0,5.49,-12.31,8.2,False,SHARE_VOLUME,"IES Holdings, Inc. - Common Stock",NASDAQ
AIZ,286.03,297505.0,84324502.0,76683052.0,1.56,2.44,7.2,False,SHARE_VOLUME|LOW_DAILY_RANGE,"Assurant, Inc. Common Stock",NYSE
DEO,87.22,931896.0,84223159.0,78663566.0,1.52,-4.13,4.94,False,SHARE_VOLUME|LOW_DAILY_RANGE,Diageo plc Common Stock,NYSE
CUBE,40.19,2091612.0,83491574.0,76495455.0,1.62,-1.87,1.29,False,LOW_DAILY_RANGE,CubeSmart Common Shares,NYSE
AIT,320.71,254290.0,83397189.0,72993063.0,2.22,-9.49,2.03,False,SHARE_VOLUME,"Applied Industrial Technologies, Inc. Common Stock",NYSE
DOC,20.3,4005567.0,83367697.0,82010956.0,1.82,-0.18,2.12,False,LOW_DAILY_RANGE,"Healthpeak Properties, Inc. Common Stock",NYSE
TTC,92.4,867317.0,83210666.0,76952965.0,2.59,-4.12,1.77,False,SHARE_VOLUME,Toro Company (The) Common Stock,NYSE
OHI,46.96,1776366.0,83178481.0,84528238.0,1.79,1.12,2.34,False,LOW_DAILY_RANGE,"Omega Healthcare Investors, Inc. Common Stock",NYSE
SPHR,145.31,562956.0,82722398.0,81028230.0,4.05,-11.52,7.83,False,SHARE_VOLUME,Sphere Entertainment Co. Class A Common Stock,NYSE
PCTY,147.42,547537.0,82656639.0,83044412.0,2.86,0.07,4.83,False,SHARE_VOLUME,Paylocity Holding Corporation - Common Stock,NASDAQ
MOG-A,365.57,219590.0,82630031.0,81862368.0,3.3,-16.48,3.36,False,SHARE_VOLUME,Moog Inc. Class A Common Stock,NYSE
UNF,267.95,297547.0,82616768.0,75381338.0,2.29,-6.35,1.44,False,SHARE_VOLUME,Unifirst Corporation Common Stock,NYSE
ONB,25.75,3218289.0,82518225.0,81935161.0,1.73,-2.85,1.87,False,LOW_DAILY_RANGE,Old National Bancorp - Common Stock,NASDAQ
WMS,127.94,614518.0,82422926.0,80282559.0,2.66,-11.08,6.19,False,SHARE_VOLUME,"Advanced Drainage Systems, Inc. Common Stock",NYSE
CCK,113.34,707225.0,81925518.0,80427761.0,1.73,-3.01,1.98,False,SHARE_VOLUME|LOW_DAILY_RANGE,"Crown Holdings, Inc.",NYSE
RNR,329.68,250074.0,81839110.0,75878489.0,1.62,2.92,2.04,False,SHARE_VOLUME|LOW_DAILY_RANGE,RenaissanceRe Holdings Ltd. Common Stock,NYSE
SITE,91.0,859151.0,81562127.0,68025093.0,3.04,-4.3,5.42,False,SHARE_VOLUME,"SiteOne Landscape Supply, Inc. Common Stock",NYSE
MYRG,276.97,276264.0,81472784.0,80078843.0,3.85,-14.49,5.64,False,SHARE_VOLUME,"MYR Group, Inc. - Common Stock",NASDAQ
ELS,61.02,1283929.0,80961547.0,76458538.0,1.45,-5.38,2.5,False,LOW_DAILY_RANGE,"Equity Lifestyle Properties, Inc. Common Stock",NYSE
AN,199.04,395686.0,80568265.0,75034067.0,2.81,1.09,2.5,False,SHARE_VOLUME,"AutoNation, Inc. Common Stock",NYSE
WPC,67.53,1146471.0,80517495.0,75234189.0,1.39,-4.95,1.28,False,LOW_DAILY_RANGE,W. P. Carey Inc. REIT,NYSE
FRMI,4.91,15104132.0,80383922.0,74464953.0,6.55,-14.46,21.09,False,PRICE,Fermi Inc. - Common Stock,NASDAQ
ACA,145.38,553167.0,80373728.0,80383449.0,0.2,0.02,0.3,False,SHARE_VOLUME|LOW_DAILY_RANGE,"Arcosa, Inc. Common Stock ",NYSE
RETO,9.02,16911456.0,80045532.0,271354.0,39.0,379.79,675.62,False,MEDIAN_DOLLAR_VOLUME,"ReTo Eco-Solutions, Inc. - Class A Shares",NASDAQ
SF,76.9,996687.0,79963229.0,78864203.0,2.17,-7.77,2.84,False,SHARE_VOLUME,Stifel Financial Corporation Common Stock,NYSE
MGM,38.75,1922892.0,79881099.0,81108392.0,1.95,-10.55,1.78,False,LOW_DAILY_RANGE,MGM Resorts International Common Stock,NYSE
KRYS,345.13,226429.0,79704832.0,76701374.0,3.03,3.7,4.23,False,SHARE_VOLUME,"Krystal Biotech, Inc. - Common Stock",NASDAQ
IBP,205.86,356412.0,79494576.0,68747567.0,4.01,-13.55,5.86,False,SHARE_VOLUME,"Installed Building Products, Inc. Common Stock",NYSE
CHDN,84.0,905070.0,79049522.0,75788116.0,3.21,-5.23,4.22,False,SHARE_VOLUME,"Churchill Downs, Incorporated - Common Stock",NASDAQ
FTFT,6.99,15935789.0,78729618.0,1106229.0,27.21,115.74,179.17,False,MEDIAN_DOLLAR_VOLUME,Future FinTech Group Inc. - Common Stock,NASDAQ
IMO,130.93,596282.0,78700770.0,72273991.0,2.22,-3.05,3.07,False,SHARE_VOLUME,Imperial Oil Limited Common Stock,NYSE American
L,108.69,714454.0,78140127.0,70817479.0,1.34,-3.29,1.48,False,SHARE_VOLUME|LOW_DAILY_RANGE,Loews Corporation Common Stock,NYSE
BPOP,163.32,466391.0,78037940.0,78975849.0,1.81,-6.49,2.0,False,SHARE_VOLUME|LOW_DAILY_RANGE,"Popular, Inc. - Common Stock",NASDAQ
CR,199.88,379821.0,77454458.0,73064859.0,2.8,-6.91,2.27,False,SHARE_VOLUME,Crane Company Common Stock,NYSE
UGI,38.36,2044428.0,77282892.0,68235020.0,1.97,0.93,9.4,False,LOW_DAILY_RANGE,UGI Corporation Common Stock,NYSE
SPXC,181.35,396288.0,77212717.0,74220223.0,3.23,-14.73,2.6,False,SHARE_VOLUME,"SPX Technologies, Inc. Common Stock",NYSE
SOLV,90.8,853193.0,77074634.0,74209643.0,2.22,3.83,2.71,False,SHARE_VOLUME,Solventum Corporation Common Stock,NYSE
HSIC,87.89,863849.0,76875012.0,71054830.0,1.76,-1.5,2.11,False,SHARE_VOLUME|LOW_DAILY_RANGE,"Henry Schein, Inc. - Common Stock",NASDAQ
AMR,193.75,359666.0,76788112.0,75487070.0,5.54,14.35,14.74,False,SHARE_VOLUME,"Alpha Metallurgical Resources, Inc. Common Stock",NYSE
LFUS,404.32,186197.0,76614143.0,75604042.0,3.18,-7.41,4.57,False,SHARE_VOLUME,"Littelfuse, Inc. - Common Stock",NASDAQ
TIGO,95.94,813439.0,76496398.0,78929994.0,2.48,10.04,13.64,False,SHARE_VOLUME,Millicom International Cellular S.A. - Common Stock,NASDAQ
TFX,129.7,560320.0,76403225.0,74538696.0,2.99,-1.68,2.99,False,SHARE_VOLUME,Teleflex Incorporated Common Stock,NYSE
JXN,139.79,565138.0,76085322.0,75641378.0,2.3,4.33,3.25,False,SHARE_VOLUME,Jackson Financial Inc. Class A Common Stock ,NYSE
PTGX,143.36,511092.0,75804285.0,77559039.0,3.73,-8.89,6.45,False,SHARE_VOLUME,"Protagonist Therapeutics, Inc. - Common Stock",NASDAQ
TXNM,58.35,1309748.0,75730072.0,64947696.0,0.53,1.5,0.9,False,LOW_DAILY_RANGE,"TXNM Energy, Inc. Common Stock",NYSE
CZR,29.69,2549122.0,75632000.0,72219107.0,0.28,0.22,0.4,False,LOW_DAILY_RANGE,"Caesars Entertainment, Inc. - Common Stock",NASDAQ
QS,4.99,13439186.0,75429278.0,62330404.0,4.18,-13.28,9.95,False,PRICE,QuantumScape Corporation - Common Stock,NASDAQ
VCTR,104.92,666304.0,75416306.0,64904651.0,3.43,-10.51,6.82,False,SHARE_VOLUME,"Victory Capital Holdings, Inc. - Common Stock",NASDAQ
CFR,161.3,463118.0,75102280.0,77311437.0,1.85,-2.99,2.11,False,SHARE_VOLUME|LOW_DAILY_RANGE,"Cullen/Frost Bankers, Inc. Common Stock",NYSE
SQM,69.77,988434.0,75017933.0,70969578.0,3.1,-4.52,4.47,False,SHARE_VOLUME,Sociedad Quimica y Minera S.A. Common Stock,NYSE
CINF,172.05,438754.0,74922492.0,72355851.0,1.45,0.41,1.76,False,SHARE_VOLUME|LOW_DAILY_RANGE,Cincinnati Financial Corporation - Common Stock,NASDAQ
ORKA,94.56,766965.0,74727166.0,64103571.0,5.37,-16.38,6.4,False,SHARE_VOLUME,"Oruka Therapeutics, Inc. - Common Stock",NASDAQ
ENVA,173.07,345970.0,74340984.0,51949888.0,3.39,-33.94,2.77,False,SHARE_VOLUME,"Enova International, Inc. Common Stock",NYSE
BRX,28.33,2555398.0,74217084.0,70476616.0,1.31,-4.36,1.28,False,LOW_DAILY_RANGE,Brixmor Property Group Inc. Common Stock,NYSE
KYMR,116.8,621818.0,74131302.0,70293826.0,4.19,-3.77,4.89,False,SHARE_VOLUME,"Kymera Therapeutics, Inc. - Common Stock",NASDAQ
FRT,113.6,636347.0,74095847.0,66433066.0,1.25,-3.3,1.43,False,SHARE_VOLUME|LOW_DAILY_RANGE,Federal Realty Investment Trust Common Stock,NYSE
SEB,4324.27,17575.0,74088995.0,67114775.0,3.23,-3.71,5.45,False,SHARE_VOLUME,Seaboard Corporation Common Stock,NYSE American
DB,38.85,1866890.0,74005582.0,68127042.0,1.31,1.98,3.05,False,LOW_DAILY_RANGE,Deutsche Bank AG Common Stock,NYSE
FER,55.35,1258900.0,73920595.0,70568951.0,1.23,-12.7,2.05,False,LOW_DAILY_RANGE,Ferrovial N.V. - Ordinary Shares,NASDAQ
ERIE,245.69,288445.0,73861032.0,53454972.0,2.99,-4.38,4.06,False,SHARE_VOLUME,Erie Indemnity Company - Class A Common Stock,NASDAQ
SEIC,105.72,672985.0,73358162.0,72320181.0,1.6,-1.12,2.14,False,SHARE_VOLUME|LOW_DAILY_RANGE,SEI Investments Company - Common Stock,NASDAQ
BIAF,6.09,7407356.0,73232936.0,2024192.0,18.9,-14.24,47.95,False,MEDIAN_DOLLAR_VOLUME,"bioAffinity Technologies, Inc. - Common Stock",NASDAQ
BTE,4.94,14966271.0,73190810.0,69038998.0,3.16,5.89,4.78,False,PRICE,Baytex Energy Corp Common Shares,NYSE
HRI,143.25,498864.0,73082789.0,63428506.0,4.8,-13.7,3.8,False,SHARE_VOLUME,Herc Holdings Inc. Common Stock ,NYSE
CHEF,111.23,649208.0,72468146.0,61369163.0,3.57,2.71,4.48,False,SHARE_VOLUME,"The Chefs' Warehouse, Inc. - Common Stock",NASDAQ
VMI,478.06,152154.0,72437972.0,68395478.0,2.33,-1.91,2.41,False,SHARE_VOLUME,"Valmont Industries, Inc. Common Stock",NYSE
OSIS,203.91,350014.0,72187377.0,55573341.0,3.37,-6.77,3.42,False,SHARE_VOLUME,"OSI Systems, Inc. - Common Stock",NASDAQ
CALM,75.12,917506.0,72138070.0,57975827.0,2.94,-7.48,2.33,False,SHARE_VOLUME,"Cal-Maine Foods, Inc. - Common Stock",NASDAQ
DBRG,15.88,4512837.0,71866374.0,53538998.0,0.21,-0.19,0.38,False,LOW_DAILY_RANGE,"DigitalBridge Group, Inc.",NYSE
LOGI,100.83,719482.0,71386903.0,74111825.0,2.14,2.56,3.26,False,SHARE_VOLUME,Logitech International S.A. - Registered Shares,NASDAQ
POST,79.31,872847.0,71081787.0,71152590.0,2.89,-0.64,4.74,False,SHARE_VOLUME,"Post Holdings, Inc. Common Stock",NYSE
LEA,125.53,560829.0,70851629.0,65132659.0,2.55,1.94,4.18,False,SHARE_VOLUME,Lear Corporation Common Stock,NYSE
APPF,222.22,318342.0,70743419.0,73328126.0,3.65,8.96,6.42,False,SHARE_VOLUME,"AppFolio, Inc. - Class A Common Stock",NASDAQ
EXP,183.56,365750.0,70549254.0,68722546.0,2.46,-8.31,2.95,False,SHARE_VOLUME,Eagle Materials Inc Common Stock,NYSE
CELC,82.7,783130.0,70509133.0,68423087.0,3.98,-11.3,6.24,False,SHARE_VOLUME,Celcuity Inc. - Common Stock,NASDAQ
MRCY,86.89,799267.0,70466221.0,55231538.0,4.87,-17.25,7.38,False,SHARE_VOLUME,Mercury Systems Inc - Common Stock,NASDAQ
BCE,22.5,3043578.0,70414813.0,62377895.0,1.59,-2.37,3.68,False,LOW_DAILY_RANGE,"BCE, Inc. Common Stock",NYSE
HEI-A,226.32,287393.0,69823042.0,62988324.0,2.72,-15.8,2.83,False,SHARE_VOLUME,Heico Corporation Common Stock,NYSE
GL,175.49,404168.0,69773375.0,67923613.0,2.0,-1.45,1.92,False,SHARE_VOLUME|LOW_DAILY_RANGE,Globe Life Inc. Common Stock,NYSE
RGA,249.96,282058.0,69705103.0,67422285.0,1.65,2.26,4.24,False,SHARE_VOLUME|LOW_DAILY_RANGE,"Reinsurance Group of America, Incorporated Common Stock",NYSE
EGP,199.65,348243.0,69508011.0,67850597.0,1.35,-1.25,1.06,False,SHARE_VOLUME|LOW_DAILY_RANGE,"EastGroup Properties, Inc. Common Stock",NYSE
CHE,510.17,132379.0,69457446.0,67757766.0,2.6,-3.6,1.71,False,SHARE_VOLUME,Chemed Corp,NYSE
OSK,146.24,454481.0,69159952.0,66881999.0,3.03,-0.98,3.53,False,SHARE_VOLUME,Oshkosh Corporation (Holding Company)Common Stock,NYSE
LAD,345.61,186464.0,68593076.0,65226261.0,2.87,-3.07,4.2,False,SHARE_VOLUME,"Lithia Motors, Inc. Common Stock",NYSE
SYNA,96.98,701961.0,67592649.0,64311098.0,3.49,-7.49,8.09,False,SHARE_VOLUME,Synaptics Incorporated - Common Stock,NASDAQ
HXL,92.49,725446.0,67291468.0,69046096.0,2.46,-8.59,3.25,False,SHARE_VOLUME,Hexcel Corporation Common Stock,NYSE
ALV,116.39,551743.0,66942223.0,66879382.0,1.88,-2.54,3.2,False,SHARE_VOLUME|LOW_DAILY_RANGE,"Autoliv, Inc. Common Stock",NYSE
RHP,122.27,532626.0,66892116.0,64881634.0,2.21,-3.03,2.05,False,SHARE_VOLUME,"Ryman Hospitality Properties, Inc. (REIT)",NYSE
UMBF,138.01,471380.0,66794014.0,63315748.0,1.96,-7.65,2.87,False,SHARE_VOLUME|LOW_DAILY_RANGE,UMB Financial Corporation - Common Stock,NASDAQ
HAE,105.6,632358.0,66575624.0,62704527.0,2.43,0.91,15.93,False,SHARE_VOLUME,Haemonetics Corporation Common Stock,NYSE
SLAB,220.15,302934.0,66417186.0,70110731.0,0.5,0.53,0.54,False,SHARE_VOLUME|LOW_DAILY_RANGE,"Silicon Laboratories, Inc. - Common Stock",NASDAQ
EMN,66.06,950279.0,66360843.0,63508426.0,2.36,-8.36,2.96,False,SHARE_VOLUME,Eastman Chemical Company Common Stock,NYSE
BYD,76.51,847714.0,66133345.0,66273305.0,1.82,-7.0,1.42,False,SHARE_VOLUME|LOW_DAILY_RANGE,Boyd Gaming Corporation Common Stock,NYSE
OGE,46.21,1417256.0,65735954.0,63783753.0,1.58,-1.81,1.33,False,LOW_DAILY_RANGE,OGE Energy Corp Common Stock,NYSE
TM,194.71,336585.0,65566401.0,62994673.0,1.12,3.43,2.97,False,SHARE_VOLUME|LOW_DAILY_RANGE,Toyota Motor Corporation Common Stock,NYSE
MSM,120.72,548180.0,65517400.0,68395868.0,2.35,-1.53,3.52,False,SHARE_VOLUME,"MSC Industrial Direct Company, Inc. Common Stock",NYSE
CVLT,143.07,484719.0,65392732.0,65255658.0,3.63,0.19,7.8,False,SHARE_VOLUME,"Commvault Systems, Inc. - Common Stock",NASDAQ
KNSL,361.53,173575.0,65274992.0,59436356.0,2.21,-2.94,3.12,False,SHARE_VOLUME,"Kinsale Capital Group, Inc. Common Stock",NYSE
SAIC,133.46,503846.0,64552860.0,54634003.0,3.62,5.97,3.31,False,SHARE_VOLUME,Science Applications International Corporation - Common Stock,NASDAQ
VEEA,5.55,12262844.0,64457418.0,104316.0,16.13,99.64,149.34,False,MEDIAN_DOLLAR_VOLUME,Veea Inc. - Common Stock,NASDAQ
MUFG,23.56,2797581.0,64354777.0,59261895.0,1.28,3.7,3.03,False,LOW_DAILY_RANGE,"Mitsubishi UFJ Financial Group, Inc. Common Stock",NYSE
PJT,157.93,368288.0,64174967.0,63821622.0,3.29,-6.82,4.85,False,SHARE_VOLUME,PJT Partners Inc. Class A Common Stock,NYSE
MTRN,250.26,265489.0,64158087.0,63025580.0,4.36,-5.16,30.81,False,SHARE_VOLUME,Materion Corporation,NYSE
AMH,31.65,1968993.0,64120727.0,64647548.0,1.45,-5.01,1.96,False,LOW_DAILY_RANGE,American Homes 4 Rent Common Shares of Beneficial Interest,NYSE
LAMR,148.67,424795.0,63994114.0,62373762.0,1.54,-2.01,1.49,False,SHARE_VOLUME|LOW_DAILY_RANGE,Lamar Advertising Company - Class A Common Stock,NASDAQ
PARR,85.75,799642.0,63801420.0,62586582.0,5.72,6.51,9.08,False,SHARE_VOLUME,"Par Pacific Holdings, Inc.  Common Stock",NYSE
SSB,105.6,598690.0,63506933.0,51103118.0,1.62,-4.08,2.21,False,SHARE_VOLUME|LOW_DAILY_RANGE,SouthState Bank Corporation Common Stock,NYSE
OLED,77.29,763437.0,63364919.0,61340404.0,3.83,-8.48,5.51,False,SHARE_VOLUME,Universal Display Corporation - Common Stock,NASDAQ
IDA,132.82,463720.0,63275670.0,58908110.0,1.74,-6.48,1.61,False,SHARE_VOLUME|LOW_DAILY_RANGE,"IDACORP, Inc. Common Stock",NYSE
WTS,353.62,173944.0,63052725.0,60967968.0,2.08,-5.74,4.01,False,SHARE_VOLUME,"Watts Water Technologies, Inc. Class A Common Stock",NYSE
ATKR,94.53,671459.0,63007613.0,58569249.0,0.27,1.17,0.51,False,SHARE_VOLUME|LOW_DAILY_RANGE,Atkore Inc. Common Stock,NYSE
AYI,304.19,193061.0,63000102.0,53881798.0,2.39,-11.98,3.01,False,SHARE_VOLUME,Acuity Inc. Common Stock,NYSE
WK,74.75,831872.0,62974619.0,64172717.0,3.44,6.64,8.34,False,SHARE_VOLUME,Workiva Inc. Class A Common Stock,NYSE
DNTH,104.3,578012.0,62617817.0,61680907.0,4.2,-9.73,5.8,False,SHARE_VOLUME,"Dianthus Therapeutics, Inc. - Common Stock",NASDAQ
IDCC,331.47,184228.0,62305062.0,60387017.0,3.14,-1.28,4.92,False,SHARE_VOLUME,"InterDigital, Inc. - Common Stock",NASDAQ
WTFC,151.05,409563.0,62281998.0,61839810.0,1.78,-4.92,2.34,False,SHARE_VOLUME|LOW_DAILY_RANGE,Wintrust Financial Corporation - Common Stock,NASDAQ
MEDS,6.69,12174155.0,62147293.0,125338.0,25.09,384.93,313.09,False,MEDIAN_DOLLAR_VOLUME,"DataMeds AI, Inc. - Common Stock",NASDAQ
PAG,215.72,285451.0,62023599.0,58333661.0,1.15,-0.23,1.21,False,SHARE_VOLUME|LOW_DAILY_RANGE,"Penske Automotive Group, Inc. Common Stock",NYSE
DX,12.22,4815214.0,61521361.0,61477814.0,1.35,-6.12,1.17,False,LOW_DAILY_RANGE,"Dynex Capital, Inc. Common Stock",NYSE
VSEC,186.27,298456.0,61250671.0,58898053.0,4.25,-20.91,9.31,False,SHARE_VOLUME,VSE Corporation - Common Stock,NASDAQ
INSW,111.06,619419.0,61230074.0,54904787.0,3.2,18.15,5.97,False,SHARE_VOLUME,"International Seaways, Inc. Common Stock ",NYSE
TARS,79.36,764873.0,60744951.0,46507890.0,4.1,11.73,11.76,False,SHARE_VOLUME,"Tarsus Pharmaceuticals, Inc. - Common Stock",NASDAQ
CACC,610.03,101512.0,60687088.0,57703860.0,2.3,6.92,2.59,False,SHARE_VOLUME,Credit Acceptance Corporation - Common Stock,NASDAQ
DLB,60.19,962241.0,60468440.0,62366767.0,2.79,-1.49,2.97,False,SHARE_VOLUME,Dolby Laboratories Common Stock,NYSE
ESAB,68.39,808595.0,60452059.0,59606288.0,3.28,-13.39,3.59,False,SHARE_VOLUME,ESAB Corporation Common Stock,NYSE
IRTC,113.26,500237.0,60068371.0,56456415.0,4.11,-1.72,8.25,False,SHARE_VOLUME,"iRhythm Holdings, Inc.  - Common Stock",NASDAQ
DAIC,2.11,17278696.0,59840416.0,4633058.0,27.78,230.2,306.1,False,PRICE|MEDIAN_DOLLAR_VOLUME,"CID HoldCo, Inc. - Common Stock",NASDAQ
R,238.73,243336.0,59730106.0,58754226.0,2.04,-7.51,1.69,False,SHARE_VOLUME,"Ryder System, Inc. Common Stock",NYSE
DCI,87.52,653946.0,59629812.0,55019484.0,2.08,-6.86,2.12,False,SHARE_VOLUME,"Donaldson Company, Inc. Common Stock",NYSE
PI,181.72,349565.0,59389878.0,61164517.0,5.15,8.12,6.66,False,SHARE_VOLUME,"Impinj, Inc. - Common Stock",NASDAQ
TMDX,87.6,675382.0,59335326.0,54664196.0,4.8,-3.41,5.39,False,SHARE_VOLUME,"TransMedics Group, Inc. - Common Stock",NASDAQ
CBZ,54.62,1083932.0,59229623.0,48589824.0,0.47,-0.2,0.83,False,LOW_DAILY_RANGE,"CBIZ, Inc. Common Stock",NYSE
BH,353.68,156493.0,59170328.0,43912705.0,4.73,-7.73,3.05,False,SHARE_VOLUME,Biglari Holdings Inc. Class B Common Stock,NYSE
STWD,15.22,3729163.0,59157856.0,60213161.0,1.66,-6.31,3.26,False,LOW_DAILY_RANGE,"STARWOOD PROPERTY TRUST, INC. Starwood Property Trust Inc.",NYSE
MIDD,113.33,529216.0,58908916.0,57690889.0,2.61,-0.58,2.63,False,SHARE_VOLUME,The Middleby Corporation - Common Stock,NASDAQ
JBTM,112.94,509542.0,58899295.0,54275967.0,2.92,-1.99,2.48,False,SHARE_VOLUME,JBT Marel Corporation Common Stock,NYSE
PTCT,67.19,843211.0,58748805.0,55092049.0,2.9,-7.49,3.47,False,SHARE_VOLUME,"PTC Therapeutics, Inc. - Common Stock",NASDAQ
FNB,18.23,3205479.0,58695350.0,58793846.0,1.65,-4.5,2.29,False,LOW_DAILY_RANGE,F.N.B. Corporation Common Stock,NYSE
THG,232.75,259126.0,58585949.0,53136518.0,1.8,5.21,2.37,False,SHARE_VOLUME|LOW_DAILY_RANGE,Hanover Insurance Group Inc,NYSE
SCI,81.08,713285.0,58426104.0,53887845.0,1.83,-1.11,3.11,False,SHARE_VOLUME|LOW_DAILY_RANGE,Service Corporation International Common Stock,NYSE
ACMR,65.31,796346.0,58396347.0,54339320.0,5.4,-22.6,7.23,False,SHARE_VOLUME,"ACM Research, Inc. - Class A Common Stock",NASDAQ
DSGX,78.94,743714.0,58205662.0,48093674.0,3.77,4.88,6.62,False,SHARE_VOLUME,The Descartes Systems Group Inc. - Common Stock,NASDAQ
UCTT,67.55,810141.0,57964012.0,53658048.0,5.39,-17.44,8.77,False,SHARE_VOLUME,"Ultra Clean Holdings, Inc. - Common Stock",NASDAQ
STNG,86.39,712395.0,57878556.0,55988800.0,2.5,8.89,3.46,False,SHARE_VOLUME,Scorpio Tankers Inc. Common Shares,NYSE
MORN,202.46,276293.0,57840601.0,56764739.0,3.24,-3.01,5.56,False,SHARE_VOLUME,"Morningstar, Inc. - Common Stock",NASDAQ
MANE,102.39,569078.0,57781424.0,59033038.0,5.28,-8.02,5.4,False,SHARE_VOLUME,"Veradermics, Incorporated Common Stock",NYSE
ING,36.83,1606196.0,57773020.0,57986184.0,1.02,3.79,3.18,False,LOW_DAILY_RANGE,"ING Group, N.V. Common Stock",NYSE
LSTR,169.72,324232.0,57687798.0,52052603.0,2.74,-8.83,4.56,False,SHARE_VOLUME,"Landstar System, Inc. - Common Stock",NASDAQ
RZLV,2.24,21938543.0,57316192.0,31195758.0,5.23,-8.57,21.81,False,PRICE,Rezolve AI PLC - Ordinary Shares,NASDAQ
NXST,167.02,322669.0,57190841.0,56247126.0,3.29,-8.51,3.09,False,SHARE_VOLUME,"Nexstar Media Group, Inc. - Common Stock",NASDAQ
HCC,93.65,553884.0,56973942.0,53052499.0,4.33,-4.18,7.48,False,SHARE_VOLUME,"Warrior Met Coal, Inc. Common Stock",NYSE
TEX,59.86,909823.0,56868809.0,54958862.0,3.49,-7.09,4.25,False,SHARE_VOLUME,Terex Corporation Common Stock,NYSE
INGR,99.3,552956.0,56832306.0,59586438.0,1.75,-5.83,1.8,False,SHARE_VOLUME|LOW_DAILY_RANGE,Ingredion Incorporated Common Stock,NYSE
MATX,235.96,251673.0,56780040.0,53900311.0,2.3,8.1,4.91,False,SHARE_VOLUME,"Matson, Inc. Common Stock",NYSE
LCID,4.03,11814804.0,56686408.0,51063230.0,6.76,-30.24,4.18,False,PRICE,"Lucid Group, Inc. - Common Stock",NASDAQ
AXTA,33.51,1584651.0,55999490.0,51512780.0,1.95,-5.38,2.4,False,LOW_DAILY_RANGE,Axalta Coating Systems Ltd. Common Shares,NYSE
HR,18.63,2921424.0,55864567.0,51962048.0,1.5,-2.51,1.68,False,LOW_DAILY_RANGE,Healthcare Realty Trust Incorporated Common Stock,NYSE
GRAL,76.83,713048.0,55672582.0,50380965.0,5.63,8.39,9.59,False,SHARE_VOLUME,"GRAIL, Inc. - Common Stock",NASDAQ
AWI,160.57,324540.0,55608942.0,53386989.0,2.19,-9.36,1.83,False,SHARE_VOLUME,Armstrong World Industries Inc Common Stock,NYSE
TDW,90.38,593494.0,55486862.0,54960424.0,3.75,-3.99,8.2,False,SHARE_VOLUME,Tidewater Inc. Common Stock,NYSE
AXS,99.67,557072.0,55389362.0,54629911.0,1.7,-1.07,1.79,False,SHARE_VOLUME|LOW_DAILY_RANGE,Axis Capital Holdings Limited Common Stock,NYSE
BKH,70.58,762222.0,55198592.0,52885768.0,1.79,-3.51,2.61,False,SHARE_VOLUME|LOW_DAILY_RANGE,Black Hills Corporation Common Stock,NYSE
GPI,267.98,198330.0,54918130.0,48429349.0,3.47,7.41,5.78,False,SHARE_VOLUME,"Group 1 Automotive, Inc. Common Stock",NYSE
SNN,27.99,1915484.0,54840915.0,46707468.0,1.79,-7.29,3.27,False,LOW_DAILY_RANGE,"Smith & Nephew SNATS, Inc. Common Stock",NYSE
NNN,42.26,1222263.0,54824262.0,55129196.0,1.53,-7.79,1.11,False,LOW_DAILY_RANGE,"NNN REIT, Inc. Common Stock",NYSE
PB,71.14,759185.0,54247148.0,55133937.0,1.62,-3.47,1.97,False,SHARE_VOLUME|LOW_DAILY_RANGE,"Prosperity Bancshares, Inc. Common Stock",NYSE
ELVN,49.78,930641.0,53743804.0,54900357.0,3.78,-17.13,2.22,False,SHARE_VOLUME,"Enliven Therapeutics, Inc.  - Common Stock",NASDAQ
ESE,262.03,196129.0,53663963.0,55009873.0,2.9,-14.5,2.61,False,SHARE_VOLUME,ESCO Technologies Inc. Common Stock,NYSE
EPRT,27.23,1802446.0,53642411.0,39988832.0,1.65,-11.61,1.9,False,LOW_DAILY_RANGE,"Essential Properties Realty Trust, Inc. Common Stock",NYSE
BLLN,105.3,550369.0,53532637.0,50840928.0,4.8,19.67,5.63,False,SHARE_VOLUME,"BillionToOne, Inc. - Class A common stock",NASDAQ
HIVE,2.93,18006369.0,53463688.0,39862332.0,6.32,5.58,14.13,False,PRICE,HIVE Digital Technologies Ltd - Common Shares,NASDAQ
ENSG,176.88,306017.0,53440028.0,50494323.0,2.19,-3.07,2.39,False,SHARE_VOLUME,"The Ensign Group, Inc. - Common Stock",NASDAQ
KNF,56.9,864358.0,53439867.0,49697016.0,3.24,-13.06,3.36,False,SHARE_VOLUME,Knife Riv Holding Co. Common Stock,NYSE
AMC,2.67,20695136.0,53391546.0,46560957.0,6.0,12.36,5.88,False,PRICE,"AMC Entertainment Holdings, Inc. Class A Common Stock",NYSE
RXRX,3.26,15622105.0,53291425.0,47279073.0,5.54,5.34,13.27,False,PRICE,"Recursion Pharmaceuticals, Inc. - Class A Common Stock",NASDAQ
STAG,37.23,1431446.0,53185031.0,51551929.0,1.3,1.78,1.36,False,LOW_DAILY_RANGE,"Stag Industrial, Inc. Common Stock",NYSE
MMSI,87.03,596015.0,53174280.0,51395014.0,2.17,-2.5,3.05,False,SHARE_VOLUME,"Merit Medical Systems, Inc. - Common Stock",NASDAQ
RYTM,99.17,503260.0,53151550.0,47999328.0,3.95,-13.95,4.66,False,SHARE_VOLUME,"Rhythm Pharmaceuticals, Inc. - Common Stock",NASDAQ
SDOT,12.13,2820652.0,53016631.0,1596501.0,17.0,19.51,75.72,False,MEDIAN_DOLLAR_VOLUME,Sadot Group Inc. - Common Stock,NASDAQ
ECG,112.19,448173.0,52841813.0,49618225.0,4.12,-13.16,4.1,False,SHARE_VOLUME,"Everus Construction Group, Inc. Common Stock",NYSE
VAC,101.79,495085.0,52698540.0,49415437.0,3.68,-11.52,22.62,False,SHARE_VOLUME,Marriott Vacations Worldwide Corporation Common Stock,NYSE
KLIC,80.63,636514.0,52612915.0,48939048.0,3.52,-12.42,5.23,False,SHARE_VOLUME,"Kulicke and Soffa Industries, Inc. - Common Stock",NASDAQ
FLG,12.89,3932613.0,52440945.0,51278228.0,1.82,-6.7,3.29,False,LOW_DAILY_RANGE,"Flagstar Bank, N.A. Common Stock",NYSE
BFAM,69.46,744868.0,52195088.0,52724156.0,3.09,-4.22,3.17,False,SHARE_VOLUME,Bright Horizons Family Solutions Inc. Common Stock,NYSE
OMF,61.67,829090.0,52140690.0,51888039.0,2.15,-4.73,3.32,False,SHARE_VOLUME,"OneMain Holdings, Inc. Common Stock",NYSE
MRX,70.76,709587.0,52081470.0,46799734.0,4.4,-1.34,18.69,False,SHARE_VOLUME,Marex Group Limited - Ordinary Shares,NASDAQ
LGND,275.2,182229.0,51947721.0,51250873.0,2.89,-4.31,2.18,False,SHARE_VOLUME,Ligand Pharmaceuticals Incorporated - Common Stock,NASDAQ
ASB,30.26,1704325.0,51888089.0,52700476.0,1.64,-3.7,2.27,False,LOW_DAILY_RANGE,Associated Banc-Corp Common Stock,NYSE
INOD,54.46,906273.0,51671662.0,49091492.0,4.56,-11.62,6.07,False,SHARE_VOLUME,Innodata Inc. - Common Stock,NASDAQ
ESLT,739.46,71472.0,51642247.0,48646100.0,1.87,-7.07,1.77,False,SHARE_VOLUME|LOW_DAILY_RANGE,Elbit Systems Ltd. - Ordinary Shares,NASDAQ
BTBT,1.47,33350540.0,51576421.0,44734700.0,8.37,1.03,17.27,False,PRICE,"Bit Digital, Inc. - Ordinary Share",NASDAQ
CBSH,58.14,886019.0,51493068.0,49191783.0,1.46,-1.92,1.44,False,SHARE_VOLUME|LOW_DAILY_RANGE,"Commerce Bancshares, Inc. - Common Stock",NASDAQ
ARR,14.98,3251780.0,51383153.0,51353242.0,1.46,-7.08,1.36,False,LOW_DAILY_RANGE,"ARMOUR Residential REIT, Inc.",NYSE
HLNE,93.04,502159.0,51360561.0,49686259.0,3.34,-7.97,4.46,False,SHARE_VOLUME,Hamilton Lane Incorporated - Class A Common Stock,NASDAQ
HESM,39.92,1288704.0,51340580.0,46442000.0,1.96,-0.37,2.66,False,LOW_DAILY_RANGE,Hess Midstream LP Class A Representing Limited Partner Interests,NYSE
MTG,29.42,1668276.0,51260422.0,46947303.0,1.63,-5.46,1.39,False,LOW_DAILY_RANGE,MGIC Investment Corporation Common Stock,NYSE
CNO,56.1,929428.0,50978600.0,44933745.0,1.81,3.25,2.53,False,SHARE_VOLUME|LOW_DAILY_RANGE,"CNO Financial Group, Inc. Common Stock",NYSE
CHH,99.49,495119.0,50901961.0,47219160.0,2.93,-7.17,2.93,False,SHARE_VOLUME,"Choice Hotels International, Inc. Common Stock",NYSE
BC,70.13,676135.0,50612342.0,51283888.0,3.17,-12.96,2.3,False,SHARE_VOLUME,Brunswick Corporation Common Stock,NYSE
CGON,73.69,667083.0,50465040.0,51391982.0,3.62,-3.4,5.75,False,SHARE_VOLUME,"CG Oncology, Inc. - Common stock",NASDAQ
CAMT,136.98,356421.0,50317412.0,42554464.0,4.22,-12.11,5.95,False,SHARE_VOLUME,Camtek Ltd. - Ordinary Shares,NASDAQ
TNK,102.27,545118.0,50298244.0,46111421.0,3.54,14.78,6.01,False,SHARE_VOLUME,Teekay Tankers Ltd.,NYSE
GIL,47.15,975290.0,50264986.0,49180536.0,2.87,-15.06,4.31,False,SHARE_VOLUME,"Gildan Activewear, Inc. Class A Sub. Vot. Common Stock",NYSE
XPON,4.82,7210751.0,50233664.0,814990.0,17.03,16.25,80.49,False,PRICE|MEDIAN_DOLLAR_VOLUME,"Expion Energy, Inc. - Common Stock",NASDAQ
CVCO,543.73,89736.0,50219280.0,47208652.0,2.68,-7.02,3.74,False,SHARE_VOLUME,"Cavco Industries, Inc. - Common Stock",NASDAQ
SNEX,67.5,731534.0,50074834.0,46305188.0,2.99,1.66,5.2,False,SHARE_VOLUME,StoneX Group Inc. - Common Stock,NASDAQ
FAF,72.03,683233.0,49932874.0,48913561.0,2.22,-0.58,3.32,False,SHARE_VOLUME,First American Corporation (New) Common Stock,NYSE
PLXS,245.32,205250.0,49811800.0,51838713.0,2.83,-3.09,3.4,False,SHARE_VOLUME,Plexus Corp. - Common Stock,NASDAQ
RDNT,77.02,659433.0,49682686.0,40888544.0,3.35,4.32,6.76,False,SHARE_VOLUME,"RadNet, Inc. - Common Stock",NASDAQ
WLK,71.37,669380.0,49662252.0,50618642.0,3.09,-7.29,2.75,False,SHARE_VOLUME,Westlake Corporation Common Stock,NYSE
ROAD,96.77,467350.0,49267243.0,46090894.0,3.74,-14.77,19.55,False,SHARE_VOLUME,"Construction Partners, Inc. - Common Stock",NASDAQ
HWC,75.9,657301.0,49199538.0,47369100.0,1.79,-2.36,2.18,False,SHARE_VOLUME|LOW_DAILY_RANGE,Hancock Whitney Corporation - Common Stock,NASDAQ
PRI,294.82,166713.0,49016353.0,49703982.0,1.68,-3.96,1.82,False,SHARE_VOLUME|LOW_DAILY_RANGE,"Primerica, Inc. Common Stock",NYSE
KEX,139.25,350229.0,48881926.0,51238119.0,2.13,-0.35,2.47,False,SHARE_VOLUME,Kirby Corporation Common Stock,NYSE
IMAX,52.06,928196.0,48769808.0,45351595.0,3.33,2.98,6.25,False,SHARE_VOLUME,Imax Corporation Common Stock,NYSE
MIRM,98.32,495865.0,48732522.0,45954287.0,3.75,-2.53,6.94,False,SHARE_VOLUME,"Mirum Pharmaceuticals, Inc. - common stock",NASDAQ
PAGP,27.69,1755326.0,48670180.0,47734256.0,1.9,5.29,3.57,False,LOW_DAILY_RANGE,"Plains GP Holdings, L.P. - Class A Shares representing limited partner interests",NASDAQ
XMTR,93.26,547677.0,48557313.0,40245607.0,4.71,8.5,9.29,False,SHARE_VOLUME,"Xometry, Inc. - Class A Common Stock",NASDAQ
SKY,86.52,550812.0,48553607.0,39251612.0,3.04,-4.78,10.68,False,SHARE_VOLUME,"Champion Homes, Inc. Common Stock",NYSE
KRG,25.74,1855408.0,48397122.0,45315987.0,1.29,-2.65,1.24,False,LOW_DAILY_RANGE,Kite Realty Group Trust Common Stock,NYSE
PBA,47.71,1009903.0,48387233.0,42473220.0,1.77,-2.26,1.8,False,LOW_DAILY_RANGE,Pembina Pipeline Corp. Ordinary Shares (Canada),NYSE
BFH,107.98,453715.0,48385758.0,45576214.0,3.31,-2.6,4.34,False,SHARE_VOLUME,"Bread Financial Holdings, Inc. Common Stock",NYSE
FCN,146.8,318350.0,48320110.0,47961282.0,2.25,-3.07,2.25,False,SHARE_VOLUME,"FTI Consulting, Inc. Common Stock",NYSE
ATRC,56.77,931284.0,48306229.0,42815958.0,3.71,24.06,7.5,False,SHARE_VOLUME,"AtriCure, Inc. - Common Stock",NASDAQ
MEOH,63.64,790870.0,48275938.0,42938348.0,3.62,10.58,4.7,False,SHARE_VOLUME,Methanex Corporation - Common Stock,NASDAQ
BBAI,2.82,15991820.0,48077199.0,46899757.0,4.15,-9.78,8.64,False,PRICE,"BigBear.ai, Inc. Common Stock",NYSE
KTB,69.15,656316.0,47970267.0,46856710.0,3.44,-15.37,8.86,False,SHARE_VOLUME,"Kontoor Brands, Inc. Common Stock ",NYSE
DIOD,92.54,526763.0,47965857.0,47638611.0,4.44,-6.62,15.34,False,SHARE_VOLUME,Diodes Incorporated - Common Stock,NASDAQ
KAI,272.7,164343.0,47942613.0,43879019.0,3.29,-11.93,2.69,False,SHARE_VOLUME,Kadant Inc Common Stock,NYSE
STEP,49.47,957255.0,47929544.0,45800982.0,3.61,2.72,8.02,False,SHARE_VOLUME,StepStone Group Inc. - Class A Common Stock,NASDAQ
IRT,15.15,3036476.0,47767018.0,36034761.0,1.97,-7.48,1.75,False,LOW_DAILY_RANGE,"Independence Realty Trust, Inc. Common Stock",NYSE
LRN,83.47,566286.0,47683996.0,42943112.0,2.45,-0.34,6.46,False,SHARE_VOLUME,"Stride, Inc. Common Stock",NYSE
CECO,69.86,654950.0,47587509.0,49279596.0,5.16,-8.73,6.79,False,SHARE_VOLUME,CECO Environmental Corp. - Common Stock,NASDAQ
GSAT,82.07,577811.0,47359240.0,45751340.0,0.77,-0.98,0.78,False,SHARE_VOLUME|LOW_DAILY_RANGE,"Globalstar, Inc. - Common Stock",NASDAQ
ATR,125.35,365434.0,47214937.0,48997316.0,1.72,-4.85,1.45,False,SHARE_VOLUME|LOW_DAILY_RANGE,"AptarGroup, Inc. Common Stock",NYSE
GVA,116.74,391096.0,46988947.0,43475895.0,2.52,-6.18,5.53,False,SHARE_VOLUME,Granite Construction Incorporated Common Stock,NYSE
MC,61.17,705145.0,46793117.0,43298390.0,3.34,-8.12,6.2,False,SHARE_VOLUME,Moelis & Company Class A Common Stock,NYSE
EPR,57.84,778688.0,46399766.0,47156237.0,1.64,-3.69,2.73,False,SHARE_VOLUME|LOW_DAILY_RANGE,EPR Properties Common Stock,NYSE
SMG,56.59,783685.0,46382496.0,45315453.0,2.94,-3.93,3.16,False,SHARE_VOLUME,Scotts Miracle-Gro Company (The) Common Stock,NYSE
BDC,114.45,394742.0,46360035.0,44095541.0,3.61,-11.55,6.17,False,SHARE_VOLUME,Belden Inc Common Stock,NYSE
MAN,57.94,767976.0,46035530.0,41336027.0,3.59,-2.6,5.1,False,SHARE_VOLUME,ManpowerGroup Common Stock,NYSE
CNR,94.92,470263.0,45944779.0,44367251.0,3.16,3.24,7.53,False,SHARE_VOLUME,"Core Natural Resources, Inc. Common Stock",NYSE
OZK,49.04,931971.0,45930579.0,46692154.0,1.63,-3.35,1.94,False,SHARE_VOLUME|LOW_DAILY_RANGE,Bank OZK - Common Stock,NASDAQ
LGN,55.19,823352.0,45901433.0,45314780.0,4.98,-13.3,7.68,False,SHARE_VOLUME,Legence Corp. - Class A Common stock,NASDAQ
LOPE,153.13,304744.0,45814704.0,41981705.0,2.46,4.35,3.45,False,SHARE_VOLUME,"Grand Canyon Education, Inc. - Common Stock",NASDAQ
WHD,68.26,657249.0,45771050.0,38435140.0,3.34,-6.46,4.67,False,SHARE_VOLUME,"Cactus, Inc. Class A Common Stock",NYSE
RRR,54.05,804868.0,45621918.0,42707263.0,2.55,-11.71,3.18,False,SHARE_VOLUME,"Red Rock Resorts, Inc. - Class A Common Stock",NASDAQ
FR,61.93,734304.0,45613993.0,43855013.0,1.4,-0.71,0.99,False,SHARE_VOLUME|LOW_DAILY_RANGE,"First Industrial Realty Trust, Inc. Common Stock",NYSE
NKTR,66.64,630035.0,45571719.0,45255634.0,3.89,-9.51,4.99,False,SHARE_VOLUME,Nektar Therapeutics - Common Stock,NASDAQ
COHU,51.0,891180.0,45551237.0,44904750.0,5.85,-13.88,10.31,False,SHARE_VOLUME,"Cohu, Inc. - Common Stock",NASDAQ
LMND,48.7,877193.0,45529100.0,42431991.0,3.67,-2.83,5.25,False,SHARE_VOLUME,"Lemonade, Inc. Common Stock",NYSE
ALH,21.68,1953072.0,45460212.0,21915144.0,2.97,-9.67,2.75,False,MEDIAN_DOLLAR_VOLUME,Alliance Laundry Holdings Inc. Common Stock,NYSE
DV,13.48,3385057.0,45421403.0,32281058.0,0.34,1.62,12.81,False,LOW_DAILY_RANGE,"DoubleVerify Holdings, Inc. Common Stock",NYSE
MZTI,102.39,416505.0,45223179.0,44299301.0,3.2,-10.56,3.7,False,SHARE_VOLUME,The Marzetti Company - Common Stock,NASDAQ
FHB,25.9,1740786.0,45116523.0,46690092.0,1.67,-4.85,1.98,False,LOW_DAILY_RANGE,"First Hawaiian, Inc. - Common Stock",NASDAQ
CRC,55.56,831244.0,45020902.0,47001510.0,2.73,5.34,3.32,False,SHARE_VOLUME,California Resources Corporation Common Stock,NYSE
NOVT,135.9,312086.0,44890506.0,43920888.0,3.51,-13.5,6.66,False,SHARE_VOLUME,Novanta Inc. - Common Shares,NASDAQ
SEZL,118.08,373629.0,44761837.0,42512213.0,3.88,0.77,8.7,False,SHARE_VOLUME,Sezzle Inc. - Common Stock,NASDAQ
PII,57.39,723280.0,44687329.0,43890768.0,3.29,-14.21,2.34,False,SHARE_VOLUME,Polaris Inc. Common Stock,NYSE
CAR,118.76,328243.0,44652855.0,42167440.0,3.8,-13.7,6.78,False,SHARE_VOLUME,"Avis Budget Group, Inc. - Common Stock",NASDAQ
RITM,9.65,4434818.0,44234989.0,43823450.0,1.55,-5.34,2.52,False,LOW_DAILY_RANGE,Rithm Capital Corp. Common Stock,NYSE
CURB,29.14,1487597.0,44101276.0,38901503.0,1.9,-2.87,1.69,False,LOW_DAILY_RANGE,Curbline Properties Corp. Common Stock,NYSE
POR,47.93,896539.0,44089225.0,44712631.0,1.59,-5.18,3.14,False,SHARE_VOLUME|LOW_DAILY_RANGE,Portland General Electric Co Common Stock,NYSE
ORI,41.01,1062234.0,43993709.0,42237157.0,1.61,-2.49,1.14,False,LOW_DAILY_RANGE,Old Republic International Corporation Common Stock,NYSE
MTH,65.52,653582.0,43976262.0,42065200.0,2.65,-6.61,4.97,False,SHARE_VOLUME,Meritage Homes Corporation Common Stock,NYSE
LOAR,66.11,627645.0,43947426.0,42752998.0,3.46,-13.79,4.62,False,SHARE_VOLUME,Loar Holdings Inc. Common Stock,NYSE
BTCT,1.12,30184538.0,43939234.0,9012080.0,24.56,143.5,82.61,False,PRICE|MEDIAN_DOLLAR_VOLUME,BTC Digital Ltd. - Ordinary Shares,NASDAQ
LIVN,79.6,548473.0,43807376.0,44603825.0,2.49,-0.33,3.13,False,SHARE_VOLUME,LivaNova PLC - Ordinary Shares,NASDAQ
SBRA,20.05,2120904.0,43803512.0,39225183.0,1.82,-1.4,2.7,False,LOW_DAILY_RANGE,"Sabra Health Care REIT, Inc. - Common Stock",NASDAQ
AFG,144.35,305950.0,43803122.0,41932517.0,1.36,-0.85,4.36,False,SHARE_VOLUME|LOW_DAILY_RANGE,"American Financial Group, Inc. Common Stock",NYSE
ADT,7.07,6020623.0,43794939.0,43896761.0,1.94,-1.24,2.35,False,LOW_DAILY_RANGE,ADT Inc. Common Stock,NYSE
OGN,13.68,3187974.0,43785974.0,48139435.0,0.25,0.0,0.44,False,LOW_DAILY_RANGE,Organon & Co. Common Stock ,NYSE
WTM,2051.15,20727.0,43460240.0,42444737.0,1.8,-4.4,1.52,False,SHARE_VOLUME|LOW_DAILY_RANGE,"White Mountains Insurance Group, Ltd. Common Stock",NYSE
FMX,121.79,360401.0,43391536.0,41707781.0,2.05,3.82,3.69,False,SHARE_VOLUME,Fomento Economico Mexicano S.A.B. de C.V. Common Stock,NYSE
ITRI,93.8,447246.0,43159387.0,41586645.0,2.34,-2.47,2.79,False,SHARE_VOLUME,"Itron, Inc. - Common Stock",NASDAQ
WGS,98.53,492172.0,42824315.0,42474440.0,5.21,29.07,10.76,False,SHARE_VOLUME,GeneDx Holdings Corp. - Class A Common Stock,NASDAQ
LXP,60.83,702399.0,42712974.0,37328315.0,0.33,0.44,0.43,False,SHARE_VOLUME|LOW_DAILY_RANGE,LXP Industrial Trust Common Stock (Maryland REIT),NYSE
ULS,66.09,594949.0,42613323.0,35206068.0,2.51,-12.82,2.05,False,SHARE_VOLUME,UL Solutions Inc. Class A Common Stock,NYSE
TCBI,97.27,435106.0,42588631.0,43635989.0,1.68,-2.36,1.37,False,SHARE_VOLUME|LOW_DAILY_RANGE,"Texas Capital Bancshares, Inc. - Common Stock",NASDAQ
EDU,55.83,740674.0,42469166.0,38347372.0,2.32,2.39,4.33,False,SHARE_VOLUME,"New Oriental Education & Technology Group, Inc. Sponsored ADR representing 10 Ordinary Share (Cayman Islands)",NYSE
CVSA,127.3,323218.0,42292627.0,42324250.0,3.38,-3.16,13.46,False,SHARE_VOLUME,Covista Inc. Common Shares,NYSE
GBCI,45.68,909586.0,42283439.0,41892177.0,2.02,-6.72,2.34,False,SHARE_VOLUME,"Glacier Bancorp, Inc. Common Stock",NYSE
TNL,65.37,617246.0,42211081.0,44148687.0,2.34,-9.54,2.11,False,SHARE_VOLUME,Travel   Leisure Co. Common  Stock,NYSE
THO,70.57,559035.0,42116917.0,40269602.0,2.89,-9.26,2.94,False,SHARE_VOLUME,"Thor Industries, Inc. Common Stock",NYSE
OII,47.26,832857.0,42050223.0,45965409.0,3.89,-10.99,6.57,False,SHARE_VOLUME,"Oceaneering International, Inc. Common Stock",NYSE
AUB,39.79,1040138.0,42013762.0,37340549.0,1.81,-6.07,2.76,False,LOW_DAILY_RANGE,Atlantic Union Bankshares Corporation Common Stock,NYSE
SSD,173.78,232860.0,41914859.0,40684403.0,2.09,-8.46,2.51,False,SHARE_VOLUME,"Simpson Manufacturing Company, Inc. Common Stock",NYSE
INBX,102.13,365049.0,41854734.0,32943067.0,7.82,7.94,16.94,False,SHARE_VOLUME,"Inhibrx Biosciences, Inc. - Common Stock",NASDAQ
GHC,1138.93,36411.0,41744270.0,42142626.0,2.6,-2.93,2.55,False,SHARE_VOLUME,Graham Holdings Company Common Stock,NYSE
SWX,87.1,471346.0,41664308.0,39511031.0,1.77,-5.03,1.91,False,SHARE_VOLUME|LOW_DAILY_RANGE,"Southwest Gas Holdings, Inc. Common Stock (DE)",NYSE
GPOR,168.66,236461.0,41660456.0,41134371.0,2.62,-1.36,3.23,False,SHARE_VOLUME,Gulfport Energy Corporation Common Shares,NYSE
NPO,291.21,138641.0,41564682.0,43820353.0,3.31,-11.5,2.67,False,SHARE_VOLUME,Enpro Inc. Common Stock,NYSE
AIR,119.6,322096.0,41496740.0,36789505.0,3.61,-19.74,5.82,False,SHARE_VOLUME,AAR Corp. Common Stock,NYSE
ARX,19.83,2106381.0,41474121.0,32837757.0,0.36,1.35,43.35,False,LOW_DAILY_RANGE,Accelerant Holdings Class A Common Shares,NYSE
BCO,109.08,377346.0,41398809.0,43301126.0,2.97,-0.05,3.61,False,SHARE_VOLUME,Brinks Company (The) Common Stock,NYSE
CBRL,45.08,776891.0,41366586.0,38891591.0,4.25,-22.52,4.84,False,SHARE_VOLUME,"Cracker Barrel Old Country Store, Inc. - Common Stock",NASDAQ
INSP,73.74,622018.0,41349829.0,31922460.0,4.69,28.51,7.51,False,SHARE_VOLUME,"Inspire Medical Systems, Inc. Common Stock",NYSE
SXT,128.85,308784.0,41210074.0,39419495.0,2.29,-0.99,2.68,False,SHARE_VOLUME,Sensient Technologies Corporation Common Stock,NYSE
EEFT,69.64,580984.0,41085863.0,41211840.0,3.11,0.61,7.09,False,SHARE_VOLUME,"Euronet Worldwide, Inc. - Common Stock",NASDAQ
ECO,86.57,572856.0,41063234.0,35559318.0,3.33,39.56,10.91,False,SHARE_VOLUME,Okeanis Eco Tankers Corp. Common Stock,NYSE
ALGT,78.54,524120.0,40997012.0,39707375.0,4.16,-3.86,7.12,False,SHARE_VOLUME,Allegiant Travel Company - Common Stock,NASDAQ
SOC,4.71,8466828.0,40961410.0,34696118.0,7.55,18.05,19.8,False,PRICE,Sable Offshore Corp. Common Stock,NYSE
SPSC,81.42,492311.0,40314654.0,35037839.0,3.82,5.22,7.06,False,SHARE_VOLUME,"SPS Commerce, Inc. - Common Stock",NASDAQ
AEG,9.09,4480303.0,40311870.0,37025936.0,1.19,-0.76,2.22,False,LOW_DAILY_RANGE,Aegon Ltd. New York Registry Shares,NYSE
ESNT,67.55,588021.0,40301393.0,37237665.0,1.69,-2.42,4.9,False,SHARE_VOLUME|LOW_DAILY_RANGE,Essent Group Ltd. Common Shares,NYSE
BAND,49.37,814998.0,40276085.0,29910673.0,8.19,-6.74,11.94,False,SHARE_VOLUME,Bandwidth Inc. - Class A Common Stock,NASDAQ
ASH,71.22,553842.0,40157866.0,38626578.0,2.58,-2.71,5.51,False,SHARE_VOLUME,Ashland Inc. Common Stock,NYSE
EBC,21.85,1822619.0,40127381.0,36733326.0,1.93,-6.8,2.37,False,LOW_DAILY_RANGE,"Eastern Bankshares, Inc. - Common Stock",NASDAQ
SHOO,42.29,928073.0,40093424.0,42160132.0,2.91,-9.08,4.52,False,SHARE_VOLUME,"Steven Madden, Ltd. - Common Stock",NASDAQ
POWI,48.49,775480.0,39996685.0,36645618.0,4.29,-16.9,9.51,False,SHARE_VOLUME,"Power Integrations, Inc. - Common Stock",NASDAQ
PIPR,73.07,530722.0,39912552.0,37964154.0,2.57,-2.2,3.84,False,SHARE_VOLUME,Piper Sandler Companies Common Stock,NYSE
ATRO,68.73,535649.0,39882734.0,39335673.0,4.42,-20.19,17.33,False,SHARE_VOLUME,Astronics Corporation - Common Stock,NASDAQ
DJCO,679.81,62941.0,39853485.0,40030483.0,4.08,13.2,7.94,False,SHARE_VOLUME,Daily Journal Corp. (S.C.) - Common Stock,NASDAQ
RAMP,37.83,1056272.0,39837270.0,39580375.0,0.32,1.08,0.75,False,LOW_DAILY_RANGE,"LiveRamp Holdings, Inc. Common Stock",NYSE
IPGP,78.22,527037.0,39774223.0,37387521.0,4.09,-3.8,4.1,False,SHARE_VOLUME,IPG Photonics Corporation - Common Stock,NASDAQ
SR,80.61,487633.0,39749567.0,40820107.0,2.14,-2.03,1.79,False,SHARE_VOLUME,Spire Inc. Common Stock,NYSE
BANC,18.59,2143451.0,39684975.0,41102774.0,1.96,-3.02,3.8,False,LOW_DAILY_RANGE,"Banc of California, Inc. Common Stock",NYSE
PHVS,37.9,1056733.0,39426659.0,24328350.0,5.09,5.0,7.35,False,MEDIAN_DOLLAR_VOLUME,Pharvaris N.V. - Ordinary Shares,NASDAQ
TRNO,66.29,591558.0,39379256.0,40220531.0,1.5,-3.23,1.52,False,SHARE_VOLUME|LOW_DAILY_RANGE,Terreno Realty Corporation Common Stock,NYSE
OUT,28.51,1341701.0,39216834.0,35874734.0,1.96,-3.81,1.98,False,LOW_DAILY_RANGE,OUTFRONT Media Inc. Common Stock,NYSE
UBSI,47.85,827860.0,39042988.0,39705139.0,1.47,-1.09,1.72,False,SHARE_VOLUME|LOW_DAILY_RANGE,"United Bankshares, Inc. - Common Stock",NASDAQ
HOMB,30.11,1301850.0,38893356.0,37094963.0,1.39,-2.78,2.03,False,LOW_DAILY_RANGE,"Home BancShares, Inc. Common Stock",NYSE
PTON,4.82,7478800.0,38850629.0,32885022.0,3.09,-9.13,4.72,False,PRICE,"Peloton Interactive, Inc. - Common Stock",NASDAQ
VVX,75.12,511947.0,38791237.0,37238405.0,3.49,-7.78,8.51,False,SHARE_VOLUME,"V2X, Inc. Common Stock",NYSE
FSS,115.29,329737.0,38731131.0,38611998.0,2.71,-5.49,2.39,False,SHARE_VOLUME,Federal Signal Corporation Common Stock,NYSE
ABG,202.08,182811.0,38729265.0,35702036.0,2.53,-0.91,4.41,False,SHARE_VOLUME,Asbury Automotive Group Inc Common Stock,NYSE
SLG,51.99,696246.0,38667458.0,39209345.0,2.96,-8.53,3.37,False,SHARE_VOLUME,SL Green Realty Corp Common Stock,NYSE
AAMI,89.53,419253.0,38303821.0,31596853.0,3.02,-2.4,2.48,False,SHARE_VOLUME,Acadian Asset Management Inc. Common Stock,NYSE
KNSA,76.57,488214.0,38296758.0,34409680.0,3.03,-3.67,3.17,False,SHARE_VOLUME,"Kiniksa Pharmaceuticals International, plc - Class A Ordinary Shares",NASDAQ
MSA,180.74,204706.0,38285341.0,36138658.0,1.83,-4.56,1.51,False,SHARE_VOLUME|LOW_DAILY_RANGE,MSA Safety Incorporated Common Stock,NYSE
NFG,81.03,462373.0,38195962.0,36917474.0,1.82,-2.81,2.19,False,SHARE_VOLUME|LOW_DAILY_RANGE,National Fuel Gas Company Common Stock,NYSE
MRVI,6.91,4872729.0,38092435.0,24459260.0,5.94,20.47,25.78,False,MEDIAN_DOLLAR_VOLUME,"Maravai LifeSciences Holdings, Inc. - Class A common stock",NASDAQ
COLM,57.81,655334.0,38019236.0,34676741.0,2.45,0.36,4.2,False,SHARE_VOLUME,Columbia Sportswear Company - Common Stock,NASDAQ
CWST,90.9,410589.0,38003028.0,37491776.0,2.83,1.1,3.27,False,SHARE_VOLUME,"Casella Waste Systems, Inc. - Class A Common Stock",NASDAQ
FTS,53.89,688599.0,37893759.0,37082480.0,1.48,-3.78,1.23,False,SHARE_VOLUME|LOW_DAILY_RANGE,Fortis Inc. Common Shares,NYSE
SLGN,39.34,929626.0,37833591.0,32063558.0,2.39,-3.84,3.69,False,SHARE_VOLUME,Silgan Holdings Inc. Common Stock,NYSE
PATK,72.14,476427.0,37807707.0,33997738.0,3.16,-13.35,4.43,False,SHARE_VOLUME,"Patrick Industries, Inc. - Common Stock",NASDAQ
BMI,127.46,287750.0,37742357.0,41157487.0,2.86,1.57,4.01,False,SHARE_VOLUME,"Badger Meter, Inc. Common Stock",NYSE
OGS,76.85,476438.0,37737466.0,34650961.0,1.91,-5.19,2.48,False,SHARE_VOLUME|LOW_DAILY_RANGE,"ONE Gas, Inc. Common Stock",NYSE
VC,98.85,372231.0,37719714.0,33372910.0,2.53,-6.02,1.69,False,SHARE_VOLUME,Visteon Corporation - Common Stock,NASDAQ
IRON,69.5,488406.0,37594811.0,38243338.0,3.77,-13.35,3.74,False,SHARE_VOLUME,"Disc Medicine, Inc. - Common Stock",NASDAQ
HGV,37.67,888934.0,37488081.0,36799597.0,2.96,-13.38,4.39,False,SHARE_VOLUME,Hilton Grand Vacations Inc. Common Stock ,NYSE
ACIW,51.63,714677.0,37454710.0,36161675.0,2.34,-1.04,2.4,False,SHARE_VOLUME,"ACI Worldwide, Inc. - Common Stock",NASDAQ
ICUI,158.44,217184.0,36985939.0,35465530.0,2.64,-13.78,10.93,False,SHARE_VOLUME,"ICU Medical, Inc. - Common Stock",NASDAQ
CSW,291.62,119462.0,36911948.0,37228601.0,3.03,-12.16,3.09,False,SHARE_VOLUME,"CSW Industrials, Inc. Common Stock",NYSE
IRDM,47.24,781976.0,36894983.0,31895986.0,1.9,-3.35,3.35,False,SHARE_VOLUME|LOW_DAILY_RANGE,Iridium Communications Inc - Common Stock,NASDAQ
HZO,52.37,699510.0,36514053.0,36655023.0,0.24,0.35,46.08,False,SHARE_VOLUME|LOW_DAILY_RANGE,"MarineMax, Inc.  (FL) Common Stock",NYSE
KFY,77.99,439102.0,36169022.0,35721843.0,2.42,-7.02,2.39,False,SHARE_VOLUME,Korn Ferry Common Stock,NYSE
BELFB,236.23,146097.0,36112161.0,36307323.0,3.68,-14.4,3.03,False,SHARE_VOLUME,Bel Fuse Inc. - Class B Common Stock,NASDAQ
DCO,173.29,206325.0,36067158.0,32923801.0,3.98,-15.17,5.08,False,SHARE_VOLUME,Ducommun Incorporated Common Stock,NYSE
ACLS,106.6,309295.0,36022984.0,35322444.0,4.21,-21.26,5.01,False,SHARE_VOLUME,"Axcelis Technologies, Inc. - Common Stock",NASDAQ
GNW,10.05,3535923.0,35961335.0,33251572.0,1.96,-0.3,2.47,False,LOW_DAILY_RANGE,Genworth Financial Inc Common Stock,NYSE
XENE,57.27,596588.0,35915722.0,35049385.0,3.18,-9.35,5.58,False,SHARE_VOLUME,Xenon Pharmaceuticals Inc. - Common Shares,NASDAQ
NSIT,165.5,231107.0,35914692.0,35501010.0,3.12,10.9,6.35,False,SHARE_VOLUME,"Insight Enterprises, Inc. - Common Stock",NASDAQ
NTST,18.82,1774948.0,35856410.0,17180673.0,1.82,-7.3,3.22,False,MEDIAN_DOLLAR_VOLUME|LOW_DAILY_RANGE,NetSTREIT Corp. Common Stock,NYSE
TPC,86.11,404686.0,35769071.0,34664096.0,3.34,-6.03,13.27,False,SHARE_VOLUME,Tutor Perini Corporation Common Stock,NYSE
BH-A,1763.75,18866.0,35584052.0,33795123.0,4.0,-10.13,3.56,False,SHARE_VOLUME,Biglari Holdings Inc. Class A Common Stock,NYSE
ZWS,46.59,747506.0,35553935.0,35276645.0,1.8,-5.11,1.54,False,SHARE_VOLUME|LOW_DAILY_RANGE,Zurn Elkay Water Solutions Corporation Common Stock,NYSE
SFD,20.08,1655005.0,35526635.0,35114392.0,1.9,-10.9,2.56,False,LOW_DAILY_RANGE,"Smithfield Foods, Inc. - Common Stock",NASDAQ
APLE,15.61,2233045.0,35489774.0,33594211.0,1.82,-2.39,1.8,False,LOW_DAILY_RANGE,"Apple Hospitality REIT, Inc. Common Shares",NYSE
PPLI,38.3,917022.0,35305871.0,34733886.0,2.58,-2.22,3.89,False,SHARE_VOLUME,People Incorporated - Common Stock,NASDAQ
KOS,2.93,12067046.0,34969560.0,31684032.0,4.99,6.95,7.09,False,PRICE,Kosmos Energy Ltd. Common Shares (DE),NYSE
URGN,43.14,770047.0,34964610.0,29083061.0,4.59,-11.82,16.31,False,SHARE_VOLUME,UroGen Pharma Ltd. - Ordinary Shares,NASDAQ
PFSI,67.83,484160.0,34921267.0,31436789.0,2.34,-9.92,3.25,False,SHARE_VOLUME,"PennyMac Financial Services, Inc. Common Stock",NYSE
FTDR,81.15,427481.0,34848364.0,36353520.0,2.24,-2.13,17.73,False,SHARE_VOLUME,"Frontdoor, Inc. - Common Stock",NASDAQ
RDN,35.24,963348.0,34814273.0,32093903.0,1.82,-3.71,1.93,False,SHARE_VOLUME|LOW_DAILY_RANGE,Radian Group Inc. Common Stock,NYSE
CLBK,11.63,2994244.0,34793860.0,35563316.0,1.93,-1.61,5.53,False,LOW_DAILY_RANGE,"Columbia Financial, Inc. - Common Stock",NASDAQ
PSMT,169.55,202383.0,34736772.0,34451610.0,2.43,-4.05,2.93,False,SHARE_VOLUME,"PriceSmart, Inc. - Common Stock",NASDAQ
ECPG,98.69,352008.0,34676816.0,32927841.0,3.48,-3.44,5.6,False,SHARE_VOLUME,Encore Capital Group Inc - Common Stock,NASDAQ
CUZ,28.32,1196142.0,34632899.0,33894542.0,2.0,-2.34,1.53,False,LOW_DAILY_RANGE,Cousins Properties Incorporated Common Stock,NYSE
QTWO,59.82,549445.0,34605613.0,31752243.0,2.93,-4.81,5.87,False,SHARE_VOLUME,"Q2 Holdings, Inc. Common Stock",NYSE
BNL,19.7,1648180.0,34422281.0,29776572.0,1.74,-5.17,2.03,False,LOW_DAILY_RANGE,"Broadstone Net Lease, Inc. Common Stock",NYSE
CHPT,9.1,3828548.0,34420177.0,4089606.0,7.12,63.36,74.95,False,MEDIAN_DOLLAR_VOLUME,"ChargePoint Holdings, Inc. Common Stock",NYSE
APPN,37.82,896268.0,34214936.0,33590237.0,5.01,3.82,13.91,False,SHARE_VOLUME,Appian Corporation - Class A Common Stock,NASDAQ
WSBC,40.12,844976.0,34178812.0,30688703.0,1.8,-4.07,2.48,False,SHARE_VOLUME|LOW_DAILY_RANGE,"WesBanco, Inc. - Common Stock",NASDAQ
UFPT,282.89,116303.0,34155955.0,32420659.0,2.85,-9.91,3.5,False,SHARE_VOLUME,"UFP Technologies, Inc. - Common Stock",NASDAQ
HTZ,1.89,15842566.0,34142777.0,32535126.0,6.45,-9.13,29.49,False,PRICE,"Hertz Global Holdings, Inc - Common Stock",NASDAQ
MFG,11.15,3147587.0,34122953.0,30510362.0,1.33,4.65,3.54,False,LOW_DAILY_RANGE,"Mizuho Financial Group, Inc. Sponosred ADR (Japan)",NYSE
ICHR,51.72,608505.0,33993737.0,33088861.0,5.05,-21.72,6.74,False,SHARE_VOLUME,Ichor Holdings - Ordinary Shares,NASDAQ
RCI,35.89,934277.0,33991605.0,33965486.0,2.14,0.92,3.68,False,SHARE_VOLUME,"Rogers Communication, Inc. Common Stock",NYSE
BKU,45.45,744103.0,33854313.0,31393913.0,2.06,-4.88,1.91,False,SHARE_VOLUME,"BankUnited, Inc. Common Stock",NYSE
HRMY,42.69,823812.0,33818729.0,29908640.0,3.05,9.93,4.75,False,SHARE_VOLUME,"Harmony Biosciences Holdings, Inc. - Common Stock",NASDAQ
TBBB,51.36,669265.0,33598810.0,32705038.0,2.94,6.87,16.31,False,SHARE_VOLUME,BBB Foods Inc. Class A Common Shares,NYSE
SXI,261.68,117206.0,33258572.0,31049190.0,2.97,-18.45,3.42,False,SHARE_VOLUME,Standex International Corporation Common Stock,NYSE
FHI,57.76,534117.0,33150613.0,30191686.0,2.18,-9.59,2.35,False,SHARE_VOLUME,"Federated Hermes, Inc. Common Stock",NYSE
RLI,60.92,520358.0,32897717.0,31653337.0,1.8,-4.96,2.98,False,SHARE_VOLUME|LOW_DAILY_RANGE,RLI Corp. Common Stock (DE),NYSE
DXYZ,31.0,988748.0,32817215.0,28308911.0,5.32,-6.5,11.65,False,SHARE_VOLUME,Destiny Tech100 Inc. Common Stock,NYSE
CPA,129.8,255106.0,32791742.0,31943971.0,2.26,1.6,3.21,False,SHARE_VOLUME,"Copa Holdings, S.A. Class A Common Stock",NYSE
BBVA,28.51,1125166.0,32613436.0,30137438.0,1.05,-0.96,2.46,False,LOW_DAILY_RANGE,Banco Bilbao Vizcaya Argentaria S.A. Common Stock,NYSE
SUNE,3.0,7917154.0,32612056.0,529039.0,10.65,31.0,90.3,False,PRICE|MEDIAN_DOLLAR_VOLUME,"SUNation Energy, Inc. - Common Stock",NASDAQ
LAUR,36.28,880472.0,32587022.0,30420805.0,2.62,-5.03,2.81,False,SHARE_VOLUME,"Laureate Education, Inc. - Common Stock",NASDAQ
FIBK,37.68,874952.0,32566097.0,33000259.0,1.76,-2.03,2.31,False,SHARE_VOLUME|LOW_DAILY_RANGE,"First Interstate BancSystem, Inc. - Common Stock",NASDAQ
UAMY,4.58,6370259.0,32549438.0,32373443.0,6.47,-11.92,13.03,False,PRICE,United States Antimony Corporation Common Stock,NYSE
PMI,6.47,4500008.0,32426600.0,2914968.0,25.89,99.69,86.16,False,MEDIAN_DOLLAR_VOLUME,"Picard Medical, Inc. Common Stock",NYSE American
GOLD,48.17,710532.0,32410885.0,26636784.0,4.91,15.13,11.21,False,SHARE_VOLUME,"Gold.com, Inc. Common Stock",NYSE
WETO,1.83,5772761.0,32301470.0,10306529.0,37.68,-94.45,199.15,False,PRICE|MEDIAN_DOLLAR_VOLUME,Wetour Robotics Limited - Ordinary Shares,NASDAQ
GATX,180.45,182334.0,32184604.0,29983752.0,1.97,1.58,1.65,False,SHARE_VOLUME|LOW_DAILY_RANGE,GATX Corporation Common Stock,NYSE
CALX,36.1,865929.0,32167554.0,30999086.0,2.8,-7.83,3.8,False,SHARE_VOLUME,"Calix, Inc Common Stock",NYSE
SAM,171.63,183317.0,32155553.0,28651571.0,3.46,-3.93,4.68,False,SHARE_VOLUME,"Boston Beer Company, Inc. (The) Common Stock",NYSE
MPT,3.52,8350291.0,32105726.0,31398547.0,2.86,-10.5,3.7,False,PRICE,"Medical Properties Trust, Inc. common stock",NYSE
DRS,36.96,840484.0,31932263.0,30416967.0,3.1,-16.44,2.7,False,SHARE_VOLUME,"Leonardo DRS, Inc. - Common Stock",NASDAQ
HHH,63.63,497840.0,31919411.0,31286948.0,2.2,-3.24,3.71,False,SHARE_VOLUME,Howard Hughes Holdings Inc. Common Stock,NYSE
KALU,154.49,200958.0,31727507.0,31119537.0,3.81,-4.19,8.05,False,SHARE_VOLUME,Kaiser Aluminum Corporation - Common Stock,NASDAQ
OBDC,11.13,2803725.0,31617495.0,29353696.0,1.62,-2.28,3.1,False,LOW_DAILY_RANGE,Blue Owl Capital Corporation Common Stock,NYSE
BLBD,62.59,513944.0,31544456.0,27401137.0,3.45,1.84,4.17,False,SHARE_VOLUME,Blue Bird Corporation - Common Stock,NASDAQ
MLYS,27.75,1119799.0,31526032.0,22568550.0,5.17,4.28,13.57,False,MEDIAN_DOLLAR_VOLUME,"Mineralys Therapeutics, Inc. - Common Stock",NASDAQ
FBP,27.94,1123247.0,31480901.0,33820559.0,1.76,-4.15,2.05,False,LOW_DAILY_RANGE,First BanCorp. New Common Stock,NYSE
BLFS,36.5,869592.0,31446805.0,31735327.0,2.79,4.46,4.38,False,SHARE_VOLUME,"BioLife Solutions, Inc. - Common Stock",NASDAQ
FULT,23.76,1325937.0,31365005.0,31290725.0,1.57,-2.23,2.07,False,LOW_DAILY_RANGE,Fulton Financial Corporation - Common Stock,NASDAQ
PLSE,50.39,602229.0,31163348.0,27424333.0,7.57,9.54,10.9,False,SHARE_VOLUME,"Pulse Biosciences, Inc - Common Stock",NASDAQ
RDY,11.59,2590295.0,31084697.0,27124420.0,1.39,-4.61,2.47,False,LOW_DAILY_RANGE,Dr. Reddy's Laboratories Ltd Common Stock,NYSE
BOKF,135.04,226688.0,31081185.0,29973604.0,1.68,-6.47,1.89,False,SHARE_VOLUME|LOW_DAILY_RANGE,BOK Financial Corporation - Common Stock,NASDAQ
ARCB,130.56,227789.0,31068287.0,27847108.0,3.91,-5.94,4.34,False,SHARE_VOLUME,ArcBest Corporation - Common Stock,NASDAQ
FSV,133.45,221203.0,30979137.0,28020407.0,2.35,-5.74,3.5,False,SHARE_VOLUME,FirstService Corporation - Common Shares,NASDAQ
AKR,19.66,1507565.0,30923303.0,24336114.0,1.97,-6.6,1.73,False,MEDIAN_DOLLAR_VOLUME|LOW_DAILY_RANGE,Acadia Realty Trust Common Stock,NYSE
HIW,31.03,996644.0,30865128.0,33014075.0,1.9,0.58,1.61,False,SHARE_VOLUME|LOW_DAILY_RANGE,"Highwoods Properties, Inc. Common Stock",NYSE
WKC,35.36,865921.0,30756191.0,26213114.0,2.54,-2.21,1.78,False,SHARE_VOLUME,World Kinect Corporation Common Stock,NYSE
HURN,154.28,194942.0,30621937.0,31622716.0,2.96,1.92,5.03,False,SHARE_VOLUME,Huron Consulting Group Inc. - Common Stock,NASDAQ
UFPI,82.47,359800.0,30394112.0,30901181.0,2.45,-5.02,3.69,False,SHARE_VOLUME,"UFP Industries, Inc. - Common Stock",NASDAQ
MRP,29.53,996039.0,30366078.0,31660655.0,1.86,-1.37,3.23,False,SHARE_VOLUME|LOW_DAILY_RANGE,"Millrose Properties, Inc. Class A Common Stock",NYSE
PECO,38.17,776367.0,30228876.0,30675344.0,1.4,-3.66,1.21,False,SHARE_VOLUME|LOW_DAILY_RANGE,"Phillips Edison & Company, Inc. - Common Stock",NASDAQ
MMYT,48.4,562856.0,30223760.0,25978058.0,4.03,-18.63,2.96,False,SHARE_VOLUME,MakeMyTrip Limited - Ordinary Shares,NASDAQ
PRM,31.68,968900.0,30206733.0,30312017.0,3.82,-0.38,6.81,False,SHARE_VOLUME,"Perimeter Solutions, SA Common Stock",NYSE
FUL,51.85,551377.0,30189389.0,29925043.0,2.58,-13.42,4.32,False,SHARE_VOLUME,H. B. Fuller Company Common Stock,NYSE
ETON,55.98,498384.0,30154662.0,30170636.0,4.75,-11.75,44.26,False,SHARE_VOLUME,"Eton Pharmaceuticals, Inc. - Common Stock",NASDAQ
MDU,18.74,1538718.0,30070493.0,26740276.0,1.92,-7.63,3.7,False,LOW_DAILY_RANGE,"MDU Resources Group, Inc. Common Stock (Holding Company)",NYSE
BCPC,170.1,173319.0,29984575.0,26057722.0,2.04,-3.9,2.92,False,SHARE_VOLUME,Balchem Corporation - Common Stock,NASDAQ
NATL,46.13,647829.0,29912858.0,29026910.0,1.21,0.28,1.63,False,SHARE_VOLUME|LOW_DAILY_RANGE,NCR Atleos Corporation Common Stock,NYSE
WERN,36.23,779419.0,29816742.0,28488816.0,3.59,-5.72,4.0,False,SHARE_VOLUME,"Werner Enterprises, Inc. - Common Stock",NASDAQ
TMC,3.67,6561368.0,29721762.0,22571348.0,6.26,-6.25,20.65,False,PRICE|MEDIAN_DOLLAR_VOLUME,TMC the metals company Inc. - Common Stock,NASDAQ
LINE,38.39,759933.0,29698868.0,27478469.0,2.47,-7.2,4.23,False,SHARE_VOLUME,"Lineage, Inc. - Common Stock",NASDAQ
EZPW,30.87,902821.0,29610282.0,19826836.0,4.37,5.83,12.03,False,SHARE_VOLUME|MEDIAN_DOLLAR_VOLUME,"EZCORP, Inc. - Class A Non-Voting Common Stock",NASDAQ
BBW,26.05,959972.0,29503631.0,19980915.0,5.67,-30.41,6.19,False,SHARE_VOLUME|MEDIAN_DOLLAR_VOLUME,"Build-A-Bear Workshop, Inc. Common Stock",NYSE
ZD,59.54,520944.0,29349122.0,28472340.0,2.41,8.08,5.73,False,SHARE_VOLUME,"Ziff Davis, Inc. - Common Stock",NASDAQ
SIGI,89.09,322275.0,29345931.0,27201837.0,1.96,-2.42,1.29,False,SHARE_VOLUME|LOW_DAILY_RANGE,"Selective Insurance Group, Inc. - Common Stock",NASDAQ
PVLA,153.84,194346.0,29235552.0,29296730.0,4.66,2.27,4.11,False,SHARE_VOLUME,"Palvella Therapeutics, Inc. - Common Stock",NASDAQ
ANDG,55.48,557402.0,29226683.0,20722454.0,3.76,21.27,11.77,False,SHARE_VOLUME|MEDIAN_DOLLAR_VOLUME,Andersen Group Inc. Class A Common Stock,NYSE
EROC,12.0,2307547.0,29206852.0,22593458.0,8.86,-21.16,22.84,False,MEDIAN_DOLLAR_VOLUME,"ERock, Inc. Class A Common Stock",NYSE
VGNT,46.18,618206.0,29156625.0,28441767.0,3.62,-0.83,5.53,False,SHARE_VOLUME,Versigent PLC Ordinary Shares,NYSE
GFF,94.25,298534.0,29155205.0,29845128.0,2.3,-6.69,9.86,False,SHARE_VOLUME,Griffon Corporation Common Stock,NYSE
XHLD,9.35,3117037.0,29024283.0,22170095.0,16.45,41.88,252.57,False,MEDIAN_DOLLAR_VOLUME,"TEN Holdings, Inc. - Common Stock",NASDAQ
GOLF,84.2,335165.0,28984805.0,27325545.0,2.3,-5.73,2.31,False,SHARE_VOLUME,Acushnet Holdings Corp. Common Stock,NYSE
PLPC,405.66,70785.0,28982798.0,28307436.0,4.49,-8.79,11.26,False,SHARE_VOLUME,Preformed Line Products Company - Common Stock,NASDAQ
AGO,72.12,389708.0,28900436.0,30101847.0,1.89,-4.03,1.89,False,SHARE_VOLUME|LOW_DAILY_RANGE,Assured Guaranty Ltd. Common Stock,NYSE
NUTX,222.53,147315.0,28827057.0,27465467.0,5.04,18.58,21.87,False,SHARE_VOLUME,Nutex Health Inc. - Common Stock,NASDAQ
UTZ,14.26,2024933.0,28760836.0,24070044.0,0.31,0.71,1.21,False,MEDIAN_DOLLAR_VOLUME|LOW_DAILY_RANGE,Utz Brands Inc Class A Common Stock ,NYSE
CYPH,2.53,14298808.0,28753655.0,26501752.0,18.11,214.41,35.12,False,PRICE,Cypherpunk Technologies Inc. - Common Stock,NASDAQ
WAFD,33.26,830468.0,28735890.0,16026067.0,2.14,-10.55,1.96,False,SHARE_VOLUME|MEDIAN_DOLLAR_VOLUME,"WaFd, Inc. - Common Stock",NASDAQ
CXM,5.55,4186048.0,28684159.0,23451334.0,4.88,-19.61,6.29,False,MEDIAN_DOLLAR_VOLUME,"Sprinklr, Inc. Class A Common Stock",NYSE
AZZ,133.62,207509.0,28588272.0,28875587.0,2.64,-8.74,1.87,False,SHARE_VOLUME,AZZ Inc.,NYSE
AVNT,41.4,664644.0,28572843.0,29135896.0,2.36,-4.12,12.47,False,SHARE_VOLUME,Avient Corporation Common Stock,NYSE
LPG,58.79,543312.0,28506470.0,28154353.0,3.36,20.59,3.93,False,SHARE_VOLUME,Dorian LPG Ltd. Common Stock,NYSE
MHO,142.91,192803.0,28396022.0,28728312.0,2.31,-3.79,4.08,False,SHARE_VOLUME,"M/I Homes, Inc. Common Stock",NYSE
LAC,2.81,9325886.0,28391105.0,24408032.0,4.26,-5.24,6.95,False,PRICE|MEDIAN_DOLLAR_VOLUME,Lithium Americas Corp. Common Shares,NYSE
MMS,58.09,488261.0,28280604.0,25596397.0,2.45,3.01,4.27,False,SHARE_VOLUME,"Maximus, Inc. Common Stock",NYSE
PDSB,1.01,57554264.0,28270317.0,354712.0,21.86,385.53,72.63,False,PRICE|MEDIAN_DOLLAR_VOLUME,PDS Biotechnology Corporation - Common Stock,NASDAQ
CBC,31.68,876271.0,28252123.0,22714766.0,2.56,-2.16,2.52,False,SHARE_VOLUME|MEDIAN_DOLLAR_VOLUME,"Central Bancompany, Inc. - Class A Common Stock",NASDAQ
ARXS,49.83,538390.0,28238168.0,24982239.0,4.12,-11.9,4.17,False,SHARE_VOLUME|MEDIAN_DOLLAR_VOLUME,"Arxis, Inc. - Class A Common Stock",NASDAQ
PACS,42.62,647465.0,28200992.0,27825516.0,3.64,-2.69,3.79,False,SHARE_VOLUME,"PACS Group, Inc. Common Stock",NYSE
IDYA,37.81,710930.0,28180287.0,26639862.0,3.23,-0.3,6.09,False,SHARE_VOLUME,"IDEAYA Biosciences, Inc. - Common Stock",NASDAQ
APAM,37.03,685101.0,28175184.0,26121681.0,2.57,-11.14,2.65,False,SHARE_VOLUME,Artisan Partners Asset Management Inc. Class A Common Stock,NYSE
FNGR,0.15,80731315.0,28152679.0,1125672.0,17.13,-34.81,130.06,False,PRICE|MEDIAN_DOLLAR_VOLUME,"FingerMotion, Inc. - common stock",NASDAQ
BL,28.73,891574.0,28081809.0,25992142.0,4.18,-4.96,10.34,False,SHARE_VOLUME,"BlackLine, Inc. - Common Stock",NASDAQ
ZG,32.84,797525.0,28081672.0,25312653.0,3.95,-6.92,8.18,False,SHARE_VOLUME,"Zillow Group, Inc. - Class A Common Stock",NASDAQ
NJR,53.66,521784.0,28024823.0,29204880.0,1.63,-3.35,1.97,False,SHARE_VOLUME|LOW_DAILY_RANGE,NewJersey Resources Corporation Common Stock,NYSE
CARG,34.51,799073.0,27977425.0,27032710.0,2.94,-4.72,7.16,False,SHARE_VOLUME,"CarGurus, Inc. - Class A Common Stock",NASDAQ
LZB,30.61,868379.0,27917349.0,23891053.0,3.17,-24.46,3.69,False,SHARE_VOLUME|MEDIAN_DOLLAR_VOLUME,La-Z-Boy Incorporated Common Stock,NYSE
PDFS,42.76,623583.0,27912617.0,25405420.0,4.91,-10.79,7.73,False,SHARE_VOLUME,"PDF Solutions, Inc. - Common Stock",NASDAQ
WLY,48.96,553228.0,27865358.0,23788306.0,3.88,-4.21,3.76,False,SHARE_VOLUME|MEDIAN_DOLLAR_VOLUME,"John Wiley & Sons, Inc. Common Stock",NYSE
ABCB,84.3,326954.0,27858082.0,27898233.0,1.47,-4.42,1.7,False,SHARE_VOLUME|LOW_DAILY_RANGE,Ameris Bancorp Common Stock,NYSE
TBBK,50.88,493617.0,27813098.0,17841135.0,3.12,-25.53,3.26,False,SHARE_VOLUME|MEDIAN_DOLLAR_VOLUME,"The Bancorp, Inc. - Common Stock",NASDAQ
MCY,101.9,269252.0,27772160.0,26981939.0,2.33,-3.85,3.05,False,SHARE_VOLUME,Mercury General Corporation Common Stock,NYSE
UNFI,45.85,613796.0,27754186.0,25417553.0,3.62,-2.14,2.74,False,SHARE_VOLUME,"United Natural Foods, Inc. Common Stock",NYSE
ORC,6.11,4255973.0,27591456.0,27379567.0,1.75,-7.01,2.18,False,LOW_DAILY_RANGE,"Orchid Island Capital, Inc. Common Stock",NYSE
IMNM,24.23,1001603.0,27534265.0,21894719.0,4.25,-12.08,8.22,False,MEDIAN_DOLLAR_VOLUME,"Immunome, Inc. - Common Stock",NASDAQ
AGIO,33.58,814014.0,27501150.0,25772420.0,3.82,-2.38,4.65,False,SHARE_VOLUME,"Agios Pharmaceuticals, Inc. - Common Stock",NASDAQ
CDP,34.62,764964.0,27474008.0,26605248.0,2.23,-6.08,1.62,False,SHARE_VOLUME,COPT Defense Properties Common Shares of Beneficial Interest,NYSE
CBT,79.71,334828.0,27428663.0,28731382.0,2.44,-4.87,3.56,False,SHARE_VOLUME,Cabot Corporation Common Stock,NYSE
LCII,88.89,275853.0,27405794.0,28552012.0,3.09,-12.98,4.29,False,SHARE_VOLUME,LCI Industries,NYSE
PGEN,7.2,3842871.0,27368178.0,19401387.0,4.16,6.59,7.38,False,MEDIAN_DOLLAR_VOLUME,"Precigen, Inc. - Common Stock",NASDAQ
CCXI,12.06,2037073.0,27357676.0,22880780.0,5.29,-22.94,5.44,False,MEDIAN_DOLLAR_VOLUME,Churchill Capital Corp XI - Class A Ordinary Shares,NASDAQ
BJRI,60.33,435152.0,27333692.0,25227871.0,3.73,-7.63,3.94,False,SHARE_VOLUME,"BJ's Restaurants, Inc. - Common Stock",NASDAQ
EXPO,68.42,391767.0,27041173.0,26411132.0,2.32,1.8,3.56,False,SHARE_VOLUME,"Exponent, Inc. - Common Stock",NASDAQ
GRBK,67.57,382112.0,27003588.0,24681781.0,2.5,-2.57,2.88,False,SHARE_VOLUME|MEDIAN_DOLLAR_VOLUME,"Green Brick Partners, Inc. Common Stock",NYSE
AMRX,17.94,1535029.0,27002064.0,24785537.0,2.84,-1.37,7.75,False,MEDIAN_DOLLAR_VOLUME,"Amneal Pharmaceuticals, Inc. - Class A Common Stock",NASDAQ
ABUS,5.07,5240567.0,26997368.0,19001240.0,2.39,4.75,9.22,False,MEDIAN_DOLLAR_VOLUME,Arbutus Biopharma Corporation - Common Stock,NASDAQ
SDRL,49.05,559729.0,26993620.0,22418079.0,3.5,5.51,8.14,False,SHARE_VOLUME|MEDIAN_DOLLAR_VOLUME,Seadrill Limited Common Shares,NYSE
SVM,11.36,2159461.0,26978772.0,24777025.0,4.45,-1.56,9.27,False,MEDIAN_DOLLAR_VOLUME,Silvercorp Metals Inc. Common Shares,NYSE American
AEHL,6.47,4097082.0,26964304.0,2512190.0,20.03,13.62,83.33,False,MEDIAN_DOLLAR_VOLUME,Antelope Enterprise Holdings Limited - Class A Ordinary Shares,NASDAQ
CLDX,38.85,678058.0,26807776.0,22763125.0,3.55,-7.04,6.18,False,SHARE_VOLUME|MEDIAN_DOLLAR_VOLUME,"Celldex Therapeutics, Inc. - Common Stock",NASDAQ
KURA,11.33,2136183.0,26761645.0,24100836.0,4.64,-8.11,9.6,False,MEDIAN_DOLLAR_VOLUME,"Kura Oncology, Inc. - Common Stock",NASDAQ
SKYW,96.51,273650.0,26745664.0,25852957.0,2.43,-6.4,2.93,False,SHARE_VOLUME,"SkyWest, Inc. - Common Stock",NASDAQ
LLYVK,100.62,261407.0,26603931.0,24751411.0,2.6,-3.0,3.0,False,SHARE_VOLUME|MEDIAN_DOLLAR_VOLUME,"Liberty Live Holdings, Inc. - Series C Liberty Live Group Common Stock",NASDAQ
SKT,36.09,706524.0,26554750.0,25407418.0,1.65,-5.82,1.91,False,SHARE_VOLUME|LOW_DAILY_RANGE,Tanger Inc. Common Stock,NYSE
AZTA,33.49,815633.0,26547631.0,23966798.0,4.2,1.53,8.0,False,SHARE_VOLUME|MEDIAN_DOLLAR_VOLUME,"Azenta, Inc. - Common Stock",NASDAQ
PUK,26.46,970973.0,26529669.0,22814882.0,1.34,-5.14,3.88,False,SHARE_VOLUME|MEDIAN_DOLLAR_VOLUME|LOW_DAILY_RANGE,Prudential Public Limited Company Common Stock,NYSE
RUSHA,49.29,529171.0,26485676.0,24835810.0,2.61,-6.61,2.26,False,SHARE_VOLUME|MEDIAN_DOLLAR_VOLUME,"Rush Enterprises, Inc. - Class A Common Stock",NASDAQ
METC,10.06,2111599.0,26434174.0,24999785.0,7.35,-13.28,16.33,False,MEDIAN_DOLLAR_VOLUME,"Ramaco Resources, Inc. - Class A Common Stock",NASDAQ
GENB,16.03,1574425.0,26334839.0,16155339.0,8.45,-0.28,15.01,False,MEDIAN_DOLLAR_VOLUME,"Generate Biomedicines, Inc. - Common Stock",NASDAQ
CSIQ,11.69,1948113.0,26290565.0,22703423.0,5.93,-20.66,7.06,False,MEDIAN_DOLLAR_VOLUME,Canadian Solar Inc. - Common Shares,NASDAQ
ANDE,71.71,383303.0,26265515.0,22341204.0,3.25,4.13,5.44,False,SHARE_VOLUME|MEDIAN_DOLLAR_VOLUME,"The Andersons, Inc. - Common Stock",NASDAQ
NCPL,0.39,42412825.0,26218674.0,713246.0,26.68,71.97,126.56,False,PRICE|MEDIAN_DOLLAR_VOLUME,Netcapital Inc. - Common Stock,NASDAQ
GIB,71.36,359870.0,26175350.0,25290298.0,2.18,-2.16,3.85,False,SHARE_VOLUME,CGI Inc. Common Stock,NYSE
ARRY,4.3,5720059.0,26168132.0,28347343.0,4.59,-10.52,5.71,False,PRICE,"Array Technologies, Inc. - Common Stock",NASDAQ
HCI,187.97,140512.0,26139646.0,26540174.0,2.13,1.81,4.31,False,SHARE_VOLUME,"HCI Group, Inc. Common Stock",NYSE
GEF,84.45,308728.0,26043027.0,25426775.0,2.42,-2.72,3.62,False,SHARE_VOLUME,Greif Inc. Class A Common Stock,NYSE
VPG,62.12,409527.0,26036062.0,20854794.0,5.07,-8.36,6.99,False,SHARE_VOLUME|MEDIAN_DOLLAR_VOLUME,"Vishay Precision Group, Inc. Common Stock",NYSE
TYRA,25.23,1068770.0,26026005.0,12891766.0,6.66,-3.11,15.25,False,MEDIAN_DOLLAR_VOLUME,"Tyra Biosciences, Inc. - Common Stock",NASDAQ
ODD,18.33,1626671.0,25957513.0,11399197.0,8.16,49.02,26.53,False,MEDIAN_DOLLAR_VOLUME,ODDITY Tech Ltd. - Class A Ordinary Shares,NASDAQ
PPTA,22.72,1039592.0,25927876.0,24459668.0,4.34,-4.5,10.88,False,MEDIAN_DOLLAR_VOLUME,Perpetua Resources Corp. - Common Shares,NASDAQ
ANIP,73.17,352207.0,25781504.0,24395001.0,2.51,-4.82,3.44,False,SHARE_VOLUME|MEDIAN_DOLLAR_VOLUME,"ANI Pharmaceuticals, Inc. - Common Stock",NASDAQ
NWE,68.58,366756.0,25702164.0,25429270.0,1.8,-2.87,2.59,False,SHARE_VOLUME|LOW_DAILY_RANGE,"NorthWestern Energy Group, Inc.  - Common Stock",NASDAQ
REAL,9.56,2435777.0,25655488.0,21726313.0,4.83,-13.44,6.61,False,MEDIAN_DOLLAR_VOLUME,"The RealReal, Inc. - Common Stock",NASDAQ
GCT,53.4,500069.0,25595586.0,23695405.0,4.41,8.82,13.32,False,SHARE_VOLUME|MEDIAN_DOLLAR_VOLUME,GigaCloud Technology Inc - Class A Ordinary Shares,NASDAQ
MSGE,79.62,324269.0,25531125.0,21894170.0,2.41,-2.78,11.4,False,SHARE_VOLUME|MEDIAN_DOLLAR_VOLUME,Madison Square Garden Entertainment Corp. Class A Common Stock,NYSE
IRD,5.47,4703215.0,25492136.0,6084970.0,9.68,48.24,32.03,False,MEDIAN_DOLLAR_VOLUME,"Opus Genetics, Inc. - Common Stock",NASDAQ
HTGC,17.67,1452032.0,25404905.0,23615394.0,1.53,6.16,2.16,False,MEDIAN_DOLLAR_VOLUME|LOW_DAILY_RANGE,"Hercules Capital, Inc. Common Stock",NYSE
SBCF,34.25,744279.0,25400476.0,24379192.0,1.86,-3.09,3.33,False,SHARE_VOLUME|MEDIAN_DOLLAR_VOLUME|LOW_DAILY_RANGE,Seacoast Banking Corporation of Florida - Common Stock,NASDAQ
ATMU,45.19,536085.0,25376450.0,26085557.0,3.21,-9.31,3.14,False,SHARE_VOLUME,Atmus Filtration Technologies Inc. Common Stock,NYSE
ATEX,76.31,291076.0,25248568.0,24755159.0,5.28,-15.92,9.31,False,SHARE_VOLUME|MEDIAN_DOLLAR_VOLUME,Anterix Inc. - Common Stock,NASDAQ
STOK,28.22,806838.0,25173801.0,21878407.0,4.24,-12.2,3.53,False,SHARE_VOLUME|MEDIAN_DOLLAR_VOLUME,"Stoke Therapeutics, Inc. - Common Stock",NASDAQ
AX,93.83,262923.0,25154499.0,25084086.0,2.17,-3.92,1.94,False,SHARE_VOLUME,"Axos Financial, Inc. Common Stock",NYSE
WEAV,7.34,3442050.0,25142671.0,20493786.0,0.35,0.76,31.65,False,MEDIAN_DOLLAR_VOLUME|LOW_DAILY_RANGE,"Weave Communications, Inc. Common Stock",NYSE
SNDX,17.68,1279198.0,25137613.0,24282901.0,3.72,-11.22,4.4,False,MEDIAN_DOLLAR_VOLUME,"Syndax Pharmaceuticals, Inc. - Common Stock",NASDAQ
CELU,1.35,12259561.0,25135170.0,255853.0,20.12,82.5,138.64,False,PRICE|MEDIAN_DOLLAR_VOLUME,Celularity Inc. - Class A Common Stock,NASDAQ
MWA,22.95,1039563.0,25101908.0,24050062.0,2.1,-7.85,2.57,False,MEDIAN_DOLLAR_VOLUME,MUELLER WATER PRODUCTS Common Stock,NYSE
HNI,46.5,522002.0,25072874.0,22076016.0,2.51,-1.46,2.99,False,SHARE_VOLUME|MEDIAN_DOLLAR_VOLUME,HNI Corporation Common Stock,NYSE
LIF,41.5,576063.0,25069182.0,22586702.0,3.55,-11.21,6.09,False,SHARE_VOLUME|MEDIAN_DOLLAR_VOLUME,"Life360, Inc. - Common Stock",NASDAQ
WSFS,80.51,315987.0,25006380.0,26179178.0,1.63,-1.44,2.5,False,SHARE_VOLUME|LOW_DAILY_RANGE,WSFS Financial Corporation - Common Stock,NASDAQ
ANAB,54.07,442201.0,24983351.0,20057995.0,4.21,-8.34,4.37,False,SHARE_VOLUME|MEDIAN_DOLLAR_VOLUME,"AnaptysBio, Inc. - Common Stock",NASDAQ
DGII,70.04,347172.0,24969818.0,22422135.0,3.64,-13.58,14.1,False,SHARE_VOLUME|MEDIAN_DOLLAR_VOLUME,Digi International Inc. - Common Stock,NASDAQ
PAC,202.91,120056.0,24951285.0,21811360.0,2.6,-0.84,2.94,False,SHARE_VOLUME|MEDIAN_DOLLAR_VOLUME,"Grupo Aeroportuario Del Pacifico, S.A. B. de C.V. Grupo Aeroportuario Del Pacifico, S.A. de C.V. (each representing 10 Series B shares)",NYSE
ALG,168.06,149017.0,24931009.0,24160641.0,2.75,5.53,4.39,False,SHARE_VOLUME|MEDIAN_DOLLAR_VOLUME,"Alamo Group, Inc. Common Stock",NYSE
GPRE,15.12,1657045.0,24911099.0,23364197.0,5.08,-6.55,4.42,False,MEDIAN_DOLLAR_VOLUME,"Green Plains, Inc. - Common Stock",NASDAQ
SPB,86.9,284339.0,24807427.0,26583077.0,2.31,-0.72,3.75,False,SHARE_VOLUME,"Spectrum Brands Holdings, Inc. Common Stock",NYSE
COUR,5.21,4227213.0,24790840.0,24417721.0,4.04,-8.44,5.45,False,MEDIAN_DOLLAR_VOLUME,"Coursera, Inc. Common Stock",NYSE
SRAD,13.38,1919959.0,24781872.0,20739302.0,3.74,4.0,4.96,False,MEDIAN_DOLLAR_VOLUME,Sportradar Group AG - Class A Ordinary Shares,NASDAQ
CWT,48.07,497451.0,24779477.0,19765027.0,1.76,-3.59,2.62,False,SHARE_VOLUME|MEDIAN_DOLLAR_VOLUME|LOW_DAILY_RANGE,California Water Service Group Common Stock,NYSE
PBI,17.42,1452744.0,24746762.0,24529610.0,2.45,7.76,3.33,False,MEDIAN_DOLLAR_VOLUME,Pitney Bowes Inc. Common Stock,NYSE
ESTA,71.46,341274.0,24708108.0,22292305.0,3.74,-5.0,7.72,False,SHARE_VOLUME|MEDIAN_DOLLAR_VOLUME,Establishment Labs Holdings Inc. - Common Shares,NASDAQ
KN,35.6,717242.0,24702052.0,23948274.0,2.97,-1.26,4.26,False,SHARE_VOLUME|MEDIAN_DOLLAR_VOLUME,Knowles Corporation Common Stock,NYSE
YSS,8.1,2813741.0,24696076.0,23297017.0,6.9,-22.26,5.77,False,MEDIAN_DOLLAR_VOLUME,York Space Systems Inc. Common Stock,NYSE
MBX,61.18,389560.0,24655967.0,20656117.0,4.45,-8.03,3.36,False,SHARE_VOLUME|MEDIAN_DOLLAR_VOLUME,"MBX Biosciences, Inc. - Common Stock",NASDAQ
PAGS,9.34,2620952.0,24655742.0,22539644.0,3.31,10.6,7.66,False,MEDIAN_DOLLAR_VOLUME,PagSeguro Digital Ltd. Class A Common Shares,NYSE
SUPN,40.86,561170.0,24651718.0,23093196.0,2.86,-16.66,8.46,False,SHARE_VOLUME|MEDIAN_DOLLAR_VOLUME,"Supernus Pharmaceuticals, Inc. - Common Stock",NASDAQ
OMDA,19.72,1091537.0,24585672.0,24784759.0,4.9,-16.97,21.14,False,MEDIAN_DOLLAR_VOLUME,"Omada Health, Inc. - Common Stock",NASDAQ
AMBQ,60.83,413226.0,24578459.0,21934392.0,4.89,-3.45,6.96,False,SHARE_VOLUME|MEDIAN_DOLLAR_VOLUME,"Ambiq Micro, Inc. Common Stock",NYSE
ABSI,8.11,2752097.0,24572459.0,23322412.0,5.76,-8.36,12.88,False,MEDIAN_DOLLAR_VOLUME,Absci Corporation - Common Stock,NASDAQ
SFNC,23.17,1075229.0,24524457.0,23371655.0,1.79,-1.24,3.09,False,MEDIAN_DOLLAR_VOLUME|LOW_DAILY_RANGE,Simmons First National Corporation - Common Stock,NASDAQ
TRVI,15.24,1442460.0,24455618.0,22521808.0,4.21,-19.13,2.9,False,MEDIAN_DOLLAR_VOLUME,"Trevi Therapeutics, Inc. - Common Stock",NASDAQ
AVA,36.78,651436.0,24394425.0,23357785.0,1.58,-4.29,1.29,False,SHARE_VOLUME|MEDIAN_DOLLAR_VOLUME|LOW_DAILY_RANGE,Avista Corporation Common Stock,NYSE
AADX,12.74,1839283.0,24390647.0,23219156.0,6.58,-28.38,5.72,False,MEDIAN_DOLLAR_VOLUME,"Applied Aerospace & Defense, Inc. Common Stock",NYSE
TAC,12.06,2020912.0,24363925.0,16194391.0,3.03,-2.88,4.87,False,MEDIAN_DOLLAR_VOLUME,TransAlta Corporation Ordinary Shares,NYSE
MFP,45.99,524265.0,24358919.0,20352041.0,6.01,7.19,7.09,False,SHARE_VOLUME|MEDIAN_DOLLAR_VOLUME,"Midera Food Processing, Inc. - Common Stock",NASDAQ
DXC,11.81,2159285.0,24239257.0,22516351.0,3.72,12.48,6.41,False,MEDIAN_DOLLAR_VOLUME,DXC Technology Company Common Stock ,NYSE
AGYS,104.92,214532.0,24166338.0,23753079.0,3.38,-6.29,7.31,False,SHARE_VOLUME|MEDIAN_DOLLAR_VOLUME,"Agilysys, Inc. - Common Stock",NASDAQ
HMC,32.45,750153.0,24131451.0,23979812.0,1.15,1.56,3.55,False,SHARE_VOLUME|MEDIAN_DOLLAR_VOLUME|LOW_DAILY_RANGE,"Honda Motor Company, Ltd. Common Stock",NYSE
TFII,126.92,179777.0,24050955.0,25357260.0,2.92,-9.88,3.24,False,SHARE_VOLUME,TFI International Inc. Common Shares,NYSE
SDGR,23.59,1158827.0,24003919.0,17970777.0,5.79,33.5,12.34,False,MEDIAN_DOLLAR_VOLUME,"Schrodinger, Inc. - Common Stock",NASDAQ
SA,29.5,752137.0,23986845.0,16874579.0,4.79,-4.93,9.52,False,SHARE_VOLUME|MEDIAN_DOLLAR_VOLUME,"Seabridge Gold, Inc. Common Shares New",NYSE
BNC,4.79,4726507.0,23904536.0,1578022.0,9.99,90.08,50.43,False,PRICE|MEDIAN_DOLLAR_VOLUME,CEA Industries Inc. - Common Stock,NASDAQ
MAIN,56.64,415331.0,23870594.0,23407434.0,1.36,-1.57,4.27,False,SHARE_VOLUME|MEDIAN_DOLLAR_VOLUME|LOW_DAILY_RANGE,Main Street Capital Corporation Common Stock,NYSE
LION,11.35,2106892.0,23867332.0,21714087.0,2.8,-2.95,3.19,False,MEDIAN_DOLLAR_VOLUME,Lionsgate Studios Corp Common Shares,NYSE
TRAX,39.25,567396.0,23855721.0,21412188.0,7.0,-10.55,9.98,False,SHARE_VOLUME|MEDIAN_DOLLAR_VOLUME,"First Tracks Biotherapeutics, Inc. - Ordinary Shares",NASDAQ
UCB,35.37,680109.0,23809581.0,23605130.0,1.78,-2.51,2.52,False,SHARE_VOLUME|MEDIAN_DOLLAR_VOLUME|LOW_DAILY_RANGE,"United Community Banks, Inc. Common Stock",NYSE
INTA,37.18,585658.0,23802748.0,24570636.0,3.87,-6.44,12.75,False,SHARE_VOLUME|MEDIAN_DOLLAR_VOLUME,"Intapp, Inc. - Common Stock",NASDAQ
SNYR,0.51,68760126.0,23797968.0,389448.0,19.11,372.41,522.2,False,PRICE|MEDIAN_DOLLAR_VOLUME,Synergy CHC Corp. - Common Stock,NASDAQ
SMA,32.76,720331.0,23726854.0,22702496.0,2.01,-3.6,2.1,False,SHARE_VOLUME|MEDIAN_DOLLAR_VOLUME,"SmartStop Self Storage REIT, Inc. Common Stock",NYSE
PLMR,139.99,177868.0,23691144.0,21722832.0,2.6,8.32,4.66,False,SHARE_VOLUME|MEDIAN_DOLLAR_VOLUME,"Palomar Holdings, Inc. - Common stock",NASDAQ
FLYW,17.53,1272310.0,23655560.0,23784851.0,3.26,-3.95,8.05,False,MEDIAN_DOLLAR_VOLUME,Flywire Corporation - Voting Common Stock,NASDAQ
NIC,170.45,138528.0,23655083.0,23328217.0,1.97,-3.35,2.27,False,SHARE_VOLUME|MEDIAN_DOLLAR_VOLUME|LOW_DAILY_RANGE,Nicolet Bankshares Inc. Common Stock,NYSE
BMA,76.73,306418.0,23497365.0,22734821.0,3.87,0.85,5.23,False,SHARE_VOLUME|MEDIAN_DOLLAR_VOLUME,Banco Macro S.A.  ADR (representing Ten Class B Common Shares),NYSE
CLYM,14.23,1538875.0,23423598.0,21529289.0,7.98,-18.2,12.27,False,MEDIAN_DOLLAR_VOLUME,"Climb Bio, Inc. - Common Stock",NASDAQ
CATY,62.67,378066.0,23394260.0,23754614.0,1.58,-1.78,2.09,False,SHARE_VOLUME|MEDIAN_DOLLAR_VOLUME|LOW_DAILY_RANGE,Cathay General Bancorp - Common Stock,NASDAQ
ABM,50.99,483394.0,23385649.0,18361176.0,2.62,8.25,7.55,False,SHARE_VOLUME|MEDIAN_DOLLAR_VOLUME,ABM Industries Incorporated Common Stock,NYSE
USAS,4.7,4391758.0,23382803.0,21302132.0,5.21,-5.05,9.57,False,PRICE|MEDIAN_DOLLAR_VOLUME,"Americas Gold and Silver Corporation Common Shares, no par value",NYSE American
BATRK,51.1,456385.0,23381700.0,19301566.0,2.4,-2.31,4.0,False,SHARE_VOLUME|MEDIAN_DOLLAR_VOLUME,"Atlanta Braves Holdings, Inc. - Series C Common Stock",NASDAQ
FEIM,83.35,322296.0,23380616.0,14524894.0,6.39,10.88,42.41,False,SHARE_VOLUME|MEDIAN_DOLLAR_VOLUME,"Frequency Electronics, Inc. - Common Stock",NASDAQ
CON,36.59,673530.0,23365819.0,22306049.0,2.29,4.58,11.53,False,SHARE_VOLUME|MEDIAN_DOLLAR_VOLUME,"Concentra Group Holdings Parent, Inc. Common Stock",NYSE
WLTH,10.13,2339936.0,23325052.0,12000462.0,4.26,13.06,15.01,False,MEDIAN_DOLLAR_VOLUME,Wealthfront Corporation - Common Stock,NASDAQ
CXT,47.94,468473.0,23298431.0,22838940.0,3.02,0.44,3.78,False,SHARE_VOLUME|MEDIAN_DOLLAR_VOLUME,"Crane NXT, Co. Common Stock",NYSE
PRKS,36.85,572962.0,23259765.0,23909690.0,3.65,-18.17,5.53,False,SHARE_VOLUME|MEDIAN_DOLLAR_VOLUME,United Parks & Resorts Inc. Common Stock,NYSE
QMCO,24.03,1009339.0,23240040.0,20851402.0,7.77,2.17,64.69,False,MEDIAN_DOLLAR_VOLUME,Quantum Corporation - Common Stock,NASDAQ
OCUL,10.05,2141581.0,23234438.0,21966236.0,4.75,-8.76,6.86,False,MEDIAN_DOLLAR_VOLUME,"Ocular Therapeutix, Inc. - Common Stock",NASDAQ
CALY,15.06,1488890.0,23214646.0,23179843.0,2.37,-6.66,1.75,False,MEDIAN_DOLLAR_VOLUME,Callaway Golf Company Common Stock,NYSE
KMPR,27.58,839512.0,23185675.0,21692674.0,3.27,6.46,2.39,False,SHARE_VOLUME|MEDIAN_DOLLAR_VOLUME,Kemper Corporation,NYSE
NEOG,12.87,1948601.0,23145235.0,18319877.0,3.44,11.24,5.06,False,MEDIAN_DOLLAR_VOLUME,Neogen Corporation - Common Stock,NASDAQ
OSW,21.93,981454.0,23121510.0,19661062.0,3.62,-16.07,2.35,False,SHARE_VOLUME|MEDIAN_DOLLAR_VOLUME,OneSpaWorld Holdings Limited - Common Shares,NASDAQ
PLAY,7.04,2828556.0,23113293.0,15213245.0,6.69,-29.1,10.53,False,MEDIAN_DOLLAR_VOLUME,"Dave & Buster's Entertainment, Inc. - Common Stock",NASDAQ
INTR,5.39,4162704.0,23103241.0,21198380.0,4.21,5.8,5.47,False,MEDIAN_DOLLAR_VOLUME,Inter & Co. Inc. - Class A Common Shares,NASDAQ
BHE,74.77,318443.0,23091678.0,23290084.0,3.08,-2.53,5.16,False,SHARE_VOLUME|MEDIAN_DOLLAR_VOLUME,"Benchmark Electronics, Inc. Common Stock",NYSE
YELP,21.02,1041261.0,23027821.0,22965868.0,3.66,-10.02,3.17,False,MEDIAN_DOLLAR_VOLUME,Yelp Inc. Common Stock,NYSE
CWK,12.9,1664410.0,22962508.0,20121801.0,3.84,-8.9,8.55,False,MEDIAN_DOLLAR_VOLUME,Cushman & Wakefield Ltd. Common Shares,NYSE
AQN,5.32,4129429.0,22940177.0,19776447.0,1.8,-8.12,2.65,False,MEDIAN_DOLLAR_VOLUME|LOW_DAILY_RANGE,Algonquin Power & Utilities Corp. Common Shares,NYSE
KWR,156.25,141928.0,22868778.0,21606800.0,2.83,-5.24,1.59,False,SHARE_VOLUME|MEDIAN_DOLLAR_VOLUME,Quaker Houghton Common Stock,NYSE
DLXY,2.25,10394831.0,22865116.0,13452.0,16.89,435.71,442.17,False,PRICE|MEDIAN_DOLLAR_VOLUME,Delixy Holdings Limited - Class A Ordinary Shares,NASDAQ
BBT,31.32,727468.0,22820258.0,22717326.0,1.92,-3.65,2.9,False,SHARE_VOLUME|MEDIAN_DOLLAR_VOLUME|LOW_DAILY_RANGE,Beacon Financial Corporation Common stock,NYSE
SOBO,35.83,612846.0,22773399.0,24329297.0,2.34,-3.9,2.8,False,SHARE_VOLUME|MEDIAN_DOLLAR_VOLUME,South Bow Corporation Common Shares,NYSE
CRE,2.81,3376597.0,22770311.0,72202.0,11.88,12.4,164.98,False,PRICE|MEDIAN_DOLLAR_VOLUME,Cre8 Enterprise Limited - Class A Ordinary Shares,NASDAQ
RXT,3.51,6995789.0,22768861.0,19003882.0,7.88,-0.43,9.3,False,PRICE|MEDIAN_DOLLAR_VOLUME,"Rackspace Technology, Inc. - Common Stock",NASDAQ
AEVA,14.35,1415841.0,22724546.0,22678210.0,5.79,-31.76,28.81,False,MEDIAN_DOLLAR_VOLUME,"Aeva Technologies, Inc. - Common Stock",NASDAQ
INDB,83.63,273939.0,22701966.0,23351500.0,1.7,-2.0,2.14,False,SHARE_VOLUME|MEDIAN_DOLLAR_VOLUME|LOW_DAILY_RANGE,Independent Bank Corp. - Common Stock,NASDAQ
PRCT,19.45,1083265.0,22701508.0,21053632.0,5.04,-8.77,6.5,False,MEDIAN_DOLLAR_VOLUME,PROCEPT BioRobotics Corporation - Common Stock,NASDAQ
GPGI,12.18,1700932.0,22694013.0,21922118.0,4.9,-2.72,8.86,False,MEDIAN_DOLLAR_VOLUME,"GPGI, Inc. Class A Common Stock",NYSE
ELMT,19.74,1116291.0,22686554.0,4193329.0,8.18,9.79,32.8,False,MEDIAN_DOLLAR_VOLUME,The Elmet Group Co. - Common Stock,NASDAQ
LMAT,80.58,281798.0,22685437.0,22330808.0,2.35,-0.86,2.88,False,SHARE_VOLUME|MEDIAN_DOLLAR_VOLUME,"LeMaitre Vascular, Inc. - Common Stock",NASDAQ
VECO,41.87,509405.0,22675266.0,20076359.0,4.44,-17.77,6.18,False,SHARE_VOLUME|MEDIAN_DOLLAR_VOLUME,Veeco Instruments Inc. - Common Stock,NASDAQ
CVBF,23.0,1007722.0,22636948.0,20359630.0,1.61,-0.15,1.92,False,MEDIAN_DOLLAR_VOLUME|LOW_DAILY_RANGE,CVB Financial Corporation - Common Stock,NASDAQ
GIII,28.74,770211.0,22600768.0,22617800.0,3.33,-14.46,3.53,False,SHARE_VOLUME|MEDIAN_DOLLAR_VOLUME,"G-III Apparel Group, LTD. - Common Stock",NASDAQ
CIGI,90.79,227938.0,22596019.0,22618815.0,2.91,-13.35,4.89,False,SHARE_VOLUME|MEDIAN_DOLLAR_VOLUME,Colliers International Group Inc.  - Subordinate Voting Shares,NASDAQ
KT,19.61,1158256.0,22587491.0,18951325.0,1.63,4.45,2.32,False,MEDIAN_DOLLAR_VOLUME|LOW_DAILY_RANGE,KT Corporation Common Stock,NYSE
REAX,18.46,1012399.0,22561695.0,15951301.0,9.76,-30.34,18.46,False,MEDIAN_DOLLAR_VOLUME,Real REMAX Group Inc. - Common Stock,NASDAQ
LB,84.66,259246.0,22482009.0,20868760.0,3.71,4.9,8.37,False,SHARE_VOLUME|MEDIAN_DOLLAR_VOLUME,LandBridge Company LLC Class A Shares Representing Limited Liability Company Interests,NYSE
ROG,129.49,175662.0,22476760.0,20892826.0,3.03,-5.31,5.18,False,SHARE_VOLUME|MEDIAN_DOLLAR_VOLUME,Rogers Corporation Common Stock,NYSE
LINC,24.99,885769.0,22353579.0,22355578.0,5.21,-9.95,4.22,False,SHARE_VOLUME|MEDIAN_DOLLAR_VOLUME,Lincoln Educational Services Corporation - Common Stock,NASDAQ
STN,71.27,306728.0,22350317.0,20742841.0,2.38,-3.95,2.63,False,SHARE_VOLUME|MEDIAN_DOLLAR_VOLUME,Stantec Inc Common Stock,NYSE
ADUS,118.35,188911.0,22348126.0,22272993.0,2.47,0.19,3.16,False,SHARE_VOLUME|MEDIAN_DOLLAR_VOLUME,Addus HomeCare Corporation - Common Stock,NASDAQ
HTO,63.2,351099.0,22326957.0,22664777.0,1.96,-0.16,1.75,False,SHARE_VOLUME|MEDIAN_DOLLAR_VOLUME|LOW_DAILY_RANGE,H2O America  - Common Stock,NASDAQ
NTCT,38.72,584894.0,22229578.0,21636846.0,2.28,-0.56,2.68,False,SHARE_VOLUME|MEDIAN_DOLLAR_VOLUME,"NetScout Systems, Inc. - Common Stock",NASDAQ
LIND,27.23,805456.0,22200522.0,19197841.0,4.42,-15.83,4.37,False,SHARE_VOLUME|MEDIAN_DOLLAR_VOLUME,Lindblad Expeditions Holdings Inc.  - Common Stock,NASDAQ
SII,126.68,168900.0,22137741.0,18621871.0,3.66,7.72,10.4,False,SHARE_VOLUME|MEDIAN_DOLLAR_VOLUME,Sprott Inc. Common Shares,NYSE
VYX,7.39,2621860.0,22090736.0,22471650.0,6.0,-2.57,9.23,False,MEDIAN_DOLLAR_VOLUME,NCR Voyix Corporation Common Stock,NYSE
SWMR,25.4,731241.0,22029096.0,13198783.0,12.2,-45.8,13.17,False,SHARE_VOLUME|MEDIAN_DOLLAR_VOLUME,"Swarmer, Inc - common stock",NASDAQ
RWT,3.93,5759034.0,21996040.0,6575792.0,3.57,-16.81,7.89,False,PRICE|MEDIAN_DOLLAR_VOLUME,"Redwood Trust, Inc. Common Stock",NYSE
ITIC,300.49,73838.0,21934249.0,22106167.0,2.51,3.37,2.89,False,SHARE_VOLUME|MEDIAN_DOLLAR_VOLUME,Investors Title Company - Common Stock,NASDAQ
PBH,47.31,436090.0,21933380.0,21896875.0,2.8,-6.44,2.74,False,SHARE_VOLUME|MEDIAN_DOLLAR_VOLUME,Prestige Consumer Healthcare Inc. Common Stock,NYSE
ZBIO,32.56,683499.0,21921454.0,18586927.0,4.88,2.04,6.7,False,SHARE_VOLUME|MEDIAN_DOLLAR_VOLUME,"Zenas BioPharma, Inc. - Common Stock",NASDAQ
SHO,11.09,1973125.0,21893270.0,22331648.0,1.73,0.23,1.56,False,MEDIAN_DOLLAR_VOLUME|LOW_DAILY_RANGE,"Sunstone Hotel Investors, Inc. Sunstone Hotel Investors, Inc. Common Shares",NYSE
SONO,15.76,1422034.0,21853719.0,22836356.0,3.88,-0.19,5.55,False,MEDIAN_DOLLAR_VOLUME,"Sonos, Inc. - Common Stock",NASDAQ
NMRK,14.32,1436968.0,21842803.0,20304100.0,3.08,-5.63,8.17,False,MEDIAN_DOLLAR_VOLUME,"Newmark Group, Inc. - Class A Common Stock",NASDAQ
BBNX,20.71,1137624.0,21840332.0,16470441.0,7.15,8.89,14.94,False,MEDIAN_DOLLAR_VOLUME,"Beta Bionics, Inc. - Common Stock",NASDAQ
IPAR,112.76,191172.0,21835066.0,22036220.0,2.63,0.1,3.34,False,SHARE_VOLUME|MEDIAN_DOLLAR_VOLUME,"Interparfums, Inc. - Common Stock",NASDAQ
SMPL,10.27,2030768.0,21830039.0,22171180.0,4.44,-6.38,7.05,False,MEDIAN_DOLLAR_VOLUME,The Simply Good Foods Company - Common Stock,NASDAQ
BORR,4.3,4914921.0,21804916.0,18964958.0,4.63,-2.82,9.65,False,PRICE|MEDIAN_DOLLAR_VOLUME,Borr Drilling Limited Common Shares,NYSE
VIR,10.59,2012587.0,21743203.0,20126253.0,5.46,11.59,8.07,False,MEDIAN_DOLLAR_VOLUME,"Vir Biotechnology, Inc. - Common Stock",NASDAQ
PD,14.55,1611039.0,21739785.0,20575096.0,3.89,22.67,9.5,False,MEDIAN_DOLLAR_VOLUME,"PagerDuty, Inc. Common Stock",NYSE
BXDC,20.0,1079957.0,21732890.0,19027850.0,2.96,-3.22,3.22,False,MEDIAN_DOLLAR_VOLUME,Blackstone Digital Infrastructure Trust Inc. Common Stock,NYSE
PRVA,20.45,1042111.0,21633516.0,19497826.0,2.56,-4.95,2.25,False,MEDIAN_DOLLAR_VOLUME,"Privia Health Group, Inc. - Common Stock",NASDAQ
UPWK,8.65,2464187.0,21627270.0,20107352.0,3.4,1.83,3.69,False,MEDIAN_DOLLAR_VOLUME,Upwork Inc. - Common Stock,NASDAQ
SKWD,57.38,377821.0,21601364.0,18964575.0,2.69,-1.81,4.11,False,SHARE_VOLUME|MEDIAN_DOLLAR_VOLUME,"Skyward Specialty Insurance Group, Inc. - Common Stock",NASDAQ
TRUG,0.45,35423573.0,21588756.0,937693.0,20.83,-58.8,76.01,False,PRICE|MEDIAN_DOLLAR_VOLUME,"TruGolf Holdings, Inc. - Class A Common Stock",NASDAQ
CMBT,19.87,1153923.0,21558135.0,20478072.0,2.41,13.61,4.22,False,MEDIAN_DOLLAR_VOLUME,CMB.TECH NV Ordinary Shares,NYSE
TNET,69.33,314573.0,21545030.0,21479126.0,3.32,-0.73,4.91,False,SHARE_VOLUME|MEDIAN_DOLLAR_VOLUME,"TriNet Group, Inc. Common Stock",NYSE
INVX,29.55,719351.0,21454774.0,20640164.0,3.85,-2.01,5.59,False,SHARE_VOLUME|MEDIAN_DOLLAR_VOLUME,"Innovex International, Inc. Common Stock",NYSE
RPD,12.59,1796900.0,21430720.0,18754801.0,6.78,0.0,24.05,False,MEDIAN_DOLLAR_VOLUME,"Rapid7, Inc. - Common Stock",NASDAQ
ARCT,15.82,1533247.0,21422483.0,18453761.0,10.22,92.69,25.21,False,MEDIAN_DOLLAR_VOLUME,Arcturus Therapeutics Holdings Inc. - Common Stock,NASDAQ
CAE,24.26,879699.0,21394777.0,21183848.0,2.49,-6.76,3.67,False,SHARE_VOLUME|MEDIAN_DOLLAR_VOLUME,CAE Inc - Common Shares,NASDAQ
LTC,43.0,514175.0,21368216.0,18960678.0,1.85,8.0,3.21,False,SHARE_VOLUME|MEDIAN_DOLLAR_VOLUME|LOW_DAILY_RANGE,"LTC Properties, Inc. Common Stock",NYSE
FFBC,32.61,655962.0,21362093.0,21360809.0,1.58,-2.72,2.03,False,SHARE_VOLUME|MEDIAN_DOLLAR_VOLUME|LOW_DAILY_RANGE,First Financial Bancorp. - Common Stock,NASDAQ
IE,9.03,2006823.0,21355631.0,19117811.0,6.21,-11.03,10.51,False,MEDIAN_DOLLAR_VOLUME,Ivanhoe Electric Inc. Common Stock,NYSE American
SFBS,42.1,498586.0,21322919.0,20361825.0,2.13,-6.45,1.85,False,SHARE_VOLUME|MEDIAN_DOLLAR_VOLUME,"ServisFirst Bancshares, Inc. Common Stock",NYSE
HOS,8.7,2222251.0,21313562.0,17195140.0,4.37,-16.14,5.26,False,MEDIAN_DOLLAR_VOLUME,"Hornbeck Offshore Services, Inc. Common Stock",NYSE
HAWK,16.39,1165048.0,21299890.0,19834292.0,5.67,-25.13,5.65,False,MEDIAN_DOLLAR_VOLUME,"HawkEye 360, Inc. Common Stock",NYSE
NMIH,42.88,475704.0,21216586.0,19726597.0,1.87,-5.99,1.84,False,SHARE_VOLUME|MEDIAN_DOLLAR_VOLUME|LOW_DAILY_RANGE,NMI Holdings Inc - Common Stock,NASDAQ
NIQ,18.13,1138681.0,21182233.0,21557750.0,3.44,4.68,41.95,False,MEDIAN_DOLLAR_VOLUME,NIQ Global Intelligence plc Ordinary Shares,NYSE
PNRG,209.28,99411.0,21156064.0,17904124.0,3.75,-1.61,7.25,False,SHARE_VOLUME|MEDIAN_DOLLAR_VOLUME,PrimeEnergy Resources Corporation - Common Stock,NASDAQ
BCC,76.18,270815.0,21128219.0,19759199.0,2.59,-4.71,3.68,False,SHARE_VOLUME|MEDIAN_DOLLAR_VOLUME,"Boise Cascade, L.L.C. Common Stock",NYSE
KOD,33.15,581898.0,21094240.0,20625617.0,4.94,-18.45,6.02,False,SHARE_VOLUME|MEDIAN_DOLLAR_VOLUME,Kodiak Sciences Inc - Common Stock,NASDAQ
DORM,126.36,163510.0,21086685.0,20419456.0,2.4,-4.86,2.49,False,SHARE_VOLUME|MEDIAN_DOLLAR_VOLUME,"Dorman Products, Inc. - Common Stock",NASDAQ
AMPL,13.41,1586375.0,21083376.0,19419186.0,4.38,6.51,10.19,False,MEDIAN_DOLLAR_VOLUME,"Amplitude, Inc. - Class A Common Stock",NASDAQ
RHLD,122.96,160142.0,21046624.0,19191118.0,5.34,-3.06,12.4,False,SHARE_VOLUME|MEDIAN_DOLLAR_VOLUME,Resolute Holdings Management Common Stock ,NYSE
FTRE,20.4,1150768.0,20910656.0,20062148.0,4.76,15.91,13.33,False,MEDIAN_DOLLAR_VOLUME,Fortrea Holdings Inc. - Common Stock,NASDAQ
BZH,33.37,629373.0,20905793.0,18270875.0,0.3,0.79,2.28,False,SHARE_VOLUME|MEDIAN_DOLLAR_VOLUME|LOW_DAILY_RANGE,"Beazer Homes USA, Inc. Common Stock",NYSE
NVCR,16.36,1214157.0,20897837.0,16564505.0,4.74,-5.1,5.61,False,MEDIAN_DOLLAR_VOLUME,NovoCure Limited - Ordinary Shares,NASDAQ
ALRM,55.3,369870.0,20859482.0,20730010.0,2.22,-0.49,3.26,False,SHARE_VOLUME|MEDIAN_DOLLAR_VOLUME,"Alarm.com Holdings, Inc. - Common Stock",NASDAQ
HLIO,68.01,289705.0,20818746.0,20223181.0,3.09,-14.37,3.82,False,SHARE_VOLUME|MEDIAN_DOLLAR_VOLUME,"Helios Technologies, Inc. Common Stock",NYSE
AVEX,16.32,1219671.0,20804215.0,18865348.0,6.22,-18.03,9.09,False,MEDIAN_DOLLAR_VOLUME,AEVEX Corp. Class A Common Stock,NYSE
VZLA,3.75,5212141.0,20788972.0,20057067.0,4.49,5.06,8.96,False,PRICE|MEDIAN_DOLLAR_VOLUME,Vizsla Silver Corp. Common Shares,NYSE American
BELFA,193.95,100477.0,20769003.0,21972160.0,3.68,-15.98,3.27,False,SHARE_VOLUME|MEDIAN_DOLLAR_VOLUME,Bel Fuse Inc. - Class A Common Stock,NASDAQ
HWKN,122.46,168879.0,20763375.0,19071216.0,3.16,-1.87,3.58,False,SHARE_VOLUME|MEDIAN_DOLLAR_VOLUME,"Hawkins, Inc. - Common Stock",NASDAQ
IBOC,71.64,291828.0,20749294.0,20675604.0,1.48,-1.34,1.41,False,SHARE_VOLUME|MEDIAN_DOLLAR_VOLUME|LOW_DAILY_RANGE,International Bancshares Corporation - Common Stock,NASDAQ
RNST,40.8,504705.0,20708041.0,20733142.0,1.79,-4.23,1.8,False,SHARE_VOLUME|MEDIAN_DOLLAR_VOLUME|LOW_DAILY_RANGE,Renasant Corporation Common Stock,NYSE
FFIN,33.63,622443.0,20703905.0,20187396.0,1.66,-2.24,1.9,False,SHARE_VOLUME|MEDIAN_DOLLAR_VOLUME|LOW_DAILY_RANGE,"First Financial Bankshares, Inc. - Common Stock",NASDAQ
OMCL,32.52,602999.0,20619757.0,20816294.0,3.33,-9.59,6.29,False,SHARE_VOLUME|MEDIAN_DOLLAR_VOLUME,"Omnicell, Inc. - Common Stock",NASDAQ
WDFC,190.81,99562.0,20619135.0,20230857.0,2.55,-17.04,2.43,False,SHARE_VOLUME|MEDIAN_DOLLAR_VOLUME,WD-40 Company - Common Stock,NASDAQ
HUN,9.33,2168970.0,20615520.0,19376836.0,3.36,-6.28,3.41,False,MEDIAN_DOLLAR_VOLUME,Huntsman Corporation Common Stock,NYSE
COLL,22.42,835586.0,20604718.0,20677755.0,3.98,-21.35,9.53,False,SHARE_VOLUME|MEDIAN_DOLLAR_VOLUME,"Collegium Pharmaceutical, Inc. - Common Stock",NASDAQ
ZYME,26.08,731119.0,20580930.0,18613701.0,5.05,0.04,7.9,False,SHARE_VOLUME|MEDIAN_DOLLAR_VOLUME,Zymeworks Inc. - Common Stock,NASDAQ
ALNT,94.62,217016.0,20543928.0,17895162.0,4.67,-12.95,19.26,False,SHARE_VOLUME|MEDIAN_DOLLAR_VOLUME,Allient Inc. - Common Stock,NASDAQ
AVPT,13.44,1533454.0,20543651.0,18825340.0,3.11,0.9,8.25,False,MEDIAN_DOLLAR_VOLUME,"AvePoint, Inc. - Class A Common Stock",NASDAQ
PRGS,42.63,469526.0,20486902.0,17613207.0,3.78,-1.37,8.04,False,SHARE_VOLUME|MEDIAN_DOLLAR_VOLUME,Progress Software Corporation - Common Stock,NASDAQ
GTY,30.53,626508.0,20454735.0,14736925.0,1.75,-7.44,1.8,False,SHARE_VOLUME|MEDIAN_DOLLAR_VOLUME|LOW_DAILY_RANGE,Getty Realty Corporation Common Stock,NYSE
FRHC,162.93,122425.0,20452837.0,13308358.0,4.09,1.32,8.65,False,SHARE_VOLUME|MEDIAN_DOLLAR_VOLUME,Freedom Holding Corp. - Common Stock,NASDAQ
KB,129.75,164209.0,20447457.0,18804202.0,1.67,10.26,4.84,False,SHARE_VOLUME|MEDIAN_DOLLAR_VOLUME|LOW_DAILY_RANGE,KB Financial Group Inc,NYSE
FELE,97.37,205356.0,20435911.0,18909347.0,1.83,-4.49,2.08,False,SHARE_VOLUME|MEDIAN_DOLLAR_VOLUME|LOW_DAILY_RANGE,"Franklin Electric Co., Inc. - Common Stock",NASDAQ
AGM,223.47,92001.0,20379020.0,21505184.0,2.3,-1.77,2.06,False,SHARE_VOLUME|MEDIAN_DOLLAR_VOLUME,Federal Agricultural Mortgage Corporation Common Stock,NYSE
BRC,84.71,227080.0,20369501.0,18505069.0,2.93,-10.04,3.38,False,SHARE_VOLUME|MEDIAN_DOLLAR_VOLUME,Brady Corporation Common Stock,NYSE
TDOC,6.44,3203676.0,20355677.0,20851038.0,3.53,-0.46,6.74,False,MEDIAN_DOLLAR_VOLUME,"Teladoc Health, Inc. Common Stock",NYSE
LMB,53.24,439280.0,20346693.0,19321269.0,4.15,23.38,8.66,False,SHARE_VOLUME|MEDIAN_DOLLAR_VOLUME,"Limbach Holdings, Inc. - Common Stock",NASDAQ
EFOR,33.21,633353.0,20307282.0,19083158.0,4.91,7.86,8.2,False,SHARE_VOLUME|MEDIAN_DOLLAR_VOLUME,"Everforth, Inc. Common Stock",NYSE
GNK,27.83,754857.0,20261542.0,16915295.0,3.28,6.83,4.15,False,SHARE_VOLUME|MEDIAN_DOLLAR_VOLUME,Genco Shipping & Trading Limited Ordinary Shares New (Marshall Islands),NYSE
BOH,75.62,265353.0,20226676.0,19791899.0,1.59,-3.5,1.77,False,SHARE_VOLUME|MEDIAN_DOLLAR_VOLUME|LOW_DAILY_RANGE,Bank of Hawaii Corporation Common Stock,NYSE
EYPT,3.49,4168641.0,20193458.0,16017210.0,8.25,-36.11,15.17,False,PRICE|MEDIAN_DOLLAR_VOLUME,"EyePoint, Inc. - Common Stock",NASDAQ
NHI,68.7,281672.0,20164653.0,20675687.0,1.65,-6.2,2.36,False,SHARE_VOLUME|MEDIAN_DOLLAR_VOLUME|LOW_DAILY_RANGE,"National Health Investors, Inc. Common Stock",NYSE
VCEL,40.78,493196.0,20159846.0,20121097.0,3.24,-7.85,3.29,False,SHARE_VOLUME|MEDIAN_DOLLAR_VOLUME,Vericel Corporation - Common Stock,NASDAQ
PHIN,62.34,297737.0,20126619.0,19714683.0,2.66,-15.04,1.56,False,SHARE_VOLUME|MEDIAN_DOLLAR_VOLUME,PHINIA Inc. Common Stock,NYSE
HLF,11.91,1668738.0,20084772.0,15406282.0,4.36,-3.44,7.3,False,MEDIAN_DOLLAR_VOLUME,Herbalife Ltd. Common Shares,NYSE
DOO,59.77,317573.0,20079526.0,15406596.0,3.81,-12.85,7.49,False,SHARE_VOLUME|MEDIAN_DOLLAR_VOLUME,BRP Inc. - Common Subordinate Voting Shares,NASDAQ
LBTYA,10.43,1887536.0,20066995.0,20370159.0,2.41,-0.52,2.26,False,MEDIAN_DOLLAR_VOLUME,Liberty Global Ltd. - Class A Common Shares,NASDAQ
ADEA,25.2,772231.0,20052836.0,20911568.0,3.63,-9.89,4.08,False,SHARE_VOLUME|MEDIAN_DOLLAR_VOLUME,Adeia Inc.  - Common Stock,NASDAQ
NHC,227.04,89027.0,20016505.0,20418392.0,2.88,-3.05,6.36,False,SHARE_VOLUME|MEDIAN_DOLLAR_VOLUME,National HealthCare Corporation Common Stock,NYSE American
PRG,36.45,520510.0,19918007.0,18926151.0,3.03,-12.23,3.76,False,SHARE_VOLUME|AVG_DOLLAR_VOLUME|MEDIAN_DOLLAR_VOLUME,"PROG Holdings, Inc. Common Stock",NYSE
GRDN,46.43,477631.0,19885236.0,16170856.0,3.94,21.29,11.05,False,SHARE_VOLUME|AVG_DOLLAR_VOLUME|MEDIAN_DOLLAR_VOLUME,"Guardian Pharmacy Services, Inc. Class A Common Stock",NYSE
ALOY,8.18,1913138.0,19841993.0,17881012.0,7.06,-39.42,14.78,False,AVG_DOLLAR_VOLUME|MEDIAN_DOLLAR_VOLUME,REalloys Inc. - Common Stock,NASDAQ
ATEC,10.6,2027520.0,19802646.0,14958744.0,4.62,11.23,19.68,False,AVG_DOLLAR_VOLUME|MEDIAN_DOLLAR_VOLUME,"Alphatec Holdings, Inc. - Common Stock",NASDAQ
IVR,6.49,2786244.0,19781465.0,19536662.0,1.9,-11.77,1.47,False,AVG_DOLLAR_VOLUME|MEDIAN_DOLLAR_VOLUME|LOW_DAILY_RANGE,INVESCO MORTGAGE CAPITAL INC Common Stock,NYSE
BKE,40.44,467317.0,19777067.0,19390126.0,2.75,-6.19,2.74,False,SHARE_VOLUME|AVG_DOLLAR_VOLUME|MEDIAN_DOLLAR_VOLUME,"Buckle, Inc. (The) Common Stock",NYSE
SATL,4.91,3895082.0,19742507.0,20177557.0,6.72,-14.46,15.3,False,PRICE|AVG_DOLLAR_VOLUME|MEDIAN_DOLLAR_VOLUME,Satellogic Inc. - Class A Common Stock,NASDAQ
STRA,81.49,239004.0,19728209.0,19295162.0,2.67,0.16,2.93,False,SHARE_VOLUME|AVG_DOLLAR_VOLUME|MEDIAN_DOLLAR_VOLUME,"Strategic Education, Inc. - Common Stock",NASDAQ
PCT,5.61,3094162.0,19714484.0,18335066.0,5.33,-18.46,5.52,False,AVG_DOLLAR_VOLUME|MEDIAN_DOLLAR_VOLUME,"PureCycle Technologies, Inc. - Common stock",NASDAQ
ENVX,2.92,5994003.0,19666418.0,17599199.0,5.16,-6.7,10.33,False,PRICE|AVG_DOLLAR_VOLUME|MEDIAN_DOLLAR_VOLUME,Enovix Corporation - Common Stock,NASDAQ
SGML,9.21,1773549.0,19598386.0,17734019.0,5.53,-16.5,11.56,False,AVG_DOLLAR_VOLUME|MEDIAN_DOLLAR_VOLUME,Sigma Lithium Corporation - common shares,NASDAQ
MUX,18.45,970315.0,19530422.0,18000562.0,4.05,0.49,10.13,False,SHARE_VOLUME|AVG_DOLLAR_VOLUME|MEDIAN_DOLLAR_VOLUME,McEwen Inc. Common Stock,NYSE
NSSC,36.19,536894.0,19520423.0,14420278.0,5.01,-3.82,3.93,False,SHARE_VOLUME|AVG_DOLLAR_VOLUME|MEDIAN_DOLLAR_VOLUME,"NAPCO Security Technologies, Inc. - Common Stock",NASDAQ
TFPM,32.29,577328.0,19496140.0,17140049.0,2.93,5.16,6.4,False,SHARE_VOLUME|AVG_DOLLAR_VOLUME|MEDIAN_DOLLAR_VOLUME,Triple Flag Precious Metals Corp. Common Shares,NYSE
IMMX,12.28,1445042.0,19486120.0,18716327.0,6.1,3.98,13.43,False,AVG_DOLLAR_VOLUME|MEDIAN_DOLLAR_VOLUME,"Immix Biopharma, Inc. - Common Stock",NASDAQ
SNDR,33.19,567267.0,19484705.0,18262942.0,2.87,-5.7,2.91,False,SHARE_VOLUME|AVG_DOLLAR_VOLUME|MEDIAN_DOLLAR_VOLUME,"Schneider National, Inc. Common Stock",NYSE
FCPT,23.41,790617.0,19480953.0,17667894.0,1.41,-5.51,1.67,False,SHARE_VOLUME|AVG_DOLLAR_VOLUME|MEDIAN_DOLLAR_VOLUME|LOW_DAILY_RANGE,"Four Corners Property Trust, Inc. Common Stock",NYSE
CNS,72.06,247701.0,19469466.0,20863782.0,3.03,-12.97,2.63,False,SHARE_VOLUME|AVG_DOLLAR_VOLUME|MEDIAN_DOLLAR_VOLUME,Cohen & Steers Inc Common Stock,NYSE
LNN,118.16,164689.0,19468875.0,17769254.0,3.05,5.69,4.61,False,SHARE_VOLUME|AVG_DOLLAR_VOLUME|MEDIAN_DOLLAR_VOLUME,Lindsay Corporation Common Stock,NYSE
CPK,130.31,147328.0,19438272.0,18887559.0,2.01,-4.03,1.49,False,SHARE_VOLUME|AVG_DOLLAR_VOLUME|MEDIAN_DOLLAR_VOLUME,Chesapeake Utilities Corporation Common Stock,NYSE
FBK,54.37,344852.0,19426528.0,18887918.0,1.93,-10.94,1.44,False,SHARE_VOLUME|AVG_DOLLAR_VOLUME|MEDIAN_DOLLAR_VOLUME|LOW_DAILY_RANGE,FB Financial Corporation Common Stock,NYSE
OI,6.34,2813356.0,19418810.0,19065459.0,4.32,-0.31,12.54,False,AVG_DOLLAR_VOLUME|MEDIAN_DOLLAR_VOLUME,"O-I Glass, Inc. Common Stock",NYSE
GCDT,0.38,21855747.0,19399119.0,76470.0,16.95,-18.21,143.32,False,PRICE|AVG_DOLLAR_VOLUME|MEDIAN_DOLLAR_VOLUME,Green Circle Decarbonize Technology Limited Class A Ordinary Shares,NYSE American
HAPN,16.42,1103307.0,19277050.0,18235979.0,2.73,-11.6,3.52,False,AVG_DOLLAR_VOLUME|MEDIAN_DOLLAR_VOLUME,"Happen, Inc. - Common Stock",NASDAQ
CEVA,27.58,695491.0,19260923.0,16820087.0,4.09,-7.04,9.58,False,SHARE_VOLUME|AVG_DOLLAR_VOLUME|MEDIAN_DOLLAR_VOLUME,"CEVA, Inc. - Common Stock",NASDAQ
E,55.84,348293.0,19256503.0,18841998.0,1.37,-0.16,3.77,False,SHARE_VOLUME|AVG_DOLLAR_VOLUME|MEDIAN_DOLLAR_VOLUME|LOW_DAILY_RANGE,ENI S.p.A. Common Stock,NYSE
BKSY,21.32,836935.0,19205756.0,18399423.0,6.13,-26.33,10.37,False,SHARE_VOLUME|AVG_DOLLAR_VOLUME|MEDIAN_DOLLAR_VOLUME,BlackSky Technology Inc. Class A Common Stock,NYSE
BANR,71.94,271251.0,19200068.0,18820494.0,1.67,-1.09,2.13,False,SHARE_VOLUME|AVG_DOLLAR_VOLUME|MEDIAN_DOLLAR_VOLUME|LOW_DAILY_RANGE,Banner Corporation - Common Stock,NASDAQ
ENR,20.97,901288.0,19058606.0,20948033.0,3.66,-4.81,4.78,False,SHARE_VOLUME|AVG_DOLLAR_VOLUME|MEDIAN_DOLLAR_VOLUME,"Energizer Holdings, Inc. Common Stock",NYSE
BRSL,10.74,1696971.0,19057155.0,17226921.0,2.91,-2.32,4.49,False,AVG_DOLLAR_VOLUME|MEDIAN_DOLLAR_VOLUME,"Brightstar Lottery PLC Trading under the Legal Name to begin at the market open on July 21, 2025. Ordinary Shares",NYSE
DXPE,185.12,102308.0,19047370.0,18832271.0,3.02,-6.32,17.72,False,SHARE_VOLUME|AVG_DOLLAR_VOLUME|MEDIAN_DOLLAR_VOLUME,"DXP Enterprises, Inc. - Common Stock",NASDAQ
NBR,87.91,208720.0,19009970.0,18343329.0,4.19,-6.34,10.06,False,SHARE_VOLUME|AVG_DOLLAR_VOLUME|MEDIAN_DOLLAR_VOLUME,Nabors Industries Ltd.,NYSE
GTM,4.07,4725581.0,18972367.0,18290192.0,5.25,6.54,13.11,False,PRICE|AVG_DOLLAR_VOLUME|MEDIAN_DOLLAR_VOLUME,ZoomInfo Technologies Inc. - Common Stock,NASDAQ
HELP,13.44,1481143.0,18955009.0,18976924.0,6.7,15.17,13.88,False,AVG_DOLLAR_VOLUME|MEDIAN_DOLLAR_VOLUME,Cybin Inc. - Common Stock,NASDAQ
NOMD,11.03,1626669.0,18937243.0,14981100.0,2.87,-3.42,5.61,False,AVG_DOLLAR_VOLUME|MEDIAN_DOLLAR_VOLUME,Nomad Foods Limited Ordinary Shares,NYSE
ACT,48.81,383636.0,18928926.0,13795894.0,1.72,-1.98,1.76,False,SHARE_VOLUME|AVG_DOLLAR_VOLUME|MEDIAN_DOLLAR_VOLUME|LOW_DAILY_RANGE,"Enact Holdings, Inc. - Common Stock",NASDAQ
CRAI,165.12,110702.0,18866128.0,17908818.0,2.79,-1.49,3.07,False,SHARE_VOLUME|AVG_DOLLAR_VOLUME|MEDIAN_DOLLAR_VOLUME,"CRA International,Inc. - Common Stock",NASDAQ
CDNL,33.68,493483.0,18851027.0,16550784.0,6.42,-25.39,15.07,False,SHARE_VOLUME|AVG_DOLLAR_VOLUME|MEDIAN_DOLLAR_VOLUME,Cardinal Infrastructure Group Inc. - Class A Common Stock,NASDAQ
GSHD,58.85,288902.0,18825770.0,17104848.0,4.58,-9.15,5.57,False,SHARE_VOLUME|AVG_DOLLAR_VOLUME|MEDIAN_DOLLAR_VOLUME,"Goosehead Insurance, Inc. - Class A Common Stock",NASDAQ
AMN,35.17,551592.0,18814534.0,17300826.0,3.73,1.82,16.88,False,SHARE_VOLUME|AVG_DOLLAR_VOLUME|MEDIAN_DOLLAR_VOLUME,AMN Healthcare Services Inc,NYSE
PRCH,16.23,1105362.0,18809772.0,16066309.0,4.03,-2.73,4.83,False,AVG_DOLLAR_VOLUME|MEDIAN_DOLLAR_VOLUME,"Porch Group, Inc. - Common Stock",NASDAQ
TPB,71.21,237816.0,18808011.0,18363899.0,3.58,-17.68,2.9,False,SHARE_VOLUME|AVG_DOLLAR_VOLUME|MEDIAN_DOLLAR_VOLUME,"Turning Point Brands, Inc. Common Stock",NYSE
PRK,188.31,96308.0,18702657.0,17997190.0,2.12,-7.37,1.39,False,SHARE_VOLUME|AVG_DOLLAR_VOLUME|MEDIAN_DOLLAR_VOLUME,Park National Corporation Common Stock,NYSE American
MCRI,124.3,153373.0,18687404.0,17658229.0,1.98,1.08,1.95,False,SHARE_VOLUME|AVG_DOLLAR_VOLUME|MEDIAN_DOLLAR_VOLUME|LOW_DAILY_RANGE,"Monarch Casino & Resort, Inc. - Common Stock",NASDAQ
AMSC,27.87,641006.0,18647580.0,17143610.0,3.75,-10.15,3.68,False,SHARE_VOLUME|AVG_DOLLAR_VOLUME|MEDIAN_DOLLAR_VOLUME,American Superconductor Corporation - Common Stock,NASDAQ
ADMA,8.89,1978696.0,18644065.0,17945089.0,3.04,-6.87,8.64,False,AVG_DOLLAR_VOLUME|MEDIAN_DOLLAR_VOLUME,ADMA Biologics Inc - Common Stock,NASDAQ
COTY,2.67,6658690.0,18625320.0,15896785.0,4.81,-2.37,10.58,False,PRICE|AVG_DOLLAR_VOLUME|MEDIAN_DOLLAR_VOLUME,Coty Inc. Class A Common Stock,NYSE
TOWN,37.55,495337.0,18504852.0,18036657.0,1.34,-0.21,2.17,False,SHARE_VOLUME|AVG_DOLLAR_VOLUME|MEDIAN_DOLLAR_VOLUME|LOW_DAILY_RANGE,Towne Bank - Common Stock,NASDAQ
MLTX,12.1,1285081.0,18484292.0,17685162.0,4.44,-25.95,3.86,False,AVG_DOLLAR_VOLUME|MEDIAN_DOLLAR_VOLUME,MoonLake Immunotherapeutics - Class A Ordinary Shares,NASDAQ
MD,26.25,692761.0,18471987.0,18470584.0,2.98,-1.15,5.18,False,SHARE_VOLUME|AVG_DOLLAR_VOLUME|MEDIAN_DOLLAR_VOLUME,"Pediatrix Medical Group, Inc. Common Stock",NYSE
INDI,3.03,5034810.0,18465405.0,15729716.0,5.95,-30.18,17.78,False,PRICE|AVG_DOLLAR_VOLUME|MEDIAN_DOLLAR_VOLUME,"indie Semiconductor, Inc. - Class A Common Stock",NASDAQ
SCSC,57.06,325754.0,18345179.0,15772182.0,4.23,9.11,9.67,False,SHARE_VOLUME|AVG_DOLLAR_VOLUME|MEDIAN_DOLLAR_VOLUME,"ScanSource, Inc. - Common Stock",NASDAQ
STAA,22.75,784673.0,18264469.0,17569082.0,4.07,-7.67,4.71,False,SHARE_VOLUME|AVG_DOLLAR_VOLUME|MEDIAN_DOLLAR_VOLUME,STAAR Surgical Company - Common Stock,NASDAQ
VET,12.83,1416037.0,18237271.0,16276614.0,3.11,5.68,5.52,False,AVG_DOLLAR_VOLUME|MEDIAN_DOLLAR_VOLUME,Vermilion Energy Inc. Common (Canada),NYSE
FSK,11.56,1506426.0,18213675.0,17310451.0,1.81,-2.98,7.61,False,AVG_DOLLAR_VOLUME|MEDIAN_DOLLAR_VOLUME|LOW_DAILY_RANGE,FS KKR Capital Corp. Common Stock,NYSE
ESQ,120.49,155601.0,18191790.0,17983030.0,2.73,-0.97,5.91,False,SHARE_VOLUME|AVG_DOLLAR_VOLUME|MEDIAN_DOLLAR_VOLUME,"Esquire Financial Holdings, Inc. - Common Stock",NASDAQ
CNA,48.07,374093.0,18174139.0,16665842.0,1.78,-4.49,1.37,False,SHARE_VOLUME|AVG_DOLLAR_VOLUME|MEDIAN_DOLLAR_VOLUME|LOW_DAILY_RANGE,CNA Financial Corporation Common Stock,NYSE
CSQR,18.15,974259.0,18124744.0,17323686.0,5.53,-15.62,7.22,False,SHARE_VOLUME|AVG_DOLLAR_VOLUME|MEDIAN_DOLLAR_VOLUME,"Csquare, Inc. Common Stock",NYSE
GRPN,19.36,943914.0,18057644.0,18085526.0,4.23,-4.25,3.25,False,SHARE_VOLUME|AVG_DOLLAR_VOLUME|MEDIAN_DOLLAR_VOLUME,"Groupon, Inc. - Common Stock",NASDAQ
SNDA,39.82,463760.0,18018887.0,16375449.0,3.77,-1.67,4.19,False,SHARE_VOLUME|AVG_DOLLAR_VOLUME|MEDIAN_DOLLAR_VOLUME,"Sonida Senior Living, Inc. Common Stock",NYSE
CDTG,1.22,11034346.0,18013723.0,1757092.0,35.87,-62.92,46.67,False,PRICE|AVG_DOLLAR_VOLUME|MEDIAN_DOLLAR_VOLUME,CDT Environmental Technology Investment Holdings Limited - ordinary shares,NASDAQ
TRLV,11.63,1561126.0,17949192.0,17454611.0,6.2,20.02,8.29,False,AVG_DOLLAR_VOLUME|MEDIAN_DOLLAR_VOLUME,Trulieve Cannabis Corp. Subordinate Voting Shares,NYSE
CASH,79.42,220463.0,17940613.0,17873484.0,1.91,-6.11,1.87,False,SHARE_VOLUME|AVG_DOLLAR_VOLUME|MEDIAN_DOLLAR_VOLUME|LOW_DAILY_RANGE,"Pathward Financial, Inc. - Common Stock",NASDAQ
BLMN,8.1,1812074.0,17931608.0,17801607.0,5.35,-23.97,32.85,False,AVG_DOLLAR_VOLUME|MEDIAN_DOLLAR_VOLUME,"Bloomin' Brands, Inc. - Common Stock",NASDAQ
IVT,31.33,551713.0,17893583.0,18170588.0,1.68,-6.2,1.46,False,SHARE_VOLUME|AVG_DOLLAR_VOLUME|MEDIAN_DOLLAR_VOLUME|LOW_DAILY_RANGE,InvenTrust Properties Corp. Common Stock,NYSE
ABR,4.57,3576448.0,17874475.0,18026592.0,3.0,-6.73,5.51,False,PRICE|AVG_DOLLAR_VOLUME|MEDIAN_DOLLAR_VOLUME,Arbor Realty Trust Common Stock,NYSE
MLAB,127.74,143099.0,17873731.0,18199812.0,3.82,18.49,10.91,False,SHARE_VOLUME|AVG_DOLLAR_VOLUME|MEDIAN_DOLLAR_VOLUME,"Mesa Laboratories, Inc. - Common Stock",NASDAQ
PHG,24.97,683166.0,17863506.0,19150510.0,1.31,-7.86,2.16,False,SHARE_VOLUME|AVG_DOLLAR_VOLUME|MEDIAN_DOLLAR_VOLUME|LOW_DAILY_RANGE,Koninklijke Philips N.V. NY Registry Shares,NYSE
WOR,60.09,304391.0,17757416.0,15792157.0,2.96,5.82,10.54,False,SHARE_VOLUME|AVG_DOLLAR_VOLUME|MEDIAN_DOLLAR_VOLUME,"Worthington Enterprises, Inc. Common Shares",NYSE
RVLV,21.02,807070.0,17742602.0,17136871.0,4.0,-8.06,5.08,False,SHARE_VOLUME|AVG_DOLLAR_VOLUME|MEDIAN_DOLLAR_VOLUME,"Revolve Group, Inc. Class A Common Stock",NYSE
NNI,127.5,139653.0,17683894.0,17253573.0,1.67,1.72,1.65,False,SHARE_VOLUME|AVG_DOLLAR_VOLUME|MEDIAN_DOLLAR_VOLUME|LOW_DAILY_RANGE,"Nelnet, Inc. Common Stock",NYSE
QDEL,11.21,1328682.0,17680964.0,13985805.0,5.78,-16.53,11.88,False,AVG_DOLLAR_VOLUME|MEDIAN_DOLLAR_VOLUME,QuidelOrtho Corporation - Common Stock,NASDAQ
WINA,302.09,54775.0,17585017.0,14493953.0,2.77,-12.01,4.05,False,SHARE_VOLUME|AVG_DOLLAR_VOLUME|MEDIAN_DOLLAR_VOLUME,Winmark Corporation - Common Stock,NASDAQ
DAC,159.68,114472.0,17563064.0,16463946.0,1.89,9.9,3.55,False,SHARE_VOLUME|AVG_DOLLAR_VOLUME|MEDIAN_DOLLAR_VOLUME|LOW_DAILY_RANGE,Danaos Corporation Common Stock,NYSE
EMA,48.87,349581.0,17537115.0,14960880.0,1.44,-5.04,0.97,False,SHARE_VOLUME|AVG_DOLLAR_VOLUME|MEDIAN_DOLLAR_VOLUME|LOW_DAILY_RANGE,Emera Incorporated Common Shares,NYSE
HROW,34.01,461814.0,17517083.0,17531014.0,4.13,-13.94,5.63,False,SHARE_VOLUME|AVG_DOLLAR_VOLUME|MEDIAN_DOLLAR_VOLUME,"Harrow, Inc. - Common Stock",NASDAQ
CCS,61.65,269367.0,17505624.0,15097071.0,2.96,-10.72,3.48,False,SHARE_VOLUME|AVG_DOLLAR_VOLUME|MEDIAN_DOLLAR_VOLUME,"Century Communities, Inc. Common Stock",NYSE
AGL,88.53,189829.0,17434772.0,16332114.0,5.77,-7.21,13.79,False,SHARE_VOLUME|AVG_DOLLAR_VOLUME|MEDIAN_DOLLAR_VOLUME,"agilon health, inc. Common Stock",NYSE
TILE,34.82,473249.0,17431875.0,16433694.0,2.81,-9.53,9.09,False,SHARE_VOLUME|AVG_DOLLAR_VOLUME|MEDIAN_DOLLAR_VOLUME,"Interface, Inc. - Common Stock",NASDAQ
CUBI,78.79,220300.0,17372864.0,18518719.0,2.17,-2.44,2.93,False,SHARE_VOLUME|AVG_DOLLAR_VOLUME|MEDIAN_DOLLAR_VOLUME,"Customers Bancorp, Inc Common Stock",NYSE
BUSE,30.56,571996.0,17340761.0,16770624.0,1.45,-1.18,1.87,False,SHARE_VOLUME|AVG_DOLLAR_VOLUME|MEDIAN_DOLLAR_VOLUME|LOW_DAILY_RANGE,First Busey Corporation - Common Stock,NASDAQ
SKE,30.4,519935.0,17336177.0,15786516.0,3.67,-2.19,9.81,False,SHARE_VOLUME|AVG_DOLLAR_VOLUME|MEDIAN_DOLLAR_VOLUME,Skeena Resources Limited Common Shares,NYSE
HAFN,9.8,2020950.0,17333630.0,15467230.0,2.91,33.19,6.69,False,AVG_DOLLAR_VOLUME|MEDIAN_DOLLAR_VOLUME,Hafnia Limited Common Shares,NYSE
RLJ,10.94,1546202.0,17236735.0,17666191.0,2.32,-2.28,1.68,False,AVG_DOLLAR_VOLUME|MEDIAN_DOLLAR_VOLUME,RLJ Lodging Trust Common Shares of Beneficial Interest $0.01 par value,NYSE
WD,39.79,420992.0,17149370.0,17073905.0,3.01,1.87,4.66,False,SHARE_VOLUME|AVG_DOLLAR_VOLUME|MEDIAN_DOLLAR_VOLUME,"Walker & Dunlop, Inc Common Stock",NYSE
MNPR,103.42,150345.0,17120367.0,14419880.0,5.27,-13.13,5.04,False,SHARE_VOLUME|AVG_DOLLAR_VOLUME|MEDIAN_DOLLAR_VOLUME,Monopar Therapeutics Inc. - Common Stock,NASDAQ
SBH,16.28,1049181.0,17111743.0,15979616.0,3.16,-0.25,4.34,False,AVG_DOLLAR_VOLUME|MEDIAN_DOLLAR_VOLUME,"Sally Beauty Holdings, Inc. (Name to be changed from Sally Holdings, Inc.) Common Stock",NYSE
SFL,13.69,1369734.0,17094974.0,16289240.0,2.66,12.05,3.94,False,AVG_DOLLAR_VOLUME|MEDIAN_DOLLAR_VOLUME,SFL Corporation Ltd,NYSE
UNIT,9.9,1707731.0,17051099.0,17879355.0,2.98,-0.05,4.24,False,AVG_DOLLAR_VOLUME|MEDIAN_DOLLAR_VOLUME,Uniti Group Inc. - Common Stock,NASDAQ
TEN,52.68,372668.0,17034195.0,13200205.0,3.14,25.34,7.13,False,SHARE_VOLUME|AVG_DOLLAR_VOLUME|MEDIAN_DOLLAR_VOLUME,Tsakos Energy Navigation Ltd Common Shares,NYSE
PRDO,32.93,514572.0,17002285.0,16664783.0,2.88,1.35,4.31,False,SHARE_VOLUME|AVG_DOLLAR_VOLUME|MEDIAN_DOLLAR_VOLUME,Perdoceo Education Corporation - Common Stock,NASDAQ
PDM,9.51,1777217.0,16990926.0,10397854.0,2.62,1.17,3.7,False,AVG_DOLLAR_VOLUME|MEDIAN_DOLLAR_VOLUME,"Piedmont Realty Trust, Inc. Class A Common Stock",NYSE
CLOV,4.59,3835514.0,16979875.0,14286464.0,4.31,8.63,12.56,False,PRICE|AVG_DOLLAR_VOLUME|MEDIAN_DOLLAR_VOLUME,"Clover Health Investments, Corp.  - Class A Common stock",NASDAQ
GRND,15.67,1095276.0,16956058.0,17198473.0,3.19,-1.82,3.01,False,AVG_DOLLAR_VOLUME|MEDIAN_DOLLAR_VOLUME,Grindr Inc. Common Stock,NYSE
WLDN,78.96,199442.0,16953350.0,16828394.0,3.38,-6.59,17.03,False,SHARE_VOLUME|AVG_DOLLAR_VOLUME|MEDIAN_DOLLAR_VOLUME,"Willdan Group, Inc. - Common Stock",NASDAQ
PFS,23.4,720965.0,16906247.0,17484312.0,1.6,-4.33,1.7,False,SHARE_VOLUME|AVG_DOLLAR_VOLUME|MEDIAN_DOLLAR_VOLUME|LOW_DAILY_RANGE,"Provident Financial Services, Inc Common Stock",NYSE
NEXT,7.11,2293819.0,16880772.0,16911873.0,4.31,2.82,6.05,False,AVG_DOLLAR_VOLUME|MEDIAN_DOLLAR_VOLUME,NextDecade Corporation - Common Stock,NASDAQ
BHC,5.82,2619322.0,16874074.0,14338887.0,4.45,-16.09,5.75,False,AVG_DOLLAR_VOLUME|MEDIAN_DOLLAR_VOLUME,Bausch Health Companies Inc. Common Stock,NYSE
OCFC,18.73,891089.0,16857355.0,16195053.0,1.73,-4.27,3.02,False,SHARE_VOLUME|AVG_DOLLAR_VOLUME|MEDIAN_DOLLAR_VOLUME|LOW_DAILY_RANGE,OceanFirst Financial Corp. - Common Stock,NASDAQ
OTTR,88.86,186851.0,16824505.0,16628325.0,1.74,-2.59,2.07,False,SHARE_VOLUME|AVG_DOLLAR_VOLUME|MEDIAN_DOLLAR_VOLUME|LOW_DAILY_RANGE,Otter Tail Corporation - Common Stock,NASDAQ
CCOI,9.21,1742838.0,16762863.0,15817572.0,7.58,-8.9,13.43,False,AVG_DOLLAR_VOLUME|MEDIAN_DOLLAR_VOLUME,"Cogent Communications Holdings, Inc. - Common Stock",NASDAQ
VERX,12.61,1250490.0,16751723.0,17727000.0,3.76,-1.68,7.72,False,AVG_DOLLAR_VOLUME|MEDIAN_DOLLAR_VOLUME,"Vertex, Inc. - Class A Common Stock",NASDAQ
JUNS,3.05,2727657.0,16738121.0,180049.0,15.29,-39.72,30.15,False,PRICE|AVG_DOLLAR_VOLUME|MEDIAN_DOLLAR_VOLUME,"Jupiter Neurosciences, Inc. - Common Stock",NASDAQ
JANX,16.31,905602.0,16714035.0,15536511.0,4.24,-3.83,6.96,False,SHARE_VOLUME|AVG_DOLLAR_VOLUME|MEDIAN_DOLLAR_VOLUME,"Janux Therapeutics, Inc. - Common Stock",NASDAQ
AMRC,22.72,742265.0,16702649.0,15927101.0,5.33,-10.87,6.64,False,SHARE_VOLUME|AVG_DOLLAR_VOLUME|MEDIAN_DOLLAR_VOLUME,"Ameresco, Inc. Class A Common Stock",NYSE
CABA,2.58,5378905.0,16680515.0,17641798.0,8.15,-11.34,8.18,False,PRICE|AVG_DOLLAR_VOLUME|MEDIAN_DOLLAR_VOLUME,"Cabaletta Bio, Inc. - Common Stock",NASDAQ
VOR,22.25,714660.0,16676219.0,15248817.0,4.58,-4.42,9.36,False,SHARE_VOLUME|AVG_DOLLAR_VOLUME|MEDIAN_DOLLAR_VOLUME,Vor Biopharma Inc. - Common Stock,NASDAQ
VRRM,3.51,4173864.0,16661970.0,13003862.0,4.13,-21.24,4.49,False,PRICE|AVG_DOLLAR_VOLUME|MEDIAN_DOLLAR_VOLUME,Verra Mobility Corporation - Class A Common Stock,NASDAQ
DFNS,7.55,1366268.0,16591393.0,5666145.0,16.07,-72.24,18.44,False,AVG_DOLLAR_VOLUME|MEDIAN_DOLLAR_VOLUME,T3 Defense Inc. - Common Stock,NASDAQ
HOWL,0.98,20425434.0,16533692.0,1186058.0,7.77,139.61,102.78,False,PRICE|AVG_DOLLAR_VOLUME|MEDIAN_DOLLAR_VOLUME,"Werewolf Therapeutics, Inc. - Common Stock",NASDAQ
OGC,28.83,547976.0,16527905.0,13209786.0,3.5,5.1,10.17,False,SHARE_VOLUME|AVG_DOLLAR_VOLUME|MEDIAN_DOLLAR_VOLUME,OceanaGold Corporation Common Shares,NYSE
AWR,86.79,186213.0,16513496.0,15277431.0,1.67,-2.38,2.79,False,SHARE_VOLUME|AVG_DOLLAR_VOLUME|MEDIAN_DOLLAR_VOLUME|LOW_DAILY_RANGE,American States Water Company Common Stock,NYSE
BLKB,44.93,353664.0,16507339.0,16479153.0,3.55,1.28,4.06,False,SHARE_VOLUME|AVG_DOLLAR_VOLUME|MEDIAN_DOLLAR_VOLUME,"Blackbaud, Inc. - Common Stock",NASDAQ
CGEM,20.73,763291.0,16454521.0,15765271.0,4.68,-0.55,8.06,False,SHARE_VOLUME|AVG_DOLLAR_VOLUME|MEDIAN_DOLLAR_VOLUME,"Cullinan Therapeutics, Inc. - Common Stock",NASDAQ
PBLS,37.53,425083.0,16449728.0,16349745.0,5.2,-4.61,5.72,False,SHARE_VOLUME|AVG_DOLLAR_VOLUME|MEDIAN_DOLLAR_VOLUME,"Parabilis Medicines, Inc. - Common Stock",NASDAQ
WIT,1.71,9135226.0,16376244.0,13701662.0,2.96,-10.73,5.33,False,PRICE|AVG_DOLLAR_VOLUME|MEDIAN_DOLLAR_VOLUME,Wipro Limited Common Stock,NYSE
AVTX,16.51,883985.0,16345048.0,14661921.0,5.27,-16.24,7.91,False,SHARE_VOLUME|AVG_DOLLAR_VOLUME|MEDIAN_DOLLAR_VOLUME,"Avalo Therapeutics, Inc. - Common Stock",NASDAQ
GBTG,9.47,1722554.0,16317555.0,10037060.0,0.26,0.21,0.32,False,AVG_DOLLAR_VOLUME|MEDIAN_DOLLAR_VOLUME|LOW_DAILY_RANGE,"Global Business Travel Group, Inc. Class A Common Stock",NYSE
SENEA,185.83,83992.0,16311514.0,14556398.0,3.56,-3.35,7.35,False,SHARE_VOLUME|AVG_DOLLAR_VOLUME|MEDIAN_DOLLAR_VOLUME,Seneca Foods Corp. - Class A Common Stock,NASDAQ
COAG,43.48,359874.0,16298004.0,16017600.0,7.69,-17.09,8.4,False,SHARE_VOLUME|AVG_DOLLAR_VOLUME|MEDIAN_DOLLAR_VOLUME,"Hemab Therapeutics Holdings, Inc. - Common Stock",NASDAQ
RDAC,5.92,2223919.0,16230514.0,442893.0,21.55,1.2,50.09,False,AVG_DOLLAR_VOLUME|MEDIAN_DOLLAR_VOLUME,Rising Dragon Acquisition Corp. - Ordinary Shares,NASDAQ
OXM,29.53,486779.0,16204969.0,12617624.0,4.37,-17.03,5.36,False,SHARE_VOLUME|AVG_DOLLAR_VOLUME|MEDIAN_DOLLAR_VOLUME,"Oxford Industries, Inc. Common Stock",NYSE
RNW,6.84,2374330.0,16201804.0,16178745.0,0.39,0.22,11.75,False,AVG_DOLLAR_VOLUME|MEDIAN_DOLLAR_VOLUME|LOW_DAILY_RANGE,ReNew Energy Global plc - Class A Shares,NASDAQ
SAH,74.0,209903.0,16185242.0,15534334.0,2.92,-3.77,2.24,False,SHARE_VOLUME|AVG_DOLLAR_VOLUME|MEDIAN_DOLLAR_VOLUME,"Sonic Automotive, Inc. Common Stock",NYSE
TLRY,3.93,3618022.0,16168503.0,15838713.0,4.66,-11.97,8.14,False,PRICE|AVG_DOLLAR_VOLUME|MEDIAN_DOLLAR_VOLUME,"Tilray Brands, Inc. - Common Stock",NASDAQ
SERV,4.23,3405412.0,16153705.0,15021505.0,5.31,-7.03,5.06,False,PRICE|AVG_DOLLAR_VOLUME|MEDIAN_DOLLAR_VOLUME,Serve Robotics Inc. - Common Stock,NASDAQ
SHOE,13.29,1209397.0,16138688.0,14551070.0,5.28,-12.97,5.06,False,AVG_DOLLAR_VOLUME|MEDIAN_DOLLAR_VOLUME,"Shoe Station Group, Inc. - Common Stock",NASDAQ
ARLO,13.54,1213427.0,16137586.0,15887388.0,4.1,1.2,4.32,False,AVG_DOLLAR_VOLUME|MEDIAN_DOLLAR_VOLUME,"Arlo Technologies, Inc. Common Stock",NYSE
PLUS,93.41,181466.0,16103287.0,15970325.0,2.72,8.78,4.34,False,SHARE_VOLUME|AVG_DOLLAR_VOLUME|MEDIAN_DOLLAR_VOLUME,ePlus inc. - Common Stock,NASDAQ
IAUX,1.67,8912100.0,16076963.0,12579366.0,3.87,6.01,9.49,False,PRICE|AVG_DOLLAR_VOLUME|MEDIAN_DOLLAR_VOLUME,i-80 Gold Corp. Common Shares,NYSE American
AORT,25.41,608743.0,16059418.0,15261276.0,3.88,-12.08,7.91,False,SHARE_VOLUME|AVG_DOLLAR_VOLUME|MEDIAN_DOLLAR_VOLUME,"Artivion, Inc. Common Stock",NYSE
PAYO,7.11,2251242.0,16031837.0,15052110.0,0.4,0.07,0.84,False,AVG_DOLLAR_VOLUME|MEDIAN_DOLLAR_VOLUME|LOW_DAILY_RANGE,Payoneer Global Inc. - Common Stock,NASDAQ
IIPR,56.33,282416.0,16014601.0,15242359.0,1.92,2.2,1.96,False,SHARE_VOLUME|AVG_DOLLAR_VOLUME|MEDIAN_DOLLAR_VOLUME|LOW_DAILY_RANGE,"Innovative Industrial Properties, Inc. Common Stock",NYSE
HOV,118.42,129936.0,15972948.0,15007172.0,4.68,-4.89,11.24,False,SHARE_VOLUME|AVG_DOLLAR_VOLUME|MEDIAN_DOLLAR_VOLUME,"Hovnanian Enterprises, Inc. Class A Common Stock",NYSE
TJGC,10.88,1822702.0,15959777.0,14790174.0,10.3,144.49,30.9,False,AVG_DOLLAR_VOLUME|MEDIAN_DOLLAR_VOLUME,TJGC Group Limited - Class A Ordinary Shares,NASDAQ
WSE,11.69,1267040.0,15945217.0,16482129.0,2.3,-7.7,4.7,False,AVG_DOLLAR_VOLUME|MEDIAN_DOLLAR_VOLUME,Wise Group plc - Class A Ordinary Shares,NASDAQ
VRTS,135.34,100841.0,15932181.0,16560649.0,3.09,-18.87,1.58,False,SHARE_VOLUME|AVG_DOLLAR_VOLUME|MEDIAN_DOLLAR_VOLUME,"Virtus Investment Partners, Inc. Common Stock",NYSE
VSTM,7.32,2097858.0,15931672.0,14824436.0,5.55,-1.43,14.04,False,AVG_DOLLAR_VOLUME|MEDIAN_DOLLAR_VOLUME,"Verastem, Inc. - Common Stock",NASDAQ
VSTS,13.84,1230530.0,15919081.0,14500894.0,3.41,6.34,5.74,False,AVG_DOLLAR_VOLUME|MEDIAN_DOLLAR_VOLUME,Vestis Corporation Common Stock,NYSE
RDVT,77.44,216866.0,15894977.0,14388285.0,3.42,13.57,8.48,False,SHARE_VOLUME|AVG_DOLLAR_VOLUME|MEDIAN_DOLLAR_VOLUME,"Red Violet, Inc. - Common Stock ",NASDAQ
PWP,13.39,1013817.0,15859754.0,14301491.0,4.72,-16.85,4.35,False,AVG_DOLLAR_VOLUME|MEDIAN_DOLLAR_VOLUME,Perella Weinberg Partners - Class A Common Stock,NASDAQ
USLM,114.95,134292.0,15843579.0,15976241.0,2.83,-2.46,3.26,False,SHARE_VOLUME|AVG_DOLLAR_VOLUME|MEDIAN_DOLLAR_VOLUME,"United States Lime & Minerals, Inc. - Common Stock",NASDAQ
ABTC,8.05,1908328.0,15835713.0,15044190.0,9.97,15.99,18.68,False,AVG_DOLLAR_VOLUME|MEDIAN_DOLLAR_VOLUME,American Bitcoin Corp. - Class A Common Stock,NASDAQ
CSR,57.66,280725.0,15812417.0,7384097.0,2.01,8.12,8.82,False,SHARE_VOLUME|AVG_DOLLAR_VOLUME|MEDIAN_DOLLAR_VOLUME,D/B/A Centerspace Common Stock,NYSE
NSP,51.47,308041.0,15762876.0,15752362.0,4.43,-0.48,6.71,False,SHARE_VOLUME|AVG_DOLLAR_VOLUME|MEDIAN_DOLLAR_VOLUME,"Insperity, Inc. Common Stock",NYSE
QNST,18.54,819044.0,15741264.0,14356242.0,3.83,-10.7,38.5,False,SHARE_VOLUME|AVG_DOLLAR_VOLUME|MEDIAN_DOLLAR_VOLUME,"QuinStreet, Inc. - Common Stock",NASDAQ
GLUE,12.83,1113274.0,15728649.0,15473853.0,5.58,-14.64,5.7,False,AVG_DOLLAR_VOLUME|MEDIAN_DOLLAR_VOLUME,"Monte Rosa Therapeutics, Inc. - Common Stock",NASDAQ
UWMC,1.25,11153217.0,15711653.0,15894138.0,6.13,-13.54,10.16,False,PRICE|AVG_DOLLAR_VOLUME|MEDIAN_DOLLAR_VOLUME,UWM Holdings Corporation Class A Common Stock,NYSE
UE,20.27,749970.0,15707853.0,15034620.0,1.42,-5.67,1.04,False,SHARE_VOLUME|AVG_DOLLAR_VOLUME|MEDIAN_DOLLAR_VOLUME|LOW_DAILY_RANGE,Urban Edge Properties Common Shares of Beneficial Interest,NYSE
PAM,84.62,186900.0,15688650.0,13141564.0,2.77,7.11,2.96,False,SHARE_VOLUME|AVG_DOLLAR_VOLUME|MEDIAN_DOLLAR_VOLUME,Pampa Energia S.A.,NYSE
AHCO,6.03,2675051.0,15600880.0,14852545.0,5.02,3.69,9.62,False,AVG_DOLLAR_VOLUME|MEDIAN_DOLLAR_VOLUME,AdaptHealth Corp.  - Common Stock,NASDAQ
UHAL-B,56.63,262572.0,15597955.0,15536722.0,2.17,-11.2,1.83,False,SHARE_VOLUME|AVG_DOLLAR_VOLUME|MEDIAN_DOLLAR_VOLUME,U-Haul Holding Company Series N Non-Voting Common Stock ,NYSE
GHM,85.05,171813.0,15561192.0,14537260.0,4.65,-23.5,6.4,False,SHARE_VOLUME|AVG_DOLLAR_VOLUME|MEDIAN_DOLLAR_VOLUME,Graham Corporation Common Stock,NYSE
AMIX,4.11,2407310.0,15550915.0,555866.0,10.18,-33.47,33.89,False,PRICE|AVG_DOLLAR_VOLUME|MEDIAN_DOLLAR_VOLUME,"Autonomix Medical, Inc. - Common Stock",NASDAQ
MATW,19.89,747736.0,15532652.0,15141912.0,3.07,-10.89,2.26,False,SHARE_VOLUME|AVG_DOLLAR_VOLUME|MEDIAN_DOLLAR_VOLUME,Matthews International Corporation - Class A Common Stock,NASDAQ
MBC,6.88,1910985.0,15494959.0,12916176.0,4.53,-22.32,5.99,False,AVG_DOLLAR_VOLUME|MEDIAN_DOLLAR_VOLUME,"MasterBrand, Inc. Common Stock",NYSE
NWPX,102.41,142369.0,15436856.0,13374802.0,3.0,-9.97,1.71,False,SHARE_VOLUME|AVG_DOLLAR_VOLUME|MEDIAN_DOLLAR_VOLUME,"NWPX Infrastructure, Inc. - Common Stock",NASDAQ
CERT,8.24,1900936.0,15434275.0,16836726.0,3.84,2.93,5.96,False,AVG_DOLLAR_VOLUME|MEDIAN_DOLLAR_VOLUME,"Certara, Inc. - Common Stock",NASDAQ
LAES,2.23,6251546.0,15410353.0,13221361.0,4.08,-18.43,6.77,False,PRICE|AVG_DOLLAR_VOLUME|MEDIAN_DOLLAR_VOLUME,SEALSQ Corp - Ordinary Shares,NASDAQ
NGVT,69.29,222421.0,15376922.0,14899135.0,2.67,-6.35,3.4,False,SHARE_VOLUME|AVG_DOLLAR_VOLUME|MEDIAN_DOLLAR_VOLUME,Ingevity Corporation Common Stock ,NYSE
FBRT,7.81,1867306.0,15362507.0,14773292.0,2.6,-2.76,3.97,False,AVG_DOLLAR_VOLUME|MEDIAN_DOLLAR_VOLUME,"Franklin BSP Realty Trust, Inc. Common Stock",NYSE
JBIO,16.72,771225.0,15329126.0,13974982.0,6.25,-29.0,3.85,False,SHARE_VOLUME|AVG_DOLLAR_VOLUME|MEDIAN_DOLLAR_VOLUME,"Jade Biosciences, Inc. - Common Stock",NASDAQ
XNDU,7.64,1568418.0,15321730.0,11427727.0,5.33,-26.91,8.31,False,AVG_DOLLAR_VOLUME|MEDIAN_DOLLAR_VOLUME,Xanadu Quantum Technologies Limited - Class B Subordinate Voting Shares,NASDAQ
HLIT,11.47,1278326.0,15301566.0,14267550.0,3.25,-9.94,9.0,False,AVG_DOLLAR_VOLUME|MEDIAN_DOLLAR_VOLUME,Harmonic Inc. - Common Stock,NASDAQ
WVE,4.51,3097072.0,15275242.0,14562326.0,4.26,-14.74,4.04,False,PRICE|AVG_DOLLAR_VOLUME|MEDIAN_DOLLAR_VOLUME,"Wave Life Sciences, Inc. - Common Stock",NASDAQ
MICC,19.0,773754.0,15266598.0,16318281.0,1.83,0.08,3.06,False,SHARE_VOLUME|AVG_DOLLAR_VOLUME|MEDIAN_DOLLAR_VOLUME|LOW_DAILY_RANGE,The Magnum Ice Cream Company N.V. Ordinary Shares,NYSE
AIN,60.98,257352.0,15247576.0,14303260.0,3.68,-2.28,8.19,False,SHARE_VOLUME|AVG_DOLLAR_VOLUME|MEDIAN_DOLLAR_VOLUME,Albany International Corporation Common Stock,NYSE
TRIN,17.77,840771.0,15241784.0,14574833.0,1.51,-1.14,2.56,False,SHARE_VOLUME|AVG_DOLLAR_VOLUME|MEDIAN_DOLLAR_VOLUME|LOW_DAILY_RANGE,Trinity Capital Inc. Common Stock,NYSE
DEI,10.48,1353487.0,15233664.0,15415242.0,2.41,-9.42,2.16,False,AVG_DOLLAR_VOLUME|MEDIAN_DOLLAR_VOLUME,"Douglas Emmett, Inc. Common Stock",NYSE
EE,37.04,391984.0,15232043.0,14122293.0,4.14,-0.32,3.24,False,SHARE_VOLUME|AVG_DOLLAR_VOLUME|MEDIAN_DOLLAR_VOLUME,"Excelerate Energy, Inc. Class A Common Stock",NYSE
CMPR,83.24,173569.0,15199811.0,13139552.0,3.15,-7.18,3.42,False,SHARE_VOLUME|AVG_DOLLAR_VOLUME|MEDIAN_DOLLAR_VOLUME,Cimpress plc - Ordinary Shares,NASDAQ
DCH,6.07,2331752.0,15168987.0,14187445.0,4.57,-6.39,11.99,False,AVG_DOLLAR_VOLUME|MEDIAN_DOLLAR_VOLUME,Dauch Corporation Common Stock,NYSE
CADL,11.25,1227969.0,15161585.0,12468669.0,6.3,-6.64,12.03,False,AVG_DOLLAR_VOLUME|MEDIAN_DOLLAR_VOLUME,"Candel Therapeutics, Inc. - Common Stock",NASDAQ
SOAR,0.19,65058692.0,15122208.0,2478955.0,14.87,26.51,55.77,False,PRICE|AVG_DOLLAR_VOLUME|MEDIAN_DOLLAR_VOLUME,"Volato Group, Inc. Class A Common Stock",NYSE American
GIPR,0.34,22802880.0,15118638.0,245274.0,20.41,5.51,151.0,False,PRICE|AVG_DOLLAR_VOLUME|MEDIAN_DOLLAR_VOLUME,Generation Income Properties Inc. - Common stock,NASDAQ
ANRO,30.59,437982.0,15099323.0,12885290.0,5.41,-10.37,10.69,False,SHARE_VOLUME|AVG_DOLLAR_VOLUME|MEDIAN_DOLLAR_VOLUME,"Alto Neuroscience, Inc. Common Stock",NYSE
DBD,65.2,224157.0,15087114.0,14670245.0,2.88,-4.94,3.14,False,SHARE_VOLUME|AVG_DOLLAR_VOLUME|MEDIAN_DOLLAR_VOLUME,Diebold Nixdorf Incorporated Common stock,NYSE
WBI,31.33,468482.0,15058191.0,14479335.0,3.39,-1.75,3.58,False,SHARE_VOLUME|AVG_DOLLAR_VOLUME|MEDIAN_DOLLAR_VOLUME,WaterBridge Infrastructure LLC Class A Shares Representing Limited Liability Company Interests,NYSE
ORIC,12.65,1147899.0,15046077.0,14758697.0,4.73,-9.12,5.24,False,AVG_DOLLAR_VOLUME|MEDIAN_DOLLAR_VOLUME,"Oric Pharmaceuticals, Inc. - Common Stock",NASDAQ
WFG,73.43,217312.0,14996485.0,12149370.0,2.98,9.19,5.7,False,SHARE_VOLUME|AVG_DOLLAR_VOLUME|MEDIAN_DOLLAR_VOLUME,West Fraser Timber Co. Ltd Common stock,NYSE
GNL,9.02,1646849.0,14994571.0,13966843.0,1.39,1.98,5.22,False,AVG_DOLLAR_VOLUME|MEDIAN_DOLLAR_VOLUME|LOW_DAILY_RANGE,"Global Net Lease, Inc. Common Stock",NYSE
TRMK,47.86,321563.0,14919065.0,11377139.0,1.76,0.91,4.54,False,SHARE_VOLUME|AVG_DOLLAR_VOLUME|MEDIAN_DOLLAR_VOLUME|LOW_DAILY_RANGE,Trustmark Corporation - Common Stock,NASDAQ
AUPH,16.71,907211.0,14914722.0,12616528.0,2.81,9.22,6.8,False,SHARE_VOLUME|AVG_DOLLAR_VOLUME|MEDIAN_DOLLAR_VOLUME,Aurinia Pharmaceuticals Inc - Common Shares,NASDAQ
GERN,1.3,10033170.0,14894243.0,12839600.0,5.11,-14.71,21.64,False,PRICE|AVG_DOLLAR_VOLUME|MEDIAN_DOLLAR_VOLUME,Geron Corporation - Common Stock,NASDAQ
FCF,21.5,703105.0,14824092.0,16578679.0,1.64,0.84,2.24,False,SHARE_VOLUME|AVG_DOLLAR_VOLUME|MEDIAN_DOLLAR_VOLUME|LOW_DAILY_RANGE,First Commonwealth Financial Corporation Common Stock,NYSE
AIP,20.91,664438.0,14751479.0,13785210.0,5.05,-18.98,6.32,False,SHARE_VOLUME|AVG_DOLLAR_VOLUME|MEDIAN_DOLLAR_VOLUME,"Arteris, Inc.  - Common Stock",NASDAQ
FRME,41.68,355642.0,14715103.0,13957415.0,1.65,-2.73,1.86,False,SHARE_VOLUME|AVG_DOLLAR_VOLUME|MEDIAN_DOLLAR_VOLUME|LOW_DAILY_RANGE,First Merchants Corporation - Common Stock,NASDAQ
VIA,26.44,542933.0,14706048.0,15821502.0,4.3,5.68,6.65,False,SHARE_VOLUME|AVG_DOLLAR_VOLUME|MEDIAN_DOLLAR_VOLUME,"Via Transportation, Inc. Class A Common Stock",NYSE
ADNT,18.53,771540.0,14681610.0,14823785.0,3.86,-4.88,7.57,False,SHARE_VOLUME|AVG_DOLLAR_VOLUME|MEDIAN_DOLLAR_VOLUME,Adient plc Ordinary Shares ,NYSE
CRSR,13.41,1216522.0,14649088.0,14304720.0,4.13,12.41,35.25,False,AVG_DOLLAR_VOLUME|MEDIAN_DOLLAR_VOLUME,"Corsair Gaming, Inc. - Common Stock",NASDAQ
SPCE,2.96,4874532.0,14648363.0,15343433.0,4.37,-7.21,5.8,False,PRICE|AVG_DOLLAR_VOLUME|MEDIAN_DOLLAR_VOLUME,"Virgin Galactic Holdings, Inc. Common Stock",NYSE
MRAM,14.37,884718.0,14609976.0,14326285.0,5.7,-22.11,12.18,False,SHARE_VOLUME|AVG_DOLLAR_VOLUME|MEDIAN_DOLLAR_VOLUME,"Everspin Technologies, Inc. - Common Stock",NASDAQ
FET,82.09,181968.0,14586313.0,14367600.0,4.35,-0.51,5.93,False,SHARE_VOLUME|AVG_DOLLAR_VOLUME|MEDIAN_DOLLAR_VOLUME,"Forum Energy Technologies, Inc. Common Stock",NYSE
PAR,16.36,782792.0,14579107.0,14457703.0,4.67,-15.73,4.69,False,SHARE_VOLUME|AVG_DOLLAR_VOLUME|MEDIAN_DOLLAR_VOLUME,PAR Technology Corporation Common Stock,NYSE
DVLT,0.18,62036050.0,14573187.0,8585241.0,10.24,-54.26,21.87,False,PRICE|AVG_DOLLAR_VOLUME|MEDIAN_DOLLAR_VOLUME,Datavault AI Inc. - Common Stock,NASDAQ
ARI,6.53,2133218.0,14535105.0,13715903.0,1.36,-4.25,2.68,False,AVG_DOLLAR_VOLUME|MEDIAN_DOLLAR_VOLUME|LOW_DAILY_RANGE,"Apollo Commercial Real Estate Finance, Inc",NYSE
NPK,153.26,96410.0,14529078.0,13939390.0,3.35,4.07,4.26,False,SHARE_VOLUME|AVG_DOLLAR_VOLUME|MEDIAN_DOLLAR_VOLUME,"National Presto Industries, Inc. Common Stock",NYSE
KOPN,4.35,3180448.0,14478750.0,14281760.0,5.54,-13.69,23.52,False,PRICE|AVG_DOLLAR_VOLUME|MEDIAN_DOLLAR_VOLUME,Kopin Corporation - Common Stock,NASDAQ
SPNT,24.25,593642.0,14381596.0,13415753.0,2.02,2.99,2.14,False,SHARE_VOLUME|AVG_DOLLAR_VOLUME|MEDIAN_DOLLAR_VOLUME,SiriusPoint Ltd. Common Shares,NYSE
WGO,27.79,482609.0,14373698.0,14200052.0,3.26,-10.18,4.92,False,SHARE_VOLUME|AVG_DOLLAR_VOLUME|MEDIAN_DOLLAR_VOLUME,"Winnebago Industries, Inc. Common Stock",NYSE
BYND,11.03,1138041.0,14336540.0,11011994.0,6.75,-13.4,10.52,False,AVG_DOLLAR_VOLUME|MEDIAN_DOLLAR_VOLUME,"Beyond Meat, Inc. - Common stock",NASDAQ
TSHA,5.05,2553467.0,14332909.0,11885906.0,4.32,-18.34,4.87,False,AVG_DOLLAR_VOLUME|MEDIAN_DOLLAR_VOLUME,"Taysha Gene Therapies, Inc. - Common Stock",NASDAQ
DAKT,17.69,750058.0,14290668.0,11241463.0,3.49,-8.96,2.09,False,SHARE_VOLUME|AVG_DOLLAR_VOLUME|MEDIAN_DOLLAR_VOLUME,"Daktronics, Inc. - Common Stock",NASDAQ
TDAY,6.61,2219620.0,14234796.0,13893816.0,3.73,-0.97,3.62,False,AVG_DOLLAR_VOLUME|MEDIAN_DOLLAR_VOLUME,"USA TODAY Co., Inc. Common Stock",NYSE
FLNG,32.58,455852.0,14229581.0,13773767.0,2.49,7.29,4.44,False,SHARE_VOLUME|AVG_DOLLAR_VOLUME|MEDIAN_DOLLAR_VOLUME,FLEX LNG Ltd. Ordinary Shares,NYSE
ZGN,11.91,1125042.0,14208954.0,13064774.0,3.0,-11.58,2.67,False,AVG_DOLLAR_VOLUME|MEDIAN_DOLLAR_VOLUME,Ermenegildo Zegna N.V. Ordinary Shares,NYSE
LZ,6.16,2341841.0,14206037.0,13200467.0,4.1,8.26,6.81,False,AVG_DOLLAR_VOLUME|MEDIAN_DOLLAR_VOLUME,"LegalZoom.com, Inc. - Common Stock",NASDAQ
IOSP,93.91,151560.0,14205592.0,13374834.0,2.2,0.37,6.07,False,SHARE_VOLUME|AVG_DOLLAR_VOLUME|MEDIAN_DOLLAR_VOLUME,Innospec Inc. - Common Stock,NASDAQ
JJSF,80.99,166200.0,14200942.0,13583236.0,2.69,-7.95,8.5,False,SHARE_VOLUME|AVG_DOLLAR_VOLUME|MEDIAN_DOLLAR_VOLUME,J & J Snack Foods Corp. - Common Stock,NASDAQ
LGIH,50.74,260282.0,14136681.0,13393029.0,3.47,-10.01,5.55,False,SHARE_VOLUME|AVG_DOLLAR_VOLUME|MEDIAN_DOLLAR_VOLUME,"LGI Homes, Inc. - Common Stock",NASDAQ
ETD,21.83,665920.0,14135988.0,13241079.0,2.62,11.07,3.17,False,SHARE_VOLUME|AVG_DOLLAR_VOLUME|MEDIAN_DOLLAR_VOLUME,Ethan Allen Interiors Inc. Common Stock,NYSE
SPT,11.31,1299886.0,14128223.0,13279580.0,4.7,15.29,26.25,False,AVG_DOLLAR_VOLUME|MEDIAN_DOLLAR_VOLUME,"Sprout Social, Inc - Class A Common Stock",NASDAQ
CSWC,23.81,575468.0,14079503.0,13307461.0,1.43,-2.15,1.54,False,SHARE_VOLUME|AVG_DOLLAR_VOLUME|MEDIAN_DOLLAR_VOLUME|LOW_DAILY_RANGE,Capital Southwest Corporation - Common Stock,NASDAQ
GBX,43.27,321543.0,14059329.0,12153885.0,2.15,-4.04,1.79,False,SHARE_VOLUME|AVG_DOLLAR_VOLUME|MEDIAN_DOLLAR_VOLUME,"Greenbrier Companies, Inc. (The) Common Stock",NYSE
DOLE,13.23,1031061.0,14036294.0,13141737.0,2.03,2.36,2.93,False,AVG_DOLLAR_VOLUME|MEDIAN_DOLLAR_VOLUME,Dole plc Ordinary Shares,NYSE
TRN,28.7,487148.0,14015526.0,13296781.0,2.3,-3.27,1.88,False,SHARE_VOLUME|AVG_DOLLAR_VOLUME|MEDIAN_DOLLAR_VOLUME,"Trinity Industries, Inc. Common Stock",NYSE
INVA,21.16,665435.0,14001722.0,13895963.0,1.85,-0.42,2.93,False,SHARE_VOLUME|AVG_DOLLAR_VOLUME|MEDIAN_DOLLAR_VOLUME|LOW_DAILY_RANGE,"Innoviva, Inc. - Common Stock",NASDAQ
ARDX,3.39,3749744.0,13991776.0,14038377.0,3.39,-13.39,3.84,False,PRICE|AVG_DOLLAR_VOLUME|MEDIAN_DOLLAR_VOLUME,"Ardelyx, Inc. - Common Stock",NASDAQ
XPRO,16.75,780521.0,13988661.0,14056582.0,4.02,-8.79,5.25,False,SHARE_VOLUME|AVG_DOLLAR_VOLUME|MEDIAN_DOLLAR_VOLUME,Expro Ltd Ordinary Shares,NYSE
UPBD,18.01,747177.0,13952311.0,14199312.0,2.94,-6.05,3.36,False,SHARE_VOLUME|AVG_DOLLAR_VOLUME|MEDIAN_DOLLAR_VOLUME,"Upbound Group, Inc. - Common Stock",NASDAQ
EFXT,22.94,657144.0,13835656.0,10415900.0,4.19,5.82,4.72,False,SHARE_VOLUME|AVG_DOLLAR_VOLUME|MEDIAN_DOLLAR_VOLUME,Enerflex Ltd Common Shares,NYSE
JOE,65.75,207511.0,13782163.0,14571924.0,2.13,-2.1,3.92,False,SHARE_VOLUME|AVG_DOLLAR_VOLUME|MEDIAN_DOLLAR_VOLUME,St. Joe Company (The) Common Stock,NYSE
STC,66.05,203465.0,13770788.0,13888658.0,2.31,-2.08,3.19,False,SHARE_VOLUME|AVG_DOLLAR_VOLUME|MEDIAN_DOLLAR_VOLUME,Stewart Information Services Corporation Common Stock,NYSE
LLYVA,97.42,140159.0,13746009.0,9824176.0,2.38,-2.58,3.46,False,SHARE_VOLUME|AVG_DOLLAR_VOLUME|MEDIAN_DOLLAR_VOLUME,"Liberty Live Holdings, Inc. - Series A Liberty Live Group Common Stock",NASDAQ
ULCC,5.7,2376119.0,13676517.0,13031933.0,3.98,-7.24,3.83,False,AVG_DOLLAR_VOLUME|MEDIAN_DOLLAR_VOLUME,"Frontier Group Holdings, Inc. - Common Stock",NASDAQ
FWDI,5.81,2227783.0,13673236.0,12542037.0,8.73,27.97,12.31,False,AVG_DOLLAR_VOLUME|MEDIAN_DOLLAR_VOLUME,"Forward Industries, Inc. - Common Stock",NASDAQ
KFRC,51.74,250292.0,13651058.0,12601384.0,3.37,-10.53,4.75,False,SHARE_VOLUME|AVG_DOLLAR_VOLUME|MEDIAN_DOLLAR_VOLUME,"Kforce, Inc. Common Stock",NYSE
WWW,19.63,680138.0,13648386.0,13096193.0,3.6,-1.8,10.08,False,SHARE_VOLUME|AVG_DOLLAR_VOLUME|MEDIAN_DOLLAR_VOLUME,"Wolverine World Wide, Inc. Common Stock",NYSE
EPC,26.8,490159.0,13646336.0,14063720.0,3.67,-5.29,3.66,False,SHARE_VOLUME|AVG_DOLLAR_VOLUME|MEDIAN_DOLLAR_VOLUME,Edgewell Personal Care Company Common Stock,NYSE
AQST,4.8,2744650.0,13625387.0,11679334.0,5.23,11.11,8.88,False,PRICE|AVG_DOLLAR_VOLUME|MEDIAN_DOLLAR_VOLUME,"Aquestive Therapeutics, Inc. - Common Stock",NASDAQ
LBTYK,10.11,1315651.0,13624674.0,12878495.0,2.35,-1.19,2.46,False,AVG_DOLLAR_VOLUME|MEDIAN_DOLLAR_VOLUME,Liberty Global Ltd. - Class C Common Shares,NASDAQ
ICFI,87.4,154177.0,13616413.0,12822016.0,2.33,-0.53,11.36,False,SHARE_VOLUME|AVG_DOLLAR_VOLUME|MEDIAN_DOLLAR_VOLUME,"ICF International, Inc. - Common Stock",NASDAQ
CNMD,47.81,276209.0,13552991.0,13543498.0,3.11,-2.94,4.04,False,SHARE_VOLUME|AVG_DOLLAR_VOLUME|MEDIAN_DOLLAR_VOLUME,CONMED Corporation Common Stock,NYSE
GRRR,12.9,928223.0,13542307.0,11152618.0,5.87,-15.16,10.04,False,SHARE_VOLUME|AVG_DOLLAR_VOLUME|MEDIAN_DOLLAR_VOLUME,Gorilla Technology Group Inc. - Ordinary shares,NASDAQ
CHCO,145.03,93894.0,13524847.0,13281788.0,1.39,-0.81,1.24,False,SHARE_VOLUME|AVG_DOLLAR_VOLUME|MEDIAN_DOLLAR_VOLUME|LOW_DAILY_RANGE,City Holding Company - Common Stock,NASDAQ
AOSL,24.86,532288.0,13510620.0,13331067.0,4.24,-12.4,8.25,False,SHARE_VOLUME|AVG_DOLLAR_VOLUME|MEDIAN_DOLLAR_VOLUME,Alpha and Omega Semiconductor Limited - Common Shares,NASDAQ
YFOR,1.67,7523847.0,13496715.0,749676.0,11.42,18.79,84.35,False,PRICE|AVG_DOLLAR_VOLUME|MEDIAN_DOLLAR_VOLUME,YYForce Inc. - Class A Ordinary Shares,NASDAQ
AVBP,27.58,449788.0,13426316.0,11481157.0,4.17,-8.05,10.93,False,SHARE_VOLUME|AVG_DOLLAR_VOLUME|MEDIAN_DOLLAR_VOLUME,"ArriVent BioPharma, Inc. - Common Stock",NASDAQ
VREX,18.48,725314.0,13409070.0,12290238.0,0.24,0.11,48.75,False,SHARE_VOLUME|AVG_DOLLAR_VOLUME|MEDIAN_DOLLAR_VOLUME|LOW_DAILY_RANGE,Varex Imaging Corporation - Common Stock,NASDAQ
MGRC,111.68,118819.0,13351636.0,13725362.0,1.96,-6.06,1.54,False,SHARE_VOLUME|AVG_DOLLAR_VOLUME|MEDIAN_DOLLAR_VOLUME|LOW_DAILY_RANGE,McGrath RentCorp - Common Stock,NASDAQ
NBTB,52.03,259049.0,13333623.0,12511932.0,1.51,-0.91,1.79,False,SHARE_VOLUME|AVG_DOLLAR_VOLUME|MEDIAN_DOLLAR_VOLUME|LOW_DAILY_RANGE,NBT Bancorp Inc. - Common Stock,NASDAQ
DRVN,12.72,1037695.0,13299737.0,13316426.0,3.69,-1.36,5.43,False,AVG_DOLLAR_VOLUME|MEDIAN_DOLLAR_VOLUME,Driven Brands Holdings Inc. - Common Stock,NASDAQ
FDMT,14.05,882716.0,13273947.0,11335902.0,6.48,-4.55,19.32,False,SHARE_VOLUME|AVG_DOLLAR_VOLUME|MEDIAN_DOLLAR_VOLUME,"4D Molecular Therapeutics, Inc. - Common Stock",NASDAQ
RAPP,41.97,280201.0,13261090.0,13537914.0,4.21,-14.36,9.21,False,SHARE_VOLUME|AVG_DOLLAR_VOLUME|MEDIAN_DOLLAR_VOLUME,"Rapport Therapeutics, Inc. - Common Stock",NASDAQ
EVER,24.19,530967.0,13241119.0,11377720.0,4.54,-1.35,7.93,False,SHARE_VOLUME|AVG_DOLLAR_VOLUME|MEDIAN_DOLLAR_VOLUME,"EverQuote, Inc. - Class A Common Stock",NASDAQ
ASPI,3.13,3499589.0,13233380.0,13673400.0,6.1,-18.91,8.05,False,PRICE|AVG_DOLLAR_VOLUME|MEDIAN_DOLLAR_VOLUME,ASP Isotopes Inc. - Common Stock,NASDAQ
EFC,12.66,994559.0,13181879.0,13380521.0,1.32,-6.04,3.5,False,SHARE_VOLUME|AVG_DOLLAR_VOLUME|MEDIAN_DOLLAR_VOLUME|LOW_DAILY_RANGE,Ellington Financial Inc. Common Stock ,NYSE
XHR,17.73,712817.0,13176338.0,12856964.0,1.98,-7.99,1.37,False,SHARE_VOLUME|AVG_DOLLAR_VOLUME|MEDIAN_DOLLAR_VOLUME|LOW_DAILY_RANGE,"Xenia Hotels & Resorts, Inc. Common Stock",NYSE
NRGV,4.01,3390931.0,13167397.0,12700680.0,7.3,9.73,17.91,False,PRICE|AVG_DOLLAR_VOLUME|MEDIAN_DOLLAR_VOLUME,"Energy Vault Holdings, Inc. Common Stock",NYSE
CCO,2.38,5537951.0,13145588.0,9396339.0,0.95,0.63,2.16,False,PRICE|AVG_DOLLAR_VOLUME|MEDIAN_DOLLAR_VOLUME|LOW_DAILY_RANGE,"Clear Channel Outdoor Holdings, Inc. Common Stock",NYSE
WTI,3.91,3360057.0,13133721.0,11465332.0,4.73,2.49,11.37,False,PRICE|AVG_DOLLAR_VOLUME|MEDIAN_DOLLAR_VOLUME,"W&T Offshore, Inc. Common Stock",NYSE
TTI,6.46,1905726.0,13117652.0,13207988.0,4.26,-19.05,4.68,False,AVG_DOLLAR_VOLUME|MEDIAN_DOLLAR_VOLUME,"Tetra Technologies, Inc. Common Stock",NYSE
TNC,68.31,188631.0,13116234.0,13950026.0,3.16,3.56,4.42,False,SHARE_VOLUME|AVG_DOLLAR_VOLUME|MEDIAN_DOLLAR_VOLUME,Tennant Company Common Stock,NYSE
ORBS,0.85,14725101.0,13102798.0,11250319.0,10.02,28.88,26.11,False,PRICE|AVG_DOLLAR_VOLUME|MEDIAN_DOLLAR_VOLUME,Eightco Holdings Inc. - Common Stock,NASDAQ
PRLB,83.89,164072.0,13088050.0,13544334.0,2.91,-1.17,6.07,False,SHARE_VOLUME|AVG_DOLLAR_VOLUME|MEDIAN_DOLLAR_VOLUME,"Proto Labs, Inc. Common stock",NYSE
BTGO,6.45,1849476.0,13073035.0,10875353.0,7.89,19.67,15.96,False,AVG_DOLLAR_VOLUME|MEDIAN_DOLLAR_VOLUME,"BitGo Holdings, Inc. Class A Common Stock",NYSE
BCAT,14.15,870634.0,13065503.0,8251709.0,1.33,-8.61,1.02,False,SHARE_VOLUME|AVG_DOLLAR_VOLUME|MEDIAN_DOLLAR_VOLUME|LOW_DAILY_RANGE,BlackRock Capital Allocation Term Trust Common Shares of Beneficial Interest,NYSE
KLRA,13.22,802941.0,13049174.0,10574729.0,6.98,-25.86,7.32,False,SHARE_VOLUME|AVG_DOLLAR_VOLUME|MEDIAN_DOLLAR_VOLUME,"Kailera Therapeutics, Inc. - Common stock",NASDAQ
LAR,5.7,2004461.0,12994036.0,12992275.0,5.53,-7.55,14.21,False,AVG_DOLLAR_VOLUME|MEDIAN_DOLLAR_VOLUME,Lithium Argentina AG Common Shares,NYSE
NBN,134.49,99616.0,12961803.0,12461388.0,2.54,-0.39,3.93,False,SHARE_VOLUME|AVG_DOLLAR_VOLUME|MEDIAN_DOLLAR_VOLUME,Northeast Bank - Common Stock,NASDAQ
TRS,39.47,330928.0,12933675.0,11434586.0,2.31,1.69,2.1,False,SHARE_VOLUME|AVG_DOLLAR_VOLUME|MEDIAN_DOLLAR_VOLUME,TriMas Corporation - Common Stock,NASDAQ
ESRT,4.22,2931578.0,12884839.0,11396463.0,2.93,-9.37,3.19,False,PRICE|AVG_DOLLAR_VOLUME|MEDIAN_DOLLAR_VOLUME,"Empire State Realty Trust, Inc. Class A Common Stock",NYSE
OPY,117.9,107738.0,12821280.0,11875218.0,3.41,0.62,6.29,False,SHARE_VOLUME|AVG_DOLLAR_VOLUME|MEDIAN_DOLLAR_VOLUME,"Oppenheimer Holdings, Inc. Class A Common Stock (DE)",NYSE
GPRK,11.31,1115333.0,12798646.0,7261393.0,4.46,21.0,11.9,False,AVG_DOLLAR_VOLUME|MEDIAN_DOLLAR_VOLUME,Geopark Ltd Common Shares,NYSE
NWBI,15.6,828895.0,12773470.0,13470550.0,1.44,-0.22,1.92,False,SHARE_VOLUME|AVG_DOLLAR_VOLUME|MEDIAN_DOLLAR_VOLUME|LOW_DAILY_RANGE,"Northwest Bancshares, Inc. - Common Stock",NASDAQ
FUBO,10.98,1168020.0,12750728.0,12384274.0,6.74,9.91,11.62,False,AVG_DOLLAR_VOLUME|MEDIAN_DOLLAR_VOLUME,FuboTV Inc. Class A Common Stock,NYSE
BANF,110.93,114434.0,12734819.0,12298655.0,1.83,-3.52,3.18,False,SHARE_VOLUME|AVG_DOLLAR_VOLUME|MEDIAN_DOLLAR_VOLUME|LOW_DAILY_RANGE,BancFirst Corporation - Common Stock,NASDAQ
ACRS,5.15,2139780.0,12714025.0,10312738.0,5.59,-18.32,6.5,False,AVG_DOLLAR_VOLUME|MEDIAN_DOLLAR_VOLUME,"Aclaris Therapeutics, Inc. - Common Stock",NASDAQ
MIMI,0.91,12231346.0,12696805.0,946360.0,22.15,-52.14,49.3,False,PRICE|AVG_DOLLAR_VOLUME|MEDIAN_DOLLAR_VOLUME,Mint Incorporation Limited - Class A Ordinary Shares,NASDAQ
NBHC,41.67,306255.0,12691230.0,13086547.0,1.54,-2.3,1.76,False,SHARE_VOLUME|AVG_DOLLAR_VOLUME|MEDIAN_DOLLAR_VOLUME|LOW_DAILY_RANGE,National Bank Holdings Corporation Common Stock,NYSE
GEMI,4.21,2872258.0,12633914.0,9739080.0,9.06,18.93,12.82,False,PRICE|AVG_DOLLAR_VOLUME|MEDIAN_DOLLAR_VOLUME,"Gemini Space Station, Inc. - Class A Common Stock",NASDAQ
EFSC,63.07,199221.0,12620420.0,12459506.0,1.53,-3.09,1.34,False,SHARE_VOLUME|AVG_DOLLAR_VOLUME|MEDIAN_DOLLAR_VOLUME|LOW_DAILY_RANGE,Enterprise Financial Services Corporation - Common Stock,NASDAQ
FTK,27.59,501411.0,12585590.0,9994214.0,5.72,2.12,27.86,False,SHARE_VOLUME|AVG_DOLLAR_VOLUME|MEDIAN_DOLLAR_VOLUME,"Flotek Industries, Inc. Common Stock",NYSE
NP,30.68,383441.0,12563574.0,11877839.0,3.43,-2.6,4.22,False,SHARE_VOLUME|AVG_DOLLAR_VOLUME|MEDIAN_DOLLAR_VOLUME,Neptune Insurance Holdings Inc. Class A Common Stock,NYSE
ECVT,10.86,1225527.0,12558457.0,12394225.0,2.75,5.38,5.72,False,AVG_DOLLAR_VOLUME|MEDIAN_DOLLAR_VOLUME,Ecovyst Inc. Common Stock,NYSE
TFSL,16.94,729630.0,12549766.0,12540330.0,1.83,-1.65,1.22,False,SHARE_VOLUME|AVG_DOLLAR_VOLUME|MEDIAN_DOLLAR_VOLUME|LOW_DAILY_RANGE,TFS Financial Corporation - Common Stock,NASDAQ
ACHV,7.45,1585093.0,12546593.0,10326805.0,5.03,-0.93,13.43,False,AVG_DOLLAR_VOLUME|MEDIAN_DOLLAR_VOLUME,"Achieve Life Sciences, Inc.  - Common Shares",NASDAQ
CRVL,70.61,179917.0,12529310.0,12179940.0,2.89,4.86,5.87,False,SHARE_VOLUME|AVG_DOLLAR_VOLUME|MEDIAN_DOLLAR_VOLUME,CorVel Corp. - Common Stock,NASDAQ
LWLG,4.76,2287852.0,12506168.0,12967150.0,5.17,-28.31,6.85,False,PRICE|AVG_DOLLAR_VOLUME|MEDIAN_DOLLAR_VOLUME,"Lightwave Logic, Inc. - Common Stock",NASDAQ
BAR,42.77,285484.0,12494580.0,11644946.0,1.33,-0.05,4.13,False,SHARE_VOLUME|AVG_DOLLAR_VOLUME|MEDIAN_DOLLAR_VOLUME|LOW_DAILY_RANGE,GraniteShares Gold Trust Shares of Beneficial Interest,NYSE Arca
QCRH,102.39,123423.0,12485859.0,11137685.0,1.99,-1.46,2.43,False,SHARE_VOLUME|AVG_DOLLAR_VOLUME|MEDIAN_DOLLAR_VOLUME|LOW_DAILY_RANGE,"QCR Holdings, Inc. - Common Stock",NASDAQ
HIFS,305.3,41553.0,12483860.0,11257682.0,3.04,-1.15,4.61,False,SHARE_VOLUME|AVG_DOLLAR_VOLUME|MEDIAN_DOLLAR_VOLUME,Hingham Institution for Savings - Common Stock,NASDAQ
PCRX,24.81,489823.0,12479867.0,12086660.0,2.84,3.35,3.52,False,SHARE_VOLUME|AVG_DOLLAR_VOLUME|MEDIAN_DOLLAR_VOLUME,"Pacira BioSciences, Inc. - Common Stock",NASDAQ
XERS,7.84,1513390.0,12477871.0,11712188.0,3.95,-11.47,7.74,False,AVG_DOLLAR_VOLUME|MEDIAN_DOLLAR_VOLUME,"Xeris Biopharma Holdings, Inc. - Common Stock",NASDAQ
TIC,9.38,1319997.0,12474186.0,12082864.0,4.07,0.81,15.9,False,AVG_DOLLAR_VOLUME|MEDIAN_DOLLAR_VOLUME,"TIC Solutions, Inc. Common Stock",NYSE
SEPN,38.47,317663.0,12464768.0,12188962.0,4.48,-12.17,22.93,False,SHARE_VOLUME|AVG_DOLLAR_VOLUME|MEDIAN_DOLLAR_VOLUME,"Septerna, Inc. - Common Stock",NASDAQ
MFA,8.51,1420560.0,12449547.0,12233980.0,1.62,-5.5,1.99,False,AVG_DOLLAR_VOLUME|MEDIAN_DOLLAR_VOLUME|LOW_DAILY_RANGE,"MFA Financial, Inc.",NYSE
ANNX,3.98,2673191.0,12444672.0,11398220.0,5.01,-24.62,5.21,False,PRICE|AVG_DOLLAR_VOLUME|MEDIAN_DOLLAR_VOLUME,"Annexon, Inc. - common stock",NASDAQ
VITL,9.98,1195340.0,12435160.0,12347392.0,4.18,-9.36,4.82,False,AVG_DOLLAR_VOLUME|MEDIAN_DOLLAR_VOLUME,"Vital Farms, Inc. - Common Stock",NASDAQ
EPAC,36.19,340397.0,12422279.0,11769398.0,2.09,-0.88,4.63,False,SHARE_VOLUME|AVG_DOLLAR_VOLUME|MEDIAN_DOLLAR_VOLUME,Enerpac Tool Group Corp. Common Stock,NYSE
TFIN,64.98,177666.0,12391833.0,11503195.0,2.69,-14.79,2.39,False,SHARE_VOLUME|AVG_DOLLAR_VOLUME|MEDIAN_DOLLAR_VOLUME,"Triumph Financial, Inc. Common Stock",NYSE
ENLT,72.48,160940.0,12376009.0,11118390.0,2.38,-13.12,4.21,False,SHARE_VOLUME|AVG_DOLLAR_VOLUME|MEDIAN_DOLLAR_VOLUME,Enlight Renewable Energy Ltd. - Ordinary Shares,NASDAQ
LCLN,26.52,481175.0,12352175.0,11641563.0,3.84,10.99,12.76,False,SHARE_VOLUME|AVG_DOLLAR_VOLUME|MEDIAN_DOLLAR_VOLUME,"Lincoln International, Inc. Class A Common Stock",NYSE
CBU,62.94,197511.0,12349666.0,11548301.0,1.58,-1.83,1.7,False,SHARE_VOLUME|AVG_DOLLAR_VOLUME|MEDIAN_DOLLAR_VOLUME|LOW_DAILY_RANGE,"Community Financial System, Inc. Common Stock",NYSE
UVV,44.76,270557.0,12330966.0,11986804.0,1.92,0.74,1.71,False,SHARE_VOLUME|AVG_DOLLAR_VOLUME|MEDIAN_DOLLAR_VOLUME|LOW_DAILY_RANGE,Universal Corporation Common Stock,NYSE
HLMN,7.36,1640688.0,12325266.0,9361278.0,3.18,-12.53,3.55,False,AVG_DOLLAR_VOLUME|MEDIAN_DOLLAR_VOLUME,Hillman Solutions Corp. - Common Stock,NASDAQ
DMRA,24.53,442422.0,12300104.0,10671609.0,6.56,-22.85,7.36,False,SHARE_VOLUME|AVG_DOLLAR_VOLUME|MEDIAN_DOLLAR_VOLUME,"Damora Therapeutics, Inc. - Ordinary Shares",NASDAQ
PAX,10.23,1102927.0,12285085.0,11707643.0,2.7,-9.1,4.68,False,AVG_DOLLAR_VOLUME|MEDIAN_DOLLAR_VOLUME,Patria Investments Limited - Class A Common Shares,NASDAQ
MEI,13.45,781778.0,12256365.0,9602866.0,7.46,-15.99,14.4,False,SHARE_VOLUME|AVG_DOLLAR_VOLUME|MEDIAN_DOLLAR_VOLUME,"Methode Electronics, Inc. Common Stock",NYSE
DBGI,4.06,1911112.0,12201502.0,877747.0,21.26,-62.77,81.07,False,PRICE|AVG_DOLLAR_VOLUME|MEDIAN_DOLLAR_VOLUME,"Digital Brands Group, Inc. - Common Stock",NASDAQ
CTMX,2.85,3622211.0,12154879.0,9116996.0,6.41,-16.08,9.23,False,PRICE|AVG_DOLLAR_VOLUME|MEDIAN_DOLLAR_VOLUME,"CytomX Therapeutics, Inc. - Common Stock",NASDAQ
MNRO,12.56,957716.0,12151704.0,10828584.0,5.14,8.35,10.97,False,SHARE_VOLUME|AVG_DOLLAR_VOLUME|MEDIAN_DOLLAR_VOLUME,"Monro, Inc.  - Common Stock",NASDAQ
GSL,45.81,271072.0,12137798.0,11864403.0,2.04,7.54,2.87,False,SHARE_VOLUME|AVG_DOLLAR_VOLUME|MEDIAN_DOLLAR_VOLUME,Global Ship Lease Inc New Class A Common Shares,NYSE
WRLD,185.6,64412.0,12127158.0,10675359.0,2.9,-1.85,5.69,False,SHARE_VOLUME|AVG_DOLLAR_VOLUME|MEDIAN_DOLLAR_VOLUME,World Acceptance Corporation - Common Stock,NASDAQ
TENX,1.89,6201359.0,12115226.0,7950247.0,9.02,11.47,25.41,False,PRICE|AVG_DOLLAR_VOLUME|MEDIAN_DOLLAR_VOLUME,"Tenax Therapeutics, Inc. - Common Stock",NASDAQ
HNST,5.43,2193829.0,12103448.0,12407604.0,4.78,14.42,40.78,False,AVG_DOLLAR_VOLUME|MEDIAN_DOLLAR_VOLUME,"The Honest Company, Inc. - Common Stock",NASDAQ
LUCY,0.86,10896942.0,12080515.0,212801.0,11.22,20.96,63.74,False,PRICE|AVG_DOLLAR_VOLUME|MEDIAN_DOLLAR_VOLUME,"Innovative Eyewear, Inc. - Common Stock",NASDAQ
HCSG,22.18,541392.0,12074665.0,11887800.0,2.58,1.09,4.51,False,SHARE_VOLUME|AVG_DOLLAR_VOLUME|MEDIAN_DOLLAR_VOLUME,"Healthcare Services Group, Inc. - Common Stock",NASDAQ
RIGL,45.24,259931.0,12073906.0,11007198.0,3.63,3.7,7.66,False,SHARE_VOLUME|AVG_DOLLAR_VOLUME|MEDIAN_DOLLAR_VOLUME,"Rigel Pharmaceuticals, Inc. - Common Stock",NASDAQ
SVV,9.36,1159814.0,12072516.0,10890528.0,3.74,-11.06,12.01,False,AVG_DOLLAR_VOLUME|MEDIAN_DOLLAR_VOLUME,"Savers Value Village, Inc. Common Stock",NYSE
FG,23.39,513234.0,12069476.0,11607772.0,3.47,-8.47,3.75,False,SHARE_VOLUME|AVG_DOLLAR_VOLUME|MEDIAN_DOLLAR_VOLUME,"F&G Annuities & Life, Inc. Common Stock",NYSE
PSQL,7.55,990588.0,12069075.0,4762291.0,14.66,-25.69,95.2,False,SHARE_VOLUME|AVG_DOLLAR_VOLUME|MEDIAN_DOLLAR_VOLUME,Pasqal Holding SA - Ordinary Shares,NASDAQ
USPH,83.82,153070.0,12068915.0,12133041.0,3.0,7.82,4.7,False,SHARE_VOLUME|AVG_DOLLAR_VOLUME|MEDIAN_DOLLAR_VOLUME,"U.S. Physical Therapy, Inc. Common Stock",NYSE
RGNX,7.9,1331357.0,12061581.0,10255157.0,6.23,-28.66,10.61,False,AVG_DOLLAR_VOLUME|MEDIAN_DOLLAR_VOLUME,REGENXBIO Inc. - Common Stock,NASDAQ
MNKD,3.59,3000107.0,12054202.0,11419006.0,4.2,-11.79,8.11,False,PRICE|AVG_DOLLAR_VOLUME|MEDIAN_DOLLAR_VOLUME,MannKind Corporation - Common Stock,NASDAQ
NEXA,12.43,863879.0,12051539.0,10540529.0,4.97,-7.86,9.45,False,SHARE_VOLUME|AVG_DOLLAR_VOLUME|MEDIAN_DOLLAR_VOLUME,Nexa Resources S.A. Common Shares,NYSE
ALT,3.25,3765518.0,12044486.0,9380302.0,4.4,9.43,6.15,False,PRICE|AVG_DOLLAR_VOLUME|MEDIAN_DOLLAR_VOLUME,"Altimmune, Inc. - Common Stock",NASDAQ
CTRN,59.0,177783.0,11994556.0,10207637.0,5.01,-17.98,3.68,False,SHARE_VOLUME|AVG_DOLLAR_VOLUME|MEDIAN_DOLLAR_VOLUME,"Citi Trends, Inc. - Common Stock",NASDAQ
BCH,41.45,285732.0,11988854.0,10983739.0,2.08,0.88,2.8,False,SHARE_VOLUME|AVG_DOLLAR_VOLUME|MEDIAN_DOLLAR_VOLUME,Banco De Chile ADS,NYSE
BWLP,26.12,499503.0,11924593.0,11148678.0,2.97,17.72,5.15,False,SHARE_VOLUME|AVG_DOLLAR_VOLUME|MEDIAN_DOLLAR_VOLUME,BW LPG Limited Common Shares,NYSE
UROY,4.38,2694516.0,11915486.0,10017915.0,5.21,8.42,11.24,False,PRICE|AVG_DOLLAR_VOLUME|MEDIAN_DOLLAR_VOLUME,Uranium Royalty Corp. - Common Stock,NASDAQ
MTX,69.25,168451.0,11885671.0,12139534.0,2.35,-3.44,2.5,False,SHARE_VOLUME|AVG_DOLLAR_VOLUME|MEDIAN_DOLLAR_VOLUME,Minerals Technologies Inc. Common Stock,NYSE
BBAR,14.64,805174.0,11865794.0,10499200.0,4.53,-0.81,5.05,False,SHARE_VOLUME|AVG_DOLLAR_VOLUME|MEDIAN_DOLLAR_VOLUME,Banco BBVA Argentina S.A. ADS,NYSE
MLKN,21.3,531444.0,11840578.0,13072055.0,3.34,-7.41,3.42,False,SHARE_VOLUME|AVG_DOLLAR_VOLUME|MEDIAN_DOLLAR_VOLUME,"MillerKnoll, Inc. - Common Stock",NASDAQ
FIZZ,32.08,370694.0,11829963.0,11443934.0,3.19,1.91,2.26,False,SHARE_VOLUME|AVG_DOLLAR_VOLUME|MEDIAN_DOLLAR_VOLUME,National Beverage Corp. - Common Stock,NASDAQ
FWONA,88.0,130491.0,11827517.0,11575935.0,2.19,-5.6,3.34,False,SHARE_VOLUME|AVG_DOLLAR_VOLUME|MEDIAN_DOLLAR_VOLUME,Liberty Media Corporation - Series A Liberty Formula One Common Stock,NASDAQ
TCBK,53.98,219802.0,11820069.0,11760014.0,1.53,-4.15,2.14,False,SHARE_VOLUME|AVG_DOLLAR_VOLUME|MEDIAN_DOLLAR_VOLUME|LOW_DAILY_RANGE,TriCo Bancshares - Common Stock,NASDAQ
SAFT,103.6,114519.0,11798764.0,12857970.0,0.19,1.21,0.33,False,SHARE_VOLUME|AVG_DOLLAR_VOLUME|MEDIAN_DOLLAR_VOLUME|LOW_DAILY_RANGE,"Safety Insurance Group, Inc. - Common Stock",NASDAQ
BWMN,42.49,277254.0,11792613.0,11369652.0,0.36,-0.11,55.78,False,SHARE_VOLUME|AVG_DOLLAR_VOLUME|MEDIAN_DOLLAR_VOLUME|LOW_DAILY_RANGE,Bowman Consulting Group Ltd. - Common Stock,NASDAQ
PMT,9.01,1265779.0,11763207.0,10196785.0,1.77,-4.51,3.32,False,AVG_DOLLAR_VOLUME|MEDIAN_DOLLAR_VOLUME|LOW_DAILY_RANGE,PennyMac Mortgage Investment Trust Common Shares of Beneficial Interest,NYSE
BCAX,22.6,494715.0,11730495.0,11443395.0,5.04,-9.31,6.26,False,SHARE_VOLUME|AVG_DOLLAR_VOLUME|MEDIAN_DOLLAR_VOLUME,Bicara Therapeutics Inc. - Common Stock,NASDAQ
MAZE,24.2,442685.0,11709989.0,9749687.0,4.7,-16.91,4.22,False,SHARE_VOLUME|AVG_DOLLAR_VOLUME|MEDIAN_DOLLAR_VOLUME,"Maze Therapeutics, Inc. - Common Stock",NASDAQ
SECZ,7.88,1648953.0,11708103.0,10766809.0,8.2,33.79,11.19,False,AVG_DOLLAR_VOLUME|MEDIAN_DOLLAR_VOLUME,Securitize Corp. Common Stock,NYSE
TRUP,26.49,409735.0,11636730.0,11032526.0,3.92,-11.61,15.46,False,SHARE_VOLUME|AVG_DOLLAR_VOLUME|MEDIAN_DOLLAR_VOLUME,"Trupanion, Inc. - Common Stock",NASDAQ
HMN,49.52,231006.0,11628592.0,10197983.0,1.92,-4.05,3.88,False,SHARE_VOLUME|AVG_DOLLAR_VOLUME|MEDIAN_DOLLAR_VOLUME|LOW_DAILY_RANGE,Horace Mann Educators Corporation Common Stock,NYSE
RFAI,41.43,220823.0,11623433.0,1273254.0,26.11,314.34,355.62,False,SHARE_VOLUME|AVG_DOLLAR_VOLUME|MEDIAN_DOLLAR_VOLUME,RF Acquisition Corp II - Ordinary Shares,NASDAQ
FWRG,10.62,973336.0,11609048.0,11533496.0,4.6,-11.59,7.39,False,SHARE_VOLUME|AVG_DOLLAR_VOLUME|MEDIAN_DOLLAR_VOLUME,"First Watch Restaurant Group, Inc. - Common Stock",NASDAQ
BMGL,4.44,1636013.0,11608472.0,13822.0,10.03,-14.62,55.9,False,PRICE|AVG_DOLLAR_VOLUME|MEDIAN_DOLLAR_VOLUME,Basel Medical Group Ltd - ordinary shares,NASDAQ
OFG,52.8,221567.0,11601286.0,11611730.0,1.56,-0.47,1.25,False,SHARE_VOLUME|AVG_DOLLAR_VOLUME|MEDIAN_DOLLAR_VOLUME|LOW_DAILY_RANGE,OFG Bancorp Common Stock,NYSE
TREE,26.84,404189.0,11578290.0,10878536.0,3.89,-14.11,3.89,False,SHARE_VOLUME|AVG_DOLLAR_VOLUME|MEDIAN_DOLLAR_VOLUME,"LendingTree, Inc. - Common Stock",NASDAQ
BKKT,7.22,1445078.0,11576114.0,8813066.0,8.06,4.18,14.53,False,AVG_DOLLAR_VOLUME|MEDIAN_DOLLAR_VOLUME,"Bakkt, Inc. Class A Common Stock",NYSE
REPX,43.8,281115.0,11572370.0,9052372.0,3.22,16.15,5.82,False,SHARE_VOLUME|AVG_DOLLAR_VOLUME|MEDIAN_DOLLAR_VOLUME,"Riley Exploration Permian, Inc. Common Stock",NYSE American
LBRX,42.83,243882.0,11566881.0,10819874.0,4.26,-12.19,7.92,False,SHARE_VOLUME|AVG_DOLLAR_VOLUME|MEDIAN_DOLLAR_VOLUME,LB Pharmaceuticals Inc - Common Stock,NASDAQ
HG,34.91,329540.0,11565277.0,10510470.0,2.27,-0.99,1.72,False,SHARE_VOLUME|AVG_DOLLAR_VOLUME|MEDIAN_DOLLAR_VOLUME,"Hamilton Insurance Group, Ltd. Class B Common Shares",NYSE
KEP,11.3,977285.0,11528786.0,11974813.0,1.59,0.18,4.77,False,SHARE_VOLUME|AVG_DOLLAR_VOLUME|MEDIAN_DOLLAR_VOLUME|LOW_DAILY_RANGE,Korea Electric Power Corporation Common Stock,NYSE
SWVL,3.93,4541266.0,11519473.0,2653595.0,19.76,172.92,50.34,False,PRICE|AVG_DOLLAR_VOLUME|MEDIAN_DOLLAR_VOLUME,Swvl Holdings Corp - Ordinary Shares,NASDAQ
STDN,12.03,806080.0,11500572.0,8132171.0,9.05,-1.39,35.66,False,SHARE_VOLUME|AVG_DOLLAR_VOLUME|MEDIAN_DOLLAR_VOLUME,"Standard Nuclear, Inc. Class A Common Stock",NYSE
IART,16.13,701404.0,11459332.0,9971340.0,3.75,-8.09,4.95,False,SHARE_VOLUME|AVG_DOLLAR_VOLUME|MEDIAN_DOLLAR_VOLUME,Integra LifeSciences Holdings Corporation - Common Stock,NASDAQ
NMAX,10.87,1052322.0,11450556.0,9859882.0,5.2,-4.9,14.54,False,AVG_DOLLAR_VOLUME|MEDIAN_DOLLAR_VOLUME,"Newsmax, Inc. Class B Common Stock",NYSE
CRBP,7.2,1285324.0,11438761.0,6322116.0,8.02,-28.52,5.8,False,AVG_DOLLAR_VOLUME|MEDIAN_DOLLAR_VOLUME,"Corbus Pharmaceuticals Holdings, Inc. - Common Stock",NASDAQ
PSIX,39.56,297105.0,11437154.0,10435584.0,4.7,6.27,23.62,False,SHARE_VOLUME|AVG_DOLLAR_VOLUME|MEDIAN_DOLLAR_VOLUME,"Power Solutions International, Inc. - Common Stock",NASDAQ
TKC,4.99,2209744.0,11435486.0,9352835.0,1.63,-7.69,2.94,False,PRICE|AVG_DOLLAR_VOLUME|MEDIAN_DOLLAR_VOLUME|LOW_DAILY_RANGE,Turkcell Iletisim Hizmetleri AS Common Stock,NYSE
BOW,33.76,338216.0,11372591.0,8242996.0,0.44,0.82,0.75,False,SHARE_VOLUME|AVG_DOLLAR_VOLUME|MEDIAN_DOLLAR_VOLUME|LOW_DAILY_RANGE,Bowhead Specialty Holdings Inc. Common Stock,NYSE
PPCB,0.83,5292981.0,11359343.0,202982.0,14.88,-28.17,108.41,False,PRICE|AVG_DOLLAR_VOLUME|MEDIAN_DOLLAR_VOLUME,"Propanc Biopharma, Inc. - Common Stock",NASDAQ
SUGP,0.47,11735968.0,11319995.0,612850.0,25.63,-80.42,20.0,False,PRICE|AVG_DOLLAR_VOLUME|MEDIAN_DOLLAR_VOLUME,SU Group Holdings Limited - Class A Ordinary Shares,NASDAQ
FLOC,20.67,533810.0,11306604.0,9379530.0,4.26,-9.24,5.22,False,SHARE_VOLUME|AVG_DOLLAR_VOLUME|MEDIAN_DOLLAR_VOLUME,Flowco Holdings Inc. Class A Common Stock,NYSE
VTOL,42.03,253746.0,11281937.0,11806515.0,3.39,-8.41,3.8,False,SHARE_VOLUME|AVG_DOLLAR_VOLUME|MEDIAN_DOLLAR_VOLUME,"Bristow Group, Inc. Common Stock",NYSE
ADTN,7.16,1492144.0,11249844.0,11543597.0,4.1,-11.6,6.76,False,AVG_DOLLAR_VOLUME|MEDIAN_DOLLAR_VOLUME,"ADTRAN Holdings, Inc. - Common Stock",NASDAQ
SYBT,81.08,140268.0,11222576.0,11159571.0,2.15,-3.13,1.87,False,SHARE_VOLUME|AVG_DOLLAR_VOLUME|MEDIAN_DOLLAR_VOLUME,"Stock Yards Bancorp, Inc. - Common Stock",NASDAQ
DEC,14.39,753081.0,11218797.0,10036491.0,2.75,1.89,3.54,False,SHARE_VOLUME|AVG_DOLLAR_VOLUME|MEDIAN_DOLLAR_VOLUME,Diversified Energy Company Common Stock,NYSE
NVEC,97.57,108777.0,11195001.0,11150390.0,4.09,-15.0,4.58,False,SHARE_VOLUME|AVG_DOLLAR_VOLUME|MEDIAN_DOLLAR_VOLUME,NVE Corporation - Common Stock,NASDAQ
CBL,53.33,205558.0,11169577.0,9851317.0,2.39,-4.78,4.12,False,SHARE_VOLUME|AVG_DOLLAR_VOLUME|MEDIAN_DOLLAR_VOLUME,"CBL & Associates Properties, Inc. Common Stock",NYSE
MITK,17.77,613218.0,11160314.0,10220335.0,4.04,-2.26,9.99,False,SHARE_VOLUME|AVG_DOLLAR_VOLUME|MEDIAN_DOLLAR_VOLUME,"Mitek Systems, Inc. - Common Stock",NASDAQ
ASTH,38.21,289746.0,11136261.0,11625340.0,3.89,-2.43,7.99,False,SHARE_VOLUME|AVG_DOLLAR_VOLUME|MEDIAN_DOLLAR_VOLUME,Astrana Health Inc. - Common Stock,NASDAQ
FRNM,14.94,747522.0,11135689.0,10147585.0,5.34,11.06,12.46,False,SHARE_VOLUME|AVG_DOLLAR_VOLUME|MEDIAN_DOLLAR_VOLUME,"Freenome, Inc. - Common stock",NASDAQ
PS,40.17,282541.0,11105463.0,8079698.0,6.74,0.65,6.7,False,SHARE_VOLUME|AVG_DOLLAR_VOLUME|MEDIAN_DOLLAR_VOLUME,Pershing Square Inc. Common Stock,NYSE
IDT,70.61,160914.0,11096139.0,11186323.0,2.44,5.94,2.52,False,SHARE_VOLUME|AVG_DOLLAR_VOLUME|MEDIAN_DOLLAR_VOLUME,IDT Corporation Class B Common Stock,NYSE
SCHL,35.05,295050.0,11082541.0,10855284.0,3.72,-14.59,5.21,False,SHARE_VOLUME|AVG_DOLLAR_VOLUME|MEDIAN_DOLLAR_VOLUME,Scholastic Corporation - Common Stock,NASDAQ
LIME,30.08,293355.0,11081790.0,10532674.0,7.48,-22.45,14.54,False,SHARE_VOLUME|AVG_DOLLAR_VOLUME|MEDIAN_DOLLAR_VOLUME,"Neutron Holdings, Inc. - Common Stock",NASDAQ
ATLC,94.23,118033.0,11078496.0,10567398.0,3.71,-3.43,5.71,False,SHARE_VOLUME|AVG_DOLLAR_VOLUME|MEDIAN_DOLLAR_VOLUME,Atlanticus Holdings Corporation - Common Stock,NASDAQ
OOMA,22.65,495476.0,11074951.0,9490015.0,5.0,9.63,12.23,False,SHARE_VOLUME|AVG_DOLLAR_VOLUME|MEDIAN_DOLLAR_VOLUME,"Ooma, Inc. Common Stock",NYSE
LIDR,1.19,7645930.0,11073799.0,734129.0,5.73,-4.8,27.83,False,PRICE|AVG_DOLLAR_VOLUME|MEDIAN_DOLLAR_VOLUME,"AEye, Inc. - Class A Common Stock",NASDAQ
CRVS,12.51,795817.0,11038600.0,10716249.0,4.49,-15.64,7.21,False,SHARE_VOLUME|AVG_DOLLAR_VOLUME|MEDIAN_DOLLAR_VOLUME,"Corvus Pharmaceuticals, Inc. - Common Stock",NASDAQ
IFS,54.78,201507.0,11004675.0,10819704.0,1.95,1.35,2.14,False,SHARE_VOLUME|AVG_DOLLAR_VOLUME|MEDIAN_DOLLAR_VOLUME|LOW_DAILY_RANGE,Intercorp Financial Services Inc. Common Shares,NYSE
ASR,250.41,42918.0,10995952.0,9561752.0,1.99,-3.56,2.29,False,SHARE_VOLUME|AVG_DOLLAR_VOLUME|MEDIAN_DOLLAR_VOLUME|LOW_DAILY_RANGE,"Grupo Aeroportuario del Sureste, S.A. de C.V. Common Stock",NYSE
NCI,12.96,844869.0,10929060.0,11385178.0,6.74,3.68,14.32,False,SHARE_VOLUME|AVG_DOLLAR_VOLUME|MEDIAN_DOLLAR_VOLUME,Neo-Concept International Group Holdings Limited - Class A Ordinary Shares,NASDAQ
BFC,153.11,71325.0,10925599.0,10529472.0,2.04,-1.84,2.62,False,SHARE_VOLUME|AVG_DOLLAR_VOLUME|MEDIAN_DOLLAR_VOLUME,Bank First Corporation - Common Stock,NASDAQ
EVTC,28.48,369184.0,10913963.0,11342537.0,2.99,-3.75,5.16,False,SHARE_VOLUME|AVG_DOLLAR_VOLUME|MEDIAN_DOLLAR_VOLUME,"Evertec, Inc. Common Stock",NYSE
NB,3.54,2632929.0,10899519.0,10091150.0,5.06,-21.96,8.16,False,PRICE|AVG_DOLLAR_VOLUME|MEDIAN_DOLLAR_VOLUME,NioCorp Developments Ltd. - Common Stock,NASDAQ
SANA,3.1,3007456.0,10861895.0,9076498.0,6.25,-14.74,12.95,False,PRICE|AVG_DOLLAR_VOLUME|MEDIAN_DOLLAR_VOLUME,"Sana Biotechnology, Inc. - Common Stock",NASDAQ
ASC,19.13,613080.0,10861036.0,10312795.0,3.13,11.19,4.0,False,SHARE_VOLUME|AVG_DOLLAR_VOLUME|MEDIAN_DOLLAR_VOLUME,Ardmore Shipping Corporation Common Stock,NYSE
MAMA,14.01,712249.0,10849707.0,7973194.0,5.01,-12.69,6.58,False,SHARE_VOLUME|AVG_DOLLAR_VOLUME|MEDIAN_DOLLAR_VOLUME,"Mama's Creations, Inc. - Common Stock",NASDAQ
MOBX,0.95,8652528.0,10841398.0,1181810.0,11.37,-13.13,36.56,False,PRICE|AVG_DOLLAR_VOLUME|MEDIAN_DOLLAR_VOLUME,"Mobix Labs, Inc. - Class A Common Stock",NASDAQ
NAVI,9.84,1152347.0,10829404.0,11103536.0,3.26,11.15,4.75,False,AVG_DOLLAR_VOLUME|MEDIAN_DOLLAR_VOLUME,Navient Corporation - Common Stock,NASDAQ
GRC,72.3,143944.0,10801527.0,9767326.0,2.69,-8.19,1.69,False,SHARE_VOLUME|AVG_DOLLAR_VOLUME|MEDIAN_DOLLAR_VOLUME,Gorman-Rupp Company (The) Common Stock,NYSE
TROX,4.36,2145936.0,10789697.0,11224367.0,4.56,-21.3,18.8,False,PRICE|AVG_DOLLAR_VOLUME|MEDIAN_DOLLAR_VOLUME,Tronox Holdings plc Ordinary Shares (UK),NYSE
RSKD,6.27,1716172.0,10774149.0,8995968.0,4.03,1.79,19.92,False,AVG_DOLLAR_VOLUME|MEDIAN_DOLLAR_VOLUME,Riskified Ltd. Class A Ordinary Shares,NYSE
VNRX,0.28,22978579.0,10770401.0,544134.0,12.56,-40.15,47.06,False,PRICE|AVG_DOLLAR_VOLUME|MEDIAN_DOLLAR_VOLUME,VolitionRX Limited Common Stock,NYSE American
LILAK,8.78,1267582.0,10770218.0,8688403.0,2.77,5.78,3.63,False,AVG_DOLLAR_VOLUME|MEDIAN_DOLLAR_VOLUME,Liberty Latin America Ltd. - Class C Common Stock,NASDAQ
SVC,6.73,1434797.0,10757142.0,10765936.0,3.17,-14.05,7.23,False,AVG_DOLLAR_VOLUME|MEDIAN_DOLLAR_VOLUME,Service Properties Trust - Common Shares of Beneficial Interest,NASDAQ
FBNC,63.69,167534.0,10747773.0,10032257.0,1.89,-3.64,2.94,False,SHARE_VOLUME|AVG_DOLLAR_VOLUME|MEDIAN_DOLLAR_VOLUME|LOW_DAILY_RANGE,First Bancorp - Common Stock,NASDAQ
NXRT,21.62,469235.0,10737621.0,10026141.0,2.78,-5.74,3.04,False,SHARE_VOLUME|AVG_DOLLAR_VOLUME|MEDIAN_DOLLAR_VOLUME,"NexPoint Residential Trust, Inc. Common Stock",NYSE
CSTL,35.91,318237.0,10710681.0,8678156.0,4.86,23.7,11.33,False,SHARE_VOLUME|AVG_DOLLAR_VOLUME|MEDIAN_DOLLAR_VOLUME,"Castle Biosciences, Inc. - Common stock",NASDAQ
UMH,15.7,658978.0,10683910.0,9950842.0,1.71,-2.7,3.36,False,SHARE_VOLUME|AVG_DOLLAR_VOLUME|MEDIAN_DOLLAR_VOLUME|LOW_DAILY_RANGE,"UMH Properties, Inc. Common Stock",NYSE
DFDV,4.43,2173316.0,10683377.0,9978697.0,9.55,43.83,17.33,False,PRICE|AVG_DOLLAR_VOLUME|MEDIAN_DOLLAR_VOLUME,DeFi Development Corp. - Common Stock,NASDAQ
DMC,31.64,335223.0,10682276.0,10615123.0,2.42,3.98,2.84,False,SHARE_VOLUME|AVG_DOLLAR_VOLUME|MEDIAN_DOLLAR_VOLUME,Del Monte Corporation Ordinary Shares,NYSE
LFTO,18.11,572282.0,10648019.0,10519440.0,4.68,-7.88,10.29,False,SHARE_VOLUME|AVG_DOLLAR_VOLUME|MEDIAN_DOLLAR_VOLUME,"Liftoff Mobile, Inc. - Common Stock",NASDAQ
BXC,77.05,132393.0,10644829.0,10655177.0,4.52,-6.69,17.73,False,SHARE_VOLUME|AVG_DOLLAR_VOLUME|MEDIAN_DOLLAR_VOLUME,Bluelinx Holdings Inc. Common Stock,NYSE
UA,4.97,2129016.0,10631005.0,10887717.0,3.23,0.71,4.79,False,PRICE|AVG_DOLLAR_VOLUME|MEDIAN_DOLLAR_VOLUME,"Under Armour, Inc. Class C Common Stock",NYSE
AMAL,47.14,220136.0,10623175.0,9977945.0,2.06,-6.06,1.87,False,SHARE_VOLUME|AVG_DOLLAR_VOLUME|MEDIAN_DOLLAR_VOLUME,Amalgamated Financial Corp. - Common Stock,NASDAQ
SIBN,18.58,556444.0,10618276.0,10459856.0,3.45,-2.93,4.02,False,SHARE_VOLUME|AVG_DOLLAR_VOLUME|MEDIAN_DOLLAR_VOLUME,"SI-BONE, Inc. - Common Stock",NASDAQ
JBSS,69.53,143899.0,10609124.0,9582452.0,3.17,-16.7,2.47,False,SHARE_VOLUME|AVG_DOLLAR_VOLUME|MEDIAN_DOLLAR_VOLUME,"John B. Sanfilippo & Son, Inc. - Common Stock",NASDAQ
SB,8.84,1232127.0,10571907.0,9368127.0,3.5,10.02,4.52,False,AVG_DOLLAR_VOLUME|MEDIAN_DOLLAR_VOLUME,"Safe Bulkers, Inc Common Stock ($0.001 par value)",NYSE
ROCK,45.0,231329.0,10566915.0,9972048.0,3.59,-3.04,14.15,False,SHARE_VOLUME|AVG_DOLLAR_VOLUME|MEDIAN_DOLLAR_VOLUME,"Gibraltar Industries, Inc. - Common Stock",NASDAQ
BIVI,1.79,6149954.0,10552642.0,1186812.0,13.92,85.68,39.0,False,PRICE|AVG_DOLLAR_VOLUME|MEDIAN_DOLLAR_VOLUME,BioVie Inc. - Common stock,NASDAQ
PSUS,38.34,271349.0,10552606.0,9663309.0,1.78,-2.06,3.75,False,SHARE_VOLUME|AVG_DOLLAR_VOLUME|MEDIAN_DOLLAR_VOLUME|LOW_DAILY_RANGE,"Pershing Square USA, Ltd. Common Shares",NYSE
CENTA,35.21,288572.0,10551764.0,10472809.0,2.73,-8.51,5.32,False,SHARE_VOLUME|AVG_DOLLAR_VOLUME|MEDIAN_DOLLAR_VOLUME,Central Garden & Pet Company - Class A Common Stock Nonvoting,NASDAQ
STBA,50.38,210388.0,10525698.0,10713893.0,1.47,-0.73,1.38,False,SHARE_VOLUME|AVG_DOLLAR_VOLUME|MEDIAN_DOLLAR_VOLUME|LOW_DAILY_RANGE,"S&T Bancorp, Inc. - Common Stock",NASDAQ
APEI,44.35,231533.0,10511781.0,9879133.0,3.28,-0.76,2.75,False,SHARE_VOLUME|AVG_DOLLAR_VOLUME|MEDIAN_DOLLAR_VOLUME,"American Public Education, Inc. - Common Stock",NASDAQ
MMA,0.4,18767600.0,10502876.0,343917.0,12.4,3.75,48.95,False,PRICE|AVG_DOLLAR_VOLUME|MEDIAN_DOLLAR_VOLUME,Mixed Martial Arts Group Limited Ordinary Shares,NYSE American
FSUN,40.0,260807.0,10477813.0,10592448.0,1.81,-1.09,2.37,False,SHARE_VOLUME|AVG_DOLLAR_VOLUME|MEDIAN_DOLLAR_VOLUME|LOW_DAILY_RANGE,FirstSun Capital Bancorp - Common Stock,NASDAQ
PNTG,41.69,266940.0,10429410.0,9099171.0,3.15,5.82,4.32,False,SHARE_VOLUME|AVG_DOLLAR_VOLUME|MEDIAN_DOLLAR_VOLUME,"The Pennant Group, Inc. - Common Stock",NASDAQ
MYE,30.78,326967.0,10426382.0,9739957.0,3.25,-4.26,3.67,False,SHARE_VOLUME|AVG_DOLLAR_VOLUME|MEDIAN_DOLLAR_VOLUME,"Myers Industries, Inc. Common Stock",NYSE
MQ,16.05,639827.0,10423733.0,10550906.0,2.82,3.68,5.04,False,SHARE_VOLUME|AVG_DOLLAR_VOLUME|MEDIAN_DOLLAR_VOLUME,"Marqeta, Inc. - Class A Common Stock",NASDAQ
VELO,9.91,878265.0,10402976.0,9563121.0,5.73,-32.24,10.3,False,SHARE_VOLUME|AVG_DOLLAR_VOLUME|MEDIAN_DOLLAR_VOLUME,"Velo3D, Inc. - Common stock",NASDAQ
DHC,7.99,1344417.0,10390239.0,9135522.0,2.92,0.06,4.09,False,AVG_DOLLAR_VOLUME|MEDIAN_DOLLAR_VOLUME,Diversified Healthcare Trust  - Common Shares of Beneficial Interest,NASDAQ
NWN,48.6,210387.0,10388891.0,9693208.0,1.75,-4.75,2.9,False,SHARE_VOLUME|AVG_DOLLAR_VOLUME|MEDIAN_DOLLAR_VOLUME|LOW_DAILY_RANGE,Northwest Natural Holding Company Common Stock,NYSE
IHS,8.43,1234325.0,10385282.0,9245852.0,0.58,1.2,1.33,False,AVG_DOLLAR_VOLUME|MEDIAN_DOLLAR_VOLUME|LOW_DAILY_RANGE,IHS Holding Limited Ordinary Shares,NYSE
RYZ,24.78,415725.0,10379833.0,9498487.0,4.18,-9.01,4.39,False,SHARE_VOLUME|AVG_DOLLAR_VOLUME|MEDIAN_DOLLAR_VOLUME,Ryerson Holding Corporation Common Stock,NYSE
FTH,35.35,288687.0,10375237.0,9652911.0,9.27,7.14,17.14,False,SHARE_VOLUME|AVG_DOLLAR_VOLUME|MEDIAN_DOLLAR_VOLUME,"Faeth Therapeutics, Inc.  - Common Stock",NASDAQ
HOPE,14.17,742202.0,10350450.0,10187314.0,1.67,-0.49,2.42,False,SHARE_VOLUME|AVG_DOLLAR_VOLUME|MEDIAN_DOLLAR_VOLUME|LOW_DAILY_RANGE,"Hope Bancorp, Inc. - Common Stock",NASDAQ
WMK,73.38,145356.0,10330498.0,10131472.0,2.26,4.36,2.12,False,SHARE_VOLUME|AVG_DOLLAR_VOLUME|MEDIAN_DOLLAR_VOLUME,"Weis Markets, Inc. Common Stock",NYSE
RR,1.62,5753788.0,10321997.0,7636388.0,6.5,0.31,21.6,False,PRICE|AVG_DOLLAR_VOLUME|MEDIAN_DOLLAR_VOLUME,Richtech Robotics Inc. - Class B Common Stock,NASDAQ
BY,38.08,268931.0,10305073.0,9024575.0,1.65,-2.58,1.65,False,SHARE_VOLUME|AVG_DOLLAR_VOLUME|MEDIAN_DOLLAR_VOLUME|LOW_DAILY_RANGE,"Byline Bancorp, Inc. Common Stock",NYSE
MGEE,75.78,132750.0,10304200.0,10157053.0,1.67,-6.12,0.9,False,SHARE_VOLUME|AVG_DOLLAR_VOLUME|MEDIAN_DOLLAR_VOLUME|LOW_DAILY_RANGE,MGE Energy Inc. - Common Stock,NASDAQ
AGRO,11.71,897047.0,10293023.0,9756816.0,4.29,19.37,7.75,False,SHARE_VOLUME|AVG_DOLLAR_VOLUME|MEDIAN_DOLLAR_VOLUME,Adecoagro S.A. Common Shares,NYSE
ASMB,26.09,311823.0,10281607.0,8459398.0,5.67,-18.8,10.68,False,SHARE_VOLUME|AVG_DOLLAR_VOLUME|MEDIAN_DOLLAR_VOLUME,"Assembly Biosciences, Inc. - Common Stock",NASDAQ
TGLS,37.4,261636.0,10262629.0,9921759.0,3.4,-5.84,4.02,False,SHARE_VOLUME|AVG_DOLLAR_VOLUME|MEDIAN_DOLLAR_VOLUME,Tecnoglass Holdings Inc. Common Stock,NYSE
SGMT,10.54,963504.0,10260970.0,10168928.0,4.6,-0.38,13.69,False,SHARE_VOLUME|AVG_DOLLAR_VOLUME|MEDIAN_DOLLAR_VOLUME,Sagimet Biosciences Inc. - Series A Common Stock,NASDAQ
HTB,47.23,216768.0,10258279.0,10062735.0,1.68,-0.69,1.54,False,SHARE_VOLUME|AVG_DOLLAR_VOLUME|MEDIAN_DOLLAR_VOLUME|LOW_DAILY_RANGE,"HomeTrust Bancshares, Inc. Common Stock",NYSE
EVH,3.76,2338689.0,10239883.0,10115939.0,5.59,-18.01,16.56,False,PRICE|AVG_DOLLAR_VOLUME|MEDIAN_DOLLAR_VOLUME,"Evolent Health, Inc Class A Common Stock",NYSE
ZURA,4.82,1747886.0,10223669.0,7520948.0,6.85,-16.55,7.69,False,PRICE|AVG_DOLLAR_VOLUME|MEDIAN_DOLLAR_VOLUME,Zura Bio Limited - Class A Ordinary shares,NASDAQ
LYTS,20.36,506717.0,10213254.0,8369194.0,4.0,-15.41,5.41,False,SHARE_VOLUME|AVG_DOLLAR_VOLUME|MEDIAN_DOLLAR_VOLUME,LSI Industries Inc. - Common Stock,NASDAQ
XXI,5.32,1704752.0,10163091.0,9328010.0,5.79,9.92,14.67,False,AVG_DOLLAR_VOLUME|MEDIAN_DOLLAR_VOLUME,"Twenty One Capital, Inc. Class A Common Stock",NYSE
HFWA,28.47,353309.0,10147308.0,9323960.0,1.51,-3.34,2.35,False,SHARE_VOLUME|AVG_DOLLAR_VOLUME|MEDIAN_DOLLAR_VOLUME|LOW_DAILY_RANGE,Heritage Financial Corporation - Common Stock,NASDAQ
CWH,5.8,1583528.0,10116615.0,10624959.0,4.84,-7.94,7.94,False,AVG_DOLLAR_VOLUME|MEDIAN_DOLLAR_VOLUME,"Camping World Holdings, Inc. Class A Common Stock",NYSE
OBE,12.27,829531.0,10086661.0,8346964.0,4.89,5.68,8.43,False,SHARE_VOLUME|AVG_DOLLAR_VOLUME|MEDIAN_DOLLAR_VOLUME,Obsidian Energy Ltd. Common Shares,NYSE American
DFIN,48.7,207752.0,10080740.0,9399656.0,2.89,0.66,4.13,False,SHARE_VOLUME|AVG_DOLLAR_VOLUME|MEDIAN_DOLLAR_VOLUME,"Donnelley Financial Solutions, Inc. Common Stock ",NYSE
MGTX,12.93,721426.0,10054096.0,9537069.0,4.29,-6.95,7.78,False,SHARE_VOLUME|AVG_DOLLAR_VOLUME|MEDIAN_DOLLAR_VOLUME,MeiraGTx Holdings plc - Ordinary Shares,NASDAQ
CIM,11.01,884183.0,10052583.0,8412421.0,1.57,-6.18,1.62,False,SHARE_VOLUME|AVG_DOLLAR_VOLUME|MEDIAN_DOLLAR_VOLUME|LOW_DAILY_RANGE,Chimera Investment Corporation Common Stock,NYSE
TMP,98.61,102558.0,10039273.0,9254887.0,1.96,-1.64,2.1,False,SHARE_VOLUME|AVG_DOLLAR_VOLUME|MEDIAN_DOLLAR_VOLUME|LOW_DAILY_RANGE,Tompkins Financial Corporation Common Stock,NYSE American
DLX,23.79,422042.0,10002515.0,8842022.0,2.25,2.02,4.16,False,SHARE_VOLUME|AVG_DOLLAR_VOLUME|MEDIAN_DOLLAR_VOLUME,Deluxe Corporation Common Stock,NYSE
ALX,249.35,38054.0,9999603.0,9950486.0,2.17,-6.99,1.98,False,SHARE_VOLUME|AVG_DOLLAR_VOLUME|MEDIAN_DOLLAR_VOLUME,"Alexander's, Inc. Common Stock",NYSE
CNOB,31.88,313785.0,9993241.0,9574858.0,1.72,-2.83,2.89,False,SHARE_VOLUME|AVG_DOLLAR_VOLUME|MEDIAN_DOLLAR_VOLUME|LOW_DAILY_RANGE,"ConnectOne Bancorp, Inc. - Common Stock",NASDAQ
NPKI,12.96,748826.0,9982307.0,9428898.0,2.94,-7.49,2.81,False,SHARE_VOLUME|AVG_DOLLAR_VOLUME|MEDIAN_DOLLAR_VOLUME,NPK International Inc. Common Stock,NYSE
OSBC,25.33,393254.0,9977208.0,10009176.0,1.62,-1.29,1.79,False,SHARE_VOLUME|AVG_DOLLAR_VOLUME|MEDIAN_DOLLAR_VOLUME|LOW_DAILY_RANGE,"Old Second Bancorp, Inc. - Common Stock",NASDAQ
BSAC,34.55,282657.0,9973836.0,8443676.0,2.11,0.32,2.67,False,SHARE_VOLUME|AVG_DOLLAR_VOLUME|MEDIAN_DOLLAR_VOLUME,Banco Santander - Chile ADS,NYSE
SMTI,35.13,286381.0,9937508.0,8795196.0,0.73,2.82,0.92,False,SHARE_VOLUME|AVG_DOLLAR_VOLUME|MEDIAN_DOLLAR_VOLUME|LOW_DAILY_RANGE,Sanara MedTech Inc. - Common Stock,NASDAQ
SSM,1.74,2283729.0,9934109.0,205650.0,16.72,-32.03,77.43,False,PRICE|AVG_DOLLAR_VOLUME|MEDIAN_DOLLAR_VOLUME,Sono Group N.V. - Ordinary Shares,NASDAQ
CMP,24.08,397086.0,9924366.0,9870476.0,3.44,-2.59,6.59,False,SHARE_VOLUME|AVG_DOLLAR_VOLUME|MEDIAN_DOLLAR_VOLUME,Compass Minerals Intl Inc Common Stock,NYSE
ZVRA,11.68,821727.0,9901384.0,9745164.0,3.5,0.95,12.82,False,SHARE_VOLUME|AVG_DOLLAR_VOLUME|MEDIAN_DOLLAR_VOLUME,"Zevra Therapeutics, Inc.  - Common Stock",NASDAQ
DCOM,40.98,244567.0,9898018.0,10106215.0,1.67,0.86,2.41,False,SHARE_VOLUME|AVG_DOLLAR_VOLUME|MEDIAN_DOLLAR_VOLUME|LOW_DAILY_RANGE,"Dime Commercial Bancshares, Inc. Common Stock",NYSE
AAUC,21.21,426849.0,9884984.0,9378138.0,3.54,1.05,10.72,False,SHARE_VOLUME|AVG_DOLLAR_VOLUME|MEDIAN_DOLLAR_VOLUME,Allied Gold Corporation Common Shares,NYSE
ALLO,1.74,5051331.0,9876804.0,9580132.0,5.24,-14.53,9.85,False,PRICE|AVG_DOLLAR_VOLUME|MEDIAN_DOLLAR_VOLUME,"Allogene Therapeutics, Inc. - Common Stock",NASDAQ
SXC,9.65,991864.0,9838603.0,9394161.0,3.44,5.58,8.46,False,SHARE_VOLUME|AVG_DOLLAR_VOLUME|MEDIAN_DOLLAR_VOLUME,"SunCoke Energy, Inc. Common Stock",NYSE
MCB,90.5,107753.0,9826783.0,9047311.0,1.88,-2.25,2.19,False,SHARE_VOLUME|AVG_DOLLAR_VOLUME|MEDIAN_DOLLAR_VOLUME|LOW_DAILY_RANGE,Metropolitan Bank Holding Corp. Common Stock,NYSE
DSGN,12.62,666530.0,9820686.0,10063888.0,4.86,-17.32,4.39,False,SHARE_VOLUME|AVG_DOLLAR_VOLUME|MEDIAN_DOLLAR_VOLUME,"Design Therapeutics, Inc. - Common Stock",NASDAQ
AAT,21.89,444111.0,9796590.0,10511953.0,1.5,-1.67,1.77,False,SHARE_VOLUME|AVG_DOLLAR_VOLUME|MEDIAN_DOLLAR_VOLUME|LOW_DAILY_RANGE,"American Assets Trust, Inc. Common Stock",NYSE
CTS,57.81,171504.0,9775766.0,9252172.0,2.5,-3.59,2.75,False,SHARE_VOLUME|AVG_DOLLAR_VOLUME|MEDIAN_DOLLAR_VOLUME,CTS Corporation Common Stock,NYSE
DPRO,5.28,1745881.0,9748999.0,4964733.0,6.35,18.5,21.39,False,AVG_DOLLAR_VOLUME|MEDIAN_DOLLAR_VOLUME,Draganfly Inc. - Common Shares,NASDAQ
RBCAA,95.61,102092.0,9744019.0,9238474.0,2.09,-0.48,1.73,False,SHARE_VOLUME|AVG_DOLLAR_VOLUME|MEDIAN_DOLLAR_VOLUME,"Republic Bancorp, Inc. - Class A Common Stock",NASDAQ
AMSF,24.82,386730.0,9740504.0,9988025.0,2.27,-4.86,2.14,False,SHARE_VOLUME|AVG_DOLLAR_VOLUME|MEDIAN_DOLLAR_VOLUME,"AMERISAFE, Inc. - Common Stock",NASDAQ
PRME,3.08,2813542.0,9736892.0,8666808.0,6.83,0.82,16.07,False,PRICE|AVG_DOLLAR_VOLUME|MEDIAN_DOLLAR_VOLUME,"Prime Medicine, Inc. - Common Stock",NASDAQ
MGN,0.12,10523655.0,9721050.0,275320.0,32.19,-95.74,3754.13,False,PRICE|AVG_DOLLAR_VOLUME|MEDIAN_DOLLAR_VOLUME,Megan Holdings Limited - Class A Ordinary Shares,NASDAQ
EVLV,5.03,1881779.0,9720493.0,9449914.0,3.36,-7.44,4.24,False,AVG_DOLLAR_VOLUME|MEDIAN_DOLLAR_VOLUME,"Evolv Technologies Holdings, Inc. - Class A Common Stock",NASDAQ
BOBS,14.95,580796.0,9707438.0,9521003.0,5.29,-18.71,7.36,False,SHARE_VOLUME|AVG_DOLLAR_VOLUME|MEDIAN_DOLLAR_VOLUME,"Bob's Discount Furniture, Inc. Common Stock",NYSE
ROOT,52.33,175218.0,9696609.0,9267731.0,4.15,0.08,7.97,False,SHARE_VOLUME|AVG_DOLLAR_VOLUME|MEDIAN_DOLLAR_VOLUME,"Root, Inc. - Common Stock",NASDAQ
EDRY,68.2,171141.0,9687780.0,8660275.0,9.49,64.36,16.43,False,SHARE_VOLUME|AVG_DOLLAR_VOLUME|MEDIAN_DOLLAR_VOLUME,EuroDry Ltd. - Common Shares,NASDAQ
PAYS,11.71,735432.0,9648937.0,9723833.0,5.37,-13.39,29.3,False,SHARE_VOLUME|AVG_DOLLAR_VOLUME|MEDIAN_DOLLAR_VOLUME,"Paysign, Inc. - Common Stock",NASDAQ
HELE,27.44,339462.0,9606734.0,8200073.0,4.19,-4.51,5.56,False,SHARE_VOLUME|AVG_DOLLAR_VOLUME|MEDIAN_DOLLAR_VOLUME,Helen of Troy Limited - Common Stock,NASDAQ
OLMA,9.72,908811.0,9601388.0,8512209.0,4.88,-8.73,6.2,False,SHARE_VOLUME|AVG_DOLLAR_VOLUME|MEDIAN_DOLLAR_VOLUME,"Olema Pharmaceuticals, Inc. - Common Stock",NASDAQ
BBUC,26.0,351258.0,9580888.0,9437542.0,2.44,-8.15,2.6,False,SHARE_VOLUME|AVG_DOLLAR_VOLUME|MEDIAN_DOLLAR_VOLUME,Brookfield Business Corporation Class A Subordinate Voting Shares,NYSE
THRM,38.46,240280.0,9515540.0,9240893.0,3.01,-8.73,4.01,False,SHARE_VOLUME|AVG_DOLLAR_VOLUME|MEDIAN_DOLLAR_VOLUME,Gentherm Inc - Common Stock,NASDAQ
SLNH,1.13,8091716.0,9506518.0,8921615.0,7.11,-3.33,11.11,False,PRICE|AVG_DOLLAR_VOLUME|MEDIAN_DOLLAR_VOLUME,"Soluna Holdings, Inc. - Common Stock",NASDAQ
WLFC,55.55,172671.0,9502625.0,8854419.0,3.45,-3.32,4.57,False,SHARE_VOLUME|AVG_DOLLAR_VOLUME|MEDIAN_DOLLAR_VOLUME,Willis Lease Finance Corporation - Common Stock,NASDAQ
NCRA,2.02,3430463.0,9490926.0,226056.0,11.08,-3.81,49.74,False,PRICE|AVG_DOLLAR_VOLUME|MEDIAN_DOLLAR_VOLUME,"Nocera, Inc. - common stock",NASDAQ
CDRE,26.95,314329.0,9455889.0,7814464.0,4.05,-19.42,12.86,False,SHARE_VOLUME|AVG_DOLLAR_VOLUME|MEDIAN_DOLLAR_VOLUME,"Cadre Holdings, Inc. Common Stock",NYSE
FLYE,1.72,4288548.0,9443707.0,23439.0,13.06,2.99,61.76,False,PRICE|AVG_DOLLAR_VOLUME|MEDIAN_DOLLAR_VOLUME,"Fly-E Group, Inc. - Common Stock",NASDAQ
NX,21.26,449464.0,9442491.0,5722564.0,4.34,6.65,22.23,False,SHARE_VOLUME|AVG_DOLLAR_VOLUME|MEDIAN_DOLLAR_VOLUME,Quanex Building Products Corporation Common Stock,NYSE
HNRG,14.71,591760.0,9426546.0,8740884.0,4.29,-6.84,7.59,False,SHARE_VOLUME|AVG_DOLLAR_VOLUME|MEDIAN_DOLLAR_VOLUME,Hallador Energy Company - Common Stock,NASDAQ
RES,6.07,1477649.0,9411119.0,9555302.0,3.08,-4.03,5.49,False,AVG_DOLLAR_VOLUME|MEDIAN_DOLLAR_VOLUME,"RPC, Inc. Common Stock",NYSE
UHAL,63.78,139595.0,9389034.0,9242732.0,2.26,-11.85,1.58,False,SHARE_VOLUME|AVG_DOLLAR_VOLUME|MEDIAN_DOLLAR_VOLUME,U-Haul Holding Company Common Stock,NYSE
PBAM,91.1,103872.0,9379913.0,5291739.0,1.32,4.32,1.52,False,SHARE_VOLUME|AVG_DOLLAR_VOLUME|MEDIAN_DOLLAR_VOLUME|LOW_DAILY_RANGE,"Private Bancorp of America, Inc. - Common Stock",NASDAQ
PHAT,7.98,1056204.0,9337459.0,8914027.0,5.36,-13.73,7.76,False,AVG_DOLLAR_VOLUME|MEDIAN_DOLLAR_VOLUME,"Phathom Pharmaceuticals, Inc. - Common Stock",NASDAQ
ALMR,29.8,298218.0,9329039.0,9071945.0,6.38,-9.59,30.65,False,SHARE_VOLUME|AVG_DOLLAR_VOLUME|MEDIAN_DOLLAR_VOLUME,"Alamar Biosciences, Inc. - Class A common stock",NASDAQ
NABL,3.94,2411723.0,9325980.0,9118335.0,5.67,15.69,13.58,False,PRICE|AVG_DOLLAR_VOLUME|MEDIAN_DOLLAR_VOLUME,"N-able, Inc. Common Stock",NYSE
MNTN,11.76,734560.0,9312756.0,9423669.0,4.55,-5.96,5.97,False,SHARE_VOLUME|AVG_DOLLAR_VOLUME|MEDIAN_DOLLAR_VOLUME,"MNTN, Inc. Class A Common Stock",NYSE
CNXN,87.86,114385.0,9312340.0,9845001.0,2.65,11.41,3.84,False,SHARE_VOLUME|AVG_DOLLAR_VOLUME|MEDIAN_DOLLAR_VOLUME,"PC Connection, Inc. - Common Stock",NASDAQ
PRSU,48.82,190242.0,9241546.0,8538401.0,2.52,1.58,2.72,False,SHARE_VOLUME|AVG_DOLLAR_VOLUME|MEDIAN_DOLLAR_VOLUME,"Pursuit Attractions and Hospitality, Inc. Common Stock",NYSE
MEC,17.49,457984.0,9222460.0,8682882.0,5.18,-24.87,3.91,False,SHARE_VOLUME|AVG_DOLLAR_VOLUME|MEDIAN_DOLLAR_VOLUME,"Mayville Engineering Company, Inc. Common Stock",NYSE
STGW,8.51,1057855.0,9217557.0,8781760.0,2.97,-3.9,3.05,False,AVG_DOLLAR_VOLUME|MEDIAN_DOLLAR_VOLUME,Stagwell Inc. - Class A Common Stock,NASDAQ
GMRS,13.09,695102.0,9204963.0,7176005.0,5.58,-7.24,8.55,False,SHARE_VOLUME|AVG_DOLLAR_VOLUME|MEDIAN_DOLLAR_VOLUME,GMR Solutions Inc. Class A Common Stock,NYSE
CHT,45.51,208710.0,9171812.0,8416007.0,0.99,6.07,0.96,False,SHARE_VOLUME|AVG_DOLLAR_VOLUME|MEDIAN_DOLLAR_VOLUME|LOW_DAILY_RANGE,"Chunghwa Telecom Co., Ltd.",NYSE
PUBM,16.81,551838.0,9168833.0,8423302.0,3.63,-3.17,31.9,False,SHARE_VOLUME|AVG_DOLLAR_VOLUME|MEDIAN_DOLLAR_VOLUME,"PubMatic, Inc. - Class A Common Stock",NASDAQ
PEBO,39.95,230739.0,9164946.0,8564146.0,1.4,-2.54,1.05,False,SHARE_VOLUME|AVG_DOLLAR_VOLUME|MEDIAN_DOLLAR_VOLUME|LOW_DAILY_RANGE,Peoples Bancorp Inc. - Common Stock,NASDAQ
BV,11.08,819075.0,9158593.0,8970700.0,2.86,-3.65,4.66,False,SHARE_VOLUME|AVG_DOLLAR_VOLUME|MEDIAN_DOLLAR_VOLUME,"BrightView Holdings, Inc. Common Stock",NYSE
SABR,2.31,4231694.0,9152765.0,6950340.0,5.88,9.48,10.53,False,PRICE|AVG_DOLLAR_VOLUME|MEDIAN_DOLLAR_VOLUME,Sabre Corporation - Common Stock,NASDAQ
PAHC,35.92,248729.0,9148167.0,8020089.0,4.05,3.99,4.37,False,SHARE_VOLUME|AVG_DOLLAR_VOLUME|MEDIAN_DOLLAR_VOLUME,Phibro Animal Health Corporation - Class A Common Stock,NASDAQ
PSO,15.97,566331.0,9117200.0,7416893.0,1.32,0.0,2.68,False,SHARE_VOLUME|AVG_DOLLAR_VOLUME|MEDIAN_DOLLAR_VOLUME|LOW_DAILY_RANGE,"Pearson, Plc Common Stock",NYSE
ZTG,1.3,8371018.0,9114227.0,318048.0,29.82,-32.98,93.18,False,PRICE|AVG_DOLLAR_VOLUME|MEDIAN_DOLLAR_VOLUME,Zenta Group Company Limited - Class A Ordinary Shares,NASDAQ
SGLY,1.19,2917745.0,9084050.0,931808.0,17.48,-65.9,24.45,False,PRICE|AVG_DOLLAR_VOLUME|MEDIAN_DOLLAR_VOLUME,Singularity Future Technology Ltd. - Common Stock,NASDAQ
WS,33.67,263548.0,9038282.0,9004278.0,4.33,-8.11,5.91,False,SHARE_VOLUME|AVG_DOLLAR_VOLUME|MEDIAN_DOLLAR_VOLUME,"Worthington Steel, Inc. Common Shares",NYSE
ASTE,41.24,212068.0,9036521.0,8549137.0,3.24,-0.37,4.29,False,SHARE_VOLUME|AVG_DOLLAR_VOLUME|MEDIAN_DOLLAR_VOLUME,"Astec Industries, Inc. - Common Stock",NASDAQ
GFR,6.64,1416429.0,9013485.0,7175227.0,3.68,3.83,9.91,False,AVG_DOLLAR_VOLUME|MEDIAN_DOLLAR_VOLUME,Greenfire Resources Ltd. Common Shares,NYSE
PLGO,24.44,368808.0,9002648.0,8589377.0,1.9,4.22,4.79,False,SHARE_VOLUME|AVG_DOLLAR_VOLUME|MEDIAN_DOLLAR_VOLUME|LOW_DAILY_RANGE,Pelagos Insurance Capital Limited Common Shares,NYSE
EVC,8.15,1093204.0,8996039.0,8990018.0,4.52,-3.21,4.91,False,AVG_DOLLAR_VOLUME|MEDIAN_DOLLAR_VOLUME,Entravision Communications Corporation Common Stock,NYSE
QCLS,0.86,10390266.0,8969145.0,463408.0,27.46,-67.94,95.53,False,PRICE|AVG_DOLLAR_VOLUME|MEDIAN_DOLLAR_VOLUME,"Q/C Technologies, Inc. - Common Stock",NASDAQ
MSS,1.61,5107005.0,8960711.0,372435.0,14.14,2.23,18.47,False,PRICE|AVG_DOLLAR_VOLUME|MEDIAN_DOLLAR_VOLUME,Maison Solutions Inc. - Class A Common Stock,NASDAQ
SES,0.58,16194348.0,8953678.0,5056912.0,7.12,9.62,15.85,False,PRICE|AVG_DOLLAR_VOLUME|MEDIAN_DOLLAR_VOLUME,SES AI Corporation Class A Common Stock,NYSE
ONT,18.03,534526.0,8942360.0,8394684.0,5.35,12.06,9.41,False,SHARE_VOLUME|AVG_DOLLAR_VOLUME|MEDIAN_DOLLAR_VOLUME,"Onterris, Inc. Common Stock",NYSE
SWBI,13.14,678075.0,8929290.0,7921969.0,3.34,-7.27,5.05,False,SHARE_VOLUME|AVG_DOLLAR_VOLUME|MEDIAN_DOLLAR_VOLUME,"Smith & Wesson Brands, Inc. - Common Stock",NASDAQ
ARHS,7.42,1022442.0,8919494.0,7948392.0,4.81,-26.02,17.62,False,AVG_DOLLAR_VOLUME|MEDIAN_DOLLAR_VOLUME,"Arhaus, Inc. - Class A Common Stock",NASDAQ
MBIN,53.02,168276.0,8913248.0,8046686.0,2.71,-2.33,1.58,False,SHARE_VOLUME|AVG_DOLLAR_VOLUME|MEDIAN_DOLLAR_VOLUME,Merchants Bancorp - Common Stock,NASDAQ
BLX,54.33,163141.0,8912171.0,7762731.0,1.86,-0.59,2.19,False,SHARE_VOLUME|AVG_DOLLAR_VOLUME|MEDIAN_DOLLAR_VOLUME|LOW_DAILY_RANGE,"Bladex, Inc. Class E Common Stock",NYSE
ODC,87.64,99653.0,8894905.0,8615701.0,2.7,-3.97,2.93,False,SHARE_VOLUME|AVG_DOLLAR_VOLUME|MEDIAN_DOLLAR_VOLUME,Oil-Dri Corporation Of America Common Stock,NYSE
DRTS,15.02,612615.0,8885481.0,6780180.0,4.23,5.33,4.93,False,SHARE_VOLUME|AVG_DOLLAR_VOLUME|MEDIAN_DOLLAR_VOLUME,Alpha Tau Medical Ltd. - Ordinary Shares,NASDAQ
JBGS,11.31,747369.0,8874053.0,8734442.0,2.99,-1.05,6.56,False,SHARE_VOLUME|AVG_DOLLAR_VOLUME|MEDIAN_DOLLAR_VOLUME,JBG SMITH Properties Common Shares ,NYSE
NTB,59.33,148808.0,8868459.0,8635699.0,1.72,-3.54,2.33,False,SHARE_VOLUME|AVG_DOLLAR_VOLUME|MEDIAN_DOLLAR_VOLUME|LOW_DAILY_RANGE,Bank of N.T. Butterfield & Son Limited (The) Voting Ordinary Shares,NYSE
FNGD,27.19,326580.0,8868302.0,7989728.0,3.45,-4.61,4.01,False,SHARE_VOLUME|AVG_DOLLAR_VOLUME|MEDIAN_DOLLAR_VOLUME,"MicroSectors FANG  Index -3X Inverse Leveraged ETNs due January 8, 2038",NYSE Arca
HTH,39.25,229561.0,8867238.0,8902202.0,1.54,0.65,2.04,False,SHARE_VOLUME|AVG_DOLLAR_VOLUME|MEDIAN_DOLLAR_VOLUME|LOW_DAILY_RANGE,Hilltop Holdings Inc.,NYSE
LADR,9.56,900391.0,8813897.0,8717909.0,1.59,-3.53,3.01,False,SHARE_VOLUME|AVG_DOLLAR_VOLUME|MEDIAN_DOLLAR_VOLUME|LOW_DAILY_RANGE,Ladder Capital Corp Class A Common Stock,NYSE
SION,7.09,1340364.0,8797241.0,9195610.0,8.56,19.36,22.55,False,AVG_DOLLAR_VOLUME|MEDIAN_DOLLAR_VOLUME,"Sionna Therapeutics, Inc. - Common Stock",NASDAQ
JBI,4.46,1810705.0,8770759.0,8131509.0,3.76,-13.06,4.27,False,PRICE|AVG_DOLLAR_VOLUME|MEDIAN_DOLLAR_VOLUME,"Janus International Group, Inc. Common Stock",NYSE
JACK,13.49,553102.0,8731553.0,8623631.0,5.43,-19.37,6.66,False,SHARE_VOLUME|AVG_DOLLAR_VOLUME|MEDIAN_DOLLAR_VOLUME,Jack In The Box Inc. - Common Stock,NASDAQ
IRMD,83.2,102886.0,8729990.0,7557662.0,2.39,-4.97,1.41,False,SHARE_VOLUME|AVG_DOLLAR_VOLUME|MEDIAN_DOLLAR_VOLUME,iRadimed Corporation - Common Stock,NASDAQ
CSAN,2.79,3104893.0,8729849.0,8769930.0,4.8,16.04,8.27,False,PRICE|AVG_DOLLAR_VOLUME|MEDIAN_DOLLAR_VOLUME,Cosan S.A. ADS,NYSE
AMPH,24.21,380765.0,8713720.0,8544564.0,2.95,13.45,4.9,False,SHARE_VOLUME|AVG_DOLLAR_VOLUME|MEDIAN_DOLLAR_VOLUME,"Amphastar Pharmaceuticals, Inc. - Common Stock",NASDAQ
BRNX,2.49,2523646.0,8674910.0,6814194.0,28.52,-6.04,33.01,False,PRICE|AVG_DOLLAR_VOLUME|MEDIAN_DOLLAR_VOLUME,BrenX Ltd. - Ordinary Shares,NASDAQ
FAMI,0.13,61231656.0,8668964.0,794658.0,25.75,33.2,25.0,False,PRICE|AVG_DOLLAR_VOLUME|MEDIAN_DOLLAR_VOLUME,"Farmmi, Inc. - Class A Ordinary Shares",NASDAQ
NVGS,24.86,379931.0,8631208.0,7848394.0,2.6,16.77,4.64,False,SHARE_VOLUME|AVG_DOLLAR_VOLUME|MEDIAN_DOLLAR_VOLUME,Navigator Holdings Ltd. Ordinary Shares (Marshall Islands),NYSE
SLDB,8.52,905182.0,8526698.0,7848326.0,4.97,-6.22,7.97,False,SHARE_VOLUME|AVG_DOLLAR_VOLUME|MEDIAN_DOLLAR_VOLUME,Solid Biosciences Inc. - Common Stock,NASDAQ
PDS,88.04,94915.0,8520222.0,7613260.0,3.28,-0.32,7.45,False,SHARE_VOLUME|AVG_DOLLAR_VOLUME|MEDIAN_DOLLAR_VOLUME,Precision Drilling Corporation Common Stock,NYSE
ABAT,2.14,3328507.0,8496310.0,8503200.0,6.13,-8.72,10.3,False,PRICE|AVG_DOLLAR_VOLUME|MEDIAN_DOLLAR_VOLUME,American Battery Technology Company - Common Stock,NASDAQ
AD,37.98,228520.0,8493325.0,8185753.0,2.38,8.36,2.82,False,SHARE_VOLUME|AVG_DOLLAR_VOLUME|MEDIAN_DOLLAR_VOLUME,"Array Digital Infrastructure, Inc. Common Shares",NYSE
UVSP,42.92,201551.0,8480229.0,8160042.0,1.53,-0.08,1.29,False,SHARE_VOLUME|AVG_DOLLAR_VOLUME|MEDIAN_DOLLAR_VOLUME|LOW_DAILY_RANGE,Univest Financial Corporation - Common Stock,NASDAQ
OFAL,0.54,9565412.0,8469735.0,410669.0,12.63,-48.09,90.74,False,PRICE|AVG_DOLLAR_VOLUME|MEDIAN_DOLLAR_VOLUME,OFA Group - Class A Ordinary Shares,NASDAQ
HBNC,19.79,430916.0,8462423.0,8515230.0,1.69,-2.42,2.08,False,SHARE_VOLUME|AVG_DOLLAR_VOLUME|MEDIAN_DOLLAR_VOLUME|LOW_DAILY_RANGE,"Horizon Bancorp, Inc. - Common Stock",NASDAQ
IPI,38.8,215315.0,8459610.0,7200786.0,4.47,6.55,8.32,False,SHARE_VOLUME|AVG_DOLLAR_VOLUME|MEDIAN_DOLLAR_VOLUME,"Intrepid Potash, Inc Common Stock",NYSE
GEF-B,108.42,78406.0,8440814.0,7938878.0,2.51,-2.34,2.6,False,SHARE_VOLUME|AVG_DOLLAR_VOLUME|MEDIAN_DOLLAR_VOLUME,"Greif, Inc. Corporation Class B Common Stock",NYSE
GCO,34.36,246118.0,8420196.0,8473019.0,4.15,-1.32,5.43,False,SHARE_VOLUME|AVG_DOLLAR_VOLUME|MEDIAN_DOLLAR_VOLUME,Genesco Inc. Common Stock,NYSE
NGNE,33.97,220892.0,8415743.0,6888434.0,6.33,-4.77,10.54,False,SHARE_VOLUME|AVG_DOLLAR_VOLUME|MEDIAN_DOLLAR_VOLUME,Neurogene Inc. - Common Stock,NASDAQ
NXH,3.38,2198435.0,8401559.0,9105389.0,5.25,-20.66,4.96,False,PRICE|AVG_DOLLAR_VOLUME|MEDIAN_DOLLAR_VOLUME,"Neighborhood Intelligence, Inc.  - Common Stock",NASDAQ
XPEL,46.4,170016.0,8400198.0,8553222.0,2.74,-6.71,9.54,False,SHARE_VOLUME|AVG_DOLLAR_VOLUME|MEDIAN_DOLLAR_VOLUME,"XPEL, Inc. - Common Stock",NASDAQ
CYRX,16.64,519063.0,8383105.0,7487396.0,4.05,10.24,8.08,False,SHARE_VOLUME|AVG_DOLLAR_VOLUME|MEDIAN_DOLLAR_VOLUME,"CryoPort, Inc. - Common Stock",NASDAQ
AKBA,0.9,8967735.0,8378624.0,8322643.0,6.39,5.95,6.33,False,PRICE|AVG_DOLLAR_VOLUME|MEDIAN_DOLLAR_VOLUME,"Akebia Therapeutics, Inc. - Common Stock",NASDAQ
CLPT,13.38,565574.0,8358369.0,7758079.0,4.99,-11.86,11.8,False,SHARE_VOLUME|AVG_DOLLAR_VOLUME|MEDIAN_DOLLAR_VOLUME,ClearPoint Neuro Inc. - Common Stock,NASDAQ
AVO,12.62,644045.0,8330701.0,6529708.0,3.18,-3.44,5.1,False,SHARE_VOLUME|AVG_DOLLAR_VOLUME|MEDIAN_DOLLAR_VOLUME,"Mission Produce, Inc. - Common Stock",NASDAQ
KRUS,35.47,192499.0,8317710.0,7544397.0,4.65,-29.25,6.13,False,SHARE_VOLUME|AVG_DOLLAR_VOLUME|MEDIAN_DOLLAR_VOLUME,"Kura Sushi USA, Inc. - Class A Common Stock",NASDAQ
VTS,17.75,479022.0,8315407.0,8369646.0,2.42,10.52,2.53,False,SHARE_VOLUME|AVG_DOLLAR_VOLUME|MEDIAN_DOLLAR_VOLUME,"Vitesse Energy, Inc. Common Stock",NYSE
IMKTA,82.99,100077.0,8313924.0,8429495.0,2.19,-3.25,1.61,False,SHARE_VOLUME|AVG_DOLLAR_VOLUME|MEDIAN_DOLLAR_VOLUME,"Ingles Markets, Incorporated - Class A Common Stock",NASDAQ
UFCS,54.52,153012.0,8300176.0,7785986.0,2.59,2.0,2.28,False,SHARE_VOLUME|AVG_DOLLAR_VOLUME|MEDIAN_DOLLAR_VOLUME,"United Fire Group, Inc - Common Stock",NASDAQ
CTOS,9.19,896982.0,8290993.0,7665637.0,3.21,-7.59,2.8,False,SHARE_VOLUME|AVG_DOLLAR_VOLUME|MEDIAN_DOLLAR_VOLUME,"Custom Truck One Source, Inc. Common Stock",NYSE
SKYQ,2.94,2689701.0,8246704.0,2522239.0,9.48,5.56,19.48,False,PRICE|AVG_DOLLAR_VOLUME|MEDIAN_DOLLAR_VOLUME,Sky Quarry Inc. - Common Stock,NASDAQ
PACB,1.38,6010944.0,8236451.0,7228272.0,6.95,20.61,18.75,False,PRICE|AVG_DOLLAR_VOLUME|MEDIAN_DOLLAR_VOLUME,"Pacific Biosciences of California, Inc. - Common Stock",NASDAQ
FWRD,15.47,482774.0,8228209.0,7090088.0,4.69,-19.37,15.51,False,SHARE_VOLUME|AVG_DOLLAR_VOLUME|MEDIAN_DOLLAR_VOLUME,Forward Air Corporation - Common Stock,NASDAQ
PHR,10.27,726576.0,8213543.0,7569064.0,3.58,-10.18,9.54,False,SHARE_VOLUME|AVG_DOLLAR_VOLUME|MEDIAN_DOLLAR_VOLUME,"Phreesia, Inc. Common Stock",NYSE
TRST,58.23,143467.0,8209253.0,8178465.0,1.89,2.26,2.41,False,SHARE_VOLUME|AVG_DOLLAR_VOLUME|MEDIAN_DOLLAR_VOLUME|LOW_DAILY_RANGE,TrustCo Bank Corp NY - Common Stock,NASDAQ
DFH,12.32,607350.0,8202504.0,7784338.0,4.86,-13.79,7.2,False,SHARE_VOLUME|AVG_DOLLAR_VOLUME|MEDIAN_DOLLAR_VOLUME,"Dream Finders Homes, Inc. Class A Common Stock",NYSE
APOG,37.75,208389.0,8199906.0,8006576.0,2.77,-8.48,4.66,False,SHARE_VOLUME|AVG_DOLLAR_VOLUME|MEDIAN_DOLLAR_VOLUME,"Apogee Enterprises, Inc. - Common Stock",NASDAQ
EOLS,7.97,940848.0,8177910.0,7648295.0,4.22,-2.57,19.9,False,SHARE_VOLUME|AVG_DOLLAR_VOLUME|MEDIAN_DOLLAR_VOLUME,"Evolus, Inc. - Common Stock",NASDAQ
ECAT,13.99,555963.0,8164656.0,6851606.0,1.57,-6.28,1.73,False,SHARE_VOLUME|AVG_DOLLAR_VOLUME|MEDIAN_DOLLAR_VOLUME|LOW_DAILY_RANGE,BlackRock ESG Capital Allocation Term Trust Common Shares of Beneficial Interest,NYSE
WABC,60.43,138739.0,8155539.0,7378497.0,1.92,2.09,1.46,False,SHARE_VOLUME|AVG_DOLLAR_VOLUME|MEDIAN_DOLLAR_VOLUME|LOW_DAILY_RANGE,Westamerica Bancorporation - Common Stock,NASDAQ
EDIT,2.71,2670246.0,8142599.0,6605355.0,6.95,-5.73,12.85,False,PRICE|AVG_DOLLAR_VOLUME|MEDIAN_DOLLAR_VOLUME,"Editas Medicine, Inc. - Common Stock",NASDAQ
DIN,27.6,259757.0,8131017.0,7673430.0,3.96,-21.05,4.22,False,SHARE_VOLUME|AVG_DOLLAR_VOLUME|MEDIAN_DOLLAR_VOLUME,"Dine Brands Global, Inc. Common Stock",NYSE
SRCE,86.94,94210.0,8128535.0,7433302.0,1.55,-0.89,1.38,False,SHARE_VOLUME|AVG_DOLLAR_VOLUME|MEDIAN_DOLLAR_VOLUME|LOW_DAILY_RANGE,1st Source Corporation - Common Stock,NASDAQ
TLK,14.74,544607.0,8107137.0,7589061.0,1.32,0.92,2.14,False,SHARE_VOLUME|AVG_DOLLAR_VOLUME|MEDIAN_DOLLAR_VOLUME|LOW_DAILY_RANGE,"PT Telekomunikasi Indonesia, Tbk",NYSE
IIIV,14.71,511488.0,8106683.0,6145460.0,4.06,-8.86,5.0,False,SHARE_VOLUME|AVG_DOLLAR_VOLUME|MEDIAN_DOLLAR_VOLUME,"i3 Verticals, Inc. - Common Stock",NASDAQ
OCGN,0.99,7017143.0,8105833.0,5174727.0,6.05,-25.96,10.45,False,PRICE|AVG_DOLLAR_VOLUME|MEDIAN_DOLLAR_VOLUME,"Ocugen, Inc. - Common Stock",NASDAQ
OBK,54.26,151299.0,8096454.0,7842592.0,1.63,1.3,2.11,False,SHARE_VOLUME|AVG_DOLLAR_VOLUME|MEDIAN_DOLLAR_VOLUME|LOW_DAILY_RANGE,"Origin Bancorp, Inc. Common Stock",NYSE
THFF,77.32,103174.0,8093075.0,8120920.0,2.23,-5.38,1.69,False,SHARE_VOLUME|AVG_DOLLAR_VOLUME|MEDIAN_DOLLAR_VOLUME,First Financial Corporation  - Common Stock,NASDAQ
CLVT,1.9,4038730.0,8087759.0,8664365.0,5.7,0.53,7.94,False,PRICE|AVG_DOLLAR_VOLUME|MEDIAN_DOLLAR_VOLUME,Clarivate Plc Ordinary Shares,NYSE
STVN,22.1,374409.0,8085814.0,6472177.0,3.83,4.25,3.51,False,SHARE_VOLUME|AVG_DOLLAR_VOLUME|MEDIAN_DOLLAR_VOLUME,Stevanato Group S.p.A. Ordinary Shares,NYSE
WNC,11.98,620004.0,8062851.0,7496213.0,4.76,-0.46,11.35,False,SHARE_VOLUME|AVG_DOLLAR_VOLUME|MEDIAN_DOLLAR_VOLUME,Wabash National Corporation Common Stock,NYSE
GDYN,8.09,1010939.0,8049060.0,7678572.0,3.21,5.48,4.46,False,AVG_DOLLAR_VOLUME|MEDIAN_DOLLAR_VOLUME,"Grid Dynamics Holdings, Inc. - Class A Common Stock",NASDAQ
KMTS,24.16,317440.0,8048907.0,6682351.0,5.33,-13.5,7.39,False,SHARE_VOLUME|AVG_DOLLAR_VOLUME|MEDIAN_DOLLAR_VOLUME,"Kestra Medical Technologies, Ltd. - Common Stock",NASDAQ
LKFN,60.91,133656.0,8028008.0,7860150.0,1.87,-0.93,1.84,False,SHARE_VOLUME|AVG_DOLLAR_VOLUME|MEDIAN_DOLLAR_VOLUME|LOW_DAILY_RANGE,Lakeland Financial Corporation - Common Stock,NASDAQ
AMTB,29.57,275255.0,7988508.0,7857290.0,2.22,1.41,2.57,False,SHARE_VOLUME|AVG_DOLLAR_VOLUME|MEDIAN_DOLLAR_VOLUME,Amerant Bancorp Inc. Class A Common Stock,NYSE
DUOT,8.36,844819.0,7961287.0,7741087.0,5.99,-27.87,12.84,False,SHARE_VOLUME|AVG_DOLLAR_VOLUME|MEDIAN_DOLLAR_VOLUME,"Duos Technologies Group, Inc. - Common Stock",NASDAQ
DNA,7.32,1116986.0,7936520.0,7250102.0,5.89,12.09,18.07,False,AVG_DOLLAR_VOLUME|MEDIAN_DOLLAR_VOLUME,"Ginkgo Bioworks Holdings, Inc. Class A Common Stock",NYSE
HRTG,34.99,231799.0,7932423.0,7280864.0,2.87,3.86,16.47,False,SHARE_VOLUME|AVG_DOLLAR_VOLUME|MEDIAN_DOLLAR_VOLUME,"Heritage Insurance Holdings, Inc. Common Stock",NYSE
TRNS,82.99,91378.0,7926981.0,7595760.0,3.86,-8.77,5.0,False,SHARE_VOLUME|AVG_DOLLAR_VOLUME|MEDIAN_DOLLAR_VOLUME,"Transcat, Inc. - Common Stock",NASDAQ
SLVM,36.24,220153.0,7906747.0,8084453.0,3.08,-1.84,8.71,False,SHARE_VOLUME|AVG_DOLLAR_VOLUME|MEDIAN_DOLLAR_VOLUME,Sylvamo Corporation Common Stock,NYSE
BENF,0.93,8406004.0,7906055.0,19092.0,23.81,-60.75,54.52,False,PRICE|AVG_DOLLAR_VOLUME|MEDIAN_DOLLAR_VOLUME,Beneficient - Class A Common Stock,NASDAQ
RDIB,16.22,506829.0,7888268.0,571951.0,18.61,73.66,61.89,False,SHARE_VOLUME|AVG_DOLLAR_VOLUME|MEDIAN_DOLLAR_VOLUME,Reading International Inc - Class B Voting Common Stock,NASDAQ
CVLG,34.44,224938.0,7867005.0,7134617.0,3.31,1.37,2.66,False,SHARE_VOLUME|AVG_DOLLAR_VOLUME|MEDIAN_DOLLAR_VOLUME,"Covenant Logistics Group, Inc. Class A Common Stock",NYSE
SPRY,4.3,1466582.0,7862898.0,7095696.0,5.67,-31.83,10.99,False,PRICE|AVG_DOLLAR_VOLUME|MEDIAN_DOLLAR_VOLUME,"ARS Pharmaceuticals, Inc. - Common Stock",NASDAQ
GRNT,5.03,1545825.0,7853622.0,6860269.0,2.82,-1.59,4.72,False,AVG_DOLLAR_VOLUME|MEDIAN_DOLLAR_VOLUME,"Granite Ridge Resources, Inc. Common Stock",NYSE
SVRA,5.23,1438544.0,7841140.0,7136447.0,3.56,-2.61,5.08,False,AVG_DOLLAR_VOLUME|MEDIAN_DOLLAR_VOLUME,"Savara, Inc. - Common Stock",NASDAQ
LXU,11.22,707383.0,7835912.0,8244313.0,4.47,9.68,4.89,False,SHARE_VOLUME|AVG_DOLLAR_VOLUME|MEDIAN_DOLLAR_VOLUME,"LSB Industries, Inc. Common Stock",NYSE
CCB,46.36,164046.0,7819700.0,7715802.0,3.9,-6.42,7.21,False,SHARE_VOLUME|AVG_DOLLAR_VOLUME|MEDIAN_DOLLAR_VOLUME,Coastal Financial Corporation - Common Stock,NASDAQ
LQDT,43.66,187687.0,7819038.0,7086810.0,2.86,0.92,11.91,False,SHARE_VOLUME|AVG_DOLLAR_VOLUME|MEDIAN_DOLLAR_VOLUME,"Liquidity Services, Inc. - Common Stock",NASDAQ
FLXS,81.37,95525.0,7763147.0,6809826.0,4.44,5.46,8.89,False,SHARE_VOLUME|AVG_DOLLAR_VOLUME|MEDIAN_DOLLAR_VOLUME,"Flexsteel Industries, Inc. - Common Stock",NASDAQ
RITR,0.08,79208159.0,7730763.0,1742776.0,17.66,4.32,79.45,False,PRICE|AVG_DOLLAR_VOLUME|MEDIAN_DOLLAR_VOLUME,Reitar Logtech Holdings Limited - Ordinary shares,NASDAQ
HTLD,11.91,625831.0,7727676.0,7127460.0,3.45,-6.55,4.15,False,SHARE_VOLUME|AVG_DOLLAR_VOLUME|MEDIAN_DOLLAR_VOLUME,"Heartland Express, Inc. - Common Stock",NASDAQ
GSBD,9.76,781344.0,7718503.0,7173920.0,1.96,-0.16,7.26,False,SHARE_VOLUME|AVG_DOLLAR_VOLUME|MEDIAN_DOLLAR_VOLUME|LOW_DAILY_RANGE,"Goldman Sachs BDC, Inc. Common Stock",NYSE
AEMD,1.48,3236799.0,7712433.0,153715.0,10.43,-48.79,14.75,False,PRICE|AVG_DOLLAR_VOLUME|MEDIAN_DOLLAR_VOLUME,"Aethlon Medical, Inc. - Common Stock",NASDAQ
AKTS,21.53,306846.0,7699807.0,6194901.0,5.57,-13.88,7.94,False,SHARE_VOLUME|AVG_DOLLAR_VOLUME|MEDIAN_DOLLAR_VOLUME,"Aktis Oncology, Inc. - Common stock",NASDAQ
CRMD,7.84,932178.0,7698418.0,7319229.0,3.16,-4.04,14.65,False,SHARE_VOLUME|AVG_DOLLAR_VOLUME|MEDIAN_DOLLAR_VOLUME,CorMedix Inc. - Common Stock,NASDAQ
PSTL,24.42,326697.0,7694847.0,6480935.0,2.33,7.6,3.16,False,SHARE_VOLUME|AVG_DOLLAR_VOLUME|MEDIAN_DOLLAR_VOLUME,"Postal Realty Trust, Inc. Class A Common Stock",NYSE
DNUT,3.14,2252875.0,7679609.0,6901908.0,4.0,-3.09,8.02,False,PRICE|AVG_DOLLAR_VOLUME|MEDIAN_DOLLAR_VOLUME,"Krispy Kreme, Inc. - Common Stock",NASDAQ
SMJF,1.05,1665782.0,7678973.0,1314486.0,41.17,-90.35,21.48,False,PRICE|AVG_DOLLAR_VOLUME|MEDIAN_DOLLAR_VOLUME,SMJ International Holdings Inc. Class A Ordinary Shares,NYSE American
ERII,7.26,1007296.0,7641381.0,6568443.0,3.03,-7.93,6.78,False,AVG_DOLLAR_VOLUME|MEDIAN_DOLLAR_VOLUME,"Energy Recovery, Inc. - Common Stock",NASDAQ
EGY,6.24,1263563.0,7638873.0,6364050.0,2.83,8.08,7.56,False,AVG_DOLLAR_VOLUME|MEDIAN_DOLLAR_VOLUME,"VAALCO Energy, Inc.  Common Stock",NYSE
NHP,16.09,462415.0,7631044.0,5609105.0,3.2,-2.96,4.99,False,SHARE_VOLUME|AVG_DOLLAR_VOLUME|MEDIAN_DOLLAR_VOLUME,"National Healthcare Properties, Inc. - Class A Common Stock",NASDAQ
HPP,11.63,587577.0,7617697.0,7299754.0,4.85,-16.09,7.19,False,SHARE_VOLUME|AVG_DOLLAR_VOLUME|MEDIAN_DOLLAR_VOLUME,"Hudson Pacific Properties, Inc. Common Stock",NYSE
CARE,31.05,241573.0,7566362.0,7039137.0,2.3,-1.54,2.73,False,SHARE_VOLUME|AVG_DOLLAR_VOLUME|MEDIAN_DOLLAR_VOLUME,"Carter Bankshares, Inc. - Common Stock",NASDAQ
DGXX,3.66,1989404.0,7557068.0,7262220.0,6.07,2.23,10.55,False,PRICE|AVG_DOLLAR_VOLUME|MEDIAN_DOLLAR_VOLUME,Digi Power X Inc. - Common Subordinate Voting Shares,NASDAQ
CBLL,24.86,310259.0,7551275.0,6577829.0,3.36,2.68,10.41,False,SHARE_VOLUME|AVG_DOLLAR_VOLUME|MEDIAN_DOLLAR_VOLUME,"CeriBell, Inc. - Common Stock",NASDAQ
AGEN,7.13,977433.0,7538411.0,6100278.0,7.09,-5.33,9.69,False,SHARE_VOLUME|AVG_DOLLAR_VOLUME|MEDIAN_DOLLAR_VOLUME,Agenus Inc. - Common Stock,NASDAQ
URG,1.22,5440772.0,7530746.0,6908976.0,4.4,-8.99,6.87,False,PRICE|AVG_DOLLAR_VOLUME|MEDIAN_DOLLAR_VOLUME,Ur Energy Inc Common Shares (Canada),NYSE American
OABI,4.4,1670766.0,7511082.0,6374267.0,7.1,12.24,37.5,False,PRICE|AVG_DOLLAR_VOLUME|MEDIAN_DOLLAR_VOLUME,"OmniAb, Inc. - Common Stock",NASDAQ
LAND,9.36,806641.0,7486892.0,6441394.0,2.66,13.73,4.62,False,SHARE_VOLUME|AVG_DOLLAR_VOLUME|MEDIAN_DOLLAR_VOLUME,Gladstone Land Corporation - Common Stock,NASDAQ
ARCO,7.74,932594.0,7477508.0,7723646.0,2.4,0.45,3.04,False,SHARE_VOLUME|AVG_DOLLAR_VOLUME|MEDIAN_DOLLAR_VOLUME,Arcos Dorados Holdings Inc. Class A Shares,NYSE
AMBP,4.75,1502729.0,7470599.0,7360388.0,2.64,-4.55,4.35,False,PRICE|AVG_DOLLAR_VOLUME|MEDIAN_DOLLAR_VOLUME,Ardagh Metal Packaging S.A. Ordinary Shares,NYSE
CCCC,3.48,1936305.0,7462907.0,7105992.0,5.15,-16.75,6.91,False,PRICE|AVG_DOLLAR_VOLUME|MEDIAN_DOLLAR_VOLUME,"C4 Therapeutics, Inc. - Common Stock",NASDAQ
LOB,39.08,187502.0,7450169.0,7296330.0,2.29,-8.2,2.23,False,SHARE_VOLUME|AVG_DOLLAR_VOLUME|MEDIAN_DOLLAR_VOLUME,"Live Oak Bancshares, Inc. Common Stock",NYSE
FOXF,19.45,363332.0,7445770.0,7659449.0,3.36,-6.6,12.04,False,SHARE_VOLUME|AVG_DOLLAR_VOLUME|MEDIAN_DOLLAR_VOLUME,Fox Factory Holding Corp. - Common Stock,NASDAQ
KOP,47.35,160791.0,7426792.0,6974771.0,3.3,4.4,3.4,False,SHARE_VOLUME|AVG_DOLLAR_VOLUME|MEDIAN_DOLLAR_VOLUME,Koppers Holdings Inc. Common Stock,NYSE
KODK,9.38,798777.0,7411429.0,6524793.0,3.18,-4.53,10.41,False,SHARE_VOLUME|AVG_DOLLAR_VOLUME|MEDIAN_DOLLAR_VOLUME,Eastman Kodak Company Common New,NYSE
PLOW,39.87,180688.0,7404321.0,6959701.0,2.42,-3.15,2.6,False,SHARE_VOLUME|AVG_DOLLAR_VOLUME|MEDIAN_DOLLAR_VOLUME,"Douglas Dynamics, Inc. Common Stock",NYSE
TK,14.61,551083.0,7398747.0,7084628.0,3.41,12.64,4.25,False,SHARE_VOLUME|AVG_DOLLAR_VOLUME|MEDIAN_DOLLAR_VOLUME,Teekay Corporation Ltd. Common Stock,NYSE
HGTY,13.96,548110.0,7397859.0,2005511.0,3.72,8.98,15.36,False,SHARE_VOLUME|AVG_DOLLAR_VOLUME|MEDIAN_DOLLAR_VOLUME,"Hagerty, Inc. Class A Common Stock",NYSE
EVMN,9.5,617538.0,7361393.0,4607984.0,6.12,-33.19,6.6,False,SHARE_VOLUME|AVG_DOLLAR_VOLUME|MEDIAN_DOLLAR_VOLUME,"Evommune, Inc. Common Stock",NYSE
MANU,20.25,340217.0,7354726.0,7070040.0,2.35,-13.85,3.73,False,SHARE_VOLUME|AVG_DOLLAR_VOLUME|MEDIAN_DOLLAR_VOLUME,Manchester United Ltd. Class A Ordinary Shares,NYSE
OSS,8.63,717984.0,7354514.0,6770289.0,4.93,-31.97,4.95,False,SHARE_VOLUME|AVG_DOLLAR_VOLUME|MEDIAN_DOLLAR_VOLUME,"One Stop Systems, Inc. - Common Stock",NASDAQ
SCL,62.26,118226.0,7347499.0,7362520.0,2.45,-1.22,1.86,False,SHARE_VOLUME|AVG_DOLLAR_VOLUME|MEDIAN_DOLLAR_VOLUME,Stepan Company Common Stock,NYSE
SMP,38.15,191209.0,7345554.0,7069758.0,2.7,-1.93,5.7,False,SHARE_VOLUME|AVG_DOLLAR_VOLUME|MEDIAN_DOLLAR_VOLUME,"Standard Motor Products, Inc. Common Stock",NYSE
SILC,43.76,171544.0,7341634.0,6750545.0,7.22,-4.68,10.27,False,SHARE_VOLUME|AVG_DOLLAR_VOLUME|MEDIAN_DOLLAR_VOLUME,Silicom Ltd - Ordinary Shares,NASDAQ
REX,42.09,173389.0,7332960.0,6552819.0,3.67,-4.6,2.8,False,SHARE_VOLUME|AVG_DOLLAR_VOLUME|MEDIAN_DOLLAR_VOLUME,REX American Resources Corporation,NYSE
TITN,24.09,333678.0,7332914.0,6474055.0,7.04,36.1,15.17,False,SHARE_VOLUME|AVG_DOLLAR_VOLUME|MEDIAN_DOLLAR_VOLUME,Titan Machinery Inc. - Common Stock,NASDAQ
MTW,20.78,365895.0,7323694.0,7211257.0,3.6,7.69,32.37,False,SHARE_VOLUME|AVG_DOLLAR_VOLUME|MEDIAN_DOLLAR_VOLUME,"Manitowoc Company, Inc. (The) Common Stock",NYSE
ZSTK,4.64,1451729.0,7307292.0,623368.0,27.51,152.17,169.57,False,PRICE|AVG_DOLLAR_VOLUME|MEDIAN_DOLLAR_VOLUME,ZeroStack Corp. - Common Stock,NASDAQ
GPUS,0.18,33078673.0,7305891.0,6926842.0,11.45,-59.67,5.26,False,PRICE|AVG_DOLLAR_VOLUME|MEDIAN_DOLLAR_VOLUME,"Hyperscale Data, Inc. Common Stock",NYSE American
MAX,11.29,592724.0,7294040.0,6732755.0,3.87,-14.4,8.59,False,SHARE_VOLUME|AVG_DOLLAR_VOLUME|MEDIAN_DOLLAR_VOLUME,"MediaAlpha, Inc. Class A Common Stock",NYSE
INMD,14.62,489058.0,7285382.0,6749458.0,1.35,-2.47,1.26,False,SHARE_VOLUME|AVG_DOLLAR_VOLUME|MEDIAN_DOLLAR_VOLUME|LOW_DAILY_RANGE,InMode Ltd.  - Ordinary Shares,NASDAQ
SPWR,0.32,19171643.0,7284070.0,1067477.0,12.29,42.09,58.27,False,PRICE|AVG_DOLLAR_VOLUME|MEDIAN_DOLLAR_VOLUME,SunPower Inc. - Common Stock,NASDAQ
ADAM,9.05,757290.0,7256848.0,7147948.0,1.96,-10.22,4.49,False,SHARE_VOLUME|AVG_DOLLAR_VOLUME|MEDIAN_DOLLAR_VOLUME|LOW_DAILY_RANGE,"Adamas Trust, Inc. - Common Stock",NASDAQ
DEA,23.59,297408.0,7249790.0,7451646.0,1.63,-3.69,2.5,False,SHARE_VOLUME|AVG_DOLLAR_VOLUME|MEDIAN_DOLLAR_VOLUME|LOW_DAILY_RANGE,"Easterly Government Properties, Inc. Common Stock",NYSE
LHSW,0.52,8162880.0,7246369.0,1399442.0,40.77,-82.01,36.1,False,PRICE|AVG_DOLLAR_VOLUME|MEDIAN_DOLLAR_VOLUME,Lianhe Sowell International Group Ltd - Class A Ordinary Shares,NASDAQ
CTO,20.81,342056.0,7243872.0,6808151.0,1.22,-3.08,1.3,False,SHARE_VOLUME|AVG_DOLLAR_VOLUME|MEDIAN_DOLLAR_VOLUME|LOW_DAILY_RANGE,"CTO Realty Growth, Inc. Common Stock",NYSE
BOT,26.61,265714.0,7240762.0,5530547.0,5.37,-6.34,14.06,False,SHARE_VOLUME|AVG_DOLLAR_VOLUME|MEDIAN_DOLLAR_VOLUME,"RoboStrategy, Inc. - Common Stock",NASDAQ
JEM,3.88,1159853.0,7234395.0,179890.0,10.35,-7.4,77.88,False,PRICE|AVG_DOLLAR_VOLUME|MEDIAN_DOLLAR_VOLUME,707 Cayman Holdings Limited - Ordinary Shares,NASDAQ
UVE,44.13,166669.0,7234392.0,5870828.0,2.3,2.85,3.02,False,SHARE_VOLUME|AVG_DOLLAR_VOLUME|MEDIAN_DOLLAR_VOLUME,UNIVERSAL INSURANCE HOLDINGS INC Common Stock,NYSE
QTTB,11.1,558485.0,7228140.0,6038670.0,5.74,-27.4,5.28,False,SHARE_VOLUME|AVG_DOLLAR_VOLUME|MEDIAN_DOLLAR_VOLUME,Q32 Bio Inc. - Common Stock,NASDAQ
GROY,3.36,2142495.0,7221339.0,6971666.0,3.5,7.23,7.43,False,PRICE|AVG_DOLLAR_VOLUME|MEDIAN_DOLLAR_VOLUME,Gold Royalty Corp. Common Shares,NYSE American
BETR,12.41,557411.0,7220672.0,7320234.0,9.14,-4.9,16.75,False,SHARE_VOLUME|AVG_DOLLAR_VOLUME|MEDIAN_DOLLAR_VOLUME,Better Home & Finance Holding Company - Class A Common Stock,NASDAQ
TSSI,8.31,848783.0,7216273.0,6121229.0,5.18,-11.97,7.08,False,SHARE_VOLUME|AVG_DOLLAR_VOLUME|MEDIAN_DOLLAR_VOLUME,"TSS, Inc. - Common Stock",NASDAQ
MBUU,24.0,268348.0,7214472.0,6252559.0,4.48,-18.19,8.11,False,SHARE_VOLUME|AVG_DOLLAR_VOLUME|MEDIAN_DOLLAR_VOLUME,"Malibu Boats, Inc. - Common Stock",NASDAQ
SID,1.23,5911033.0,7211628.0,5545279.0,5.91,36.11,10.11,False,PRICE|AVG_DOLLAR_VOLUME|MEDIAN_DOLLAR_VOLUME,Companhia Siderurgica Nacional S.A. Common Stock,NYSE
FSBC,45.65,157807.0,7211064.0,6567526.0,2.14,-1.96,2.25,False,SHARE_VOLUME|AVG_DOLLAR_VOLUME|MEDIAN_DOLLAR_VOLUME,Five Star Bancorp - Common Stock,NASDAQ
CABO,19.4,300016.0,7209920.0,7406896.0,12.39,-30.9,19.44,False,SHARE_VOLUME|AVG_DOLLAR_VOLUME|MEDIAN_DOLLAR_VOLUME,"Cable One, Inc. Common Stock",NYSE
HQ,13.7,486079.0,7208508.0,3597081.0,13.67,-18.31,27.66,False,SHARE_VOLUME|AVG_DOLLAR_VOLUME|MEDIAN_DOLLAR_VOLUME,Horizon Quantum Holdings Ltd. - Class A Ordinary Shares,NASDAQ
MPLT,11.82,565259.0,7203056.0,6808264.0,7.38,0.0,10.39,False,SHARE_VOLUME|AVG_DOLLAR_VOLUME|MEDIAN_DOLLAR_VOLUME,"MapLight Therapeutics, Inc. - Common Stock",NASDAQ
DC,5.76,1184781.0,7194404.0,6465285.0,4.49,-1.28,8.7,False,AVG_DOLLAR_VOLUME|MEDIAN_DOLLAR_VOLUME,Dakota Gold Corp. Common Stock,NYSE American
XRX,3.52,2259910.0,7183234.0,6285583.0,5.52,18.52,8.2,False,PRICE|AVG_DOLLAR_VOLUME|MEDIAN_DOLLAR_VOLUME,Xerox Holdings Corporation - Common Stock,NASDAQ
WOOF,2.41,2750766.0,7161391.0,4841867.0,5.3,-12.68,7.14,False,PRICE|AVG_DOLLAR_VOLUME|MEDIAN_DOLLAR_VOLUME,"Petco Health and Wellness Company, Inc. - Class A Common Stock",NASDAQ
BTQ,2.61,2274878.0,7114176.0,6424008.0,7.05,-29.46,12.44,False,PRICE|AVG_DOLLAR_VOLUME|MEDIAN_DOLLAR_VOLUME,BTQ Technologies Corp. - Common Stock,NASDAQ
BVS,13.22,512274.0,7111925.0,6874071.0,3.16,-7.55,13.71,False,SHARE_VOLUME|AVG_DOLLAR_VOLUME|MEDIAN_DOLLAR_VOLUME,Bioventus Inc. - Class A Common Stock,NASDAQ
CAL,12.41,571390.0,7101765.0,6624386.0,5.25,-3.38,6.35,False,SHARE_VOLUME|AVG_DOLLAR_VOLUME|MEDIAN_DOLLAR_VOLUME,"Caleres, Inc. Common Stock",NYSE
LXFR,17.22,411679.0,7084374.0,5233496.0,0.34,0.67,0.52,False,SHARE_VOLUME|AVG_DOLLAR_VOLUME|MEDIAN_DOLLAR_VOLUME|LOW_DAILY_RANGE,Luxfer Holdings PLC Ordinary Shares,NYSE
GOOS,7.6,882844.0,7082547.0,6576950.0,3.11,-10.69,3.93,False,SHARE_VOLUME|AVG_DOLLAR_VOLUME|MEDIAN_DOLLAR_VOLUME,Canada Goose Holdings Inc. Subordinate Voting Shares,NYSE
YEXT,6.46,1090754.0,7075605.0,6160155.0,5.39,7.45,6.63,False,AVG_DOLLAR_VOLUME|MEDIAN_DOLLAR_VOLUME,"Yext, Inc. Common Stock",NYSE
BLCO,17.17,401838.0,7033979.0,6998063.0,2.48,0.79,2.63,False,SHARE_VOLUME|AVG_DOLLAR_VOLUME|MEDIAN_DOLLAR_VOLUME,Bausch + Lomb Corporation Common Shares,NYSE
GLIBK,25.43,271253.0,7019951.0,6204126.0,2.93,-2.27,5.33,False,SHARE_VOLUME|AVG_DOLLAR_VOLUME|MEDIAN_DOLLAR_VOLUME,Liberty Capital Corporation - Series C GCI Group Common Stock,NASDAQ
PRE,21.98,287968.0,7011156.0,4926570.0,6.99,13.27,12.41,False,SHARE_VOLUME|AVG_DOLLAR_VOLUME|MEDIAN_DOLLAR_VOLUME,Prenetics Global Limited - Class A Ordinary Share,NASDAQ
GSBC,80.54,88480.0,7004882.0,6596699.0,1.87,0.78,1.94,False,SHARE_VOLUME|AVG_DOLLAR_VOLUME|MEDIAN_DOLLAR_VOLUME|LOW_DAILY_RANGE,"Great Southern Bancorp, Inc. - Common Stock",NASDAQ
PKE,31.42,217980.0,6997332.0,6685111.0,3.8,-14.85,3.42,False,SHARE_VOLUME|AVG_DOLLAR_VOLUME|MEDIAN_DOLLAR_VOLUME,Park Aerospace Corp. Common Stock,NYSE
CNNE,15.4,450955.0,6996384.0,7043610.0,2.51,2.74,3.6,False,SHARE_VOLUME|AVG_DOLLAR_VOLUME|MEDIAN_DOLLAR_VOLUME,"Cannae Holdings, Inc. Common Stock",NYSE
DSGR,34.87,200396.0,6964635.0,6223239.0,0.27,0.58,0.29,False,SHARE_VOLUME|AVG_DOLLAR_VOLUME|MEDIAN_DOLLAR_VOLUME|LOW_DAILY_RANGE,"Distribution Solutions Group, Inc. - Common Stock",NASDAQ
CTGO,18.38,353988.0,6964531.0,6672568.0,4.37,-4.0,9.66,False,SHARE_VOLUME|AVG_DOLLAR_VOLUME|MEDIAN_DOLLAR_VOLUME,Contango Silver & Gold Inc. Common Stock,NYSE American
MPTI,76.27,88715.0,6898023.0,6170214.0,3.95,-10.75,4.82,False,SHARE_VOLUME|AVG_DOLLAR_VOLUME|MEDIAN_DOLLAR_VOLUME,"M-tron Industries, Inc. Common Stock",NYSE American
TBLA,3.86,1828414.0,6895507.0,6525991.0,3.16,0.66,5.35,False,PRICE|AVG_DOLLAR_VOLUME|MEDIAN_DOLLAR_VOLUME,Taboola.com Ltd. - Ordinary Shares,NASDAQ
KARD,18.28,343584.0,6886289.0,6115502.0,6.92,-12.62,11.84,False,SHARE_VOLUME|AVG_DOLLAR_VOLUME|MEDIAN_DOLLAR_VOLUME,"Kardigan, Inc. - Common Stock",NASDAQ
AVLN,34.6,191091.0,6883490.0,6084692.0,5.6,-10.96,7.3,False,SHARE_VOLUME|AVG_DOLLAR_VOLUME|MEDIAN_DOLLAR_VOLUME,Avalyn Pharma Inc. - common stock,NASDAQ
ANGX,5.34,1408497.0,6875913.0,4811032.0,5.94,10.21,17.39,False,AVG_DOLLAR_VOLUME|MEDIAN_DOLLAR_VOLUME,"Angel Studios, Inc. Class A Common Stock",NYSE
CAST,1.33,4246317.0,6869508.0,1475837.0,12.64,-36.9,144.19,False,PRICE|AVG_DOLLAR_VOLUME|MEDIAN_DOLLAR_VOLUME,"FreeCast, Inc. - Class A common stock",NASDAQ
LEN-B,78.54,84166.0,6855725.0,5674062.0,2.38,-5.94,3.84,False,SHARE_VOLUME|AVG_DOLLAR_VOLUME|MEDIAN_DOLLAR_VOLUME,Lennar Corporation Class B,NYSE
CCSI,36.92,183719.0,6818668.0,6747660.0,4.58,-3.07,5.24,False,SHARE_VOLUME|AVG_DOLLAR_VOLUME|MEDIAN_DOLLAR_VOLUME,"Consensus Cloud Solutions, Inc. - Common Stock",NASDAQ
CFFI,95.95,74350.0,6805441.0,6141848.0,3.03,10.06,3.69,False,SHARE_VOLUME|AVG_DOLLAR_VOLUME|MEDIAN_DOLLAR_VOLUME,C&F Financial Corporation - Common Stock,NASDAQ
MCHB,15.47,430952.0,6786474.0,6646711.0,1.78,-6.33,2.75,False,SHARE_VOLUME|AVG_DOLLAR_VOLUME|MEDIAN_DOLLAR_VOLUME|LOW_DAILY_RANGE,Mechanics Bancorp - Class A Common Stock,NASDAQ
FNKO,5.41,1119404.0,6783951.0,6161828.0,5.53,-12.68,11.36,False,AVG_DOLLAR_VOLUME|MEDIAN_DOLLAR_VOLUME,"Funko, Inc. - Class A Common Stock",NASDAQ
EBS,6.7,1167814.0,6781316.0,6855478.0,5.73,43.67,8.88,False,AVG_DOLLAR_VOLUME|MEDIAN_DOLLAR_VOLUME,Emergent BioSolutions Inc. Common Stock,NYSE
NVRI,20.8,306521.0,6776779.0,5711494.0,3.89,5.8,6.75,False,SHARE_VOLUME|AVG_DOLLAR_VOLUME|MEDIAN_DOLLAR_VOLUME,Enviri Corporation Common Stock,NYSE
MRTN,13.78,474684.0,6754420.0,6408060.0,2.35,-7.52,3.1,False,SHARE_VOLUME|AVG_DOLLAR_VOLUME|MEDIAN_DOLLAR_VOLUME,"Marten Transport, Ltd. - Common Stock",NASDAQ
STLN,6.43,1070613.0,6741502.0,6955337.0,5.77,0.47,28.46,False,AVG_DOLLAR_VOLUME|MEDIAN_DOLLAR_VOLUME,"Starling Oncology, Inc. - Common Stock",NASDAQ
TSAT,49.31,149849.0,6724775.0,6271187.0,5.27,4.22,9.28,False,SHARE_VOLUME|AVG_DOLLAR_VOLUME|MEDIAN_DOLLAR_VOLUME,Telesat Corporation - Class A Common Shares and Class B Variable Voting Shares,NASDAQ
IBTA,42.3,173412.0,6721668.0,6298224.0,4.51,14.7,6.84,False,SHARE_VOLUME|AVG_DOLLAR_VOLUME|MEDIAN_DOLLAR_VOLUME,"Ibotta, Inc. Class A Common Stock",NYSE
STRT,68.23,91143.0,6720076.0,6130561.0,5.54,-16.57,6.76,False,SHARE_VOLUME|AVG_DOLLAR_VOLUME|MEDIAN_DOLLAR_VOLUME,STRATTEC SECURITY CORPORATION - Common Stock,NASDAQ
ARQQ,19.1,344162.0,6713613.0,4450415.0,7.62,-13.1,12.15,False,SHARE_VOLUME|AVG_DOLLAR_VOLUME|MEDIAN_DOLLAR_VOLUME,Arqit Quantum Inc. - Ordinary Shares,NASDAQ
TSLX,18.05,368661.0,6660720.0,5833337.0,1.75,-0.36,3.37,False,SHARE_VOLUME|AVG_DOLLAR_VOLUME|MEDIAN_DOLLAR_VOLUME|LOW_DAILY_RANGE,"Sixth Street Specialty Lending, Inc. Common Stock",NYSE
ICL,5.54,1169949.0,6655264.0,7072063.0,1.9,3.44,5.07,False,AVG_DOLLAR_VOLUME|MEDIAN_DOLLAR_VOLUME|LOW_DAILY_RANGE,ICL Group Ltd. Ordinary Shares,NYSE
SMBC,73.61,90256.0,6646437.0,6372823.0,1.8,-2.9,1.04,False,SHARE_VOLUME|AVG_DOLLAR_VOLUME|MEDIAN_DOLLAR_VOLUME|LOW_DAILY_RANGE,"Southern Missouri Bancorp, Inc. - Common Stock",NASDAQ
BHRB,71.54,92775.0,6643479.0,6337696.0,1.81,-1.13,2.27,False,SHARE_VOLUME|AVG_DOLLAR_VOLUME|MEDIAN_DOLLAR_VOLUME|LOW_DAILY_RANGE,Burke & Herbert Financial Services Corp. - Common Stock,NASDAQ
SIDU,1.92,3078508.0,6641331.0,6509109.0,5.35,-21.15,11.59,False,PRICE|AVG_DOLLAR_VOLUME|MEDIAN_DOLLAR_VOLUME,"Sidus Space, Inc. - Class A Common Stock",NASDAQ
RDWR,29.74,234793.0,6639871.0,5727683.0,3.32,5.8,5.73,False,SHARE_VOLUME|AVG_DOLLAR_VOLUME|MEDIAN_DOLLAR_VOLUME,Radware Ltd. - Ordinary Shares,NASDAQ
CTBI,76.86,87147.0,6630727.0,6403486.0,1.69,-0.69,1.78,False,SHARE_VOLUME|AVG_DOLLAR_VOLUME|MEDIAN_DOLLAR_VOLUME|LOW_DAILY_RANGE,"Community Trust Bancorp, Inc. - Common Stock",NASDAQ
EMBC,5.26,1259261.0,6596536.0,6531266.0,5.22,3.25,26.29,False,AVG_DOLLAR_VOLUME|MEDIAN_DOLLAR_VOLUME,Embecta Corp. - Common Stock,NASDAQ
ABEO,5.36,1139343.0,6596434.0,5615112.0,3.49,-13.07,4.93,False,AVG_DOLLAR_VOLUME|MEDIAN_DOLLAR_VOLUME,Abeona Therapeutics Inc. - Common Stock,NASDAQ
CODI,11.06,575768.0,6576703.0,5168673.0,3.13,-6.9,11.19,False,SHARE_VOLUME|AVG_DOLLAR_VOLUME|MEDIAN_DOLLAR_VOLUME,D/B/A Compass Diversified Holdings Shares of Beneficial Interest,NYSE
HYLN,3.98,1845304.0,6567292.0,6152685.0,5.97,3.24,8.4,False,PRICE|AVG_DOLLAR_VOLUME|MEDIAN_DOLLAR_VOLUME,Hyliion Holdings Corp. Class A Common Stock,NYSE American
TECX,28.73,202283.0,6558058.0,5534965.0,6.46,-21.52,15.56,False,SHARE_VOLUME|AVG_DOLLAR_VOLUME|MEDIAN_DOLLAR_VOLUME,"Tectonic Therapeutic, Inc. - Common Stock",NASDAQ
CFFN,8.93,754342.0,6556660.0,6549821.0,1.68,3.3,1.64,False,SHARE_VOLUME|AVG_DOLLAR_VOLUME|MEDIAN_DOLLAR_VOLUME|LOW_DAILY_RANGE,"Capitol Federal Financial, Inc. - Common Stock",NASDAQ
SPIR,11.49,521261.0,6549548.0,6045961.0,5.26,-17.34,7.1,False,SHARE_VOLUME|AVG_DOLLAR_VOLUME|MEDIAN_DOLLAR_VOLUME,"Spire Global, Inc. Class A Common Stock",NYSE
RZLT,3.98,1405249.0,6540226.0,4559262.0,6.18,-14.59,9.23,False,PRICE|AVG_DOLLAR_VOLUME|MEDIAN_DOLLAR_VOLUME,"Rezolute, Inc. - Common Stock (NV)",NASDAQ
IDR,28.52,206150.0,6531766.0,6012910.0,4.48,-4.33,10.2,False,SHARE_VOLUME|AVG_DOLLAR_VOLUME|MEDIAN_DOLLAR_VOLUME,"Idaho Strategic Resources, Inc. Common Stock",NYSE American
MH,13.21,498150.0,6523625.0,5782698.0,3.57,0.69,16.98,False,SHARE_VOLUME|AVG_DOLLAR_VOLUME|MEDIAN_DOLLAR_VOLUME,"McGraw Hill, Inc. Common Stock",NYSE
ARVN,8.19,730175.0,6508257.0,5222474.0,3.74,-11.5,4.54,False,SHARE_VOLUME|AVG_DOLLAR_VOLUME|MEDIAN_DOLLAR_VOLUME,"Arvinas, Inc. - Common Stock",NASDAQ
MOV,33.46,192367.0,6506897.0,5872160.0,3.07,-4.25,1.89,False,SHARE_VOLUME|AVG_DOLLAR_VOLUME|MEDIAN_DOLLAR_VOLUME,Movado Group Inc. Common Stock,NYSE
RMIX,13.91,410039.0,6501133.0,4880075.0,5.64,-20.62,5.74,False,SHARE_VOLUME|AVG_DOLLAR_VOLUME|MEDIAN_DOLLAR_VOLUME,"Suncrete, Inc. - Class A Common Stock",NASDAQ
WKSP,0.43,10425554.0,6499674.0,273907.0,11.48,-33.34,23.53,False,PRICE|AVG_DOLLAR_VOLUME|MEDIAN_DOLLAR_VOLUME,"Worksport, Ltd. - Common Stock",NASDAQ
NHIC,9.65,611397.0,6495203.0,881563.0,1.02,-9.38,0.28,False,SHARE_VOLUME|AVG_DOLLAR_VOLUME|MEDIAN_DOLLAR_VOLUME|LOW_DAILY_RANGE,NewHold Investment Corp III - Class A Ordinary shares,NASDAQ
HSHP,18.59,370619.0,6494952.0,6088175.0,2.88,19.07,4.36,False,SHARE_VOLUME|AVG_DOLLAR_VOLUME|MEDIAN_DOLLAR_VOLUME,Himalaya Shipping Ltd. Common Shares,NYSE
CMCO,16.4,367041.0,6484450.0,6051891.0,3.93,-7.87,4.05,False,SHARE_VOLUME|AVG_DOLLAR_VOLUME|MEDIAN_DOLLAR_VOLUME,Columbus McKinnon Corporation - Common Stock,NASDAQ
SUPX,8.13,755275.0,6476163.0,5437733.0,12.94,24.12,25.29,False,SHARE_VOLUME|AVG_DOLLAR_VOLUME|MEDIAN_DOLLAR_VOLUME,SuperX AI Technology Limited - Ordinary Shares,NASDAQ
MCS,27.53,225437.0,6454749.0,5667106.0,2.93,-7.25,4.53,False,SHARE_VOLUME|AVG_DOLLAR_VOLUME|MEDIAN_DOLLAR_VOLUME,Marcus Corporation (The) Common Stock,NYSE
CHAI,0.26,16330349.0,6442079.0,149931.0,12.15,-3.9,56.86,False,PRICE|AVG_DOLLAR_VOLUME|MEDIAN_DOLLAR_VOLUME,"Core AI Holdings, Inc. - Common Shares",NASDAQ
UTL,52.39,120606.0,6439871.0,6102768.0,1.89,-2.84,1.55,False,SHARE_VOLUME|AVG_DOLLAR_VOLUME|MEDIAN_DOLLAR_VOLUME|LOW_DAILY_RANGE,UNITIL Corporation Common Stock,NYSE
DRUG,59.28,89069.0,6429842.0,5522789.0,4.53,-29.46,5.74,False,SHARE_VOLUME|AVG_DOLLAR_VOLUME|MEDIAN_DOLLAR_VOLUME,Bright Minds Biosciences Inc. - common stock,NASDAQ
ITRG,2.7,2266136.0,6418731.0,5772198.0,4.1,4.07,9.27,False,PRICE|AVG_DOLLAR_VOLUME|MEDIAN_DOLLAR_VOLUME,Integra Resources Corp. Common Shares,NYSE American
MATV,12.03,527090.0,6416988.0,5689075.0,3.45,0.49,22.05,False,SHARE_VOLUME|AVG_DOLLAR_VOLUME|MEDIAN_DOLLAR_VOLUME,"Mativ Holdings, Inc. Common Stock",NYSE
BLDP,2.11,2774645.0,6396285.0,5511084.0,4.16,-14.57,3.05,False,PRICE|AVG_DOLLAR_VOLUME|MEDIAN_DOLLAR_VOLUME,"Ballard Power Systems, Inc. - Common Shares",NASDAQ
TGS,29.2,219424.0,6387481.0,5694855.0,3.03,5.49,3.05,False,SHARE_VOLUME|AVG_DOLLAR_VOLUME|MEDIAN_DOLLAR_VOLUME,Transportadora de Gas del Sur SA TGS Common Stock,NYSE
AMCX,12.19,518014.0,6381934.0,6230058.0,3.38,2.09,5.53,False,SHARE_VOLUME|AVG_DOLLAR_VOLUME|MEDIAN_DOLLAR_VOLUME,AMC Global Media Inc. - Class A Common Stock,NASDAQ
LTRX,5.38,1155975.0,6372362.0,4901465.0,6.06,-14.33,6.54,False,AVG_DOLLAR_VOLUME|MEDIAN_DOLLAR_VOLUME,"Lantronix, Inc. - Common Stock",NASDAQ
TCMD,22.52,279125.0,6361787.0,6712745.0,3.29,-5.56,2.22,False,SHARE_VOLUME|AVG_DOLLAR_VOLUME|MEDIAN_DOLLAR_VOLUME,"Tactile Systems Technology, Inc. - Common Stock",NASDAQ
BATL,1.26,4745044.0,6353933.0,5164772.0,4.44,-11.54,7.63,False,PRICE|AVG_DOLLAR_VOLUME|MEDIAN_DOLLAR_VOLUME,Battalion Oil Corporation Common Stock,NYSE American
ACDC,4.86,1285875.0,6350076.0,5963252.0,7.01,-4.52,18.06,False,PRICE|AVG_DOLLAR_VOLUME|MEDIAN_DOLLAR_VOLUME,ProFrac Holding Corp. - Class A Common Stock,NASDAQ
DDD,3.17,1925539.0,6347556.0,5847557.0,4.95,-7.85,4.24,False,PRICE|AVG_DOLLAR_VOLUME|MEDIAN_DOLLAR_VOLUME,3D Systems Corporation Common Stock,NYSE
VVOS,0.16,32529294.0,6331462.0,480818.0,16.7,-44.35,12.46,False,PRICE|AVG_DOLLAR_VOLUME|MEDIAN_DOLLAR_VOLUME,"Vivos Therapeutics, Inc. - Common Stock",NASDAQ
YSWY,22.12,262338.0,6320466.0,6213144.0,4.79,-11.24,11.29,False,SHARE_VOLUME|AVG_DOLLAR_VOLUME|MEDIAN_DOLLAR_VOLUME,"Yesway, Inc. - Class A Common Stock",NASDAQ
NTGR,22.39,296371.0,6315133.0,5997721.0,3.19,1.2,5.96,False,SHARE_VOLUME|AVG_DOLLAR_VOLUME|MEDIAN_DOLLAR_VOLUME,"NETGEAR, Inc. - Common Stock",NASDAQ
SSYS,7.68,802644.0,6299607.0,5526088.0,3.42,-10.76,3.4,False,SHARE_VOLUME|AVG_DOLLAR_VOLUME|MEDIAN_DOLLAR_VOLUME,"Stratasys, Ltd. - Common Stock",NASDAQ
MSEX,56.37,108420.0,6288608.0,6108791.0,2.02,-4.17,2.08,False,SHARE_VOLUME|AVG_DOLLAR_VOLUME|MEDIAN_DOLLAR_VOLUME,Middlesex Water Company - Common Stock,NASDAQ
KRT,50.05,130119.0,6287114.0,5336318.0,3.48,5.58,11.14,False,SHARE_VOLUME|AVG_DOLLAR_VOLUME|MEDIAN_DOLLAR_VOLUME,Karat Packaging Inc. - Common Stock,NASDAQ
ALMU,13.4,462953.0,6284608.0,6383897.0,4.99,-16.61,7.08,False,SHARE_VOLUME|AVG_DOLLAR_VOLUME|MEDIAN_DOLLAR_VOLUME,"Aeluma, Inc. - Common Stock",NASDAQ
OLB,0.2,19461976.0,6278194.0,118315.0,13.83,-25.28,22.62,False,PRICE|AVG_DOLLAR_VOLUME|MEDIAN_DOLLAR_VOLUME,"The OLB Group, Inc. - Common Stock",NASDAQ
BGS,3.19,1870236.0,6276464.0,6049687.0,2.96,-7.39,4.99,False,PRICE|AVG_DOLLAR_VOLUME|MEDIAN_DOLLAR_VOLUME,"B&G Foods, Inc. Common Stock",NYSE
PRAA,19.9,327161.0,6276169.0,5847910.0,3.6,1.27,9.04,False,SHARE_VOLUME|AVG_DOLLAR_VOLUME|MEDIAN_DOLLAR_VOLUME,"PRA Group, Inc. - Common Stock",NASDAQ
DCTH,16.34,380114.0,6271963.0,6305665.0,2.57,-3.08,22.49,False,SHARE_VOLUME|AVG_DOLLAR_VOLUME|MEDIAN_DOLLAR_VOLUME,"Delcath Systems, Inc. - Common Stock",NASDAQ
NEOV,3.28,1653714.0,6257947.0,4007361.0,8.5,-4.38,26.95,False,PRICE|AVG_DOLLAR_VOLUME|MEDIAN_DOLLAR_VOLUME,NeoVolta Inc. - Common Stock,NASDAQ
TBPH,17.03,367122.0,6253132.0,5671875.0,0.32,0.47,0.35,False,SHARE_VOLUME|AVG_DOLLAR_VOLUME|MEDIAN_DOLLAR_VOLUME|LOW_DAILY_RANGE,"Theravance Biopharma, Inc. - Ordinary Shares",NASDAQ
MYGN,4.07,1848692.0,6228320.0,4440953.0,6.1,41.81,11.15,False,PRICE|AVG_DOLLAR_VOLUME|MEDIAN_DOLLAR_VOLUME,"Myriad Genetics, Inc. - Common Stock",NASDAQ
MTUS,19.58,320799.0,6226079.0,6366667.0,3.85,-7.75,4.02,False,SHARE_VOLUME|AVG_DOLLAR_VOLUME|MEDIAN_DOLLAR_VOLUME,Metallus Inc. Common Shares,NYSE
EIG,50.01,126563.0,6221121.0,6016108.0,1.89,3.31,2.12,False,SHARE_VOLUME|AVG_DOLLAR_VOLUME|MEDIAN_DOLLAR_VOLUME|LOW_DAILY_RANGE,Employers Holdings Inc Common Stock,NYSE
GORO,3.59,1720314.0,6215350.0,4604918.0,8.34,33.46,19.34,False,PRICE|AVG_DOLLAR_VOLUME|MEDIAN_DOLLAR_VOLUME,Goldgroup Mining Inc. Common Shares,NYSE American
CTNM,14.44,385373.0,6196635.0,5815594.0,5.72,-0.38,10.48,False,SHARE_VOLUME|AVG_DOLLAR_VOLUME|MEDIAN_DOLLAR_VOLUME,"Contineum Therapeutics, Inc. - Common stock",NASDAQ
BBDC,8.75,684763.0,6174167.0,5902999.0,1.64,-4.14,9.26,False,SHARE_VOLUME|AVG_DOLLAR_VOLUME|MEDIAN_DOLLAR_VOLUME|LOW_DAILY_RANGE,"Barings BDC, Inc. Common Stock",NYSE
FPI,10.86,587180.0,6150579.0,5545295.0,2.0,9.31,2.53,False,SHARE_VOLUME|AVG_DOLLAR_VOLUME|MEDIAN_DOLLAR_VOLUME|LOW_DAILY_RANGE,Farmland Partners Inc. Common Stock,NYSE
BMBL,3.02,2149835.0,6148068.0,5941761.0,4.17,10.85,5.6,False,PRICE|AVG_DOLLAR_VOLUME|MEDIAN_DOLLAR_VOLUME,Bumble Inc. - common stock,NASDAQ
BUR,3.99,1420492.0,6140636.0,5719548.0,3.68,-3.62,4.83,False,PRICE|AVG_DOLLAR_VOLUME|MEDIAN_DOLLAR_VOLUME,Burford Capital Limited Ordinary Shares,NYSE
ELE,20.32,285603.0,6139211.0,6109080.0,3.74,-1.84,7.52,False,SHARE_VOLUME|AVG_DOLLAR_VOLUME|MEDIAN_DOLLAR_VOLUME,Elemental Royalty Corporation - Common Stock,NASDAQ
SMWB,8.4,705271.0,6130926.0,5516523.0,5.09,-2.04,21.24,False,SHARE_VOLUME|AVG_DOLLAR_VOLUME|MEDIAN_DOLLAR_VOLUME,Similarweb Ltd. Ordinary Shares,NYSE
SHEN,11.89,504173.0,6120693.0,5453741.0,3.2,-2.3,3.52,False,SHARE_VOLUME|AVG_DOLLAR_VOLUME|MEDIAN_DOLLAR_VOLUME,Shenandoah Telecommunications Co - Common Stock,NASDAQ
PICS,9.75,571198.0,6116887.0,4562933.0,6.5,-5.06,5.75,False,SHARE_VOLUME|AVG_DOLLAR_VOLUME|MEDIAN_DOLLAR_VOLUME,PicS N.V. - Class A Common Shares,NASDAQ
EGBN,28.11,219832.0,6099443.0,5624004.0,2.08,-1.19,3.32,False,SHARE_VOLUME|AVG_DOLLAR_VOLUME|MEDIAN_DOLLAR_VOLUME,"Eagle Bancorp, Inc. - Common Stock",NASDAQ
KRNY,9.77,619306.0,6091853.0,5827274.0,2.31,-0.05,2.76,False,SHARE_VOLUME|AVG_DOLLAR_VOLUME|MEDIAN_DOLLAR_VOLUME,Kearny Financial - Common Stock,NASDAQ
SHIP,18.67,336495.0,6087130.0,5602767.0,3.11,9.82,3.7,False,SHARE_VOLUME|AVG_DOLLAR_VOLUME|MEDIAN_DOLLAR_VOLUME,Seanergy Maritime Holdings Corp. - Common Stock,NASDAQ
EU,0.91,5680833.0,6075028.0,3667694.0,8.79,-14.95,14.29,False,PRICE|AVG_DOLLAR_VOLUME|MEDIAN_DOLLAR_VOLUME,enCore Energy Corp. - Common Stock,NASDAQ
GTE,10.7,592199.0,6071857.0,6061979.0,4.16,12.63,38.21,False,SHARE_VOLUME|AVG_DOLLAR_VOLUME|MEDIAN_DOLLAR_VOLUME,Gran Tierra Energy Inc. Common Stock,NYSE American
MBWM,61.34,100305.0,6061960.0,5669161.0,2.12,1.43,3.15,False,SHARE_VOLUME|AVG_DOLLAR_VOLUME|MEDIAN_DOLLAR_VOLUME,Mercantile Bank Corporation - Common Stock,NASDAQ
OSPN,17.84,366914.0,6046639.0,5202971.0,2.87,13.05,7.09,False,SHARE_VOLUME|AVG_DOLLAR_VOLUME|MEDIAN_DOLLAR_VOLUME,OneSpan Inc. - Common Stock,NASDAQ
NBBK,22.86,268736.0,6041049.0,5835001.0,2.26,0.53,2.54,False,SHARE_VOLUME|AVG_DOLLAR_VOLUME|MEDIAN_DOLLAR_VOLUME,"NB Bancorp, Inc. - Common Stock",NASDAQ
IRWD,4.18,1428002.0,6027383.0,5864475.0,3.92,-2.9,6.3,False,PRICE|AVG_DOLLAR_VOLUME|MEDIAN_DOLLAR_VOLUME,"Ironwood Pharmaceuticals, Inc. - Class A Common Stock",NASDAQ
MOVE,10.75,523220.0,6018280.0,1216850.0,13.27,6.02,16.99,False,SHARE_VOLUME|AVG_DOLLAR_VOLUME|MEDIAN_DOLLAR_VOLUME,"Corvex, Inc. - Common Stock",NASDAQ
CGNT,8.44,705430.0,5977342.0,5388503.0,3.74,-5.85,6.24,False,SHARE_VOLUME|AVG_DOLLAR_VOLUME|MEDIAN_DOLLAR_VOLUME,Cognyte Software Ltd. - Ordinary Shares,NASDAQ
SLDP,2.4,2473001.0,5966126.0,5539691.0,4.13,6.42,6.39,False,PRICE|AVG_DOLLAR_VOLUME|MEDIAN_DOLLAR_VOLUME,"Solid Power, Inc. - Class A Common Stock",NASDAQ
IMSR,4.24,1171271.0,5950225.0,5646404.0,6.19,-23.14,10.1,False,PRICE|AVG_DOLLAR_VOLUME|MEDIAN_DOLLAR_VOLUME,Terrestrial Energy Inc. - Common Stock,NASDAQ
NBTX,34.55,146028.0,5941323.0,4706811.0,5.95,-15.89,10.49,False,SHARE_VOLUME|AVG_DOLLAR_VOLUME|MEDIAN_DOLLAR_VOLUME,Nanobiotix S.A. - ADSs,NASDAQ
AIAI,3.44,1047153.0,5940502.0,1273158.0,17.32,-41.69,46.14,False,PRICE|AVG_DOLLAR_VOLUME|MEDIAN_DOLLAR_VOLUME,AIAI Holdings Corporation - Class A common stock,NASDAQ
TNMG,2.84,10293909.0,5938697.0,198919.0,13.43,628.08,684.9,False,PRICE|AVG_DOLLAR_VOLUME|MEDIAN_DOLLAR_VOLUME,TNL Mediagene - Ordinary Shares,NASDAQ
GAU,2.07,2620127.0,5914423.0,5759742.0,4.01,1.72,8.87,False,PRICE|AVG_DOLLAR_VOLUME|MEDIAN_DOLLAR_VOLUME,Galiano Gold Inc.,NYSE American
SFST,62.75,94023.0,5889280.0,5130787.0,2.15,-2.29,2.93,False,SHARE_VOLUME|AVG_DOLLAR_VOLUME|MEDIAN_DOLLAR_VOLUME,"Southern First Bancshares, Inc. - Common Stock",NASDAQ
SPRB,55.1,101455.0,5866863.0,5383185.0,6.06,4.27,13.71,False,SHARE_VOLUME|AVG_DOLLAR_VOLUME|MEDIAN_DOLLAR_VOLUME,"Spruce Biosciences, Inc. - Common Stock",NASDAQ
LHAI,1.24,5292400.0,5865714.0,142608.0,11.34,64.13,33.98,False,PRICE|AVG_DOLLAR_VOLUME|MEDIAN_DOLLAR_VOLUME,Linkhome Holdings Inc. - Common stock,NASDAQ
SUJA,9.05,645796.0,5864703.0,5712026.0,7.9,34.87,17.84,False,SHARE_VOLUME|AVG_DOLLAR_VOLUME|MEDIAN_DOLLAR_VOLUME,"Suja Life, Inc. - Class A Common Stock",NASDAQ
IPST,2.75,644314.0,5856788.0,357449.0,22.11,-82.55,235.91,False,PRICE|SHARE_VOLUME|AVG_DOLLAR_VOLUME|MEDIAN_DOLLAR_VOLUME,"IP Strategy Holdings, Inc. - Common Stock",NASDAQ
OFRM,16.81,344676.0,5856397.0,5358678.0,4.72,-5.51,4.94,False,SHARE_VOLUME|AVG_DOLLAR_VOLUME|MEDIAN_DOLLAR_VOLUME,"Once Upon a Farm, PBC Common Stock",NYSE
XOS,2.51,1711529.0,5849850.0,1047132.0,10.8,-43.47,112.44,False,PRICE|AVG_DOLLAR_VOLUME|MEDIAN_DOLLAR_VOLUME,"Xos, Inc. - Common Stock",NASDAQ
NRDS,9.51,599698.0,5847250.0,5935160.0,2.66,-4.47,12.1,False,SHARE_VOLUME|AVG_DOLLAR_VOLUME|MEDIAN_DOLLAR_VOLUME,"NerdWallet, Inc. - Class A Common Stock",NASDAQ
FLGT,21.69,291021.0,5837991.0,5582839.0,3.11,16.8,6.3,False,SHARE_VOLUME|AVG_DOLLAR_VOLUME|MEDIAN_DOLLAR_VOLUME,"Fulgent Genetics, Inc. - Common Stock",NASDAQ
HAFC,32.19,185250.0,5826767.0,6027758.0,1.58,0.41,2.4,False,SHARE_VOLUME|AVG_DOLLAR_VOLUME|MEDIAN_DOLLAR_VOLUME|LOW_DAILY_RANGE,Hanmi Financial Corporation - Common Stock,NASDAQ
TLYS,4.45,1357342.0,5824313.0,1208178.0,9.23,21.25,15.49,False,PRICE|AVG_DOLLAR_VOLUME|MEDIAN_DOLLAR_VOLUME,"Tilly's, Inc. Common Stock",NYSE
RYAM,8.41,683917.0,5810168.0,5438384.0,3.23,0.24,10.39,False,SHARE_VOLUME|AVG_DOLLAR_VOLUME|MEDIAN_DOLLAR_VOLUME,Rayonier Advanced Materials Inc. Common Stock,NYSE
TRTX,7.36,754417.0,5809592.0,5351792.0,1.7,-6.77,2.03,False,SHARE_VOLUME|AVG_DOLLAR_VOLUME|MEDIAN_DOLLAR_VOLUME|LOW_DAILY_RANGE,"TPG RE Finance Trust, Inc. Common Stock",NYSE
IBCP,36.94,157298.0,5808907.0,5797137.0,1.57,-2.99,1.77,False,SHARE_VOLUME|AVG_DOLLAR_VOLUME|MEDIAN_DOLLAR_VOLUME|LOW_DAILY_RANGE,Independent Bank Corporation - Common Stock,NASDAQ
EIKN,8.62,546776.0,5806714.0,5484004.0,9.6,-26.01,12.46,False,SHARE_VOLUME|AVG_DOLLAR_VOLUME|MEDIAN_DOLLAR_VOLUME,"Eikon Therapeutics, Inc. - Common Stock",NASDAQ
PERI,8.87,628438.0,5802825.0,3094098.0,3.09,-7.99,3.26,False,SHARE_VOLUME|AVG_DOLLAR_VOLUME|MEDIAN_DOLLAR_VOLUME,Perion Network Ltd - Ordinary Shares,NASDAQ
LSPD,9.72,559675.0,5795875.0,5520124.0,2.66,-5.95,4.78,False,SHARE_VOLUME|AVG_DOLLAR_VOLUME|MEDIAN_DOLLAR_VOLUME,Lightspeed Commerce Inc. Subordinate Voting Shares,NYSE
GELS,0.62,7263230.0,5779421.0,27905.0,14.72,15.6,31.58,False,PRICE|AVG_DOLLAR_VOLUME|MEDIAN_DOLLAR_VOLUME,Gelteq Limited - Ordinary Shares,NASDAQ
ATS,19.24,298785.0,5777859.0,5558170.0,2.64,-0.26,3.35,False,SHARE_VOLUME|AVG_DOLLAR_VOLUME|MEDIAN_DOLLAR_VOLUME,ATS Corporation Common Shares,NYSE
TBN,39.24,148999.0,5777492.0,6254228.0,4.14,5.12,6.95,False,SHARE_VOLUME|AVG_DOLLAR_VOLUME|MEDIAN_DOLLAR_VOLUME,Tamboran Resources Corporation Common stock,NYSE
OPFI,7.12,786069.0,5758903.0,4809380.0,3.62,1.79,5.54,False,SHARE_VOLUME|AVG_DOLLAR_VOLUME|MEDIAN_DOLLAR_VOLUME,OppFi Inc. Class A Common Stock,NYSE
ASYS,13.98,388088.0,5729957.0,5040462.0,5.02,-17.18,6.46,False,SHARE_VOLUME|AVG_DOLLAR_VOLUME|MEDIAN_DOLLAR_VOLUME,"Amtech Systems, Inc. - Common Stock",NASDAQ
BFST,31.4,183207.0,5725448.0,5471454.0,1.46,-1.78,2.05,False,SHARE_VOLUME|AVG_DOLLAR_VOLUME|MEDIAN_DOLLAR_VOLUME|LOW_DAILY_RANGE,"Business First Bancshares, Inc. - Common Stock",NASDAQ
RRBI,102.45,56078.0,5705340.0,5341696.0,1.87,0.87,2.66,False,SHARE_VOLUME|AVG_DOLLAR_VOLUME|MEDIAN_DOLLAR_VOLUME|LOW_DAILY_RANGE,"Red River Bancshares, Inc. - Common Stock",NASDAQ
KYTX,7.05,705102.0,5693219.0,5069447.0,5.0,-17.06,9.55,False,SHARE_VOLUME|AVG_DOLLAR_VOLUME|MEDIAN_DOLLAR_VOLUME,"Kyverna Therapeutics, Inc. - Common Stock",NASDAQ
TVA,10.57,538201.0,5677991.0,911373.0,0.11,0.38,0.14,False,SHARE_VOLUME|AVG_DOLLAR_VOLUME|MEDIAN_DOLLAR_VOLUME|LOW_DAILY_RANGE,Texas Ventures Acquisition III Corp - Class A Ordinary Share,NASDAQ
BBSI,33.86,168510.0,5655814.0,5373086.0,2.88,3.01,5.87,False,SHARE_VOLUME|AVG_DOLLAR_VOLUME|MEDIAN_DOLLAR_VOLUME,"Barrett Business Services, Inc. - Common Stock",NASDAQ
NAK,1.26,3611664.0,5653630.0,5093469.0,5.57,-19.92,7.01,False,PRICE|AVG_DOLLAR_VOLUME|MEDIAN_DOLLAR_VOLUME,"Northern Dynasty Minerals, Ltd. Common Stock",NYSE American
RUSHB,53.95,109240.0,5651699.0,4466636.0,3.63,2.73,5.45,False,SHARE_VOLUME|AVG_DOLLAR_VOLUME|MEDIAN_DOLLAR_VOLUME,"Rush Enterprises, Inc. - Class B Common Stock",NASDAQ
SENS,9.04,606489.0,5644049.0,4877401.0,5.47,4.03,36.31,False,SHARE_VOLUME|AVG_DOLLAR_VOLUME|MEDIAN_DOLLAR_VOLUME,"Senseonics Holdings, Inc. - Common Stock",NASDAQ
HSTM,29.56,193541.0,5629241.0,5703903.0,2.49,3.68,2.33,False,SHARE_VOLUME|AVG_DOLLAR_VOLUME|MEDIAN_DOLLAR_VOLUME,"HealthStream, Inc. - Common Stock",NASDAQ
LGPS,0.82,4187779.0,5624957.0,71721.0,11.29,-8.47,74.91,False,PRICE|AVG_DOLLAR_VOLUME|MEDIAN_DOLLAR_VOLUME,LogProstyle Inc. Common Shares,NYSE American
IMTX,8.75,607889.0,5588081.0,5473021.0,4.5,-3.74,6.33,False,SHARE_VOLUME|AVG_DOLLAR_VOLUME|MEDIAN_DOLLAR_VOLUME,Immatics N.V. - Ordinary Shares,NASDAQ
MLR,55.14,99716.0,5551553.0,5066280.0,2.91,-2.07,7.04,False,SHARE_VOLUME|AVG_DOLLAR_VOLUME|MEDIAN_DOLLAR_VOLUME,"Miller Industries, Inc. Common Stock",NYSE
FEMY,2.53,2029670.0,5543141.0,376789.0,11.99,15.0,23.18,False,PRICE|AVG_DOLLAR_VOLUME|MEDIAN_DOLLAR_VOLUME,Femasys Inc. - Common Stock,NASDAQ
ALIT,12.1,404106.0,5538434.0,5508177.0,5.65,-9.87,8.04,False,SHARE_VOLUME|AVG_DOLLAR_VOLUME|MEDIAN_DOLLAR_VOLUME,"Alight, Inc. Class A Common Stock",NYSE
AVR,8.41,627162.0,5536203.0,4839460.0,4.39,-12.21,6.58,False,SHARE_VOLUME|AVG_DOLLAR_VOLUME|MEDIAN_DOLLAR_VOLUME,Anteris Technologies Global Corp. - Common Stock,NASDAQ
ASTL,4.3,1245811.0,5533221.0,3454923.0,6.03,5.13,17.11,False,PRICE|AVG_DOLLAR_VOLUME|MEDIAN_DOLLAR_VOLUME,Algoma Steel Group Inc. - Common Shares,NASDAQ
REI,1.52,3703673.0,5532810.0,4743312.0,3.94,5.56,5.0,False,PRICE|AVG_DOLLAR_VOLUME|MEDIAN_DOLLAR_VOLUME,"Ring Energy, Inc. Common Stock",NYSE American
AGNT,3.93,1344740.0,5532448.0,5375562.0,4.84,-10.36,7.97,False,PRICE|AVG_DOLLAR_VOLUME|MEDIAN_DOLLAR_VOLUME,"AGNT, Inc. - Common Stock",NASDAQ
ALVO,5.48,1096196.0,5510868.0,4043593.0,5.19,38.74,18.51,False,AVG_DOLLAR_VOLUME|MEDIAN_DOLLAR_VOLUME,Alvotech - Ordinary Shares,NASDAQ
TNXP,11.69,421697.0,5509335.0,5046644.0,4.88,-7.66,9.72,False,SHARE_VOLUME|AVG_DOLLAR_VOLUME|MEDIAN_DOLLAR_VOLUME,Tonix Pharmaceuticals Holding Corp. - Common Stock,NASDAQ
CBIO,17.72,291155.0,5494094.0,4719572.0,7.09,6.17,10.03,False,SHARE_VOLUME|AVG_DOLLAR_VOLUME|MEDIAN_DOLLAR_VOLUME,"Crescent Biopharma, Inc. - Common Stock",NASDAQ
WASH,39.81,138694.0,5488483.0,5272807.0,1.82,-0.83,2.33,False,SHARE_VOLUME|AVG_DOLLAR_VOLUME|MEDIAN_DOLLAR_VOLUME|LOW_DAILY_RANGE,"Washington Trust Bancorp, Inc. - Common Stock",NASDAQ
CARS,11.56,463990.0,5487067.0,5355506.0,3.19,-2.57,4.94,False,SHARE_VOLUME|AVG_DOLLAR_VOLUME|MEDIAN_DOLLAR_VOLUME,Cars.com Inc. Common Stock ,NYSE
HIPO,32.23,165902.0,5477295.0,5140107.0,2.82,-2.19,3.28,False,SHARE_VOLUME|AVG_DOLLAR_VOLUME|MEDIAN_DOLLAR_VOLUME,Hippo Holdings Inc. Common Stock,NYSE
FISI,40.71,134726.0,5472924.0,4858039.0,1.75,-1.3,2.0,False,SHARE_VOLUME|AVG_DOLLAR_VOLUME|MEDIAN_DOLLAR_VOLUME|LOW_DAILY_RANGE,"Financial Institutions, Inc. - Common Stock",NASDAQ
MCFT,19.37,244927.0,5456925.0,4391856.0,4.91,-22.95,3.51,False,SHARE_VOLUME|AVG_DOLLAR_VOLUME|MEDIAN_DOLLAR_VOLUME,"MasterCraft Boat Holdings, Inc. - Common Stock",NASDAQ
CMPX,1.82,2400236.0,5453725.0,5281587.0,5.1,-23.85,8.04,False,PRICE|AVG_DOLLAR_VOLUME|MEDIAN_DOLLAR_VOLUME,"Compass Therapeutics, Inc. - Common Stock",NASDAQ
GSM,4.34,1278720.0,5452478.0,4826135.0,4.86,4.45,21.35,False,PRICE|AVG_DOLLAR_VOLUME|MEDIAN_DOLLAR_VOLUME,Ferroglobe PLC - Ordinary Shares,NASDAQ
GABC,49.66,109645.0,5446871.0,5503911.0,1.77,-2.51,1.47,False,SHARE_VOLUME|AVG_DOLLAR_VOLUME|MEDIAN_DOLLAR_VOLUME|LOW_DAILY_RANGE,"German American Bancorp, Inc. - Common Stock",NASDAQ
TDUP,2.49,2018555.0,5444785.0,5086928.0,5.17,-11.21,7.54,False,PRICE|AVG_DOLLAR_VOLUME|MEDIAN_DOLLAR_VOLUME,ThredUp Inc. - Class A Common Stock,NASDAQ
IPW,1.86,2100312.0,5443284.0,168160.0,14.4,-39.36,36.27,False,PRICE|AVG_DOLLAR_VOLUME|MEDIAN_DOLLAR_VOLUME,iPower Inc. - Common Stock,NASDAQ
TR,38.16,136216.0,5433608.0,5623209.0,2.17,-5.8,2.45,False,SHARE_VOLUME|AVG_DOLLAR_VOLUME|MEDIAN_DOLLAR_VOLUME,"Tootsie Roll Industries, Inc. Common Stock",NYSE
AZI,1.23,3302009.0,5422260.0,103166.0,8.9,6.81,58.42,False,PRICE|AVG_DOLLAR_VOLUME|MEDIAN_DOLLAR_VOLUME,Autozi Internet Technology (Global) Ltd. - Class A Ordinary Shares,NASDAQ
STTK,6.03,776953.0,5418435.0,4848681.0,4.46,-19.06,4.91,False,SHARE_VOLUME|AVG_DOLLAR_VOLUME|MEDIAN_DOLLAR_VOLUME,"Shattuck Labs, Inc. - Common Stock",NASDAQ
FMBH,50.87,107224.0,5414822.0,5619232.0,1.7,-1.15,1.69,False,SHARE_VOLUME|AVG_DOLLAR_VOLUME|MEDIAN_DOLLAR_VOLUME|LOW_DAILY_RANGE,"First Mid Bancshares, Inc. - Common Stock",NASDAQ
KIDS,23.11,228068.0,5412718.0,4535265.0,3.74,-9.37,6.85,False,SHARE_VOLUME|AVG_DOLLAR_VOLUME|MEDIAN_DOLLAR_VOLUME,OrthoPediatrics Corp. - Common Stock,NASDAQ
CAAP,23.67,228822.0,5399973.0,5273955.0,3.09,6.97,4.72,False,SHARE_VOLUME|AVG_DOLLAR_VOLUME|MEDIAN_DOLLAR_VOLUME,Corporacion America Airports SA Common Shares,NYSE
VIVK,0.62,5922590.0,5360942.0,1341289.0,12.58,-47.48,14.95,False,PRICE|AVG_DOLLAR_VOLUME|MEDIAN_DOLLAR_VOLUME,"Vivakor, Inc. - Common Stock",NASDAQ
JCAP,20.87,247886.0,5350585.0,5064354.0,3.12,-9.53,11.06,False,SHARE_VOLUME|AVG_DOLLAR_VOLUME|MEDIAN_DOLLAR_VOLUME,"Jefferson Capital, Inc. - Common Stock",NASDAQ
SOPH,7.99,647592.0,5335725.0,5433762.0,5.53,4.86,15.25,False,SHARE_VOLUME|AVG_DOLLAR_VOLUME|MEDIAN_DOLLAR_VOLUME,SOPHiA GENETICS SA - Ordinary Shares,NASDAQ
ALTO,4.08,1303633.0,5315928.0,5235391.0,4.26,-3.77,4.78,False,PRICE|AVG_DOLLAR_VOLUME|MEDIAN_DOLLAR_VOLUME,"Alto Ingredients, Inc. - Common Stock",NASDAQ
PGC,45.36,116866.0,5309912.0,5071918.0,1.96,-2.16,1.91,False,SHARE_VOLUME|AVG_DOLLAR_VOLUME|MEDIAN_DOLLAR_VOLUME|LOW_DAILY_RANGE,Peapack-Gladstone Financial Corporation - Common Stock,NASDAQ
CPF,37.81,141685.0,5308249.0,4783288.0,2.01,0.39,1.82,False,SHARE_VOLUME|AVG_DOLLAR_VOLUME|MEDIAN_DOLLAR_VOLUME,Central Pacific Financial Corp New,NYSE
IMXI,13.57,373202.0,5302931.0,4248421.0,1.81,-6.54,24.7,False,SHARE_VOLUME|AVG_DOLLAR_VOLUME|MEDIAN_DOLLAR_VOLUME|LOW_DAILY_RANGE,"International Money Express, Inc. - Common Stock",NASDAQ
GCMG,12.75,398320.0,5296803.0,4306499.0,2.29,-5.84,2.06,False,SHARE_VOLUME|AVG_DOLLAR_VOLUME|MEDIAN_DOLLAR_VOLUME,GCM Grosvenor Inc. - Class A Common Stock,NASDAQ
CRNC,7.99,644115.0,5296207.0,5283061.0,4.53,-5.69,5.94,False,SHARE_VOLUME|AVG_DOLLAR_VOLUME|MEDIAN_DOLLAR_VOLUME,Cerence Inc. - Common Stock,NASDAQ
BCSF,11.12,467050.0,5295116.0,5030689.0,1.88,-4.36,2.05,False,SHARE_VOLUME|AVG_DOLLAR_VOLUME|MEDIAN_DOLLAR_VOLUME|LOW_DAILY_RANGE,"Bain Capital Specialty Finance, Inc. Common Stock",NYSE
RCKT,3.48,1459055.0,5286442.0,4280777.0,5.92,4.34,9.28,False,PRICE|AVG_DOLLAR_VOLUME|MEDIAN_DOLLAR_VOLUME,"Rocket Pharmaceuticals, Inc. - Common Stock",NASDAQ
PTLO,3.81,1192760.0,5285009.0,5003204.0,4.06,-19.45,5.57,False,PRICE|AVG_DOLLAR_VOLUME|MEDIAN_DOLLAR_VOLUME,Portillo's Inc. - Class A Common Stock,NASDAQ
BGSI,85.15,60368.0,5284029.0,3629044.0,3.84,-8.79,10.85,False,SHARE_VOLUME|AVG_DOLLAR_VOLUME|MEDIAN_DOLLAR_VOLUME,Boyd Group Services Inc. Common Shares,NYSE
GOGO,2.55,1990871.0,5283034.0,5666182.0,6.09,-2.67,7.17,False,PRICE|AVG_DOLLAR_VOLUME|MEDIAN_DOLLAR_VOLUME,Gogo Inc. - Common Stock,NASDAQ
LXRX,2.02,2403944.0,5277108.0,4316404.0,4.01,-16.53,5.5,False,PRICE|AVG_DOLLAR_VOLUME|MEDIAN_DOLLAR_VOLUME,"Lexicon Pharmaceuticals, Inc. - Common Stock",NASDAQ
CPS,23.46,207052.0,5272462.0,4560559.0,4.11,-15.85,13.64,False,SHARE_VOLUME|AVG_DOLLAR_VOLUME|MEDIAN_DOLLAR_VOLUME,Cooper-Standard Holdings Inc. Common Stock,NYSE
CYAB,0.3,11749716.0,5264371.0,83803.0,15.49,-1.63,45.16,False,PRICE|AVG_DOLLAR_VOLUME|MEDIAN_DOLLAR_VOLUME,"Cyabra, Inc. - Common Stock",NASDAQ
IBEX,39.92,136055.0,5254142.0,4130129.0,4.22,12.63,6.82,False,SHARE_VOLUME|AVG_DOLLAR_VOLUME|MEDIAN_DOLLAR_VOLUME,IBEX Limited - Common Share,NASDAQ
OGG,2.68,1724556.0,5250735.0,3175415.0,4.21,-0.74,11.57,False,PRICE|AVG_DOLLAR_VOLUME|MEDIAN_DOLLAR_VOLUME,Osisko Gold Group Inc. Common Shares,NYSE
CMRE,15.16,343377.0,5245972.0,5282640.0,2.68,1.54,3.44,False,SHARE_VOLUME|AVG_DOLLAR_VOLUME|MEDIAN_DOLLAR_VOLUME,Costamare Inc. Common Stock $0.0001 par value,NYSE
FMNB,15.89,336152.0,5239561.0,5260339.0,1.68,0.33,2.34,False,SHARE_VOLUME|AVG_DOLLAR_VOLUME|MEDIAN_DOLLAR_VOLUME|LOW_DAILY_RANGE,Farmers National Banc Corp. - Common Stock,NASDAQ
LGCL,3.32,797648.0,5235293.0,1673493.0,21.09,-89.02,29.55,False,PRICE|SHARE_VOLUME|AVG_DOLLAR_VOLUME|MEDIAN_DOLLAR_VOLUME,Lucas GC Limited - Class A Ordinary Shares,NASDAQ
SSMR,16.18,297884.0,5220800.0,5211691.0,6.62,1.51,10.11,False,SHARE_VOLUME|AVG_DOLLAR_VOLUME|MEDIAN_DOLLAR_VOLUME,Sunshine Silver Mining & Refining Company Common Stock,NYSE
BRSP,4.34,1116865.0,5175778.0,4544383.0,2.0,-10.41,1.39,False,PRICE|AVG_DOLLAR_VOLUME|MEDIAN_DOLLAR_VOLUME|LOW_DAILY_RANGE,"BrightSpire Capital, Inc. Class A Common Stock",NYSE
DSS,0.72,6105623.0,5170891.0,32743.0,11.8,29.37,53.99,False,PRICE|AVG_DOLLAR_VOLUME|MEDIAN_DOLLAR_VOLUME,"DSS, Inc. Common Stock",NYSE American
SWIM,6.45,758908.0,5159643.0,4941081.0,4.45,-7.8,28.07,False,SHARE_VOLUME|AVG_DOLLAR_VOLUME|MEDIAN_DOLLAR_VOLUME,"Latham Group, Inc. - Common Stock",NASDAQ
CRTO,17.08,293259.0,5143219.0,4232371.0,3.13,-4.45,5.11,False,SHARE_VOLUME|AVG_DOLLAR_VOLUME|MEDIAN_DOLLAR_VOLUME,Criteo S.A. - Ordinary Shares,NASDAQ
IA,18.62,263041.0,5142293.0,4579199.0,4.95,-19.29,13.11,False,SHARE_VOLUME|AVG_DOLLAR_VOLUME|MEDIAN_DOLLAR_VOLUME,"Innovative Solutions and Support, Inc. - Common Stock",NASDAQ
GLAS,8.1,586438.0,5139320.0,4348064.0,5.52,-13.51,4.65,False,SHARE_VOLUME|AVG_DOLLAR_VOLUME|MEDIAN_DOLLAR_VOLUME,Glass House Brands Inc. Subordinate Voting Shares,NYSE
BRBS,3.98,1290878.0,5135621.0,4466252.0,2.02,0.63,8.4,False,PRICE|AVG_DOLLAR_VOLUME|MEDIAN_DOLLAR_VOLUME,"Blue Ridge Bankshares, Inc. Common Stock",NYSE American
TYG,42.38,118024.0,5133148.0,5265336.0,1.54,-3.75,1.91,False,SHARE_VOLUME|AVG_DOLLAR_VOLUME|MEDIAN_DOLLAR_VOLUME|LOW_DAILY_RANGE,Tortoise Energy Infrastructure Corporation Common Stock,NYSE
ACNB,64.78,79110.0,5098852.0,4682641.0,2.33,1.58,1.91,False,SHARE_VOLUME|AVG_DOLLAR_VOLUME|MEDIAN_DOLLAR_VOLUME,ACNB Corporation - Common Stock,NASDAQ
AKAN,2.76,1463685.0,5098129.0,714250.0,10.73,-43.31,33.6,False,PRICE|AVG_DOLLAR_VOLUME|MEDIAN_DOLLAR_VOLUME,Akanda Corp. - Common Shares,NASDAQ
CLB,11.93,411972.0,5094560.0,5077712.0,3.5,-4.71,7.76,False,SHARE_VOLUME|AVG_DOLLAR_VOLUME|MEDIAN_DOLLAR_VOLUME,Core Laboratories Inc. Common Stock,NYSE
SBGI,14.12,363856.0,5093003.0,5110735.0,2.92,0.07,6.11,False,SHARE_VOLUME|AVG_DOLLAR_VOLUME|MEDIAN_DOLLAR_VOLUME,"Sinclair, Inc. - Class A Common Stock",NASDAQ
PFLT,7.07,703186.0,5086486.0,5188090.0,1.64,-2.28,3.01,False,SHARE_VOLUME|AVG_DOLLAR_VOLUME|MEDIAN_DOLLAR_VOLUME|LOW_DAILY_RANGE,PennantPark Floating Rate Capital Ltd. Common Stock,NYSE
EVGO,1.42,3600077.0,5086188.0,4542166.0,5.53,-5.0,15.2,False,PRICE|AVG_DOLLAR_VOLUME|MEDIAN_DOLLAR_VOLUME,EVgo Inc. - Common Stock,NASDAQ
GILT,9.85,503663.0,5083645.0,4867887.0,3.54,-9.42,3.67,False,SHARE_VOLUME|AVG_DOLLAR_VOLUME|MEDIAN_DOLLAR_VOLUME,Gilat Satellite Networks Ltd. - Ordinary Shares,NASDAQ
RLMD,4.26,1153453.0,5081376.0,4423491.0,4.72,-12.16,11.06,False,PRICE|AVG_DOLLAR_VOLUME|MEDIAN_DOLLAR_VOLUME,"Relmada Therapeutics, Inc. - Common Stock",NASDAQ
CHOW,0.51,8016183.0,5074963.0,96618.0,14.02,32.57,68.42,False,PRICE|AVG_DOLLAR_VOLUME|MEDIAN_DOLLAR_VOLUME,ChowChow Cloud International Holdings Limited Ordinary Shares,NYSE American
PMTS,24.29,201682.0,5069207.0,2604725.0,4.16,-12.53,13.37,False,SHARE_VOLUME|AVG_DOLLAR_VOLUME|MEDIAN_DOLLAR_VOLUME,CPI Card Group Inc. - Common Stock,NASDAQ
AII,26.33,195009.0,5066714.0,4428483.0,3.39,4.24,13.47,False,SHARE_VOLUME|AVG_DOLLAR_VOLUME|MEDIAN_DOLLAR_VOLUME,"American Integrity Insurance Group, Inc. Common Stock",NYSE
KYIV,13.16,372314.0,5064926.0,4561366.0,3.02,2.05,5.0,False,SHARE_VOLUME|AVG_DOLLAR_VOLUME|MEDIAN_DOLLAR_VOLUME,Kyivstar Group Ltd. - Common Shares,NASDAQ
CHCT,14.6,340809.0,5050156.0,4575576.0,1.92,0.97,2.28,False,SHARE_VOLUME|AVG_DOLLAR_VOLUME|MEDIAN_DOLLAR_VOLUME|LOW_DAILY_RANGE,Community Healthcare Trust Incorporated Common Stock,NYSE
ITRN,51.79,97822.0,5014813.0,4747006.0,2.36,-0.42,2.68,False,SHARE_VOLUME|AVG_DOLLAR_VOLUME|MEDIAN_DOLLAR_VOLUME,Ituran Location and Control Ltd. - Ordinary Shares,NASDAQ
GRML,3.09,817663.0,5005110.0,2254040.0,14.64,-67.13,22.29,False,PRICE|SHARE_VOLUME|AVG_DOLLAR_VOLUME|MEDIAN_DOLLAR_VOLUME,Greenland Mines Ltd - Common Stock,NASDAQ
RXST,5.49,775452.0,4999392.0,3965530.0,5.99,-13.74,7.15,False,SHARE_VOLUME|AVG_DOLLAR_VOLUME|MEDIAN_DOLLAR_VOLUME,"RxSight, Inc. - Common Stock",NASDAQ
BAK,1.83,2836695.0,4996481.0,3442565.0,7.53,-7.36,19.39,False,PRICE|AVG_DOLLAR_VOLUME|MEDIAN_DOLLAR_VOLUME,Braskem SA ADR,NYSE
BDN,2.93,1632007.0,4996001.0,4408794.0,2.78,-1.68,4.95,False,PRICE|AVG_DOLLAR_VOLUME|MEDIAN_DOLLAR_VOLUME,Brandywine Realty Trust Common Stock,NYSE
ADUR,12.51,351831.0,4987522.0,4286475.0,4.72,-19.96,9.43,False,SHARE_VOLUME|AVG_DOLLAR_VOLUME|MEDIAN_DOLLAR_VOLUME,Aduro Clean Technologies Inc. - Common Stock,NASDAQ
BIOA,7.8,533768.0,4987379.0,4784328.0,5.36,-25.43,7.78,False,SHARE_VOLUME|AVG_DOLLAR_VOLUME|MEDIAN_DOLLAR_VOLUME,"BioAge Labs, Inc. - Common Stock",NASDAQ
SSTK,4.99,920664.0,4983686.0,4399348.0,5.38,-7.17,8.74,False,PRICE|SHARE_VOLUME|AVG_DOLLAR_VOLUME|MEDIAN_DOLLAR_VOLUME,"Shutterstock, Inc. Common Stock",NYSE
ARBE,0.67,6683607.0,4974034.0,518451.0,7.34,-17.6,16.82,False,PRICE|AVG_DOLLAR_VOLUME|MEDIAN_DOLLAR_VOLUME,Arbe Robotics Ltd. - Ordinary Shares,NASDAQ
CYD,33.81,128909.0,4939407.0,4044897.0,4.55,-25.9,3.02,False,SHARE_VOLUME|AVG_DOLLAR_VOLUME|MEDIAN_DOLLAR_VOLUME,China Yuchai International Limited Common Stock,NYSE
GDRX,3.44,1406820.0,4936453.0,3791808.0,3.52,-5.62,13.76,False,PRICE|AVG_DOLLAR_VOLUME|MEDIAN_DOLLAR_VOLUME,"GoodRx Holdings, Inc. - Class A Common Stock",NASDAQ
XMAX,8.77,563048.0,4934408.0,4474682.0,2.56,-1.13,4.88,False,SHARE_VOLUME|AVG_DOLLAR_VOLUME|MEDIAN_DOLLAR_VOLUME,"XMAX, Inc. - Common Stock",NASDAQ
LASE,0.78,5488670.0,4919000.0,1592736.0,11.08,-42.27,14.53,False,PRICE|AVG_DOLLAR_VOLUME|MEDIAN_DOLLAR_VOLUME,Laser Photonics Corporation - Common Stock,NASDAQ
PESI,18.27,272871.0,4906840.0,4164580.0,4.54,5.36,11.35,False,SHARE_VOLUME|AVG_DOLLAR_VOLUME|MEDIAN_DOLLAR_VOLUME,"Perma-Fix Environmental Services, Inc. - Common Stock",NASDAQ
ODTX,22.45,195406.0,4897517.0,4767184.0,8.55,2.3,10.48,False,SHARE_VOLUME|AVG_DOLLAR_VOLUME|MEDIAN_DOLLAR_VOLUME,"Odyssey Therapeutics, Inc. - Common Stock",NASDAQ
ANGO,15.65,312339.0,4873320.0,4762740.0,2.84,-1.07,3.84,False,SHARE_VOLUME|AVG_DOLLAR_VOLUME|MEDIAN_DOLLAR_VOLUME,"AngioDynamics, Inc. - Common Stock",NASDAQ
EQBK,49.83,97239.0,4864405.0,4731728.0,2.03,-2.58,2.88,False,SHARE_VOLUME|AVG_DOLLAR_VOLUME|MEDIAN_DOLLAR_VOLUME,"Equity Bancshares, Inc. Class A Common Stock",NYSE
TWFG,27.7,168503.0,4862851.0,5150133.0,5.0,3.44,5.4,False,SHARE_VOLUME|AVG_DOLLAR_VOLUME|MEDIAN_DOLLAR_VOLUME,"TWFG, Inc. - Common Stock",NASDAQ
LDI,0.71,5807113.0,4862399.0,3620692.0,8.77,-17.11,10.32,False,PRICE|AVG_DOLLAR_VOLUME|MEDIAN_DOLLAR_VOLUME,"loanDepot, Inc. Class A Common Stock",NYSE
ZUMZ,13.54,298300.0,4854603.0,3579908.0,3.95,-24.99,4.58,False,SHARE_VOLUME|AVG_DOLLAR_VOLUME|MEDIAN_DOLLAR_VOLUME,Zumiez Inc. - Common Stock,NASDAQ
CAC,57.95,84828.0,4847503.0,4795694.0,3.49,-0.5,1.64,False,SHARE_VOLUME|AVG_DOLLAR_VOLUME|MEDIAN_DOLLAR_VOLUME,Camden National Corporation - Common Stock,NASDAQ
FULC,3.81,1257866.0,4837792.0,5031230.0,1.83,-1.68,3.18,False,PRICE|AVG_DOLLAR_VOLUME|MEDIAN_DOLLAR_VOLUME|LOW_DAILY_RANGE,"Fulcrum Therapeutics, Inc. - Common Stock",NASDAQ
AURA,6.89,648106.0,4821844.0,4140791.0,4.6,-15.5,7.52,False,SHARE_VOLUME|AVG_DOLLAR_VOLUME|MEDIAN_DOLLAR_VOLUME,"Aura Biosciences, Inc. - Common Stock",NASDAQ
CHMG,84.24,57823.0,4819589.0,4416282.0,2.2,0.69,5.02,False,SHARE_VOLUME|AVG_DOLLAR_VOLUME|MEDIAN_DOLLAR_VOLUME,Chemung Financial Corp  - Common Stock,NASDAQ
OTLK,0.69,7408558.0,4818892.0,3921820.0,6.88,-1.06,12.75,False,PRICE|AVG_DOLLAR_VOLUME|MEDIAN_DOLLAR_VOLUME,"Outlook Therapeutics, Inc. - Common Stock",NASDAQ
DOMO,3.84,1259860.0,4810274.0,4255822.0,3.53,2.4,3.44,False,PRICE|AVG_DOLLAR_VOLUME|MEDIAN_DOLLAR_VOLUME,"Domo, Inc. - Class B Common Stock",NASDAQ
NEXN,9.21,491926.0,4792314.0,4713312.0,3.93,-10.06,5.54,False,SHARE_VOLUME|AVG_DOLLAR_VOLUME|MEDIAN_DOLLAR_VOLUME,Nexxen International Ltd. - Ordinary Shares,NASDAQ
SMBK,51.84,93465.0,4776221.0,4212460.0,2.09,-0.13,1.86,False,SHARE_VOLUME|AVG_DOLLAR_VOLUME|MEDIAN_DOLLAR_VOLUME,"SmartFinancial, Inc. Common Stock",NYSE
GHRS,27.68,170022.0,4769113.0,4019888.0,3.92,-6.89,5.18,False,SHARE_VOLUME|AVG_DOLLAR_VOLUME|MEDIAN_DOLLAR_VOLUME,GH Research PLC - Ordinary Shares,NASDAQ
TBCH,12.54,377295.0,4759631.0,3586017.0,3.94,1.13,11.16,False,SHARE_VOLUME|AVG_DOLLAR_VOLUME|MEDIAN_DOLLAR_VOLUME,Turtle Beach Corporation - Common Stock,NASDAQ
VMET,9.16,461047.0,4758419.0,3479207.0,4.32,-8.26,5.21,False,SHARE_VOLUME|AVG_DOLLAR_VOLUME|MEDIAN_DOLLAR_VOLUME,Versamet Royalties Corporation - Common Stock,NASDAQ
SPFI,44.27,106999.0,4747670.0,4691826.0,1.88,-2.06,1.99,False,SHARE_VOLUME|AVG_DOLLAR_VOLUME|MEDIAN_DOLLAR_VOLUME|LOW_DAILY_RANGE,"South Plains Financial, Inc. - Common Stock",NASDAQ
NVCT,21.75,198875.0,4745235.0,4443359.0,6.62,4.02,11.57,False,SHARE_VOLUME|AVG_DOLLAR_VOLUME|MEDIAN_DOLLAR_VOLUME,"Nuvectis Pharma, Inc. - Common Stock",NASDAQ
AOUT,15.61,335087.0,4737778.0,587172.0,5.78,35.42,44.66,False,SHARE_VOLUME|AVG_DOLLAR_VOLUME|MEDIAN_DOLLAR_VOLUME,"American Outdoor Brands, Inc. - Common Stock",NASDAQ
SCZM,8.45,489780.0,4729135.0,4516791.0,5.85,0.95,13.98,False,SHARE_VOLUME|AVG_DOLLAR_VOLUME|MEDIAN_DOLLAR_VOLUME,Santacruz Silver Mining Ltd. - Common Shares,NASDAQ
OLOX,0.72,3258056.0,4725224.0,844519.0,18.12,-72.31,10.78,False,PRICE|AVG_DOLLAR_VOLUME|MEDIAN_DOLLAR_VOLUME,Olenox Industries Inc. - Common Stock,NASDAQ
MVST,0.59,6688830.0,4721217.0,4472501.0,6.08,-22.61,15.86,False,PRICE|AVG_DOLLAR_VOLUME|MEDIAN_DOLLAR_VOLUME,"Microvast Holdings, Inc. - Common Stock",NASDAQ
AIRJ,4.09,1014228.0,4712439.0,4083093.0,4.82,-23.11,7.93,False,PRICE|AVG_DOLLAR_VOLUME|MEDIAN_DOLLAR_VOLUME,AirJoule Technologies Corporation - Class A Common Stock,NASDAQ
ZIP,3.88,1101059.0,4682722.0,4078574.0,7.63,-22.03,10.12,False,PRICE|AVG_DOLLAR_VOLUME|MEDIAN_DOLLAR_VOLUME,"ZipRecruiter, Inc. Class A Common Stock",NYSE
STRO,15.91,253124.0,4681048.0,2978773.0,5.95,-27.79,8.79,False,SHARE_VOLUME|AVG_DOLLAR_VOLUME|MEDIAN_DOLLAR_VOLUME,"Sutro Biopharma, Inc. - Common Stock",NASDAQ
STRZ,26.86,172239.0,4671581.0,3670639.0,5.33,5.17,11.96,False,SHARE_VOLUME|AVG_DOLLAR_VOLUME|MEDIAN_DOLLAR_VOLUME,Starz Entertainment Corp. - Common Shares,NASDAQ
CCNE,34.39,136585.0,4652174.0,4257097.0,1.97,-0.68,2.06,False,SHARE_VOLUME|AVG_DOLLAR_VOLUME|MEDIAN_DOLLAR_VOLUME|LOW_DAILY_RANGE,CNB Financial Corporation - Common Stock,NASDAQ
UPXI,0.94,4414186.0,4637342.0,4018024.0,8.09,19.95,15.76,False,PRICE|AVG_DOLLAR_VOLUME|MEDIAN_DOLLAR_VOLUME,"Upexi, Inc. - Common Stock",NASDAQ
RGR,37.45,122073.0,4628611.0,4480723.0,2.12,-0.4,3.41,False,SHARE_VOLUME|AVG_DOLLAR_VOLUME|MEDIAN_DOLLAR_VOLUME,"Sturm, Ruger & Company, Inc. Common Stock",NYSE
SRTA,5.24,820748.0,4626421.0,4732118.0,3.9,-8.07,5.03,False,SHARE_VOLUME|AVG_DOLLAR_VOLUME|MEDIAN_DOLLAR_VOLUME,"Strata Critical Medical, Inc. - Class A Common Stock",NASDAQ
CWBC,26.21,177455.0,4622222.0,4122585.0,1.92,0.23,2.29,False,SHARE_VOLUME|AVG_DOLLAR_VOLUME|MEDIAN_DOLLAR_VOLUME|LOW_DAILY_RANGE,Community West Bancshares - Common Stock,NASDAQ
WNW,2.71,1586024.0,4609284.0,128484.0,5.66,4.42,33.47,False,PRICE|AVG_DOLLAR_VOLUME|MEDIAN_DOLLAR_VOLUME,Meiwu Technology Company Limited - Ordinary Shares,NASDAQ
AEBI,12.18,371820.0,4590188.0,3730660.0,4.62,1.03,6.22,False,SHARE_VOLUME|AVG_DOLLAR_VOLUME|MEDIAN_DOLLAR_VOLUME,Aebi Schmidt Holding AG - Common Stock,NASDAQ
INV,0.74,3831281.0,4584977.0,3903931.0,9.82,-44.32,16.23,False,PRICE|AVG_DOLLAR_VOLUME|MEDIAN_DOLLAR_VOLUME,"Innventure, Inc. - Common Stock",NASDAQ
WBTN,10.8,451699.0,4562001.0,4008063.0,5.67,30.85,10.79,False,SHARE_VOLUME|AVG_DOLLAR_VOLUME|MEDIAN_DOLLAR_VOLUME,WEBTOON Entertainment Inc. - Common stock,NASDAQ
PDEX,72.2,69963.0,4560999.0,3941267.0,5.58,7.94,18.88,False,SHARE_VOLUME|AVG_DOLLAR_VOLUME|MEDIAN_DOLLAR_VOLUME,"Pro-Dex, Inc. - Common Stock",NASDAQ
KELYA,16.35,273340.0,4560823.0,4172270.0,2.73,-0.43,5.63,False,SHARE_VOLUME|AVG_DOLLAR_VOLUME|MEDIAN_DOLLAR_VOLUME,"Kelly Services, Inc. - Class A Common Stock",NASDAQ
OPK,1.63,2928634.0,4551048.0,3780827.0,4.59,20.22,11.18,False,PRICE|AVG_DOLLAR_VOLUME|MEDIAN_DOLLAR_VOLUME,"Opko Health, Inc. - Common Stock",NASDAQ
HBCP,69.74,65604.0,4550586.0,4579941.0,1.91,-2.39,2.02,False,SHARE_VOLUME|AVG_DOLLAR_VOLUME|MEDIAN_DOLLAR_VOLUME|LOW_DAILY_RANGE,"Home Bancorp, Inc. - Common Stock",NASDAQ
WSHP,5.61,741625.0,4516561.0,226337.0,9.83,17.86,31.88,False,SHARE_VOLUME|AVG_DOLLAR_VOLUME|MEDIAN_DOLLAR_VOLUME,WeShop Holdings Limited - Class A Ordinary Shares,NASDAQ
SAFE,13.91,305501.0,4510179.0,3887239.0,2.18,-6.01,2.7,False,SHARE_VOLUME|AVG_DOLLAR_VOLUME|MEDIAN_DOLLAR_VOLUME,Safehold Inc. New Common Stock ,NYSE
IIIN,30.58,147890.0,4509687.0,4316357.0,2.37,-4.43,2.34,False,SHARE_VOLUME|AVG_DOLLAR_VOLUME|MEDIAN_DOLLAR_VOLUME,"Insteel Industries, Inc. Common Stock",NYSE
BSTZ,28.18,155438.0,4503721.0,4379845.0,2.16,-4.21,2.79,False,SHARE_VOLUME|AVG_DOLLAR_VOLUME|MEDIAN_DOLLAR_VOLUME,BlackRock Science and Technology Term Trust Common Shares of Beneficial Interest,NYSE
TCBX,45.02,99740.0,4501696.0,4164440.0,2.36,-1.36,2.65,False,SHARE_VOLUME|AVG_DOLLAR_VOLUME|MEDIAN_DOLLAR_VOLUME,"Third Coast Bancshares, Inc. Common Stock",NYSE
SST,3.12,1332962.0,4500616.0,799711.0,15.44,52.95,38.24,False,PRICE|AVG_DOLLAR_VOLUME|MEDIAN_DOLLAR_VOLUME,"System1, Inc. Class A Common Stock",NYSE
CASS,55.38,80133.0,4488688.0,3967201.0,2.78,-3.47,1.92,False,SHARE_VOLUME|AVG_DOLLAR_VOLUME|MEDIAN_DOLLAR_VOLUME,"Cass Information Systems, Inc - Common Stock",NASDAQ
KE,24.76,186480.0,4485834.0,4432075.0,3.51,0.61,5.27,False,SHARE_VOLUME|AVG_DOLLAR_VOLUME|MEDIAN_DOLLAR_VOLUME,"Kimball Electronics, Inc. - Common Stock",NASDAQ
AEON,0.26,16335650.0,4484384.0,339218.0,17.55,4.29,25.54,False,PRICE|AVG_DOLLAR_VOLUME|MEDIAN_DOLLAR_VOLUME,"AEON Biopharma, Inc. Class A Common Stock",NYSE American
CENT,40.74,104458.0,4473307.0,4094280.0,2.23,-7.99,5.63,False,SHARE_VOLUME|AVG_DOLLAR_VOLUME|MEDIAN_DOLLAR_VOLUME,Central Garden & Pet Company - Common Stock,NASDAQ
INO,1.1,3489244.0,4470856.0,4404721.0,7.64,-8.33,21.11,False,PRICE|AVG_DOLLAR_VOLUME|MEDIAN_DOLLAR_VOLUME,"Inovio Pharmaceuticals, Inc. - Common Stock",NASDAQ
NXDR,2.47,1932592.0,4466188.0,4038257.0,3.82,0.0,6.06,False,PRICE|AVG_DOLLAR_VOLUME|MEDIAN_DOLLAR_VOLUME,"Nextdoor Holdings, Inc. Class A Common Stock",NYSE
PRPO,26.25,159611.0,4460941.0,3076030.0,7.39,6.32,12.8,False,SHARE_VOLUME|AVG_DOLLAR_VOLUME|MEDIAN_DOLLAR_VOLUME,"Precipio, Inc. - Common Stock",NASDAQ
MTA,9.66,412442.0,4434062.0,3583507.0,4.34,-1.13,11.46,False,SHARE_VOLUME|AVG_DOLLAR_VOLUME|MEDIAN_DOLLAR_VOLUME,Metalla Royalty & Streaming Ltd. Common Shares,NYSE American
MG,19.72,229863.0,4433959.0,3879596.0,3.81,8.35,17.73,False,SHARE_VOLUME|AVG_DOLLAR_VOLUME|MEDIAN_DOLLAR_VOLUME,Mistras Group Inc Common Stock,NYSE
BIT,11.55,377748.0,4427708.0,3446615.0,0.75,-3.16,1.09,False,SHARE_VOLUME|AVG_DOLLAR_VOLUME|MEDIAN_DOLLAR_VOLUME|LOW_DAILY_RANGE,BlackRock Multi-Sector Income Trust Common Shares of Beneficial Interest,NYSE
SFIX,2.94,1426956.0,4426273.0,4492937.0,4.0,-10.09,4.75,False,PRICE|AVG_DOLLAR_VOLUME|MEDIAN_DOLLAR_VOLUME,"Stitch Fix, Inc. - Class A Common Stock",NASDAQ
SD,14.56,307675.0,4425546.0,3955224.0,2.53,2.39,5.51,False,SHARE_VOLUME|AVG_DOLLAR_VOLUME|MEDIAN_DOLLAR_VOLUME,"SandRidge Energy, Inc. Common Stock",NYSE
LTBR,6.53,585171.0,4414429.0,4268725.0,5.04,-18.11,7.21,False,SHARE_VOLUME|AVG_DOLLAR_VOLUME|MEDIAN_DOLLAR_VOLUME,Lightbridge Corporation - Common Stock,NASDAQ
BRLS,1.37,2549819.0,4403314.0,54229.0,19.74,53.93,91.89,False,PRICE|AVG_DOLLAR_VOLUME|MEDIAN_DOLLAR_VOLUME,Borealis Foods Inc. - Class A Common Shares,NASDAQ
MRLN,2.25,1492228.0,4403114.0,3344782.0,8.93,-32.02,17.89,False,PRICE|AVG_DOLLAR_VOLUME|MEDIAN_DOLLAR_VOLUME,"Merlin, Inc. - Common Stock",NASDAQ
JLHL,5.58,694025.0,4389059.0,587015.0,6.62,-26.96,72.51,False,SHARE_VOLUME|AVG_DOLLAR_VOLUME|MEDIAN_DOLLAR_VOLUME,Julong Holding Limited - Class A Ordinary Shares,NASDAQ
NNBR,3.34,1226862.0,4382567.0,4111609.0,5.3,-13.15,8.03,False,PRICE|AVG_DOLLAR_VOLUME|MEDIAN_DOLLAR_VOLUME,"NN, Inc. - Common Stock",NASDAQ
OMH,2.37,915154.0,4381234.0,407556.0,18.25,-44.88,30.68,False,PRICE|SHARE_VOLUME|AVG_DOLLAR_VOLUME|MEDIAN_DOLLAR_VOLUME,Ohmyhome Limited - Class A Ordinary Shares,NASDAQ
TATT,37.15,115595.0,4375541.0,3864175.0,4.04,-7.17,5.35,False,SHARE_VOLUME|AVG_DOLLAR_VOLUME|MEDIAN_DOLLAR_VOLUME,TAT Technologies Ltd. - Ordinary Shares,NASDAQ
NEWP,5.59,677754.0,4362454.0,3941196.0,6.04,-14.58,13.17,False,SHARE_VOLUME|AVG_DOLLAR_VOLUME|MEDIAN_DOLLAR_VOLUME,New Pacific Metals Corp. Common Shares,NYSE American
LOVE,14.78,284006.0,4357382.0,3144149.0,4.89,-13.39,5.61,False,SHARE_VOLUME|AVG_DOLLAR_VOLUME|MEDIAN_DOLLAR_VOLUME,The Lovesac Company - Common Stock,NASDAQ
SLGL,61.81,61139.0,4342299.0,3939425.0,5.56,-22.08,17.54,False,SHARE_VOLUME|AVG_DOLLAR_VOLUME|MEDIAN_DOLLAR_VOLUME,Sol-Gel Technologies Ltd. - Ordinary Shares,NASDAQ
MDXG,4.72,960079.0,4334859.0,4337651.0,3.87,8.87,3.83,False,PRICE|SHARE_VOLUME|AVG_DOLLAR_VOLUME|MEDIAN_DOLLAR_VOLUME,"MiMedx Group, Inc - Common Stock",NASDAQ
KBDC,13.04,324341.0,4325177.0,4375349.0,1.69,-2.25,1.73,False,SHARE_VOLUME|AVG_DOLLAR_VOLUME|MEDIAN_DOLLAR_VOLUME|LOW_DAILY_RANGE,"Kayne Anderson BDC, Inc. Common Stock",NYSE
FCBC,47.35,89468.0,4321644.0,4013681.0,2.03,-3.74,1.72,False,SHARE_VOLUME|AVG_DOLLAR_VOLUME|MEDIAN_DOLLAR_VOLUME,"First Community Bankshares, Inc. - Common Stock",NASDAQ
GIC,39.94,109900.0,4321306.0,4334321.0,2.02,2.32,3.61,False,SHARE_VOLUME|AVG_DOLLAR_VOLUME|MEDIAN_DOLLAR_VOLUME,Global Industrial Company Common Stock,NYSE
FVRR,9.01,467485.0,4319286.0,3993927.0,3.0,1.52,4.62,False,SHARE_VOLUME|AVG_DOLLAR_VOLUME|MEDIAN_DOLLAR_VOLUME,"Fiverr International Ltd. Ordinary Shares, no par value",NYSE
NGS,36.37,119648.0,4291015.0,4508019.0,3.36,-2.86,3.35,False,SHARE_VOLUME|AVG_DOLLAR_VOLUME|MEDIAN_DOLLAR_VOLUME,"Natural Gas Services Group, Inc. Common Stock",NYSE
TMQ,3.15,1219437.0,4275971.0,3586050.0,5.14,-12.23,9.09,False,PRICE|AVG_DOLLAR_VOLUME|MEDIAN_DOLLAR_VOLUME,Trilogy Metals Inc. Common Stock,NYSE American
EHGO,0.91,3545465.0,4273374.0,335660.0,14.81,-49.57,17.36,False,PRICE|AVG_DOLLAR_VOLUME|MEDIAN_DOLLAR_VOLUME,Eshallgo Inc. - Class A Ordinary Shares,NASDAQ
YMAT,1.61,1890939.0,4264840.0,35473.0,14.71,-15.71,71.32,False,PRICE|AVG_DOLLAR_VOLUME|MEDIAN_DOLLAR_VOLUME,"J-Star Holding Co., Ltd. - Class A Ordinary Shares",NASDAQ
CIVB,27.33,154869.0,4244157.0,3791054.0,1.87,-3.41,1.63,False,SHARE_VOLUME|AVG_DOLLAR_VOLUME|MEDIAN_DOLLAR_VOLUME|LOW_DAILY_RANGE,"Civista Bancshares, Inc.  - Common Stock",NASDAQ
BWFG,67.79,63705.0,4242325.0,4263365.0,2.46,0.53,1.87,False,SHARE_VOLUME|AVG_DOLLAR_VOLUME|MEDIAN_DOLLAR_VOLUME,"Bankwell Financial Group, Inc. - Common Stock",NASDAQ
MAGN,11.85,348453.0,4234489.0,4194283.0,3.74,-3.11,3.03,False,SHARE_VOLUME|AVG_DOLLAR_VOLUME|MEDIAN_DOLLAR_VOLUME,Magnera Corporation Common Stock,NYSE
INN,5.76,720595.0,4227739.0,4265302.0,3.0,-4.56,2.54,False,SHARE_VOLUME|AVG_DOLLAR_VOLUME|MEDIAN_DOLLAR_VOLUME,"Summit Hotel Properties, Inc. Common Stock",NYSE
MSBI,33.68,127938.0,4223939.0,4096307.0,2.22,1.63,1.93,False,SHARE_VOLUME|AVG_DOLLAR_VOLUME|MEDIAN_DOLLAR_VOLUME,"Midland States Bancorp, Inc. - Common Stock",NASDAQ
FSCO,5.3,813584.0,4215410.0,4093839.0,1.26,4.03,1.21,False,SHARE_VOLUME|AVG_DOLLAR_VOLUME|MEDIAN_DOLLAR_VOLUME|LOW_DAILY_RANGE,FS Credit Opportunities Corp. Common Stock,NYSE
ALRS,33.21,127413.0,4213705.0,3864742.0,1.73,-1.16,2.15,False,SHARE_VOLUME|AVG_DOLLAR_VOLUME|MEDIAN_DOLLAR_VOLUME|LOW_DAILY_RANGE,Alerus Financial Corporation - Common Stock,NASDAQ
TWI,7.15,574141.0,4211515.0,3973012.0,4.46,11.37,9.03,False,SHARE_VOLUME|AVG_DOLLAR_VOLUME|MEDIAN_DOLLAR_VOLUME,"Titan International, Inc. (DE) Common Stock",NYSE
CMCL,23.96,166435.0,4202701.0,4283620.0,3.69,4.44,7.04,False,SHARE_VOLUME|AVG_DOLLAR_VOLUME|MEDIAN_DOLLAR_VOLUME,Caledonia Mining Corporation Plc Common Shares,NYSE American
GTN,4.78,875098.0,4200985.0,4140631.0,3.48,-0.02,25.47,False,PRICE|SHARE_VOLUME|AVG_DOLLAR_VOLUME|MEDIAN_DOLLAR_VOLUME,"Gray Media, Inc. Common Stock",NYSE
EMAT,3.78,1202326.0,4199839.0,3555690.0,15.11,21.15,34.07,False,PRICE|AVG_DOLLAR_VOLUME|MEDIAN_DOLLAR_VOLUME,Evolution Metals & Technologies Corp. - Common Stock,NASDAQ
KDK,3.66,1102888.0,4198381.0,3666053.0,5.48,-8.6,5.28,False,PRICE|AVG_DOLLAR_VOLUME|MEDIAN_DOLLAR_VOLUME,"Kodiak AI, Inc. - Common Stock",NASDAQ
CLFD,29.8,145236.0,4187726.0,3825589.0,3.56,5.86,8.15,False,SHARE_VOLUME|AVG_DOLLAR_VOLUME|MEDIAN_DOLLAR_VOLUME,"Clearfield, Inc. - Common Stock",NASDAQ
CTEV,34.94,111412.0,4181355.0,4231312.0,6.02,-1.84,21.42,False,SHARE_VOLUME|AVG_DOLLAR_VOLUME|MEDIAN_DOLLAR_VOLUME,Claritev Corporation Class A Common Stock,NYSE
TEO,13.81,314742.0,4180695.0,3022849.0,3.97,5.38,4.15,False,SHARE_VOLUME|AVG_DOLLAR_VOLUME|MEDIAN_DOLLAR_VOLUME,Telecom Argentina SA,NYSE
ACB,3.85,1061533.0,4175273.0,3551243.0,3.66,4.94,20.59,False,PRICE|AVG_DOLLAR_VOLUME|MEDIAN_DOLLAR_VOLUME,Aurora Cannabis Inc. - Common Shares,NASDAQ
AMPG,3.38,1197084.0,4174706.0,3347322.0,4.85,-4.11,9.14,False,PRICE|AVG_DOLLAR_VOLUME|MEDIAN_DOLLAR_VOLUME,"Amplitech Group, Inc. - Common Stock",NASDAQ
CUE,33.94,148553.0,4167191.0,4083727.0,10.98,32.06,15.44,False,SHARE_VOLUME|AVG_DOLLAR_VOLUME|MEDIAN_DOLLAR_VOLUME,"Cue Biopharma, Inc. - Common Stock",NASDAQ
GOOD,12.73,321360.0,4164827.0,4165188.0,1.45,-0.82,5.47,False,SHARE_VOLUME|AVG_DOLLAR_VOLUME|MEDIAN_DOLLAR_VOLUME|LOW_DAILY_RANGE,Gladstone Commercial Corporation - Real Estate Investment Trust,NASDAQ
UNCY,4.8,793895.0,4147704.0,3957308.0,4.47,-14.83,7.8,False,PRICE|SHARE_VOLUME|AVG_DOLLAR_VOLUME|MEDIAN_DOLLAR_VOLUME,"Unicycive Therapeutics, Inc. - Common Stock",NASDAQ
YDDL,1.51,1879270.0,4142426.0,101982.0,7.27,-14.2,38.18,False,PRICE|AVG_DOLLAR_VOLUME|MEDIAN_DOLLAR_VOLUME,One and One Green Technologies. INC - Class A Ordinary Shares,NASDAQ
ARDT,10.72,378843.0,4139945.0,4180715.0,3.76,-1.91,4.87,False,SHARE_VOLUME|AVG_DOLLAR_VOLUME|MEDIAN_DOLLAR_VOLUME,"Ardent Health, Inc. Common Stock",NYSE
AVNW,20.03,205198.0,4139152.0,3731587.0,5.08,-6.4,4.59,False,SHARE_VOLUME|AVG_DOLLAR_VOLUME|MEDIAN_DOLLAR_VOLUME,"Aviat Networks, Inc. - Common Stock",NASDAQ
EPRX,8.11,530949.0,4125790.0,2243570.0,5.8,18.39,17.51,False,SHARE_VOLUME|AVG_DOLLAR_VOLUME|MEDIAN_DOLLAR_VOLUME,Eupraxia Pharmaceuticals Inc. - Common Stock,NASDAQ
MASS,9.98,396325.0,4117302.0,3568808.0,4.69,-0.99,13.75,False,SHARE_VOLUME|AVG_DOLLAR_VOLUME|MEDIAN_DOLLAR_VOLUME,908 Devices Inc. - Common Stock,NASDAQ
ASIX,16.92,243755.0,4105587.0,3926626.0,3.14,2.2,5.13,False,SHARE_VOLUME|AVG_DOLLAR_VOLUME|MEDIAN_DOLLAR_VOLUME,AdvanSix Inc. Common Stock ,NYSE
CLGN,3.48,1070887.0,4104584.0,322854.0,19.73,10.83,23.45,False,PRICE|AVG_DOLLAR_VOLUME|MEDIAN_DOLLAR_VOLUME,CollPlant Biotechnologies Ltd. - Ordinary Shares,NASDAQ
ARKO,4.41,892939.0,4102092.0,4207270.0,4.24,-6.07,7.78,False,PRICE|SHARE_VOLUME|AVG_DOLLAR_VOLUME|MEDIAN_DOLLAR_VOLUME,ARKO Corp. - Common Stock,NASDAQ
BTCS,1.25,2991881.0,4100932.0,2820647.0,8.93,15.28,20.0,False,PRICE|AVG_DOLLAR_VOLUME|MEDIAN_DOLLAR_VOLUME,BTCS Inc. - Common Stock,NASDAQ
OIS,8.55,474178.0,4097639.0,4110514.0,3.75,-4.74,8.72,False,SHARE_VOLUME|AVG_DOLLAR_VOLUME|MEDIAN_DOLLAR_VOLUME,"Oil States International, Inc. Common Stock",NYSE
PRZO,0.66,5017072.0,4079575.0,587905.0,10.31,5.36,30.99,False,PRICE|AVG_DOLLAR_VOLUME|MEDIAN_DOLLAR_VOLUME,ParaZero Technologies Ltd. - Ordinary Shares,NASDAQ
KRNT,15.11,250130.0,4078661.0,4090317.0,3.19,-11.74,4.71,False,SHARE_VOLUME|AVG_DOLLAR_VOLUME|MEDIAN_DOLLAR_VOLUME,Kornit Digital Ltd. - Ordinary Shares,NASDAQ
BATRA,56.35,72700.0,4074097.0,3931825.0,2.04,-0.13,3.99,False,SHARE_VOLUME|AVG_DOLLAR_VOLUME|MEDIAN_DOLLAR_VOLUME,"Atlanta Braves Holdings, Inc. - Series A Common Stock",NASDAQ
BST,47.75,85641.0,4074020.0,3777625.0,1.47,1.76,2.07,False,SHARE_VOLUME|AVG_DOLLAR_VOLUME|MEDIAN_DOLLAR_VOLUME|LOW_DAILY_RANGE,BlackRock Science and Technology Trust Common Shares of Beneficial Interest,NYSE
LMRI,11.73,346644.0,4070775.0,3175740.0,4.58,-2.17,6.34,False,SHARE_VOLUME|AVG_DOLLAR_VOLUME|MEDIAN_DOLLAR_VOLUME,"Lumexa Imaging Holdings, Inc. - Common Stock",NASDAQ
PALI,1.85,1988816.0,4063505.0,3693126.0,5.13,-9.56,9.69,False,PRICE|AVG_DOLLAR_VOLUME|MEDIAN_DOLLAR_VOLUME,"Palisade Bio, Inc. - Common Stock",NASDAQ
CSV,32.36,121557.0,4061681.0,3793990.0,2.2,-5.79,4.35,False,SHARE_VOLUME|AVG_DOLLAR_VOLUME|MEDIAN_DOLLAR_VOLUME,"Carriage Services, Inc. Common Stock",NYSE
FGL,4.2,417007.0,4058490.0,1620491.0,29.9,-89.01,13.36,False,PRICE|SHARE_VOLUME|AVG_DOLLAR_VOLUME|MEDIAN_DOLLAR_VOLUME,Founder Group Limited - Class A Ordinary Shares,NASDAQ
BMEA,1.74,2341621.0,4055755.0,3220767.0,8.57,28.89,16.06,False,PRICE|AVG_DOLLAR_VOLUME|MEDIAN_DOLLAR_VOLUME,"Biomea Fusion, Inc. - Common Stock",NASDAQ
CRCT,5.56,716875.0,4050186.0,3770266.0,3.54,1.46,22.87,False,SHARE_VOLUME|AVG_DOLLAR_VOLUME|MEDIAN_DOLLAR_VOLUME,"Cricut, Inc. - Class A common stock",NASDAQ
AIOT,3.05,1336299.0,4013389.0,3903131.0,3.27,1.84,10.56,False,PRICE|AVG_DOLLAR_VOLUME|MEDIAN_DOLLAR_VOLUME,"PowerFleet, Inc. - Common Stock",NASDAQ
BF-A,26.31,146442.0,4003830.0,3813085.0,2.71,-4.56,5.04,False,SHARE_VOLUME|AVG_DOLLAR_VOLUME|MEDIAN_DOLLAR_VOLUME,Brown Forman Inc Class A Common Stock,NYSE
RPC,7.97,474188.0,3994114.0,3981730.0,2.95,-6.02,3.01,False,SHARE_VOLUME|AVG_DOLLAR_VOLUME|MEDIAN_DOLLAR_VOLUME,"Ridgepost Capital, Inc. Class A Common Stock",NYSE
UFG,0.54,5789454.0,3990958.0,39765.0,12.02,-6.12,25.0,False,PRICE|AVG_DOLLAR_VOLUME|MEDIAN_DOLLAR_VOLUME,Uni-Fuels Holdings Limited - Class A Ordinary Shares,NASDAQ
PDYN,5.66,685121.0,3982813.0,3892893.0,4.54,-9.95,5.09,False,SHARE_VOLUME|AVG_DOLLAR_VOLUME|MEDIAN_DOLLAR_VOLUME,Palladyne AI Corp. - Common stock,NASDAQ
TPST,1.03,4137704.0,3971306.0,167997.0,8.37,-4.2,35.77,False,PRICE|AVG_DOLLAR_VOLUME|MEDIAN_DOLLAR_VOLUME,"Tempest Therapeutics, Inc. - Common Stock",NASDAQ
NGVC,29.35,142278.0,3970258.0,3722961.0,3.84,5.38,4.87,False,SHARE_VOLUME|AVG_DOLLAR_VOLUME|MEDIAN_DOLLAR_VOLUME,"Natural Grocers by Vitamin Cottage, Inc. Common Stock",NYSE
DBI,6.28,689733.0,3961443.0,3224976.0,5.85,6.72,14.75,False,SHARE_VOLUME|AVG_DOLLAR_VOLUME|MEDIAN_DOLLAR_VOLUME,Designer Brands Inc. Class A Common Stock,NYSE
TOYO,4.26,897787.0,3961228.0,2754391.0,5.34,-25.61,9.85,False,PRICE|SHARE_VOLUME|AVG_DOLLAR_VOLUME|MEDIAN_DOLLAR_VOLUME,"TOYO Co., Ltd - Ordinary Shares",NASDAQ
OCC,13.52,288019.0,3953030.0,2697219.0,7.78,-16.54,10.1,False,SHARE_VOLUME|AVG_DOLLAR_VOLUME|MEDIAN_DOLLAR_VOLUME,Optical Cable Corporation - Common Stock,NASDAQ
CTKB,4.92,844650.0,3950760.0,3728740.0,4.79,5.35,10.95,False,PRICE|SHARE_VOLUME|AVG_DOLLAR_VOLUME|MEDIAN_DOLLAR_VOLUME,"Cytek Biosciences, Inc. - Common Stock",NASDAQ
BDJ,9.7,405523.0,3943422.0,3753873.0,0.92,-0.44,1.23,False,SHARE_VOLUME|AVG_DOLLAR_VOLUME|MEDIAN_DOLLAR_VOLUME|LOW_DAILY_RANGE,Blackrock Enhanced Equity Dividend Trust,NYSE
SRZN,17.23,178920.0,3897042.0,3563595.0,6.32,-28.21,18.39,False,SHARE_VOLUME|AVG_DOLLAR_VOLUME|MEDIAN_DOLLAR_VOLUME,"Surrozen, Inc. - Common Stock",NASDAQ
UHT,41.01,94437.0,3892648.0,3612402.0,1.88,1.5,1.78,False,SHARE_VOLUME|AVG_DOLLAR_VOLUME|MEDIAN_DOLLAR_VOLUME|LOW_DAILY_RANGE,Universal Health Realty Income Trust Common Stock,NYSE
MTRX,9.97,366120.0,3889492.0,3584334.0,3.58,-14.42,2.41,False,SHARE_VOLUME|AVG_DOLLAR_VOLUME|MEDIAN_DOLLAR_VOLUME,Matrix Service Company - Common Stock,NASDAQ
HUMA,0.58,6075199.0,3876177.0,2269996.0,7.05,0.26,26.29,False,PRICE|AVG_DOLLAR_VOLUME|MEDIAN_DOLLAR_VOLUME,"Humacyte, Inc. - Common Stock",NASDAQ
HQH,21.33,169302.0,3869908.0,2934863.0,1.92,-8.58,2.84,False,SHARE_VOLUME|AVG_DOLLAR_VOLUME|MEDIAN_DOLLAR_VOLUME|LOW_DAILY_RANGE,abrdn Healthcare Investors Shares of Beneficial Interest,NYSE
FIP,2.9,1140939.0,3867277.0,3370530.0,5.3,-27.35,18.91,False,PRICE|AVG_DOLLAR_VOLUME|MEDIAN_DOLLAR_VOLUME,FTAI Infrastructure Inc. - Common Stock,NASDAQ
JELD,2.05,1703303.0,3864059.0,3127386.0,8.16,11.14,16.06,False,PRICE|AVG_DOLLAR_VOLUME|MEDIAN_DOLLAR_VOLUME,"JELD-WEN Holding, Inc. Common Stock",NYSE
AREC,2.02,1584124.0,3858150.0,3767268.0,5.76,-24.81,20.7,False,PRICE|AVG_DOLLAR_VOLUME|MEDIAN_DOLLAR_VOLUME,American Resources Corporation - Class A Common Stock,NASDAQ
WHK,27.81,139607.0,3857923.0,3774100.0,3.17,6.52,3.47,False,SHARE_VOLUME|AVG_DOLLAR_VOLUME|MEDIAN_DOLLAR_VOLUME,WhiteHawk Minerals Corp Class A Common Stock,NYSE
KNRX,0.33,7451838.0,3851871.0,11100.0,11.62,-2.77,57.58,False,PRICE|AVG_DOLLAR_VOLUME|MEDIAN_DOLLAR_VOLUME,KNOREX LTD. Class A Ordinary Shares,NYSE American
KREF,7.03,518270.0,3850927.0,3680096.0,2.34,-3.5,4.3,False,SHARE_VOLUME|AVG_DOLLAR_VOLUME|MEDIAN_DOLLAR_VOLUME,KKR Real Estate Finance Trust Inc. Common Stock,NYSE
FVR,18.06,199112.0,3850609.0,2173677.0,2.76,-8.51,1.9,False,SHARE_VOLUME|AVG_DOLLAR_VOLUME|MEDIAN_DOLLAR_VOLUME,"FrontView REIT, Inc. Common Stock",NYSE
HBT,36.51,106954.0,3845622.0,3655758.0,1.76,0.03,2.46,False,SHARE_VOLUME|AVG_DOLLAR_VOLUME|MEDIAN_DOLLAR_VOLUME|LOW_DAILY_RANGE,"HBT Financial, Inc. - Common Stock",NASDAQ
CRON,3.32,1148585.0,3834709.0,3404330.0,3.28,3.27,12.87,False,PRICE|AVG_DOLLAR_VOLUME|MEDIAN_DOLLAR_VOLUME,Cronos Group Inc. - Common Share,NASDAQ
INDP,3.1,1978572.0,3816438.0,654257.0,16.28,231.2,51.64,False,PRICE|AVG_DOLLAR_VOLUME|MEDIAN_DOLLAR_VOLUME,"Indaptus Therapeutics, Inc. - Common Stock",NASDAQ
YAAS,1.26,1536612.0,3815044.0,47012.0,10.41,-56.18,11.56,False,PRICE|AVG_DOLLAR_VOLUME|MEDIAN_DOLLAR_VOLUME,Youxin Technology Ltd - Class A Ordinary shares,NASDAQ
BCAL,21.94,175892.0,3795794.0,3569466.0,1.96,1.41,2.09,False,SHARE_VOLUME|AVG_DOLLAR_VOLUME|MEDIAN_DOLLAR_VOLUME|LOW_DAILY_RANGE,California BanCorp - Common Stock,NASDAQ
EH,4.55,793080.0,3787521.0,3428514.0,5.18,-19.66,7.69,False,PRICE|SHARE_VOLUME|AVG_DOLLAR_VOLUME|MEDIAN_DOLLAR_VOLUME,EHang Holdings Limited - ADS,NASDAQ
GOSS,10.84,292300.0,3772524.0,1828236.0,11.64,-5.24,17.14,False,SHARE_VOLUME|AVG_DOLLAR_VOLUME|MEDIAN_DOLLAR_VOLUME,"Gossamer Bio, Inc. - Common Stock",NASDAQ
CMRC,3.52,1398190.0,3770442.0,2280052.0,7.49,69.81,18.46,False,PRICE|AVG_DOLLAR_VOLUME|MEDIAN_DOLLAR_VOLUME,"Commerce.com, Inc. - Series 1 Common Stock",NASDAQ
SLI,2.04,1554941.0,3769964.0,3294901.0,5.95,-9.56,9.25,False,PRICE|AVG_DOLLAR_VOLUME|MEDIAN_DOLLAR_VOLUME,Standard Lithium Ltd. Common Shares,NYSE American
VNDA,4.97,709127.0,3765333.0,3770330.0,3.46,-8.55,5.27,False,PRICE|SHARE_VOLUME|AVG_DOLLAR_VOLUME|MEDIAN_DOLLAR_VOLUME,Vanda Pharmaceuticals Inc. - Common Stock,NASDAQ
YORW,32.93,111263.0,3764333.0,3607368.0,1.6,-1.3,2.56,False,SHARE_VOLUME|AVG_DOLLAR_VOLUME|MEDIAN_DOLLAR_VOLUME|LOW_DAILY_RANGE,The York Water Company - Common Stock,NASDAQ
OVID,2.71,1346563.0,3752702.0,3520839.0,4.49,-4.58,6.87,False,PRICE|AVG_DOLLAR_VOLUME|MEDIAN_DOLLAR_VOLUME,Ovid Therapeutics Inc. - Common Stock,NASDAQ
BIII,10.06,372810.0,3752277.0,693631.0,0.24,0.8,0.6,False,SHARE_VOLUME|AVG_DOLLAR_VOLUME|MEDIAN_DOLLAR_VOLUME|LOW_DAILY_RANGE,Black Spade Acquisition III Co Class A Ordinary Shares,NYSE
ABX,9.47,391830.0,3744316.0,3803564.0,3.41,5.05,8.8,False,SHARE_VOLUME|AVG_DOLLAR_VOLUME|MEDIAN_DOLLAR_VOLUME,"Abacus Global Management, Inc. Class A Common Stock",NYSE
IMUX,10.32,275208.0,3741633.0,3285698.0,7.14,-38.93,9.79,False,SHARE_VOLUME|AVG_DOLLAR_VOLUME|MEDIAN_DOLLAR_VOLUME,"Immunic, Inc.  - Common Stock",NASDAQ
IVVD,0.82,4151865.0,3711431.0,3364472.0,8.65,-5.94,17.14,False,PRICE|AVG_DOLLAR_VOLUME|MEDIAN_DOLLAR_VOLUME,"Invivyd, Inc. - Common Stock",NASDAQ
UPB,5.42,580806.0,3708799.0,3286796.0,6.08,-20.88,9.71,False,SHARE_VOLUME|AVG_DOLLAR_VOLUME|MEDIAN_DOLLAR_VOLUME,"Upstream Bio, Inc. - Common Stock",NASDAQ
BBOT,4.92,561511.0,3704230.0,2206447.0,8.16,-45.03,7.26,False,PRICE|SHARE_VOLUME|AVG_DOLLAR_VOLUME|MEDIAN_DOLLAR_VOLUME,"BridgeBio Oncology Therapeutics, Inc. - Common Stock",NASDAQ
CDZI,3.53,951808.0,3700195.0,3369904.0,6.22,9.13,9.81,False,PRICE|SHARE_VOLUME|AVG_DOLLAR_VOLUME|MEDIAN_DOLLAR_VOLUME,"Cadiz, Inc. - Common Stock",NASDAQ
TTAM,14.06,248354.0,3692206.0,3474527.0,2.82,-7.17,2.22,False,SHARE_VOLUME|AVG_DOLLAR_VOLUME|MEDIAN_DOLLAR_VOLUME,Titan America SA Common Shares,NYSE
GAB,5.34,656559.0,3686445.0,3519947.0,1.1,-6.57,1.41,False,SHARE_VOLUME|AVG_DOLLAR_VOLUME|MEDIAN_DOLLAR_VOLUME|LOW_DAILY_RANGE,"Gabelli Equity Trust, Inc. (The) Common Stock",NYSE
BRR,3.32,1399077.0,3685719.0,3222806.0,8.39,73.91,13.85,False,PRICE|AVG_DOLLAR_VOLUME|MEDIAN_DOLLAR_VOLUME,"ProCap Financial, Inc. - Common Stock",NASDAQ
FBIZ,72.52,51977.0,3680854.0,3320764.0,2.0,2.89,2.94,False,SHARE_VOLUME|AVG_DOLLAR_VOLUME|MEDIAN_DOLLAR_VOLUME|LOW_DAILY_RANGE,"First Business Financial Services, Inc. - Common Stock",NASDAQ
BAOS,0.28,10607281.0,3669840.0,734811.0,14.27,-40.99,16.01,False,PRICE|AVG_DOLLAR_VOLUME|MEDIAN_DOLLAR_VOLUME,Baosheng Media Group Holdings Limited - Ordinary shares,NASDAQ
FCUV,5.33,325404.0,3667824.0,1388091.0,16.39,-31.62,33.57,False,SHARE_VOLUME|AVG_DOLLAR_VOLUME|MEDIAN_DOLLAR_VOLUME,Focus Universal Inc. - Common Stock,NASDAQ
STIM,2.75,1250144.0,3655723.0,2553447.0,6.49,-12.7,47.0,False,PRICE|AVG_DOLLAR_VOLUME|MEDIAN_DOLLAR_VOLUME,"Neuronetics, Inc. - Common Stock",NASDAQ
MYSZ,1.97,1602937.0,3648377.0,92709.0,10.14,-15.3,39.76,False,PRICE|AVG_DOLLAR_VOLUME|MEDIAN_DOLLAR_VOLUME,"My Size, Inc. - Common Stock",NASDAQ
ATER,0.66,5349259.0,3647613.0,150700.0,17.55,46.14,21.41,False,PRICE|AVG_DOLLAR_VOLUME|MEDIAN_DOLLAR_VOLUME,"Aterian, Inc. - Common Stock",NASDAQ
PFIS,71.68,51770.0,3638893.0,3357822.0,2.11,1.48,2.53,False,SHARE_VOLUME|AVG_DOLLAR_VOLUME|MEDIAN_DOLLAR_VOLUME,Peoples Financial Services Corp.  - Common Stock,NASDAQ
SBSI,32.01,113624.0,3635984.0,3659556.0,1.86,-0.46,2.04,False,SHARE_VOLUME|AVG_DOLLAR_VOLUME|MEDIAN_DOLLAR_VOLUME|LOW_DAILY_RANGE,"Southside Bancshares, Inc. Common Stock",NYSE
SHBI,23.48,156438.0,3622108.0,3534143.0,2.06,-0.15,2.21,False,SHARE_VOLUME|AVG_DOLLAR_VOLUME|MEDIAN_DOLLAR_VOLUME,"Shore Bancshares, Inc. - Common Stock",NASDAQ
JILL,23.92,165449.0,3621042.0,1747331.0,4.99,19.6,9.58,False,SHARE_VOLUME|AVG_DOLLAR_VOLUME|MEDIAN_DOLLAR_VOLUME,"J. Jill, Inc. Common Stock",NYSE
LRMR,3.85,903514.0,3601688.0,3351135.0,4.86,-5.3,7.48,False,PRICE|SHARE_VOLUME|AVG_DOLLAR_VOLUME|MEDIAN_DOLLAR_VOLUME,"Larimar Therapeutics, Inc. - Common Stock",NASDAQ
ANGI,5.16,743701.0,3583972.0,3481305.0,5.86,11.34,11.55,False,SHARE_VOLUME|AVG_DOLLAR_VOLUME|MEDIAN_DOLLAR_VOLUME,Angi Inc. - Class A Common Stock,NASDAQ
TRX,1.21,3015271.0,3582203.0,3432993.0,5.91,13.68,17.28,False,PRICE|AVG_DOLLAR_VOLUME|MEDIAN_DOLLAR_VOLUME,TRX Gold Corporation Common Stock,NYSE American
BMRC,27.91,131784.0,3573700.0,3555912.0,2.57,-0.43,2.15,False,SHARE_VOLUME|AVG_DOLLAR_VOLUME|MEDIAN_DOLLAR_VOLUME,Bank of Marin Bancorp - Common Stock,NASDAQ
ELMD,26.26,117494.0,3571201.0,2803334.0,5.4,-36.6,4.21,False,SHARE_VOLUME|AVG_DOLLAR_VOLUME|MEDIAN_DOLLAR_VOLUME,"Electromed, Inc. Common Stock",NYSE American
BNED,10.62,303818.0,3556191.0,3070358.0,4.57,-11.13,4.26,False,SHARE_VOLUME|AVG_DOLLAR_VOLUME|MEDIAN_DOLLAR_VOLUME,"Barnes & Noble Education, Inc Common Stock",NYSE
PLAG,0.7,5051880.0,3550714.0,385457.0,8.56,-13.59,919.3,False,PRICE|AVG_DOLLAR_VOLUME|MEDIAN_DOLLAR_VOLUME,Planet Green Holdings Corp. Common Stock,NYSE American
ZENA,1.47,2028075.0,3543624.0,3185897.0,6.41,-27.94,19.57,False,PRICE|AVG_DOLLAR_VOLUME|MEDIAN_DOLLAR_VOLUME,"ZenaTech, Inc. - Common Stock",NASDAQ
ENGS,2.95,1265506.0,3536478.0,3118128.0,3.95,0.51,4.55,False,PRICE|AVG_DOLLAR_VOLUME|MEDIAN_DOLLAR_VOLUME,Energys Group Limited - Ordinary Shares,NASDAQ
VERI,1.08,3860479.0,3534354.0,2413544.0,9.65,8.04,18.18,False,PRICE|AVG_DOLLAR_VOLUME|MEDIAN_DOLLAR_VOLUME,"Veritone, Inc. - Common Stock",NASDAQ
CATX,2.66,1155630.0,3533380.0,3105492.0,5.68,-17.13,8.41,False,PRICE|AVG_DOLLAR_VOLUME|MEDIAN_DOLLAR_VOLUME,"Perspective Therapeutics, Inc. Common Stock",NYSE American
RNA,9.8,296433.0,3528785.0,2431366.0,5.83,-23.68,6.78,False,SHARE_VOLUME|AVG_DOLLAR_VOLUME|MEDIAN_DOLLAR_VOLUME,"Atrium Therapeutics, Inc. - Common Stock",NASDAQ
MERC,0.36,8909381.0,3527710.0,270332.0,11.2,-24.43,7.5,False,PRICE|AVG_DOLLAR_VOLUME|MEDIAN_DOLLAR_VOLUME,Mercer International Inc. - Common Stock,NASDAQ
DSX,3.04,1225269.0,3526890.0,2749878.0,3.36,14.96,9.45,False,PRICE|AVG_DOLLAR_VOLUME|MEDIAN_DOLLAR_VOLUME,Diana Shipping inc. common stock,NYSE
HSLV,5.25,636285.0,3521889.0,3437242.0,5.26,2.94,8.27,False,SHARE_VOLUME|AVG_DOLLAR_VOLUME|MEDIAN_DOLLAR_VOLUME,Highlander Silver Corp. Common Shares,NYSE American
GDOT,13.19,263875.0,3508129.0,3085292.0,1.3,-2.41,2.12,False,SHARE_VOLUME|AVG_DOLLAR_VOLUME|MEDIAN_DOLLAR_VOLUME|LOW_DAILY_RANGE,"Green Dot Corporation Class A Common Stock, $0.001 par value",NYSE
INR,13.68,234334.0,3505131.0,3659070.0,3.55,-2.81,7.47,False,SHARE_VOLUME|AVG_DOLLAR_VOLUME|MEDIAN_DOLLAR_VOLUME,"Infinity Natural Resources, Inc. Class A Common Stock",NYSE
NPB,16.95,205744.0,3504977.0,3170376.0,2.15,-2.47,1.89,False,SHARE_VOLUME|AVG_DOLLAR_VOLUME|MEDIAN_DOLLAR_VOLUME,"Northpointe Bancshares, Inc. Common Stock",NYSE
CLMB,28.48,125059.0,3504212.0,3132008.0,3.73,0.46,4.99,False,SHARE_VOLUME|AVG_DOLLAR_VOLUME|MEDIAN_DOLLAR_VOLUME,"Climb Global Solutions, Inc. - Common Stock",NASDAQ
HRZN,4.55,728205.0,3491238.0,3518883.0,3.23,-10.0,6.43,False,PRICE|SHARE_VOLUME|AVG_DOLLAR_VOLUME|MEDIAN_DOLLAR_VOLUME,Horizon Technology Finance Corporation - Common Stock,NASDAQ
KARO,67.41,53496.0,3478251.0,3550077.0,2.65,7.37,4.37,False,SHARE_VOLUME|AVG_DOLLAR_VOLUME|MEDIAN_DOLLAR_VOLUME,Karooooo Ltd. - Ordinary shares,NASDAQ
AVBC,22.07,158050.0,3474494.0,3425862.0,1.89,-0.14,3.22,False,SHARE_VOLUME|AVG_DOLLAR_VOLUME|MEDIAN_DOLLAR_VOLUME|LOW_DAILY_RANGE,"Avidia Bancorp, Inc. Common Stock",NYSE
BRCB,7.19,390005.0,3460617.0,3408103.0,6.62,-7.7,19.1,False,SHARE_VOLUME|AVG_DOLLAR_VOLUME|MEDIAN_DOLLAR_VOLUME,"Black Rock Coffee Bar, Inc. - Class A Common Stock",NASDAQ
MMI,31.15,109818.0,3459687.0,3487486.0,2.26,-0.56,3.7,False,SHARE_VOLUME|AVG_DOLLAR_VOLUME|MEDIAN_DOLLAR_VOLUME,"Marcus & Millichap, Inc. Common Stock",NYSE
PSNYW,4.47,735170.0,3456621.0,204467.0,13.98,55.03,44.24,False,PRICE|SHARE_VOLUME|AVG_DOLLAR_VOLUME|MEDIAN_DOLLAR_VOLUME,Polestar Automotive Holding UK Limited - Class C-1 ADS (ADW),NASDAQ
INTG,36.44,96972.0,3445340.0,3053712.0,6.44,3.85,6.8,False,SHARE_VOLUME|AVG_DOLLAR_VOLUME|MEDIAN_DOLLAR_VOLUME,The Intergroup Corporation - Common Stock,NASDAQ
TV,2.22,1348256.0,3444039.0,3040554.0,3.83,-18.5,4.35,False,PRICE|AVG_DOLLAR_VOLUME|MEDIAN_DOLLAR_VOLUME,Grupo Televisa S.A.B. Common Stock,NYSE
BTX,8.65,390684.0,3439649.0,3305343.0,1.99,-3.03,2.79,False,SHARE_VOLUME|AVG_DOLLAR_VOLUME|MEDIAN_DOLLAR_VOLUME|LOW_DAILY_RANGE,BlackRock Technology and Private Equity Term Trust Common Shares of Beneficial Interest,NYSE
GDC,1.31,1809676.0,3436905.0,406785.0,17.71,-29.77,17.65,False,PRICE|AVG_DOLLAR_VOLUME|MEDIAN_DOLLAR_VOLUME,GD Culture Group Limited - Common Stock,NASDAQ
BEEM,1.38,2441813.0,3430545.0,637157.0,7.57,20.0,25.74,False,PRICE|AVG_DOLLAR_VOLUME|MEDIAN_DOLLAR_VOLUME,Beam Global - Common Stock,NASDAQ
SGRX,1.8,1322729.0,3416683.0,805308.0,20.49,-53.85,17.48,False,PRICE|AVG_DOLLAR_VOLUME|MEDIAN_DOLLAR_VOLUME,SANGRIX INC. - Class A Ordinary Shares,NASDAQ
VCIG,1.69,1231669.0,3414636.0,148705.0,12.43,-54.2,7.77,False,PRICE|AVG_DOLLAR_VOLUME|MEDIAN_DOLLAR_VOLUME,VCI Global Limited - Ordinary Share,NASDAQ
AIV,2.29,1371478.0,3406326.0,2514749.0,2.28,-12.64,1.59,False,PRICE|AVG_DOLLAR_VOLUME|MEDIAN_DOLLAR_VOLUME,Apartment Investment and Management Company Common Stock,NYSE
TIPT,17.49,186870.0,3406257.0,3175273.0,1.91,-1.07,3.45,False,SHARE_VOLUME|AVG_DOLLAR_VOLUME|MEDIAN_DOLLAR_VOLUME|LOW_DAILY_RANGE,Tiptree Inc. - Common Stock,NASDAQ
AHRT,6.38,521980.0,3403460.0,3312515.0,1.89,-4.63,1.92,False,SHARE_VOLUME|AVG_DOLLAR_VOLUME|MEDIAN_DOLLAR_VOLUME|LOW_DAILY_RANGE,"AH Realty Trust, Inc. Common Stock",NYSE
YARW,26.77,115244.0,3403378.0,1243683.0,10.49,-35.51,10.44,False,SHARE_VOLUME|AVG_DOLLAR_VOLUME|MEDIAN_DOLLAR_VOLUME,"Yarrow Bioscience, Inc. - Common Stock",NASDAQ
BNGO,1.5,2219113.0,3403370.0,213874.0,8.55,26.69,17.29,False,PRICE|AVG_DOLLAR_VOLUME|MEDIAN_DOLLAR_VOLUME,"Bionano Genomics, Inc. - Common Stock",NASDAQ
ASA,57.31,54709.0,3400630.0,3092070.0,4.0,-0.72,7.85,False,SHARE_VOLUME|AVG_DOLLAR_VOLUME|MEDIAN_DOLLAR_VOLUME,ASA  Gold and Precious Metals Limited,NYSE
QUAD,9.73,334200.0,3399683.0,3249608.0,3.06,-3.18,3.28,False,SHARE_VOLUME|AVG_DOLLAR_VOLUME|MEDIAN_DOLLAR_VOLUME,"Quad Graphics, Inc Class A Common Stock",NYSE
CERS,2.55,1279538.0,3398366.0,2938984.0,3.38,-7.61,7.23,False,PRICE|AVG_DOLLAR_VOLUME|MEDIAN_DOLLAR_VOLUME,Cerus Corporation - Common Stock,NASDAQ
ASPN,5.02,676743.0,3382961.0,3466688.0,4.08,-10.04,37.52,False,SHARE_VOLUME|AVG_DOLLAR_VOLUME|MEDIAN_DOLLAR_VOLUME,"Aspen Aerogels, Inc. Common Stock",NYSE
LOMA,9.64,344183.0,3379304.0,3511999.0,3.38,4.56,3.72,False,SHARE_VOLUME|AVG_DOLLAR_VOLUME|MEDIAN_DOLLAR_VOLUME,Loma Negra Compania Industrial Argentina Sociedad Anonima ADS,NYSE
FOR,26.73,121512.0,3379187.0,3320465.0,2.46,-6.7,2.65,False,SHARE_VOLUME|AVG_DOLLAR_VOLUME|MEDIAN_DOLLAR_VOLUME,Forestar Group Inc Common Stock ,NYSE
FOSL,5.29,660531.0,3373822.0,3159165.0,5.6,-3.82,5.88,False,SHARE_VOLUME|AVG_DOLLAR_VOLUME|MEDIAN_DOLLAR_VOLUME,"Fossil Group, Inc. - Common Stock",NASDAQ
SPTX,22.98,139952.0,3365350.0,3250422.0,9.04,-4.13,12.12,False,SHARE_VOLUME|AVG_DOLLAR_VOLUME|MEDIAN_DOLLAR_VOLUME,"Seaport Therapeutics, Inc. - Common Stock",NASDAQ
GEVO,1.52,2078456.0,3354371.0,3128070.0,4.79,-0.33,10.46,False,PRICE|AVG_DOLLAR_VOLUME|MEDIAN_DOLLAR_VOLUME,"Gevo, Inc. - Common Stock",NASDAQ
PBT,35.08,96841.0,3350639.0,2989429.0,2.88,5.83,6.54,False,SHARE_VOLUME|AVG_DOLLAR_VOLUME|MEDIAN_DOLLAR_VOLUME,Permian Basin Royalty Trust Common Stock,NYSE
LOCO,14.48,217869.0,3350080.0,2791338.0,2.71,-5.2,4.29,False,SHARE_VOLUME|AVG_DOLLAR_VOLUME|MEDIAN_DOLLAR_VOLUME,"El Pollo Loco Holdings, Inc. - Common Stock",NASDAQ
WW,15.61,205919.0,3344877.0,2969231.0,8.59,12.38,10.38,False,SHARE_VOLUME|AVG_DOLLAR_VOLUME|MEDIAN_DOLLAR_VOLUME,"WW International, Inc.  - Common Stock",NASDAQ
ORRF,42.4,79315.0,3340993.0,3261695.0,1.92,-1.83,2.11,False,SHARE_VOLUME|AVG_DOLLAR_VOLUME|MEDIAN_DOLLAR_VOLUME|LOW_DAILY_RANGE,"Orrstown Financial Services, Inc. - Common Stock",NASDAQ
CEPO,10.75,309462.0,3333181.0,1604226.0,0.16,0.58,1.12,False,SHARE_VOLUME|AVG_DOLLAR_VOLUME|MEDIAN_DOLLAR_VOLUME|LOW_DAILY_RANGE,"Cantor Equity Partners I, Inc. - Class A Ordinary Shares",NASDAQ
SURG,0.15,19429705.0,3331729.0,534839.0,10.84,-44.27,45.74,False,PRICE|AVG_DOLLAR_VOLUME|MEDIAN_DOLLAR_VOLUME,"SurgePays, Inc. - Common Stock",NASDAQ
ENTA,12.66,246742.0,3327497.0,3428204.0,4.58,-4.81,4.68,False,SHARE_VOLUME|AVG_DOLLAR_VOLUME|MEDIAN_DOLLAR_VOLUME,"Enanta Pharmaceuticals, Inc. - Common Stock",NASDAQ
XZO,16.47,201757.0,3327266.0,3134809.0,3.89,2.04,4.26,False,SHARE_VOLUME|AVG_DOLLAR_VOLUME|MEDIAN_DOLLAR_VOLUME,"Exzeo Group, Inc. Common Stock",NYSE
EXYN,2.71,1287394.0,3321827.0,467066.0,17.07,18.0,40.0,False,PRICE|AVG_DOLLAR_VOLUME|MEDIAN_DOLLAR_VOLUME,"Exyn Technologies, Inc. - Common Stock",NASDAQ
ZNTL,3.04,888592.0,3321151.0,3032024.0,5.51,-17.37,9.02,False,PRICE|SHARE_VOLUME|AVG_DOLLAR_VOLUME|MEDIAN_DOLLAR_VOLUME,"Zentalis Pharmaceuticals, Inc. - common stock",NASDAQ
RILY,6.09,484302.0,3311952.0,3212907.0,3.86,-15.01,3.85,False,SHARE_VOLUME|AVG_DOLLAR_VOLUME|MEDIAN_DOLLAR_VOLUME,"BRC Group Holdings, Inc. - Common Stock",NASDAQ
AROW,38.67,85462.0,3295355.0,2986465.0,2.2,-0.81,3.82,False,SHARE_VOLUME|AVG_DOLLAR_VOLUME|MEDIAN_DOLLAR_VOLUME,Arrow Financial Corporation - Common Stock,NASDAQ
PKOH,45.51,72185.0,3294807.0,3447739.0,3.36,-3.92,12.9,False,SHARE_VOLUME|AVG_DOLLAR_VOLUME|MEDIAN_DOLLAR_VOLUME,Park-Ohio Holdings Corp. - Common Stock,NASDAQ
SLXN,0.33,8194899.0,3288081.0,85260.0,8.74,-20.24,20.86,False,PRICE|AVG_DOLLAR_VOLUME|MEDIAN_DOLLAR_VOLUME,Silexion Therapeutics Corp - Ordinary Shares,NASDAQ
CRDL,1.84,1593774.0,3271623.0,2820498.0,7.06,-3.17,12.5,False,PRICE|AVG_DOLLAR_VOLUME|MEDIAN_DOLLAR_VOLUME,Cardiol Therapeutics Inc. - Class A Common Shares,NASDAQ
WHLR,0.41,3513608.0,3266020.0,389369.0,18.39,-72.67,16.78,False,PRICE|AVG_DOLLAR_VOLUME|MEDIAN_DOLLAR_VOLUME,"Wheeler Real Estate Investment Trust, Inc. - Common Stock",NASDAQ
ALEC,1.97,1398333.0,3241014.0,1693561.0,9.04,-10.86,23.67,False,PRICE|AVG_DOLLAR_VOLUME|MEDIAN_DOLLAR_VOLUME,"Alector, Inc. - Common Stock",NASDAQ
BDSX,28.48,120362.0,3229350.0,2111606.0,8.38,27.48,14.32,False,SHARE_VOLUME|AVG_DOLLAR_VOLUME|MEDIAN_DOLLAR_VOLUME,"Biodesix, Inc. - Common Stock",NASDAQ
HVT,27.53,117467.0,3227011.0,2999047.0,2.36,-1.68,3.4,False,SHARE_VOLUME|AVG_DOLLAR_VOLUME|MEDIAN_DOLLAR_VOLUME,"Haverty Furniture Companies, Inc. Common Stock",NYSE
MGPI,14.52,199364.0,3223264.0,3146147.0,3.61,-17.03,3.5,False,SHARE_VOLUME|AVG_DOLLAR_VOLUME|MEDIAN_DOLLAR_VOLUME,"MGP Ingredients, Inc. - Common Stock",NASDAQ
PYXS,3.33,937264.0,3217378.0,2316758.0,9.33,11.51,19.81,False,PRICE|SHARE_VOLUME|AVG_DOLLAR_VOLUME|MEDIAN_DOLLAR_VOLUME,"Pyxis Oncology, Inc. - Common Stock",NASDAQ
DUO,0.5,3427480.0,3215994.0,54840.0,13.18,-21.72,37.54,False,PRICE|AVG_DOLLAR_VOLUME|MEDIAN_DOLLAR_VOLUME,Fangdd Network Group Ltd. - Class A Ordinary Shares,NASDAQ
NTWO,10.92,287988.0,3215063.0,2675877.0,1.69,-6.27,8.78,False,SHARE_VOLUME|AVG_DOLLAR_VOLUME|MEDIAN_DOLLAR_VOLUME|LOW_DAILY_RANGE,Newbury Street II Acquisition Corp - Class A Ordinary Shares,NASDAQ
TASK,8.2,400684.0,3214882.0,3068553.0,4.34,11.18,23.73,False,SHARE_VOLUME|AVG_DOLLAR_VOLUME|MEDIAN_DOLLAR_VOLUME,"TaskUs, Inc. - Class A Common Stock",NASDAQ
NRIM,25.71,124401.0,3205152.0,2897446.0,2.36,-3.35,1.85,False,SHARE_VOLUME|AVG_DOLLAR_VOLUME|MEDIAN_DOLLAR_VOLUME,Northrim BanCorp Inc - Common Stock,NASDAQ
XRN,36.06,87112.0,3203717.0,3160040.0,2.05,0.28,3.33,False,SHARE_VOLUME|AVG_DOLLAR_VOLUME|MEDIAN_DOLLAR_VOLUME,Chiron Real Estate Inc. Common Stock,NYSE
NRP,110.19,29242.0,3202770.0,2996770.0,1.99,7.13,8.31,False,SHARE_VOLUME|AVG_DOLLAR_VOLUME|MEDIAN_DOLLAR_VOLUME|LOW_DAILY_RANGE,Natural Resource Partners LP Limited Partnership,NYSE
ACEL,11.65,271802.0,3201782.0,3074501.0,1.86,-2.47,2.22,False,SHARE_VOLUME|AVG_DOLLAR_VOLUME|MEDIAN_DOLLAR_VOLUME|LOW_DAILY_RANGE,"Accel Entertainment, Inc. ",NYSE
EBF,21.34,148790.0,3197976.0,2873473.0,1.8,-5.28,1.0,False,SHARE_VOLUME|AVG_DOLLAR_VOLUME|MEDIAN_DOLLAR_VOLUME|LOW_DAILY_RANGE,"Ennis, Inc. Common Stock",NYSE
AFYA,13.67,225011.0,3192386.0,1807176.0,3.15,0.89,3.24,False,SHARE_VOLUME|AVG_DOLLAR_VOLUME|MEDIAN_DOLLAR_VOLUME,Afya Limited - Class A Common Shares,NASDAQ
ARTV,8.51,295114.0,3190700.0,3060820.0,5.44,-27.14,5.4,False,SHARE_VOLUME|AVG_DOLLAR_VOLUME|MEDIAN_DOLLAR_VOLUME,"Artiva Biotherapeutics, Inc. - Common Stock",NASDAQ
SLP,18.43,172544.0,3176549.0,2891019.0,0.15,0.38,0.22,False,SHARE_VOLUME|AVG_DOLLAR_VOLUME|MEDIAN_DOLLAR_VOLUME|LOW_DAILY_RANGE,"Simulations Plus, Inc. - Common Stock",NASDAQ
XFOR,3.47,852494.0,3171677.0,1975090.0,6.42,-17.46,11.27,False,PRICE|SHARE_VOLUME|AVG_DOLLAR_VOLUME|MEDIAN_DOLLAR_VOLUME,"X4 Pharmaceuticals, Inc. - Common Stock",NASDAQ
BFS,30.59,97499.0,3171413.0,3189051.0,1.84,-10.06,1.74,False,SHARE_VOLUME|AVG_DOLLAR_VOLUME|MEDIAN_DOLLAR_VOLUME|LOW_DAILY_RANGE,"Saul Centers, Inc. Common Stock",NYSE
ORN,9.22,342548.0,3169636.0,3111463.0,3.39,-3.46,4.29,False,SHARE_VOLUME|AVG_DOLLAR_VOLUME|MEDIAN_DOLLAR_VOLUME,"Orion Group Holdings, Inc. Common",NYSE
SPH,17.11,181714.0,3167905.0,3177637.0,1.35,-2.56,1.31,False,SHARE_VOLUME|AVG_DOLLAR_VOLUME|MEDIAN_DOLLAR_VOLUME|LOW_DAILY_RANGE,"Suburban Propane Partners, L.P. Common Stock",NYSE
CHRN,18.59,155348.0,3163817.0,2909014.0,9.91,-20.99,7.89,False,SHARE_VOLUME|AVG_DOLLAR_VOLUME|MEDIAN_DOLLAR_VOLUME,ChronoScale Holdings Corporation - Common Stock,NASDAQ
LENZ,4.22,636550.0,3162438.0,3036382.0,5.84,-11.53,10.9,False,PRICE|SHARE_VOLUME|AVG_DOLLAR_VOLUME|MEDIAN_DOLLAR_VOLUME,"LENZ Therapeutics, Inc. - Common Stock",NASDAQ
IMRX,4.49,651842.0,3162087.0,2891403.0,4.3,-10.83,5.96,False,PRICE|SHARE_VOLUME|AVG_DOLLAR_VOLUME|MEDIAN_DOLLAR_VOLUME,Immuneering Corporation - Class A Common Stock,NASDAQ
CCBG,50.56,62273.0,3160514.0,3154534.0,1.88,-2.2,1.68,False,SHARE_VOLUME|AVG_DOLLAR_VOLUME|MEDIAN_DOLLAR_VOLUME|LOW_DAILY_RANGE,Capital City Bank Group - Common Stock,NASDAQ
LXEO,4.18,668475.0,3160057.0,2518934.0,5.22,-15.21,8.92,False,PRICE|SHARE_VOLUME|AVG_DOLLAR_VOLUME|MEDIAN_DOLLAR_VOLUME,"Lexeo Therapeutics, Inc. - Common Stock",NASDAQ
HLLY,2.67,1111256.0,3151437.0,2548624.0,4.7,-13.59,7.42,False,PRICE|AVG_DOLLAR_VOLUME|MEDIAN_DOLLAR_VOLUME,Holley Inc. Common Stock,NYSE
FJET,1.88,1248623.0,3150819.0,2507498.0,8.23,-52.52,5.74,False,PRICE|AVG_DOLLAR_VOLUME|MEDIAN_DOLLAR_VOLUME,"Starfighters Space, Inc. Common Stock",NYSE American
CGC,0.92,3123316.0,3147428.0,2264059.0,3.37,-6.69,5.05,False,PRICE|AVG_DOLLAR_VOLUME|MEDIAN_DOLLAR_VOLUME,Canopy Growth Corporation - Common Shares,NASDAQ
CNTB,1.33,1785033.0,3140055.0,1678395.0,12.7,-45.47,16.95,False,PRICE|AVG_DOLLAR_VOLUME|MEDIAN_DOLLAR_VOLUME,Connect Biopharma Holdings Limited - Ordinary Shares,NASDAQ
RLGT,9.27,344419.0,3134170.0,1081886.0,3.66,7.03,19.49,False,SHARE_VOLUME|AVG_DOLLAR_VOLUME|MEDIAN_DOLLAR_VOLUME,"Radiant Logistics, Inc. Common Stock",NYSE American
HMH,20.0,158283.0,3133481.0,3127309.0,4.69,-4.76,5.62,False,SHARE_VOLUME|AVG_DOLLAR_VOLUME|MEDIAN_DOLLAR_VOLUME,HMH Holding Inc. - Common Stock,NASDAQ
LABT,2.08,1272074.0,3131589.0,395150.0,11.63,-9.57,15.96,False,PRICE|AVG_DOLLAR_VOLUME|MEDIAN_DOLLAR_VOLUME,Lakewood-Amedex Biotherapeutics Inc. - Common Stock,NASDAQ
PANL,8.42,382861.0,3127645.0,3108096.0,2.98,9.86,5.35,False,SHARE_VOLUME|AVG_DOLLAR_VOLUME|MEDIAN_DOLLAR_VOLUME,Pangaea Logistics Solutions Ltd. - Common Stock,NASDAQ
LODE,2.53,1008732.0,3124325.0,2773391.0,5.93,-26.24,9.23,False,PRICE|AVG_DOLLAR_VOLUME|MEDIAN_DOLLAR_VOLUME,Comstock Inc. Common Stock,NYSE American
RCEL,10.56,300992.0,3121636.0,2827211.0,5.58,7.21,63.58,False,SHARE_VOLUME|AVG_DOLLAR_VOLUME|MEDIAN_DOLLAR_VOLUME,"Avita Medical, Inc. - Common Stock",NASDAQ
NEWT,12.11,255545.0,3121222.0,2711282.0,2.33,-5.32,3.6,False,SHARE_VOLUME|AVG_DOLLAR_VOLUME|MEDIAN_DOLLAR_VOLUME,"NewtekOne, Inc. - Common Stock",NASDAQ
EVTL,0.61,4815128.0,3121082.0,2836835.0,7.86,-21.17,9.89,False,PRICE|AVG_DOLLAR_VOLUME|MEDIAN_DOLLAR_VOLUME,Vertical Aerospace Ltd. Ordinary Shares,NYSE
BJDX,0.83,3123846.0,3120122.0,149188.0,9.05,-13.92,24.0,False,PRICE|AVG_DOLLAR_VOLUME|MEDIAN_DOLLAR_VOLUME,"Bluejay Diagnostics, Inc. - Common Stock",NASDAQ
VRA,4.14,784072.0,3118235.0,271406.0,6.08,32.69,34.54,False,PRICE|SHARE_VOLUME|AVG_DOLLAR_VOLUME|MEDIAN_DOLLAR_VOLUME,"Vera Bradley, Inc. - Common Stock",NASDAQ
CYH,2.99,1060628.0,3108864.0,3014217.0,2.9,0.34,3.87,False,PRICE|AVG_DOLLAR_VOLUME|MEDIAN_DOLLAR_VOLUME,"Community Health Systems, Inc. Common Stock",NYSE
PRLD,4.42,536911.0,3104965.0,2530172.0,7.57,-23.13,12.46,False,PRICE|SHARE_VOLUME|AVG_DOLLAR_VOLUME|MEDIAN_DOLLAR_VOLUME,Prelude Therapeutics Incorporated - Common Stock,NASDAQ
PLBC,63.06,50060.0,3101185.0,3067162.0,1.88,1.81,2.53,False,SHARE_VOLUME|AVG_DOLLAR_VOLUME|MEDIAN_DOLLAR_VOLUME|LOW_DAILY_RANGE,Plumas Bancorp - Common Stock,NASDAQ
AZ,5.56,475294.0,3096466.0,2562510.0,6.31,-23.52,25.19,False,SHARE_VOLUME|AVG_DOLLAR_VOLUME|MEDIAN_DOLLAR_VOLUME,A2Z Cust2Mate Solutions Corp. - Common Shares,NASDAQ
BTZ,9.67,313563.0,3095486.0,2667890.0,0.87,-4.26,1.3,False,SHARE_VOLUME|AVG_DOLLAR_VOLUME|MEDIAN_DOLLAR_VOLUME|LOW_DAILY_RANGE,BlackRock Credit Allocation Income Trust,NYSE
CISS,1.28,1319561.0,3092914.0,454232.0,14.81,-53.62,23.86,False,PRICE|AVG_DOLLAR_VOLUME|MEDIAN_DOLLAR_VOLUME,C3is Inc. - Common Stock,NASDAQ
RVT,17.49,171454.0,3089708.0,3003458.0,1.51,-4.82,1.4,False,SHARE_VOLUME|AVG_DOLLAR_VOLUME|MEDIAN_DOLLAR_VOLUME|LOW_DAILY_RANGE,"Royce Small-Cap Trust, Inc. Common Stock",NYSE
VRAX,2.45,973621.0,3087150.0,103841.0,9.14,-11.2,15.22,False,PRICE|SHARE_VOLUME|AVG_DOLLAR_VOLUME|MEDIAN_DOLLAR_VOLUME,Virax Biolabs Group Limited - Ordinary Shares,NASDAQ
LILA,8.82,360049.0,3085735.0,2773820.0,2.48,5.25,3.82,False,SHARE_VOLUME|AVG_DOLLAR_VOLUME|MEDIAN_DOLLAR_VOLUME,Liberty Latin America Ltd. - Class A Common Stock,NASDAQ
FENC,10.66,260193.0,3073646.0,2766637.0,5.0,-10.19,16.82,False,SHARE_VOLUME|AVG_DOLLAR_VOLUME|MEDIAN_DOLLAR_VOLUME,Fennec Pharmaceuticals Inc. - Common Stock,NASDAQ
BHB,40.46,77136.0,3067996.0,2847102.0,2.25,0.56,2.47,False,SHARE_VOLUME|AVG_DOLLAR_VOLUME|MEDIAN_DOLLAR_VOLUME,"Bar Harbor Bankshares, Inc. Common Stock",NYSE American
LOOP,0.48,4863943.0,3067378.0,144697.0,11.22,-24.94,7.26,False,PRICE|AVG_DOLLAR_VOLUME|MEDIAN_DOLLAR_VOLUME,"Loop Industries, Inc. - Common Stock",NASDAQ
RCMT,39.6,74980.0,3060919.0,2710002.0,3.72,-3.52,21.2,False,SHARE_VOLUME|AVG_DOLLAR_VOLUME|MEDIAN_DOLLAR_VOLUME,"RCM Technologies, Inc. - Common Stock",NASDAQ
PLTK,2.37,1322733.0,3058407.0,2745519.0,4.23,6.28,6.55,False,PRICE|AVG_DOLLAR_VOLUME|MEDIAN_DOLLAR_VOLUME,Playtika Holding Corp. - Common Stock,NASDAQ
GGN,5.44,544771.0,3057318.0,2660830.0,1.3,1.34,2.83,False,SHARE_VOLUME|AVG_DOLLAR_VOLUME|MEDIAN_DOLLAR_VOLUME|LOW_DAILY_RANGE,"GAMCO Global Gold, Natural Resources & Income Trust",NYSE American
TCI,40.49,80307.0,3049927.0,991788.0,4.48,12.72,6.57,False,SHARE_VOLUME|AVG_DOLLAR_VOLUME|MEDIAN_DOLLAR_VOLUME,"Transcontinental Realty Investors, Inc. Common Stock",NYSE
PRTA,8.29,329284.0,3046473.0,3102490.0,3.76,-4.82,6.66,False,SHARE_VOLUME|AVG_DOLLAR_VOLUME|MEDIAN_DOLLAR_VOLUME,Prothena Corporation plc - Ordinary Shares,NASDAQ
RCON,1.28,1410826.0,3046338.0,356542.0,15.01,-61.67,9.88,False,PRICE|AVG_DOLLAR_VOLUME|MEDIAN_DOLLAR_VOLUME,"Recon Technology, Ltd. - Class A Ordinary Shares",NASDAQ
KRO,8.33,361742.0,3039138.0,2566302.0,4.52,5.65,32.53,False,SHARE_VOLUME|AVG_DOLLAR_VOLUME|MEDIAN_DOLLAR_VOLUME,Kronos Worldwide Inc Common Stock,NYSE
COOT,0.45,5443221.0,3033292.0,36801.0,10.04,6.45,28.91,False,PRICE|AVG_DOLLAR_VOLUME|MEDIAN_DOLLAR_VOLUME,Australian Oilseeds Holdings Limited - Ordinary Shares,NASDAQ
EROK,24.08,118516.0,3026234.0,2842955.0,3.97,-6.67,6.29,False,SHARE_VOLUME|AVG_DOLLAR_VOLUME|MEDIAN_DOLLAR_VOLUME,"EagleRock Land, LLC Class A shares representing limited liability company interests",NYSE
CLDT,13.02,228116.0,3022684.0,2812114.0,2.45,0.39,2.4,False,SHARE_VOLUME|AVG_DOLLAR_VOLUME|MEDIAN_DOLLAR_VOLUME,Chatham Lodging Trust (REIT) Common Shares of Beneficial Interest,NYSE
IPDN,3.2,28742600.0,3021266.0,130965.0,17.81,1757.97,3600.0,False,PRICE|AVG_DOLLAR_VOLUME|MEDIAN_DOLLAR_VOLUME,"Professional Diversity Network, Inc. - Common Stock",NASDAQ
MPB,37.3,81736.0,3018853.0,2978403.0,1.92,-2.02,2.36,False,SHARE_VOLUME|AVG_DOLLAR_VOLUME|MEDIAN_DOLLAR_VOLUME|LOW_DAILY_RANGE,Mid Penn Bancorp - Common Stock,NASDAQ
ZNB,1.38,1362158.0,3016260.0,77812.0,10.89,-38.16,10.53,False,PRICE|AVG_DOLLAR_VOLUME|MEDIAN_DOLLAR_VOLUME,Zeta Network Group - Class A Ordinary Shares,NASDAQ
HQL,19.48,143826.0,3001471.0,2738270.0,2.3,-7.76,4.37,False,SHARE_VOLUME|AVG_DOLLAR_VOLUME|MEDIAN_DOLLAR_VOLUME,abrdn Life Sciences Investors Shares of Beneficial Interest,NYSE
COSO,27.46,109166.0,2998349.0,2347483.0,1.99,-1.22,1.84,False,SHARE_VOLUME|AVG_DOLLAR_VOLUME|MEDIAN_DOLLAR_VOLUME|LOW_DAILY_RANGE,"CoastalSouth Bancshares, Inc. Common Stock",NYSE
TRON,1.45,1639925.0,2992949.0,1688359.0,9.89,-3.33,15.43,False,PRICE|AVG_DOLLAR_VOLUME|MEDIAN_DOLLAR_VOLUME,Tron Inc. - Common Stock,NASDAQ
SIND,14.19,185063.0,2991658.0,2208168.0,8.48,-9.01,12.69,False,SHARE_VOLUME|AVG_DOLLAR_VOLUME|MEDIAN_DOLLAR_VOLUME,Sinda Ltd. Common Stock,NYSE
HY,33.87,88082.0,2987363.0,3013569.0,3.15,2.73,15.2,False,SHARE_VOLUME|AVG_DOLLAR_VOLUME|MEDIAN_DOLLAR_VOLUME,"Hyster-Yale, Inc. Class A common stock",NYSE
RNXT,1.67,1470027.0,2977403.0,1842926.0,12.56,42.74,19.43,False,PRICE|AVG_DOLLAR_VOLUME|MEDIAN_DOLLAR_VOLUME,"RenovoRx, Inc. - Common Stock",NASDAQ
CZFS,82.21,36578.0,2975989.0,2760378.0,2.7,-1.14,3.38,False,SHARE_VOLUME|AVG_DOLLAR_VOLUME|MEDIAN_DOLLAR_VOLUME,"Citizens Financial Services, Inc. - Common Stock",NASDAQ
JZXN,1.26,2364795.0,2973179.0,61814.0,9.2,-3.84,17.73,False,PRICE|AVG_DOLLAR_VOLUME|MEDIAN_DOLLAR_VOLUME,"Jiuzi Holdings, Inc. - Ordinary Shares",NASDAQ
PSNY,7.1,308149.0,2972466.0,2203390.0,8.14,-51.34,5.98,False,SHARE_VOLUME|AVG_DOLLAR_VOLUME|MEDIAN_DOLLAR_VOLUME,Polestar Automotive Holding UK Limited - Class A ADS,NASDAQ
UNTY,59.63,50307.0,2966901.0,2925421.0,2.0,-0.61,1.98,False,SHARE_VOLUME|AVG_DOLLAR_VOLUME|MEDIAN_DOLLAR_VOLUME,"Unity Bancorp, Inc. - Common Stock",NASDAQ
VMD,8.87,332447.0,2955380.0,2771943.0,2.83,-2.74,3.27,False,SHARE_VOLUME|AVG_DOLLAR_VOLUME|MEDIAN_DOLLAR_VOLUME,"Viemed Healthcare, Inc. - Common Shares",NASDAQ
GDV,29.19,98109.0,2941133.0,2647929.0,1.09,-4.14,0.9,False,SHARE_VOLUME|AVG_DOLLAR_VOLUME|MEDIAN_DOLLAR_VOLUME|LOW_DAILY_RANGE,Gabelli Dividend & Income Trust Common Shares of Beneficial Interest,NYSE
RNGR,16.71,174843.0,2939207.0,2437917.0,3.84,-4.79,3.67,False,SHARE_VOLUME|AVG_DOLLAR_VOLUME|MEDIAN_DOLLAR_VOLUME,"Ranger Energy Services, Inc. Class A Common Stock",NYSE
TPET,1.82,1480153.0,2938601.0,449871.0,8.94,-20.56,11.6,False,PRICE|AVG_DOLLAR_VOLUME|MEDIAN_DOLLAR_VOLUME,Trio Petroleum Corp. Common Stock,NYSE American
ISTR,30.8,96043.0,2920098.0,2423680.0,1.77,-0.16,2.15,False,SHARE_VOLUME|AVG_DOLLAR_VOLUME|MEDIAN_DOLLAR_VOLUME|LOW_DAILY_RANGE,Investar Holding Corporation - Common Stock,NASDAQ
USNA,14.98,203499.0,2918584.0,2780803.0,4.06,13.4,4.3,False,SHARE_VOLUME|AVG_DOLLAR_VOLUME|MEDIAN_DOLLAR_VOLUME,"USANA Health Sciences, Inc. Common Stock",NYSE
QTEX,0.83,2989546.0,2914976.0,1195337.0,8.67,-7.57,24.72,False,PRICE|AVG_DOLLAR_VOLUME|MEDIAN_DOLLAR_VOLUME,QTREX Quantum Ltd. - Ordinary Shares,NASDAQ
GCTS,1.97,1559540.0,2913790.0,2584389.0,5.39,1.81,7.59,False,PRICE|AVG_DOLLAR_VOLUME|MEDIAN_DOLLAR_VOLUME,"GCT Semiconductor Holding, Inc. Common Stock",NYSE
ELDN,2.71,938812.0,2912828.0,3106541.0,4.91,-25.14,6.65,False,PRICE|SHARE_VOLUME|AVG_DOLLAR_VOLUME|MEDIAN_DOLLAR_VOLUME,"Eledon Pharmaceuticals, Inc. - Common Stock",NASDAQ
PPIH,30.16,102203.0,2892782.0,2301997.0,4.04,14.55,5.24,False,SHARE_VOLUME|AVG_DOLLAR_VOLUME|MEDIAN_DOLLAR_VOLUME,"Perma-Pipe International Holdings, Inc. - Common Stock",NASDAQ
AMPY,4.64,593701.0,2879801.0,2777323.0,3.5,-3.73,10.02,False,PRICE|SHARE_VOLUME|AVG_DOLLAR_VOLUME|MEDIAN_DOLLAR_VOLUME,Amplify Energy Corp. Common Stock,NYSE
ISPC,1.38,1659689.0,2876678.0,296167.0,9.81,-40.81,14.58,False,PRICE|AVG_DOLLAR_VOLUME|MEDIAN_DOLLAR_VOLUME,iSpecimen Inc. - Common Stock,NASDAQ
XPOF,3.8,613593.0,2872581.0,2644452.0,5.98,-25.15,8.4,False,PRICE|SHARE_VOLUME|AVG_DOLLAR_VOLUME|MEDIAN_DOLLAR_VOLUME,"Xponential Fitness, Inc. Class A Common Stock",NYSE
ELVA,6.21,429620.0,2865960.0,2809660.0,5.03,-17.2,4.74,False,SHARE_VOLUME|AVG_DOLLAR_VOLUME|MEDIAN_DOLLAR_VOLUME,Electrovaya Inc. - Common Shares,NASDAQ
NMFC,7.01,384524.0,2858798.0,2846662.0,1.64,-5.91,4.08,False,SHARE_VOLUME|AVG_DOLLAR_VOLUME|MEDIAN_DOLLAR_VOLUME|LOW_DAILY_RANGE,New Mountain Finance Corporation - Common Stock,NASDAQ
AGPU,11.55,268370.0,2850218.0,2516427.0,8.3,11.81,28.42,False,SHARE_VOLUME|AVG_DOLLAR_VOLUME|MEDIAN_DOLLAR_VOLUME,Axe Compute Inc. - Common Stock,NASDAQ
OFIX,8.96,303104.0,2846164.0,2724479.0,3.54,-12.33,2.76,False,SHARE_VOLUME|AVG_DOLLAR_VOLUME|MEDIAN_DOLLAR_VOLUME,Orthofix Medical Inc.  - Common Stock,NASDAQ
TANH,18.0,147822.0,2845036.0,389893.0,19.87,5.57,66.96,False,SHARE_VOLUME|AVG_DOLLAR_VOLUME|MEDIAN_DOLLAR_VOLUME,Tantech Holdings Ltd. - Class A Common Shares,NASDAQ
HDSN,5.2,524295.0,2842574.0,2754958.0,3.07,-7.8,8.47,False,SHARE_VOLUME|AVG_DOLLAR_VOLUME|MEDIAN_DOLLAR_VOLUME,"Hudson Technologies, Inc. - Common Stock",NASDAQ
TLS,4.09,628685.0,2842062.0,2572171.0,5.09,-7.05,8.61,False,PRICE|SHARE_VOLUME|AVG_DOLLAR_VOLUME|MEDIAN_DOLLAR_VOLUME,Telos Corporation - Common Stock,NASDAQ
VNCE,8.64,391191.0,2839474.0,655958.0,9.26,43.45,45.99,False,SHARE_VOLUME|AVG_DOLLAR_VOLUME|MEDIAN_DOLLAR_VOLUME,Vince Holding Corp. - Common Stock,NASDAQ
AENT,5.0,450793.0,2839469.0,100300.0,7.14,-9.58,16.52,False,SHARE_VOLUME|AVG_DOLLAR_VOLUME|MEDIAN_DOLLAR_VOLUME,Alliance Entertainment Holding Corporation - common stock,NASDAQ
IMPP,5.89,519614.0,2833402.0,2193809.0,4.41,16.59,4.57,False,SHARE_VOLUME|AVG_DOLLAR_VOLUME|MEDIAN_DOLLAR_VOLUME,Imperial Petroleum Inc. - Common Shares,NASDAQ
PASW,0.14,18754878.0,2830563.0,80840.0,14.32,9.53,16.03,False,PRICE|AVG_DOLLAR_VOLUME|MEDIAN_DOLLAR_VOLUME,"Ping An Biomedical Co., Ltd. - Class A Ordinary Shares",NASDAQ
SXTC,2.2,983308.0,2825717.0,343496.0,13.6,-57.12,36.8,False,PRICE|SHARE_VOLUME|AVG_DOLLAR_VOLUME|MEDIAN_DOLLAR_VOLUME,"China SXT Pharmaceuticals, Inc. - Class A Ordinary Shares",NASDAQ
PFSA,1.98,538789.0,2818711.0,1241931.0,23.5,-92.79,506.62,False,PRICE|SHARE_VOLUME|AVG_DOLLAR_VOLUME|MEDIAN_DOLLAR_VOLUME,"Profusa, Inc. - Common Stock",NASDAQ
ACCO,4.27,661493.0,2818075.0,2922356.0,2.46,1.51,2.39,False,PRICE|SHARE_VOLUME|AVG_DOLLAR_VOLUME|MEDIAN_DOLLAR_VOLUME,Acco Brands Corporation Common Stock,NYSE
USAU,15.08,177441.0,2815892.0,2465791.0,4.26,3.22,7.19,False,SHARE_VOLUME|AVG_DOLLAR_VOLUME|MEDIAN_DOLLAR_VOLUME,U.S. Gold Corp. - Common Stock,NASDAQ
AIM,0.21,12158201.0,2814021.0,404087.0,9.2,-9.52,9.09,False,PRICE|AVG_DOLLAR_VOLUME|MEDIAN_DOLLAR_VOLUME,AIM ImmunoTech Inc. Common Stock,NYSE American
CLNE,1.7,1707847.0,2803916.0,2473274.0,4.57,5.59,9.2,False,PRICE|AVG_DOLLAR_VOLUME|MEDIAN_DOLLAR_VOLUME,Clean Energy Fuels Corp. - Common Stock,NASDAQ
CLW,21.6,133623.0,2803010.0,2670969.0,3.92,4.5,3.31,False,SHARE_VOLUME|AVG_DOLLAR_VOLUME|MEDIAN_DOLLAR_VOLUME,Clearwater Paper Corporation Common Stock,NYSE
EAF,8.13,417953.0,2797591.0,2291807.0,9.6,15.98,14.03,False,SHARE_VOLUME|AVG_DOLLAR_VOLUME|MEDIAN_DOLLAR_VOLUME,GrafTech International Ltd. Common Stock,NYSE
AIRO,7.19,363452.0,2777954.0,2380538.0,5.32,-19.93,26.15,False,SHARE_VOLUME|AVG_DOLLAR_VOLUME|MEDIAN_DOLLAR_VOLUME,"AIRO Group Holdings, Inc. - Common Stock",NASDAQ
RTAC,10.44,265273.0,2775446.0,609426.0,0.56,0.05,0.57,False,SHARE_VOLUME|AVG_DOLLAR_VOLUME|MEDIAN_DOLLAR_VOLUME|LOW_DAILY_RANGE,Renatus Tactical Acquisition Corp I - Class A Ordinary Shares,NASDAQ
HPK,8.16,335327.0,2767059.0,2666147.0,4.7,4.01,10.0,False,SHARE_VOLUME|AVG_DOLLAR_VOLUME|MEDIAN_DOLLAR_VOLUME,"HighPeak Energy, Inc. - Common Stock",NASDAQ
ISBA,38.72,70251.0,2756888.0,2387035.0,3.03,-5.26,3.37,False,SHARE_VOLUME|AVG_DOLLAR_VOLUME|MEDIAN_DOLLAR_VOLUME,Isabella Bank Corporation - Common stock,NASDAQ
OPRT,7.98,359827.0,2756484.0,2851839.0,3.96,7.55,32.84,False,SHARE_VOLUME|AVG_DOLLAR_VOLUME|MEDIAN_DOLLAR_VOLUME,Oportun Financial Corporation - common stock,NASDAQ
GSUN,0.31,9253466.0,2753315.0,390942.0,28.68,-4.62,32.12,False,PRICE|AVG_DOLLAR_VOLUME|MEDIAN_DOLLAR_VOLUME,Golden Sun Technology Group Limited - Class A Ordinary Shares,NASDAQ
UTMD,74.47,38492.0,2749890.0,2219886.0,2.25,3.44,5.6,False,SHARE_VOLUME|AVG_DOLLAR_VOLUME|MEDIAN_DOLLAR_VOLUME,"Utah Medical Products, Inc. - Common Stock",NASDAQ
TAYD,59.87,46260.0,2742494.0,2305809.0,3.57,7.08,4.89,False,SHARE_VOLUME|AVG_DOLLAR_VOLUME|MEDIAN_DOLLAR_VOLUME,"Taylor Devices, Inc. - Common Stock",NASDAQ
ECC,3.67,726108.0,2742207.0,2265947.0,1.91,-1.23,2.05,False,PRICE|SHARE_VOLUME|AVG_DOLLAR_VOLUME|MEDIAN_DOLLAR_VOLUME|LOW_DAILY_RANGE,Eagle Point Credit Company Common Share of Beneficial Interest,NYSE
RWAY,6.6,413444.0,2733180.0,2712119.0,1.87,-1.35,14.38,False,SHARE_VOLUME|AVG_DOLLAR_VOLUME|MEDIAN_DOLLAR_VOLUME|LOW_DAILY_RANGE,Runway Growth Finance Corp. - Common Stock,NASDAQ
CCAP,9.84,263596.0,2726056.0,2498772.0,1.94,-8.8,4.34,False,SHARE_VOLUME|AVG_DOLLAR_VOLUME|MEDIAN_DOLLAR_VOLUME|LOW_DAILY_RANGE,"Crescent Capital BDC, Inc. - Common Stock",NASDAQ
OESX,29.02,105426.0,2721057.0,2083577.0,9.62,52.07,54.42,False,SHARE_VOLUME|AVG_DOLLAR_VOLUME|MEDIAN_DOLLAR_VOLUME,"Orion Energy Systems, Inc. - Common Stock",NASDAQ
TRC,15.94,166692.0,2704181.0,2548028.0,1.99,-2.66,1.7,False,SHARE_VOLUME|AVG_DOLLAR_VOLUME|MEDIAN_DOLLAR_VOLUME|LOW_DAILY_RANGE,Tejon Ranch Co Common Stock,NYSE
PBYI,9.26,291563.0,2700853.0,2638242.0,3.78,0.22,9.73,False,SHARE_VOLUME|AVG_DOLLAR_VOLUME|MEDIAN_DOLLAR_VOLUME,Puma Biotechnology Inc - Common Stock,NASDAQ
BKTI,71.01,36510.0,2699280.0,2471349.0,2.85,-9.99,3.5,False,SHARE_VOLUME|AVG_DOLLAR_VOLUME|MEDIAN_DOLLAR_VOLUME,BK Technologies Corporation Common Stock,NYSE American
LWAY,24.56,105787.0,2697023.0,2673636.0,3.23,-3.5,5.72,False,SHARE_VOLUME|AVG_DOLLAR_VOLUME|MEDIAN_DOLLAR_VOLUME,"Lifeway Foods, Inc. - Common Stock",NASDAQ
FRD,40.88,61973.0,2693260.0,2399028.0,4.72,-11.18,16.41,False,SHARE_VOLUME|AVG_DOLLAR_VOLUME|MEDIAN_DOLLAR_VOLUME,Friedman Industries Inc. - Common Stock,NASDAQ
EPM,3.8,755052.0,2681397.0,1779347.0,3.58,-0.91,6.29,False,PRICE|SHARE_VOLUME|AVG_DOLLAR_VOLUME|MEDIAN_DOLLAR_VOLUME,"Evolution Petroleum Corporation, Inc. Common Stock",NYSE American
TWG,0.36,5052441.0,2680168.0,243649.0,14.37,-65.75,21.95,False,PRICE|AVG_DOLLAR_VOLUME|MEDIAN_DOLLAR_VOLUME,Top Wealth Group Holding Limited - Class A Ordinary Shares,NASDAQ
SHMD,3.25,777556.0,2677365.0,1964299.0,10.01,-37.86,7.26,False,PRICE|SHARE_VOLUME|AVG_DOLLAR_VOLUME|MEDIAN_DOLLAR_VOLUME,SCHMID Group N.V. - Class A Ordinary Shares,NASDAQ
FATE,2.41,1082951.0,2662651.0,2236613.0,5.37,-5.86,12.45,False,PRICE|AVG_DOLLAR_VOLUME|MEDIAN_DOLLAR_VOLUME,"Fate Therapeutics, Inc. - Common Stock",NASDAQ
INNV,10.92,245013.0,2658150.0,2079564.0,5.01,-1.62,4.85,False,SHARE_VOLUME|AVG_DOLLAR_VOLUME|MEDIAN_DOLLAR_VOLUME,InnovAge Holding Corp. - Common Stock,NASDAQ
BMEZ,16.26,157927.0,2638557.0,2484314.0,1.9,0.53,5.89,False,SHARE_VOLUME|AVG_DOLLAR_VOLUME|MEDIAN_DOLLAR_VOLUME|LOW_DAILY_RANGE,BlackRock Health Sciences Term Trust Common Shares of Beneficial Interest,NYSE
WRN,2.27,1077676.0,2635520.0,2538108.0,4.13,-3.81,5.51,False,PRICE|AVG_DOLLAR_VOLUME|MEDIAN_DOLLAR_VOLUME,Western Copper and Gold Corporation Common Stock,NYSE American
VLGEA,44.64,59721.0,2605101.0,2003786.0,2.63,3.77,3.08,False,SHARE_VOLUME|AVG_DOLLAR_VOLUME|MEDIAN_DOLLAR_VOLUME,"Village Super Market, Inc. - Class A Common Stock",NASDAQ
RCBC,53.68,50050.0,2605040.0,2023106.0,2.82,10.93,2.76,False,SHARE_VOLUME|AVG_DOLLAR_VOLUME|MEDIAN_DOLLAR_VOLUME,River City Bank - Common stock,NASDAQ
CTNT,0.04,23667336.0,2604008.0,122545.0,41.05,-97.23,4.32,False,PRICE|AVG_DOLLAR_VOLUME|MEDIAN_DOLLAR_VOLUME,Cheetah Net Supply Chain Service Inc. - Class A Common Stock,NASDAQ
GAIN,15.98,159415.0,2593370.0,2345282.0,1.47,-1.24,2.49,False,SHARE_VOLUME|AVG_DOLLAR_VOLUME|MEDIAN_DOLLAR_VOLUME|LOW_DAILY_RANGE,Gladstone Investment Corporation - Business Development Company,NASDAQ
BLND,1.35,1739300.0,2579596.0,2459610.0,4.89,-6.9,10.71,False,PRICE|AVG_DOLLAR_VOLUME|MEDIAN_DOLLAR_VOLUME,"Blend Labs, Inc. Class A Common Stock",NYSE
APC,18.78,138104.0,2572907.0,2456481.0,2.53,1.23,2.65,False,SHARE_VOLUME|AVG_DOLLAR_VOLUME|MEDIAN_DOLLAR_VOLUME,ARKO Petroleum Corp. - Class A Common Stock,NASDAQ
RRGB,7.5,291648.0,2557328.0,2627175.0,6.21,-26.54,21.32,False,SHARE_VOLUME|AVG_DOLLAR_VOLUME|MEDIAN_DOLLAR_VOLUME,"Red Robin Gourmet Burgers, Inc. - Common Stock",NASDAQ
BSVN,54.83,47663.0,2552512.0,2204472.0,2.68,5.4,9.49,False,SHARE_VOLUME|AVG_DOLLAR_VOLUME|MEDIAN_DOLLAR_VOLUME,Bank7 Corp. - Common stock,NASDAQ
NXTT,5.47,337096.0,2547697.0,405546.0,17.74,-4.44,20.48,False,SHARE_VOLUME|AVG_DOLLAR_VOLUME|MEDIAN_DOLLAR_VOLUME,Next Technology Holding Inc. - Ordinary Shares,NASDAQ
CURI,2.87,941771.0,2539829.0,2199102.0,5.03,3.2,42.5,False,PRICE|SHARE_VOLUME|AVG_DOLLAR_VOLUME|MEDIAN_DOLLAR_VOLUME,CuriosityStream Inc.  - Class A Common Stock,NASDAQ
IMMR,7.18,337443.0,2539340.0,2337256.0,2.55,-4.69,2.7,False,SHARE_VOLUME|AVG_DOLLAR_VOLUME|MEDIAN_DOLLAR_VOLUME,Immersion Corporation - Common Stock,NASDAQ
VBNK,22.33,120767.0,2523265.0,1971577.0,3.55,11.95,8.84,False,SHARE_VOLUME|AVG_DOLLAR_VOLUME|MEDIAN_DOLLAR_VOLUME,VersaBank - Common Shares,NASDAQ
WCT,7.8,1436121.0,2517904.0,296360.0,17.82,743.24,381.94,False,AVG_DOLLAR_VOLUME|MEDIAN_DOLLAR_VOLUME,Wellchange Holdings Company Limited - Class A Ordinary shares,NASDAQ
AHMA,1.33,1437340.0,2517901.0,49204.0,10.39,-11.67,38.28,False,PRICE|AVG_DOLLAR_VOLUME|MEDIAN_DOLLAR_VOLUME,Ambitions Enterprise Management Co. L.L.C - Class A Ordinary Shares,NASDAQ
SITC,2.88,848759.0,2491428.0,2355760.0,2.66,-4.79,3.47,False,PRICE|SHARE_VOLUME|AVG_DOLLAR_VOLUME|MEDIAN_DOLLAR_VOLUME,SITE Centers Corp. Common Stock,NYSE
CION,7.14,343533.0,2486495.0,2333151.0,2.13,-1.15,16.85,False,SHARE_VOLUME|AVG_DOLLAR_VOLUME|MEDIAN_DOLLAR_VOLUME,CION Investment Corporation Common Stock,NYSE
RELL,16.58,143698.0,2482109.0,2208738.0,4.15,-12.78,5.39,False,SHARE_VOLUME|AVG_DOLLAR_VOLUME|MEDIAN_DOLLAR_VOLUME,"Richardson Electronics, Ltd. - Common Stock",NASDAQ
SAR,17.44,139346.0,2481169.0,2151969.0,1.72,-5.4,2.67,False,SHARE_VOLUME|AVG_DOLLAR_VOLUME|MEDIAN_DOLLAR_VOLUME|LOW_DAILY_RANGE,Saratoga Investment Corp New,NYSE
ACU,62.17,40103.0,2476952.0,2039188.0,3.27,-1.04,3.91,False,SHARE_VOLUME|AVG_DOLLAR_VOLUME|MEDIAN_DOLLAR_VOLUME,Acme United Corporation. Common Stock,NYSE American
GSIT,4.91,450969.0,2470944.0,2224857.0,4.73,-22.23,5.23,False,PRICE|SHARE_VOLUME|AVG_DOLLAR_VOLUME|MEDIAN_DOLLAR_VOLUME,"GSI Technology, Inc. - Common Stock",NASDAQ
VMAR,7.6,288546.0,2470089.0,517900.0,14.32,8.11,29.53,False,SHARE_VOLUME|AVG_DOLLAR_VOLUME|MEDIAN_DOLLAR_VOLUME,Vision Marine Technologies Inc. - Common Shares,NASDAQ
HBB,32.31,77578.0,2459038.0,2463792.0,3.91,-4.17,16.37,False,SHARE_VOLUME|AVG_DOLLAR_VOLUME|MEDIAN_DOLLAR_VOLUME,Hamilton Beach Brands Holding Company Class A Common Stock ,NYSE
VTEX,3.68,681140.0,2457690.0,2546943.0,3.1,3.95,2.54,False,PRICE|SHARE_VOLUME|AVG_DOLLAR_VOLUME|MEDIAN_DOLLAR_VOLUME,VTEX Class A Common Shares,NYSE
NRC,22.1,113953.0,2456444.0,2291223.0,3.66,0.41,6.2,False,SHARE_VOLUME|AVG_DOLLAR_VOLUME|MEDIAN_DOLLAR_VOLUME,NRC Health - Common Stock,NASDAQ
BBCP,10.29,250496.0,2452463.0,2327377.0,4.06,11.36,16.02,False,SHARE_VOLUME|AVG_DOLLAR_VOLUME|MEDIAN_DOLLAR_VOLUME,"Concrete Pumping Holdings, Inc.  - Common Stock",NASDAQ
DSP,12.65,191245.0,2450883.0,2361650.0,4.38,-2.05,7.47,False,SHARE_VOLUME|AVG_DOLLAR_VOLUME|MEDIAN_DOLLAR_VOLUME,Viant Technology Inc. - common stock,NASDAQ
SGP,28.63,88613.0,2447681.0,2228255.0,4.7,10.8,5.38,False,SHARE_VOLUME|AVG_DOLLAR_VOLUME|MEDIAN_DOLLAR_VOLUME,"SpyGlass Pharma, Inc. - Common Stock",NASDAQ
BUUU,44.98,74053.0,2446443.0,1490868.0,12.08,55.32,13.11,False,SHARE_VOLUME|AVG_DOLLAR_VOLUME|MEDIAN_DOLLAR_VOLUME,BUUU Group Limited - Class A Ordinary Share,NASDAQ
RM,32.22,73723.0,2444567.0,2034045.0,2.82,-4.33,3.8,False,SHARE_VOLUME|AVG_DOLLAR_VOLUME|MEDIAN_DOLLAR_VOLUME,Regional Management Corp. Common Stock,NYSE
NATR,13.17,174447.0,2443830.0,2306952.0,2.92,-10.1,2.09,False,SHARE_VOLUME|AVG_DOLLAR_VOLUME|MEDIAN_DOLLAR_VOLUME,"Nature's Sunshine Products, Inc. - Common Stock",NASDAQ
XPER,5.57,410631.0,2440593.0,2064159.0,2.83,-13.99,4.08,False,SHARE_VOLUME|AVG_DOLLAR_VOLUME|MEDIAN_DOLLAR_VOLUME,Xperi Inc. Common Stock ,NYSE
CBAN,21.34,114036.0,2435611.0,2320560.0,2.1,-3.04,1.53,False,SHARE_VOLUME|AVG_DOLLAR_VOLUME|MEDIAN_DOLLAR_VOLUME,"Colony Bankcorp, Inc. Common Stock",NYSE
PSIG,3.75,920293.0,2429798.0,578486.0,22.72,135.85,47.22,False,PRICE|SHARE_VOLUME|AVG_DOLLAR_VOLUME|MEDIAN_DOLLAR_VOLUME,PS International Group Ltd. - Ordinary Shares,NASDAQ
RFIL,8.27,246644.0,2426775.0,1799560.0,6.57,-35.93,3.24,False,SHARE_VOLUME|AVG_DOLLAR_VOLUME|MEDIAN_DOLLAR_VOLUME,"RF Industries, Ltd. - Common Stock",NASDAQ
RMNI,4.55,473662.0,2422359.0,2272058.0,3.42,-9.28,5.45,False,PRICE|SHARE_VOLUME|AVG_DOLLAR_VOLUME|MEDIAN_DOLLAR_VOLUME,"Rimini Street, Inc. - Common Stock",NASDAQ
AGRZ,0.23,9647000.0,2420976.0,95155.0,14.37,-21.65,10.82,False,PRICE|AVG_DOLLAR_VOLUME|MEDIAN_DOLLAR_VOLUME,Agroz Inc. - Class A Ordinary Shares,NASDAQ
CEPL,5.93,407180.0,2416827.0,2367346.0,8.97,-11.04,13.01,False,SHARE_VOLUME|AVG_DOLLAR_VOLUME|MEDIAN_DOLLAR_VOLUME,"Capstone Energy Plus, Inc. - Common Stock",NASDAQ
QUIK,9.98,221961.0,2413449.0,2373476.0,4.06,-17.33,4.69,False,SHARE_VOLUME|AVG_DOLLAR_VOLUME|MEDIAN_DOLLAR_VOLUME,QuickLogic Corporation - Common Stock,NASDAQ
TWIN,24.35,101760.0,2410587.0,2005021.0,5.01,-2.38,4.56,False,SHARE_VOLUME|AVG_DOLLAR_VOLUME|MEDIAN_DOLLAR_VOLUME,"Twin Disc, Incorporated - Common Stock",NASDAQ
NXP,13.49,172575.0,2401319.0,2150514.0,0.75,-4.56,0.7,False,SHARE_VOLUME|AVG_DOLLAR_VOLUME|MEDIAN_DOLLAR_VOLUME|LOW_DAILY_RANGE,Nuveen Select Tax Free Income Portfolio Common Stock,NYSE
SKK,4.13,423176.0,2399051.0,96987.0,11.03,-1.67,36.43,False,PRICE|SHARE_VOLUME|AVG_DOLLAR_VOLUME|MEDIAN_DOLLAR_VOLUME,SKK Holdings Limited - Class A Ordinary Shares,NASDAQ
FHTX,4.19,415843.0,2398333.0,1970206.0,6.85,-37.93,14.14,False,PRICE|SHARE_VOLUME|AVG_DOLLAR_VOLUME|MEDIAN_DOLLAR_VOLUME,Foghorn Therapeutics Inc. - Common Stock,NASDAQ
TBI,9.18,244334.0,2397884.0,2035410.0,4.31,-12.65,28.74,False,SHARE_VOLUME|AVG_DOLLAR_VOLUME|MEDIAN_DOLLAR_VOLUME,"TrueBlue, Inc. Common Stock",NYSE
CURR,3.22,707936.0,2386179.0,829020.0,12.95,-14.81,19.35,False,PRICE|SHARE_VOLUME|AVG_DOLLAR_VOLUME|MEDIAN_DOLLAR_VOLUME,Currenc Group Inc. - Ordinary Shares,NASDAQ
XAIR,3.09,573730.0,2386000.0,190172.0,9.11,-46.07,14.69,False,PRICE|SHARE_VOLUME|AVG_DOLLAR_VOLUME|MEDIAN_DOLLAR_VOLUME,"Beyond Air, Inc. - Common Stock",NASDAQ
HYPD,3.27,712367.0,2383213.0,1806832.0,9.21,21.11,12.59,False,PRICE|SHARE_VOLUME|AVG_DOLLAR_VOLUME|MEDIAN_DOLLAR_VOLUME,"Hyperion DeFi, Inc. - Common Stock",NASDAQ
EGHT,1.8,1248671.0,2376145.0,2383204.0,4.72,-11.95,5.79,False,PRICE|AVG_DOLLAR_VOLUME|MEDIAN_DOLLAR_VOLUME,8x8 Inc - Common stock,NASDAQ
MNTS,4.1,570915.0,2374175.0,2215623.0,4.72,-3.3,12.07,False,PRICE|SHARE_VOLUME|AVG_DOLLAR_VOLUME|MEDIAN_DOLLAR_VOLUME,Momentus Inc. - Class A Common Stock,NASDAQ
OSG,4.82,505507.0,2367860.0,2152502.0,4.18,4.9,5.52,False,PRICE|SHARE_VOLUME|AVG_DOLLAR_VOLUME|MEDIAN_DOLLAR_VOLUME,"Octave Specialty Group, Inc. Common Stock",NYSE
CWCO,28.31,81036.0,2362965.0,2055888.0,2.15,-5.85,6.88,False,SHARE_VOLUME|AVG_DOLLAR_VOLUME|MEDIAN_DOLLAR_VOLUME,Consolidated Water Co. Ltd. - Ordinary Shares,NASDAQ
VGZ,2.17,1031868.0,2361306.0,2197981.0,4.38,-4.61,8.33,False,PRICE|AVG_DOLLAR_VOLUME|MEDIAN_DOLLAR_VOLUME,Vista Gold Corp Common Stock,NYSE American
WEST,7.83,293387.0,2358098.0,2067072.0,4.1,-4.98,3.76,False,SHARE_VOLUME|AVG_DOLLAR_VOLUME|MEDIAN_DOLLAR_VOLUME,Westrock Coffee Company - Common Stock,NASDAQ
ATNI,30.24,77246.0,2357691.0,2414279.0,2.79,-3.76,27.57,False,SHARE_VOLUME|AVG_DOLLAR_VOLUME|MEDIAN_DOLLAR_VOLUME,"ATN International, Inc. - Common Stock",NASDAQ
MESH,10.08,231648.0,2337782.0,101358.0,0.07,0.3,0.3,False,SHARE_VOLUME|AVG_DOLLAR_VOLUME|MEDIAN_DOLLAR_VOLUME|LOW_DAILY_RANGE,Meshflow Acquisition Corp. - Class A Ordinary Shares,NASDAQ
ASLE,5.48,419881.0,2337265.0,2223518.0,2.58,-4.86,3.11,False,SHARE_VOLUME|AVG_DOLLAR_VOLUME|MEDIAN_DOLLAR_VOLUME,AerSale Corporation - Common Stock,NASDAQ
SMTK,2.5,614256.0,2337264.0,766471.0,17.25,-45.65,18.39,False,PRICE|SHARE_VOLUME|AVG_DOLLAR_VOLUME|MEDIAN_DOLLAR_VOLUME,"SmartKem, Inc. - Common Stock",NASDAQ
NFGC,1.73,1271750.0,2327037.0,2028566.0,5.24,5.49,8.54,False,PRICE|AVG_DOLLAR_VOLUME|MEDIAN_DOLLAR_VOLUME,New Found Gold Corp Common Shares,NYSE American
ESEA,75.0,30705.0,2303673.0,2325778.0,2.53,4.11,4.57,False,SHARE_VOLUME|AVG_DOLLAR_VOLUME|MEDIAN_DOLLAR_VOLUME,Euroseas Ltd. - Common Stock,NASDAQ
LFMD,3.24,723794.0,2302289.0,1856888.0,4.91,-0.76,12.79,False,PRICE|SHARE_VOLUME|AVG_DOLLAR_VOLUME|MEDIAN_DOLLAR_VOLUME,"LifeMD, Inc. - Common Stock",NASDAQ
PAL,4.69,444832.0,2302181.0,2007462.0,4.84,-16.55,7.09,False,PRICE|SHARE_VOLUME|AVG_DOLLAR_VOLUME|MEDIAN_DOLLAR_VOLUME,"Proficient Auto Logistics, Inc. - Common Stock",NASDAQ
EPOW,0.28,4930855.0,2301805.0,93355.0,9.35,-42.51,20.99,False,PRICE|AVG_DOLLAR_VOLUME|MEDIAN_DOLLAR_VOLUME,E-Power Inc. - Class A Ordinary Shares,NASDAQ
VOXR,5.55,405531.0,2297402.0,2197365.0,3.82,8.4,7.88,False,SHARE_VOLUME|AVG_DOLLAR_VOLUME|MEDIAN_DOLLAR_VOLUME,Vox Royalty Corp. - common stock,NASDAQ
OEC,5.89,380000.0,2294336.0,2301552.0,4.65,-2.97,15.85,False,SHARE_VOLUME|AVG_DOLLAR_VOLUME|MEDIAN_DOLLAR_VOLUME,Orion S.A. Common Shares,NYSE
FRPH,21.58,103068.0,2292559.0,2287473.0,2.24,-1.95,3.4,False,SHARE_VOLUME|AVG_DOLLAR_VOLUME|MEDIAN_DOLLAR_VOLUME,"FRP Holdings, Inc. - Common Stock",NASDAQ
BMM,5.14,405787.0,2291489.0,1233792.0,9.0,4.9,11.09,False,SHARE_VOLUME|AVG_DOLLAR_VOLUME|MEDIAN_DOLLAR_VOLUME,Blue Moon Metals Inc. - Common Shares,NASDAQ
PHI,18.21,125292.0,2288218.0,2189992.0,1.76,0.4,2.21,False,SHARE_VOLUME|AVG_DOLLAR_VOLUME|MEDIAN_DOLLAR_VOLUME|LOW_DAILY_RANGE,PLDT Inc. Sponsored ADR,NYSE
MCBS,35.55,64559.0,2279484.0,2185129.0,1.79,-1.28,1.85,False,SHARE_VOLUME|AVG_DOLLAR_VOLUME|MEDIAN_DOLLAR_VOLUME|LOW_DAILY_RANGE,"MetroCity Bankshares, Inc. - Common Stock",NASDAQ
CVEO,33.86,67290.0,2278376.0,2038935.0,2.7,0.84,5.96,False,SHARE_VOLUME|AVG_DOLLAR_VOLUME|MEDIAN_DOLLAR_VOLUME,Civeo Corporation (Canada) Common Shares,NYSE
NUS,4.72,479022.0,2278129.0,2141749.0,3.84,1.59,5.78,False,PRICE|SHARE_VOLUME|AVG_DOLLAR_VOLUME|MEDIAN_DOLLAR_VOLUME,"Nu Skin Enterprises, Inc. Common Stock",NYSE
NRXP,3.39,655431.0,2277492.0,2145272.0,4.88,-1.45,15.86,False,PRICE|SHARE_VOLUME|AVG_DOLLAR_VOLUME|MEDIAN_DOLLAR_VOLUME,"NRX Pharmaceuticals, Inc. - Common Stock",NASDAQ
COFS,33.7,68351.0,2274298.0,2356116.0,2.05,-0.12,1.93,False,SHARE_VOLUME|AVG_DOLLAR_VOLUME|MEDIAN_DOLLAR_VOLUME,"ChoiceOne Financial Services, Inc. - Common Stock",NASDAQ
AGMB,11.88,162993.0,2272649.0,2011689.0,8.41,-13.47,9.36,False,SHARE_VOLUME|AVG_DOLLAR_VOLUME|MEDIAN_DOLLAR_VOLUME,AgomAb Therapeutics NV - ADRs representing one common share.,NASDAQ
KPTI,1.67,1284242.0,2270635.0,1585220.0,8.43,-13.21,10.16,False,PRICE|AVG_DOLLAR_VOLUME|MEDIAN_DOLLAR_VOLUME,Karyopharm Therapeutics Inc. - Common Stock,NASDAQ
FRST,16.07,140535.0,2261291.0,2158087.0,1.95,-2.81,2.37,False,SHARE_VOLUME|AVG_DOLLAR_VOLUME|MEDIAN_DOLLAR_VOLUME|LOW_DAILY_RANGE,Primis Financial Corp. - Common Stock,NASDAQ
SBR,74.54,30344.0,2237834.0,1988198.0,1.9,3.36,2.35,False,SHARE_VOLUME|AVG_DOLLAR_VOLUME|MEDIAN_DOLLAR_VOLUME|LOW_DAILY_RANGE,Sabine Royalty Trust Common Stock,NYSE
MBI,4.57,467640.0,2227486.0,2147226.0,3.19,-7.95,3.21,False,PRICE|SHARE_VOLUME|AVG_DOLLAR_VOLUME|MEDIAN_DOLLAR_VOLUME,MBIA Inc. Common Stock,NYSE
HCKT,10.85,200416.0,2220431.0,1960970.0,3.47,3.24,4.64,False,SHARE_VOLUME|AVG_DOLLAR_VOLUME|MEDIAN_DOLLAR_VOLUME,"The Hackett Group, Inc. - Common Stock",NASDAQ
FFAI,1.71,971968.0,2218159.0,1935703.0,9.94,-48.49,22.51,False,PRICE|SHARE_VOLUME|AVG_DOLLAR_VOLUME|MEDIAN_DOLLAR_VOLUME,Faraday Future Intelligent Electric Inc. - Class A Common Stock,NASDAQ
ZCMD,0.77,2612886.0,2215962.0,315730.0,8.68,-23.43,20.5,False,PRICE|AVG_DOLLAR_VOLUME|MEDIAN_DOLLAR_VOLUME,Zhongchao Inc. - Class A Ordinary Shares,NASDAQ
MVIS,1.45,1304255.0,2212220.0,1618964.0,7.12,-19.44,27.75,False,PRICE|AVG_DOLLAR_VOLUME|MEDIAN_DOLLAR_VOLUME,"MicroVision, Inc. - Common Stock",NASDAQ
ONIT,34.76,63177.0,2206834.0,2064663.0,3.74,-6.53,6.66,False,SHARE_VOLUME|AVG_DOLLAR_VOLUME|MEDIAN_DOLLAR_VOLUME,Onity Group Inc. Common Stock,NYSE
AIRS,2.12,856358.0,2205159.0,1972794.0,7.3,-21.34,16.91,False,PRICE|SHARE_VOLUME|AVG_DOLLAR_VOLUME|MEDIAN_DOLLAR_VOLUME,"AirSculpt Technologies, Inc. - Common Stock",NASDAQ
SIGA,3.05,709123.0,2204046.0,1980075.0,4.62,1.84,4.17,False,PRICE|SHARE_VOLUME|AVG_DOLLAR_VOLUME|MEDIAN_DOLLAR_VOLUME,SIGA Technologies Inc. - Common Stock,NASDAQ
QTRX,2.91,833293.0,2202856.0,1297595.0,7.0,8.58,12.74,False,PRICE|SHARE_VOLUME|AVG_DOLLAR_VOLUME|MEDIAN_DOLLAR_VOLUME,Quanterix Corporation - Common Stock,NASDAQ
KXIN,1.12,1060815.0,2201405.0,316908.0,27.9,-78.95,8.8,False,PRICE|AVG_DOLLAR_VOLUME|MEDIAN_DOLLAR_VOLUME,Kaixin Holdings - Ordinary Shares,NASDAQ
AVXL,2.36,725585.0,2185463.0,1704063.0,5.53,-26.25,14.47,False,PRICE|SHARE_VOLUME|AVG_DOLLAR_VOLUME|MEDIAN_DOLLAR_VOLUME,Anavex Life Sciences Corp. - Common Stock,NASDAQ
EFSI,46.59,50256.0,2182605.0,2089200.0,3.36,6.83,10.43,False,SHARE_VOLUME|AVG_DOLLAR_VOLUME|MEDIAN_DOLLAR_VOLUME,Eagle Financial Services Inc - Common Stock,NASDAQ
PEPG,2.87,698533.0,2178373.0,1837419.0,6.45,-1.37,21.72,False,PRICE|SHARE_VOLUME|AVG_DOLLAR_VOLUME|MEDIAN_DOLLAR_VOLUME,PepGen Inc. - Common Stock,NASDAQ
BWB,21.16,101741.0,2177405.0,1954898.0,2.34,-5.32,2.01,False,SHARE_VOLUME|AVG_DOLLAR_VOLUME|MEDIAN_DOLLAR_VOLUME,"Bridgewater Bancshares, Inc. - Common Stock",NASDAQ
MF,14.0,151683.0,2175799.0,1938469.0,18.56,11.91,30.0,False,SHARE_VOLUME|AVG_DOLLAR_VOLUME|MEDIAN_DOLLAR_VOLUME,MindForge Inc. - Class A Ordinary Shares,NASDAQ
BCTX,3.6,612197.0,2171087.0,489143.0,6.61,1.84,12.18,False,PRICE|SHARE_VOLUME|AVG_DOLLAR_VOLUME|MEDIAN_DOLLAR_VOLUME,BriaCell Therapeutics Corp. - Common Shares,NASDAQ
DGICA,19.33,113693.0,2164548.0,1868647.0,2.36,3.87,1.66,False,SHARE_VOLUME|AVG_DOLLAR_VOLUME|MEDIAN_DOLLAR_VOLUME,"Donegal Group, Inc. - Class A Common Stock",NASDAQ
WAFU,1.51,1525253.0,2161352.0,49177.0,5.92,4.86,14.83,False,PRICE|AVG_DOLLAR_VOLUME|MEDIAN_DOLLAR_VOLUME,Wah Fu Education Group Limited - Ordinary Shares,NASDAQ
ACIC,9.15,229153.0,2146480.0,1976979.0,2.13,-3.79,1.74,False,SHARE_VOLUME|AVG_DOLLAR_VOLUME|MEDIAN_DOLLAR_VOLUME,American Coastal Insurance Corporation - Common Stock,NASDAQ
PINE,18.17,112664.0,2137956.0,1859940.0,1.95,-5.7,2.05,False,SHARE_VOLUME|AVG_DOLLAR_VOLUME|MEDIAN_DOLLAR_VOLUME|LOW_DAILY_RANGE,"Alpine Income Property Trust, Inc. Common Stock",NYSE
PUSA,3.47,575386.0,2137378.0,1489072.0,6.26,-1.14,13.11,False,PRICE|SHARE_VOLUME|AVG_DOLLAR_VOLUME|MEDIAN_DOLLAR_VOLUME,Aureus Greenway Holdings Inc. - Common Stock,NASDAQ
ALLT,7.9,270749.0,2130378.0,1409353.0,3.17,0.38,11.44,False,SHARE_VOLUME|AVG_DOLLAR_VOLUME|MEDIAN_DOLLAR_VOLUME,Allot Ltd. - Ordinary Shares,NASDAQ
BTT,22.14,94939.0,2130362.0,1372259.0,0.62,-1.79,0.4,False,SHARE_VOLUME|AVG_DOLLAR_VOLUME|MEDIAN_DOLLAR_VOLUME|LOW_DAILY_RANGE,BlackRock Municipal 2030 Target Term Trust,NYSE
NATH,98.65,21718.0,2129066.0,1843851.0,0.9,1.18,1.4,False,SHARE_VOLUME|AVG_DOLLAR_VOLUME|MEDIAN_DOLLAR_VOLUME|LOW_DAILY_RANGE,"Nathan's Famous, Inc. - Common Stock",NASDAQ
VFF,2.89,748047.0,2123447.0,1959359.0,4.24,13.78,13.94,False,PRICE|SHARE_VOLUME|AVG_DOLLAR_VOLUME|MEDIAN_DOLLAR_VOLUME,"Village Farms International, Inc. - Common Shares",NASDAQ
PRTH,5.99,377201.0,2120846.0,1917831.0,4.18,6.76,7.34,False,SHARE_VOLUME|AVG_DOLLAR_VOLUME|MEDIAN_DOLLAR_VOLUME,"Priority Technology Holdings, Inc. - Common Stock",NASDAQ
FRAF,63.69,33812.0,2120661.0,1992934.0,2.41,0.74,3.07,False,SHARE_VOLUME|AVG_DOLLAR_VOLUME|MEDIAN_DOLLAR_VOLUME,Franklin Financial Services Corporation - Common Stock,NASDAQ
ILPT,7.78,259787.0,2113944.0,2083631.0,2.33,-7.71,2.49,False,SHARE_VOLUME|AVG_DOLLAR_VOLUME|MEDIAN_DOLLAR_VOLUME,Industrial Logistics Properties Trust - Common Shares of Beneficial Interest,NASDAQ
BCX,12.53,162051.0,2106229.0,2026300.0,1.89,0.23,4.21,False,SHARE_VOLUME|AVG_DOLLAR_VOLUME|MEDIAN_DOLLAR_VOLUME|LOW_DAILY_RANGE,BlackRock Resources Common Shares of Beneficial Interest,NYSE
CVRX,3.0,694414.0,2099329.0,1831634.0,6.79,9.09,10.92,False,PRICE|SHARE_VOLUME|AVG_DOLLAR_VOLUME|MEDIAN_DOLLAR_VOLUME,"CVRx, Inc. - Common Stock",NASDAQ
MAAS,16.63,130817.0,2079463.0,1819539.0,7.13,3.29,11.83,False,SHARE_VOLUME|AVG_DOLLAR_VOLUME|MEDIAN_DOLLAR_VOLUME,Maase Inc. - Class A Ordinary Shares,NASDAQ
LE,10.42,182670.0,2069150.0,1808046.0,3.56,-12.8,3.85,False,SHARE_VOLUME|AVG_DOLLAR_VOLUME|MEDIAN_DOLLAR_VOLUME,"Lands' End, Inc. - Common Stock",NASDAQ
CVKD,1.08,1211801.0,2068116.0,114120.0,10.87,-37.13,13.64,False,PRICE|AVG_DOLLAR_VOLUME|MEDIAN_DOLLAR_VOLUME,"Cadrenal Therapeutics, Inc. - Common Stock",NASDAQ
XLAB,3.1,414320.0,2067602.0,514303.0,16.71,-41.84,16.83,False,PRICE|SHARE_VOLUME|AVG_DOLLAR_VOLUME|MEDIAN_DOLLAR_VOLUME,Exascale Labs Holdings Inc. - Class A Common Stock,NASDAQ
MEVO,10.03,206230.0,2065981.0,471838.0,0.67,0.6,0.3,False,SHARE_VOLUME|AVG_DOLLAR_VOLUME|MEDIAN_DOLLAR_VOLUME|LOW_DAILY_RANGE,M Evo Global Acquisition Corp II - Class A Ordinary Shares,NASDAQ
NCMI,2.38,817616.0,2060552.0,1902597.0,4.45,-5.36,20.72,False,PRICE|SHARE_VOLUME|AVG_DOLLAR_VOLUME|MEDIAN_DOLLAR_VOLUME,"National CineMedia, Inc. - Common Stock",NASDAQ
PXED,26.73,72696.0,2060517.0,1944067.0,3.33,-1.66,3.02,False,SHARE_VOLUME|AVG_DOLLAR_VOLUME|MEDIAN_DOLLAR_VOLUME,"Phoenix Education Partners, Inc. Common Stock",NYSE
ANIK,21.08,97026.0,2059295.0,1706700.0,3.68,-2.25,6.25,False,SHARE_VOLUME|AVG_DOLLAR_VOLUME|MEDIAN_DOLLAR_VOLUME,Anika Therapeutics Inc. - Common Stock,NASDAQ
PROK,1.85,1169225.0,2058853.0,1995222.0,6.47,33.7,13.38,False,PRICE|AVG_DOLLAR_VOLUME|MEDIAN_DOLLAR_VOLUME,ProKidney Corp. - Class A Ordinary Shares,NASDAQ
NOA,13.09,152456.0,2045617.0,945973.0,2.55,-3.48,5.92,False,SHARE_VOLUME|AVG_DOLLAR_VOLUME|MEDIAN_DOLLAR_VOLUME,North American Construction Group Ltd. Common Shares (no par),NYSE
TRDA,6.94,285351.0,2043775.0,1942120.0,6.14,-4.54,8.95,False,SHARE_VOLUME|AVG_DOLLAR_VOLUME|MEDIAN_DOLLAR_VOLUME,"Entrada Therapeutics, Inc. - Common Stock",NASDAQ
VVR,2.9,702792.0,2041191.0,2050245.0,0.85,-0.04,1.02,False,PRICE|SHARE_VOLUME|AVG_DOLLAR_VOLUME|MEDIAN_DOLLAR_VOLUME|LOW_DAILY_RANGE,Invesco Senior Income Trust Common Stock (DE),NYSE
VEL,17.01,113555.0,2035802.0,1860338.0,2.53,-5.63,3.06,False,SHARE_VOLUME|AVG_DOLLAR_VOLUME|MEDIAN_DOLLAR_VOLUME,"Velocity Financial, Inc. Common Stock",NYSE
GMEX,0.59,3241359.0,2035021.0,309546.0,12.89,-49.4,31.91,False,PRICE|AVG_DOLLAR_VOLUME|MEDIAN_DOLLAR_VOLUME,GMEX ROBOTICS CORPORATION - Class A Ordinary Shares,NASDAQ
CARL,15.29,127391.0,2032668.0,1564890.0,4.81,2.76,7.98,False,SHARE_VOLUME|AVG_DOLLAR_VOLUME|MEDIAN_DOLLAR_VOLUME,"Carlsmed, Inc. - Common Stock",NASDAQ
GMTL,10.65,173223.0,2032549.0,1843857.0,8.81,-15.98,13.22,False,SHARE_VOLUME|AVG_DOLLAR_VOLUME|MEDIAN_DOLLAR_VOLUME,Guardian Metal Resources PLC ADS,NYSE American
NVA,5.99,348590.0,2032420.0,1733789.0,6.52,24.17,9.8,False,SHARE_VOLUME|AVG_DOLLAR_VOLUME|MEDIAN_DOLLAR_VOLUME,Nova Minerals Corp Common Stock,NYSE American
PSFE,6.32,308906.0,2028636.0,2279233.0,4.1,-3.14,15.14,False,SHARE_VOLUME|AVG_DOLLAR_VOLUME|MEDIAN_DOLLAR_VOLUME,Paysafe Limited Common Shares,NYSE
DXST,2.61,712489.0,2022453.0,62703.0,5.14,4.2,17.06,False,PRICE|SHARE_VOLUME|AVG_DOLLAR_VOLUME|MEDIAN_DOLLAR_VOLUME,Decent Holding Inc. - Class A Ordinary Shares,NASDAQ
RBB,26.87,76247.0,2018016.0,1885827.0,2.04,-1.39,2.34,False,SHARE_VOLUME|AVG_DOLLAR_VOLUME|MEDIAN_DOLLAR_VOLUME,RBB Bancorp - Common Stock,NASDAQ
SVCO,6.46,300932.0,2015136.0,2130174.0,5.7,-5.0,7.58,False,SHARE_VOLUME|AVG_DOLLAR_VOLUME|MEDIAN_DOLLAR_VOLUME,"Silvaco Group, Inc. - Common Stock",NASDAQ
DTIL,6.59,255518.0,2014641.0,1847905.0,5.2,-19.93,11.22,False,SHARE_VOLUME|AVG_DOLLAR_VOLUME|MEDIAN_DOLLAR_VOLUME,"Precision BioSciences, Inc. - Common Stock",NASDAQ
RCKY,42.87,45185.0,2014165.0,1856358.0,3.05,-6.99,2.06,False,SHARE_VOLUME|AVG_DOLLAR_VOLUME|MEDIAN_DOLLAR_VOLUME,"Rocky Brands, Inc. - Common Stock",NASDAQ
RACC,11.22,155284.0,2011704.0,411325.0,8.64,-54.21,11.08,False,SHARE_VOLUME|AVG_DOLLAR_VOLUME|MEDIAN_DOLLAR_VOLUME,Research Alliance Corporation III - Class A Ordinary Shares,NASDAQ
HITI,2.7,779950.0,2001906.0,1310064.0,3.69,12.46,6.26,False,PRICE|SHARE_VOLUME|AVG_DOLLAR_VOLUME|MEDIAN_DOLLAR_VOLUME,High Tide Inc. - Common Shares,NASDAQ
CNL,12.61,132186.0,1992265.0,1889851.0,5.91,-13.51,7.89,False,SHARE_VOLUME|AVG_DOLLAR_VOLUME|MEDIAN_DOLLAR_VOLUME,Collective Mining Ltd. - Common Stock,NASDAQ
ITG,12.75,154869.0,1980324.0,1933067.0,6.72,0.08,7.42,False,SHARE_VOLUME|AVG_DOLLAR_VOLUME|MEDIAN_DOLLAR_VOLUME,"ITG, Inc. - Class A Common Stock",NASDAQ
OPTU,1.03,2034352.0,1966944.0,1671598.0,8.46,23.8,16.28,False,PRICE|AVG_DOLLAR_VOLUME|MEDIAN_DOLLAR_VOLUME,"Optimum Communications, Inc. Class A common stock",NYSE
BSRR,40.84,48793.0,1960577.0,1770754.0,1.93,0.47,2.44,False,SHARE_VOLUME|AVG_DOLLAR_VOLUME|MEDIAN_DOLLAR_VOLUME|LOW_DAILY_RANGE,Sierra Bancorp - Common Stock,NASDAQ
PLG,1.37,1286730.0,1960028.0,1766551.0,4.93,-3.87,7.97,False,PRICE|AVG_DOLLAR_VOLUME|MEDIAN_DOLLAR_VOLUME,Platinum Group Metals Ltd. Ordinary Shares (Canada),NYSE American
BOC,13.76,142120.0,1958049.0,1869996.0,2.49,-1.01,5.95,False,SHARE_VOLUME|AVG_DOLLAR_VOLUME|MEDIAN_DOLLAR_VOLUME,Boston Omaha Corporation Class A Common Stock,NYSE
JOUT,44.94,42689.0,1954155.0,1751538.0,2.98,-6.09,3.16,False,SHARE_VOLUME|AVG_DOLLAR_VOLUME|MEDIAN_DOLLAR_VOLUME,Johnson Outdoors Inc. - Class A Common Stock,NASDAQ
LEGH,28.02,69561.0,1952299.0,1627236.0,3.09,-0.74,5.01,False,SHARE_VOLUME|AVG_DOLLAR_VOLUME|MEDIAN_DOLLAR_VOLUME,Legacy Housing Corporation - Common Stock,NASDAQ
VMO,9.23,206148.0,1945907.0,1844066.0,0.81,-4.2,0.85,False,SHARE_VOLUME|AVG_DOLLAR_VOLUME|MEDIAN_DOLLAR_VOLUME|LOW_DAILY_RANGE,Invesco Municipal Opportunity Trust Common Stock,NYSE
NCDL,12.18,157418.0,1942364.0,1829127.0,1.87,-0.98,2.31,False,SHARE_VOLUME|AVG_DOLLAR_VOLUME|MEDIAN_DOLLAR_VOLUME|LOW_DAILY_RANGE,Nuveen Churchill Direct Lending Corp. Common Stock,NYSE
QMLS,5.36,322836.0,1940253.0,1620753.0,11.27,-20.47,14.94,False,SHARE_VOLUME|AVG_DOLLAR_VOLUME|MEDIAN_DOLLAR_VOLUME,"QumulusAI, Inc. - Common Stock",NASDAQ
APUR,10.02,193193.0,1936022.0,10511.0,0.04,0.5,0.1,False,SHARE_VOLUME|AVG_DOLLAR_VOLUME|MEDIAN_DOLLAR_VOLUME|LOW_DAILY_RANGE,Aperture AC - Class A Ordinary Shares,NASDAQ
SLE,4.33,453687.0,1935041.0,900275.0,12.27,-21.26,82.12,False,PRICE|SHARE_VOLUME|AVG_DOLLAR_VOLUME|MEDIAN_DOLLAR_VOLUME,"Super League Enterprise, Inc. - Common Stock",NASDAQ
BUI,25.76,72863.0,1930700.0,1696926.0,1.36,-4.65,1.21,False,SHARE_VOLUME|AVG_DOLLAR_VOLUME|MEDIAN_DOLLAR_VOLUME|LOW_DAILY_RANGE,"BlackRock Utility, Infrastructure & Power Opportunities Trust",NYSE
AIBZ,4.03,365496.0,1930057.0,1591208.0,7.63,-35.08,11.57,False,PRICE|SHARE_VOLUME|AVG_DOLLAR_VOLUME|MEDIAN_DOLLAR_VOLUME,Bitzero Holdings Inc. - Common Shares,NASDAQ
XGN,7.77,258291.0,1928694.0,1717685.0,5.61,17.91,12.75,False,SHARE_VOLUME|AVG_DOLLAR_VOLUME|MEDIAN_DOLLAR_VOLUME,Exagen Inc. - Common Stock,NASDAQ
SI,18.0,92238.0,1923612.0,1895347.0,5.34,-14.79,10.08,False,SHARE_VOLUME|AVG_DOLLAR_VOLUME|MEDIAN_DOLLAR_VOLUME,"Shoulder Innovations, Inc. Common Stock",NYSE
MAKO,10.03,185789.0,1919366.0,1628113.0,4.3,3.19,10.16,False,SHARE_VOLUME|AVG_DOLLAR_VOLUME|MEDIAN_DOLLAR_VOLUME,Mako Mining Corp - Common Stock,NASDAQ
DSAC,10.17,188032.0,1913918.0,257937.0,0.06,0.0,0.39,False,SHARE_VOLUME|AVG_DOLLAR_VOLUME|MEDIAN_DOLLAR_VOLUME|LOW_DAILY_RANGE,Daedalus Special Acquisition Corp. - Class A Ordinary Shares,NASDAQ
FF,5.49,354111.0,1910022.0,1686136.0,3.65,-2.91,23.45,False,SHARE_VOLUME|AVG_DOLLAR_VOLUME|MEDIAN_DOLLAR_VOLUME,FutureFuel Corp.  Common shares,NYSE
BME,44.44,42223.0,1909723.0,1889647.0,1.26,-0.35,1.72,False,SHARE_VOLUME|AVG_DOLLAR_VOLUME|MEDIAN_DOLLAR_VOLUME|LOW_DAILY_RANGE,Blackrock Health Sciences Trust,NYSE
WBUY,0.92,2115030.0,1908642.0,49733.0,9.36,18.12,10.67,False,PRICE|AVG_DOLLAR_VOLUME|MEDIAN_DOLLAR_VOLUME,WEBUY GLOBAL LTD. - Class A Ordinary Shares,NASDAQ
NWAX,10.12,187473.0,1902779.0,145207.0,0.2,-0.49,0.3,False,SHARE_VOLUME|AVG_DOLLAR_VOLUME|MEDIAN_DOLLAR_VOLUME|LOW_DAILY_RANGE,New America Acquisition I Corp. Class A Common Stock,NYSE
MOBI,10.91,169904.0,1902680.0,1316653.0,7.75,-6.99,9.6,False,SHARE_VOLUME|AVG_DOLLAR_VOLUME|MEDIAN_DOLLAR_VOLUME,"Mobia Medical, Inc. - Common Stock",NASDAQ
ADCT,1.07,1670311.0,1892749.0,1774044.0,7.52,3.4,8.91,False,PRICE|AVG_DOLLAR_VOLUME|MEDIAN_DOLLAR_VOLUME,ADC Therapeutics SA Common Shares,NYSE
LILAP,20.44,92293.0,1892268.0,1084895.0,2.01,0.86,4.08,False,SHARE_VOLUME|AVG_DOLLAR_VOLUME|MEDIAN_DOLLAR_VOLUME,Liberty Latin America Ltd. - 9.0% Fixed Rate Cumulative Perpetual Redeemable Series A Preference Shares,NASDAQ
GRNQ,10.01,123997.0,1891708.0,486298.0,16.44,-17.95,31.24,False,SHARE_VOLUME|AVG_DOLLAR_VOLUME|MEDIAN_DOLLAR_VOLUME,Greenpro Capital Corp. - Common Stock,NASDAQ
PACK,3.9,419588.0,1891025.0,1856949.0,3.95,-24.71,3.65,False,PRICE|SHARE_VOLUME|AVG_DOLLAR_VOLUME|MEDIAN_DOLLAR_VOLUME,Ranpak Holdings Corp Class A Common Stock,NYSE
PRQR,1.81,863448.0,1887639.0,1392747.0,5.71,-15.82,11.4,False,PRICE|SHARE_VOLUME|AVG_DOLLAR_VOLUME|MEDIAN_DOLLAR_VOLUME,ProQR Therapeutics N.V. - Ordinary Shares,NASDAQ
ADV,33.6,56967.0,1887508.0,1746913.0,4.99,2.83,11.17,False,SHARE_VOLUME|AVG_DOLLAR_VOLUME|MEDIAN_DOLLAR_VOLUME,Advantage Solutions Inc.  - Class A Common Stock,NASDAQ
EVEX,2.03,827418.0,1883747.0,1834574.0,5.16,-23.58,5.34,False,PRICE|SHARE_VOLUME|AVG_DOLLAR_VOLUME|MEDIAN_DOLLAR_VOLUME,"Eve Holding, Inc. Common Stock",NYSE
OCS,9.78,156879.0,1882331.0,1773479.0,4.39,-25.82,2.88,False,SHARE_VOLUME|AVG_DOLLAR_VOLUME|MEDIAN_DOLLAR_VOLUME,Oculis Holding AG - Ordinary shares,NASDAQ
ARMP,4.17,352064.0,1881348.0,368831.0,11.16,-8.55,15.38,False,PRICE|SHARE_VOLUME|AVG_DOLLAR_VOLUME|MEDIAN_DOLLAR_VOLUME,"Armata Pharmaceuticals, Inc. Common Stock",NYSE American
XTNT,0.33,4957512.0,1879920.0,136131.0,10.02,0.64,15.15,False,PRICE|AVG_DOLLAR_VOLUME|MEDIAN_DOLLAR_VOLUME,"Xtant Medical Holdings, Inc. Common Stock",NYSE American
MVBF,31.24,61038.0,1860615.0,1693989.0,2.55,1.62,2.22,False,SHARE_VOLUME|AVG_DOLLAR_VOLUME|MEDIAN_DOLLAR_VOLUME,MVB Financial Corp. - Common Stock,NASDAQ
GLSI,16.13,114069.0,1849026.0,1555055.0,8.14,-6.55,8.88,False,SHARE_VOLUME|AVG_DOLLAR_VOLUME|MEDIAN_DOLLAR_VOLUME,"Greenwich LifeSciences, Inc. - Common stock",NASDAQ
GLRE,15.05,120349.0,1833070.0,1793373.0,1.95,-3.53,1.64,False,SHARE_VOLUME|AVG_DOLLAR_VOLUME|MEDIAN_DOLLAR_VOLUME|LOW_DAILY_RANGE,"Greenlight Reinsurance, Ltd. - Class A Ordinary Shares",NASDAQ
IFRX,2.0,812495.0,1826556.0,1178872.0,7.08,-8.26,20.0,False,PRICE|SHARE_VOLUME|AVG_DOLLAR_VOLUME|MEDIAN_DOLLAR_VOLUME,InflaRx N.V. - Common Stock,NASDAQ
SNDL,1.37,1334816.0,1822029.0,1565947.0,4.03,10.98,6.56,False,PRICE|AVG_DOLLAR_VOLUME|MEDIAN_DOLLAR_VOLUME,SNDL Inc. - Common Shares,NASDAQ
PLX,2.62,704039.0,1821560.0,1626727.0,3.68,12.18,7.82,False,PRICE|SHARE_VOLUME|AVG_DOLLAR_VOLUME|MEDIAN_DOLLAR_VOLUME,"Protalix BioTherapeutics, Inc. (DE) Common Stock",NYSE American
AVBH,31.71,57405.0,1820039.0,1861623.0,1.87,-3.03,1.12,False,SHARE_VOLUME|AVG_DOLLAR_VOLUME|MEDIAN_DOLLAR_VOLUME|LOW_DAILY_RANGE,"Avidbank Holdings, Inc. - Common Stock",NASDAQ
PTN,9.87,148645.0,1818206.0,1137499.0,12.48,-6.09,27.8,False,SHARE_VOLUME|AVG_DOLLAR_VOLUME|MEDIAN_DOLLAR_VOLUME,"Palatin Technologies, Inc. - Common Stock",NASDAQ
THM,2.39,699275.0,1812606.0,1829073.0,4.81,-5.71,15.58,False,PRICE|SHARE_VOLUME|AVG_DOLLAR_VOLUME|MEDIAN_DOLLAR_VOLUME,"International Tower Hill Mines, Ltd. Ordinary Shares (Canada)",NYSE American
KROS,10.95,162567.0,1810128.0,1670739.0,3.99,3.2,8.35,False,SHARE_VOLUME|AVG_DOLLAR_VOLUME|MEDIAN_DOLLAR_VOLUME,"Keros Therapeutics, Inc. - common stock",NASDAQ
ATOM,3.86,427479.0,1808812.0,1795552.0,5.12,-21.54,3.72,False,PRICE|SHARE_VOLUME|AVG_DOLLAR_VOLUME|MEDIAN_DOLLAR_VOLUME,Atomera Incorporated - Common Stock,NASDAQ
GGT,4.01,444364.0,1808261.0,1832812.0,0.98,-2.79,1.67,False,PRICE|SHARE_VOLUME|AVG_DOLLAR_VOLUME|MEDIAN_DOLLAR_VOLUME|LOW_DAILY_RANGE,"Gabelli Multi-Media Trust, Inc. (The) Common Stock",NYSE
EDHL,4.65,406981.0,1807877.0,42314.0,7.98,18.62,7.28,False,PRICE|SHARE_VOLUME|AVG_DOLLAR_VOLUME|MEDIAN_DOLLAR_VOLUME,Everbright Digital Holding Limited - Ordinary Shares,NASDAQ
PNNT,3.51,498298.0,1798535.0,1649312.0,2.42,-2.33,4.02,False,PRICE|SHARE_VOLUME|AVG_DOLLAR_VOLUME|MEDIAN_DOLLAR_VOLUME,PennantPark Investment Corporation Common Stock,NYSE
JMSB,23.51,77670.0,1795636.0,1216722.0,2.96,2.4,2.04,False,SHARE_VOLUME|AVG_DOLLAR_VOLUME|MEDIAN_DOLLAR_VOLUME,"John Marshall Bancorp, Inc. - Common Stock",NASDAQ
CMTV,41.33,43948.0,1791671.0,1223942.0,3.98,-2.06,3.3,False,SHARE_VOLUME|AVG_DOLLAR_VOLUME|MEDIAN_DOLLAR_VOLUME,Community Bancorp.  - Common stock,NASDAQ
KLC,2.35,687800.0,1786767.0,1717062.0,5.17,-13.79,7.17,False,PRICE|SHARE_VOLUME|AVG_DOLLAR_VOLUME|MEDIAN_DOLLAR_VOLUME,"KinderCare Learning Companies, Inc. Common Stock",NYSE
TOP,15.33,116772.0,1780061.0,1495185.0,8.33,23.03,14.93,False,SHARE_VOLUME|AVG_DOLLAR_VOLUME|MEDIAN_DOLLAR_VOLUME,TOP Financial Group Limited - Class A Ordinary Shares,NASDAQ
HAIN,0.6,2835891.0,1778890.0,469534.0,12.8,16.31,27.42,False,PRICE|AVG_DOLLAR_VOLUME|MEDIAN_DOLLAR_VOLUME,"The Hain Celestial Group, Inc. - Common Stock",NASDAQ
FVN,9.83,144921.0,1770601.0,644236.0,16.86,-17.39,52.62,False,SHARE_VOLUME|AVG_DOLLAR_VOLUME|MEDIAN_DOLLAR_VOLUME,Future Vision II Acquisition Corporation - Ordinary Shares,NASDAQ
NPCE,14.22,122126.0,1764211.0,1741752.0,4.05,-1.74,6.69,False,SHARE_VOLUME|AVG_DOLLAR_VOLUME|MEDIAN_DOLLAR_VOLUME,"Neuropace, Inc. - Common Stock",NASDAQ
NUCL,6.14,257040.0,1761592.0,1671673.0,6.22,-21.22,10.84,False,SHARE_VOLUME|AVG_DOLLAR_VOLUME|MEDIAN_DOLLAR_VOLUME,Eagle Nuclear Energy Corp. - Common stock,NASDAQ
BGR,17.48,101920.0,1761062.0,1668427.0,1.68,2.07,4.15,False,SHARE_VOLUME|AVG_DOLLAR_VOLUME|MEDIAN_DOLLAR_VOLUME|LOW_DAILY_RANGE,BlackRock Energy and Resources Trust,NYSE
JAKK,24.55,70498.0,1760643.0,1451241.0,2.87,-1.97,2.51,False,SHARE_VOLUME|AVG_DOLLAR_VOLUME|MEDIAN_DOLLAR_VOLUME,"JAKKS Pacific, Inc. - Common Stock",NASDAQ
IGIC,25.36,66560.0,1756615.0,1449645.0,2.32,-5.44,2.5,False,SHARE_VOLUME|AVG_DOLLAR_VOLUME|MEDIAN_DOLLAR_VOLUME,International General Insurance Holdings Ltd. - Ordinary Shares,NASDAQ
CCU,11.47,146253.0,1755046.0,1674719.0,2.72,-0.65,2.66,False,SHARE_VOLUME|AVG_DOLLAR_VOLUME|MEDIAN_DOLLAR_VOLUME,"Compania Cervecerias Unidas, S.A. Common Stock",NYSE
WSBF,21.17,82716.0,1753282.0,1474276.0,1.77,-0.02,1.95,False,SHARE_VOLUME|AVG_DOLLAR_VOLUME|MEDIAN_DOLLAR_VOLUME|LOW_DAILY_RANGE,"Waterstone Financial, Inc. - Common Stock",NASDAQ
BLRK,10.12,173736.0,1751188.0,431184.0,0.11,0.65,0.2,False,SHARE_VOLUME|AVG_DOLLAR_VOLUME|MEDIAN_DOLLAR_VOLUME|LOW_DAILY_RANGE,Bluerock Acquisition Corp. - Class A Ordinary Shares,NASDAQ
MRBK,19.75,88989.0,1748982.0,1228918.0,2.67,-1.35,2.22,False,SHARE_VOLUME|AVG_DOLLAR_VOLUME|MEDIAN_DOLLAR_VOLUME,Meridian Corporation - Common Stock,NASDAQ
MITT,6.34,262752.0,1745116.0,1621560.0,1.91,-4.66,6.49,False,SHARE_VOLUME|AVG_DOLLAR_VOLUME|MEDIAN_DOLLAR_VOLUME|LOW_DAILY_RANGE,"TPG Mortgage Investment Trust, Inc. Common Stock",NYSE
VSME,1.0,1447013.0,1744560.0,20238.0,7.5,-19.35,21.5,False,PRICE|AVG_DOLLAR_VOLUME|MEDIAN_DOLLAR_VOLUME,VS Media Holdings Limited - Class A Ordinary Shares,NASDAQ
CRBU,1.28,1161198.0,1744398.0,1639858.0,5.13,-17.95,7.32,False,PRICE|AVG_DOLLAR_VOLUME|MEDIAN_DOLLAR_VOLUME,"Caribou Biosciences, Inc. - Common Stock",NASDAQ
RICK,28.74,58630.0,1743991.0,1564030.0,3.31,-6.86,7.2,False,SHARE_VOLUME|AVG_DOLLAR_VOLUME|MEDIAN_DOLLAR_VOLUME,"RCI Hospitality Holdings, Inc. - Common Stock",NASDAQ
REFI,11.0,161575.0,1742462.0,1477361.0,1.78,6.08,2.15,False,SHARE_VOLUME|AVG_DOLLAR_VOLUME|MEDIAN_DOLLAR_VOLUME|LOW_DAILY_RANGE,"Chicago Atlantic Real Estate Finance, Inc. - Common Stock",NASDAQ
KULR,2.31,688792.0,1738088.0,1726128.0,4.77,-10.15,6.07,False,PRICE|SHARE_VOLUME|AVG_DOLLAR_VOLUME|MEDIAN_DOLLAR_VOLUME,"KULR Technology Group, Inc. Common Stock",NYSE American
VWAV,0.38,2600835.0,1731194.0,1640129.0,19.0,-71.44,44.72,False,PRICE|AVG_DOLLAR_VOLUME|MEDIAN_DOLLAR_VOLUME,"VisionWave Holdings, Inc. - Common Stock",NASDAQ
ADVB,8.11,188450.0,1729564.0,1230443.0,10.62,-7.0,24.18,False,SHARE_VOLUME|AVG_DOLLAR_VOLUME|MEDIAN_DOLLAR_VOLUME,Advanced Biomed Inc. - Common Stock,NASDAQ
SSP,3.19,534448.0,1728621.0,1550965.0,5.11,-3.18,12.54,False,PRICE|SHARE_VOLUME|AVG_DOLLAR_VOLUME|MEDIAN_DOLLAR_VOLUME,E.W. Scripps Company (The) - Class A Common Stock,NASDAQ
VUZI,2.6,646675.0,1725622.0,1423621.0,4.95,-15.75,17.42,False,PRICE|SHARE_VOLUME|AVG_DOLLAR_VOLUME|MEDIAN_DOLLAR_VOLUME,Vuzix Corporation  - Common Stock,NASDAQ
DEFT,0.51,2867342.0,1720087.0,1595939.0,8.74,16.13,11.65,False,PRICE|AVG_DOLLAR_VOLUME|MEDIAN_DOLLAR_VOLUME,"Defi Technologies, Inc. - Common Stock",NASDAQ
PKBK,34.44,50363.0,1718042.0,1401759.0,2.21,-1.8,1.95,False,SHARE_VOLUME|AVG_DOLLAR_VOLUME|MEDIAN_DOLLAR_VOLUME,"Parke Bancorp, Inc. - Common Stock",NASDAQ
MIST,0.92,1596299.0,1717271.0,1829571.0,6.05,-14.47,11.54,False,PRICE|AVG_DOLLAR_VOLUME|MEDIAN_DOLLAR_VOLUME,Milestone Pharmaceuticals Inc. - Common Shares,NASDAQ
FXHO,11.2,158834.0,1712475.0,1321221.0,12.54,7.69,34.1,False,SHARE_VOLUME|AVG_DOLLAR_VOLUME|MEDIAN_DOLLAR_VOLUME,UTime Limited - Class A Ordinary Shares,NASDAQ
TGL,3.4,560860.0,1697503.0,208914.0,12.23,27.34,17.76,False,PRICE|SHARE_VOLUME|AVG_DOLLAR_VOLUME|MEDIAN_DOLLAR_VOLUME,Treasure Global Inc. - Common Stock,NASDAQ
ASIC,28.53,63645.0,1694482.0,1452780.0,3.53,16.14,3.27,False,SHARE_VOLUME|AVG_DOLLAR_VOLUME|MEDIAN_DOLLAR_VOLUME,Ategrity Specialty Insurance Company Holdings Common Stock,NYSE
QSI,0.74,2155892.0,1694340.0,1120651.0,5.63,1.83,10.14,False,PRICE|AVG_DOLLAR_VOLUME|MEDIAN_DOLLAR_VOLUME,Quantum-Si Incorporated - Class A Common Stock,NASDAQ
ANVS,1.11,1215031.0,1692647.0,1078706.0,6.57,-38.61,4.0,False,PRICE|AVG_DOLLAR_VOLUME|MEDIAN_DOLLAR_VOLUME,"Annovis Bio, Inc. Common Stock",NYSE
OBIO,6.16,310156.0,1691937.0,1386800.0,5.94,8.83,19.92,False,SHARE_VOLUME|AVG_DOLLAR_VOLUME|MEDIAN_DOLLAR_VOLUME,"Orchestra BioMed Holdings, Inc. - Ordinary Shares",NASDAQ
MGNX,4.05,408880.0,1689877.0,1732808.0,4.73,-1.1,6.93,False,PRICE|SHARE_VOLUME|AVG_DOLLAR_VOLUME|MEDIAN_DOLLAR_VOLUME,"MacroGenics, Inc. - Common Stock",NASDAQ
SMC,33.53,49130.0,1681137.0,1796812.0,2.51,-3.34,8.92,False,SHARE_VOLUME|AVG_DOLLAR_VOLUME|MEDIAN_DOLLAR_VOLUME,Summit Midstream Corporation Common Stock,NYSE
TSBK,46.9,36275.0,1675849.0,1534012.0,2.27,0.19,2.17,False,SHARE_VOLUME|AVG_DOLLAR_VOLUME|MEDIAN_DOLLAR_VOLUME,"Timberland Bancorp, Inc. - Common Stock",NASDAQ
WATT,10.75,146814.0,1670496.0,1711206.0,5.86,-24.46,4.6,False,SHARE_VOLUME|AVG_DOLLAR_VOLUME|MEDIAN_DOLLAR_VOLUME,Energous Corporation - Common Stock,NASDAQ
SIF,21.16,77372.0,1666364.0,1665604.0,5.01,-0.19,10.25,False,SHARE_VOLUME|AVG_DOLLAR_VOLUME|MEDIAN_DOLLAR_VOLUME,"SIFCO Industries, Inc. Common Stock",NYSE American
BIRD,2.37,637328.0,1662317.0,639986.0,6.65,12.45,16.39,False,PRICE|SHARE_VOLUME|AVG_DOLLAR_VOLUME|MEDIAN_DOLLAR_VOLUME,"Smartbird, Inc. - Class A Common Stock",NASDAQ
OSUR,3.52,470081.0,1659899.0,1223636.0,3.57,-6.27,7.2,False,PRICE|SHARE_VOLUME|AVG_DOLLAR_VOLUME|MEDIAN_DOLLAR_VOLUME,"OraSure Technologies, Inc. - Common Stock",NASDAQ
UZX,0.08,17468970.0,1656584.0,181311.0,11.65,-29.5,6.59,False,PRICE|AVG_DOLLAR_VOLUME|MEDIAN_DOLLAR_VOLUME,Linkage Global Inc - Class A Ordinary Shares,NASDAQ
TARA,3.69,428574.0,1651859.0,1415568.0,3.75,-7.29,2.58,False,PRICE|SHARE_VOLUME|AVG_DOLLAR_VOLUME|MEDIAN_DOLLAR_VOLUME,"Protara Therapeutics, Inc.  - Common Stock",NASDAQ
QNC,1.7,867185.0,1642868.0,820993.0,6.69,-22.95,12.35,False,PRICE|SHARE_VOLUME|AVG_DOLLAR_VOLUME|MEDIAN_DOLLAR_VOLUME,Quantum eMotion Corp. Common Shares,NYSE American
NKTX,2.88,584156.0,1640843.0,1425446.0,6.45,19.29,10.62,False,PRICE|SHARE_VOLUME|AVG_DOLLAR_VOLUME|MEDIAN_DOLLAR_VOLUME,"Nkarta, Inc. - Common Stock",NASDAQ
OPTX,6.41,211305.0,1637604.0,1451607.0,7.78,-22.96,17.02,False,SHARE_VOLUME|AVG_DOLLAR_VOLUME|MEDIAN_DOLLAR_VOLUME,"Syntec Optics Holdings, Inc. - Class A Common Stock",NASDAQ
EARN,4.17,378746.0,1636311.0,1347237.0,1.66,-3.1,2.09,False,PRICE|SHARE_VOLUME|AVG_DOLLAR_VOLUME|MEDIAN_DOLLAR_VOLUME|LOW_DAILY_RANGE,Ellington Credit Company Common Shares of Beneficial Interest,NYSE
CXDO,5.66,270742.0,1632549.0,1534197.0,3.57,-13.98,2.77,False,SHARE_VOLUME|AVG_DOLLAR_VOLUME|MEDIAN_DOLLAR_VOLUME,"Crexendo, Inc. - Common Stock",NASDAQ
ATII,10.66,153102.0,1632546.0,862159.0,0.38,0.38,0.52,False,SHARE_VOLUME|AVG_DOLLAR_VOLUME|MEDIAN_DOLLAR_VOLUME|LOW_DAILY_RANGE,Archimedes Tech SPAC Partners II Co. - Ordinary Shares,NASDAQ
CNXU,4.63,245154.0,1630647.0,1327581.0,11.79,-53.62,12.11,False,PRICE|SHARE_VOLUME|AVG_DOLLAR_VOLUME|MEDIAN_DOLLAR_VOLUME,Conexeu Sciences Inc. - Common Stock,NASDAQ
MGRT,117.99,15690.0,1630631.0,1338024.0,5.28,23.25,10.12,False,SHARE_VOLUME|AVG_DOLLAR_VOLUME|MEDIAN_DOLLAR_VOLUME,Mega Fortune Company Limited - Ordinary Shares,NASDAQ
PWRL,10.98,154607.0,1630116.0,1513729.0,5.05,-5.91,7.15,False,SHARE_VOLUME|AVG_DOLLAR_VOLUME|MEDIAN_DOLLAR_VOLUME,Powerlaw Corp. - Common Stock,NASDAQ
BNTC,11.29,129436.0,1628528.0,1286108.0,5.76,-12.34,4.63,False,SHARE_VOLUME|AVG_DOLLAR_VOLUME|MEDIAN_DOLLAR_VOLUME,Benitec Biopharma Inc. - Common Stock,NASDAQ
CZNC,26.0,63198.0,1627274.0,1620301.0,1.83,-0.33,2.01,False,SHARE_VOLUME|AVG_DOLLAR_VOLUME|MEDIAN_DOLLAR_VOLUME|LOW_DAILY_RANGE,Citizens & Northern Corp - Common Stock,NASDAQ
IQI,9.7,164129.0,1625467.0,1632781.0,1.02,-3.05,1.2,False,SHARE_VOLUME|AVG_DOLLAR_VOLUME|MEDIAN_DOLLAR_VOLUME|LOW_DAILY_RANGE,Invesco Quality Municipal Income Trust Common Stock,NYSE
CMDB,23.69,75416.0,1625083.0,1477943.0,4.74,22.18,7.83,False,SHARE_VOLUME|AVG_DOLLAR_VOLUME|MEDIAN_DOLLAR_VOLUME,Costamare Bulkers Holdings Limited Common Stock,NYSE
NIKI,4.65,256296.0,1623869.0,207609.0,10.93,-41.83,6.68,False,PRICE|SHARE_VOLUME|AVG_DOLLAR_VOLUME|MEDIAN_DOLLAR_VOLUME,"Niki BioSolutions, Inc. - Common Stock",NASDAQ
NAKA,7.89,221418.0,1622374.0,1424188.0,7.97,57.58,20.96,False,SHARE_VOLUME|AVG_DOLLAR_VOLUME|MEDIAN_DOLLAR_VOLUME,Nakamoto Inc. - Common Stock,NASDAQ
RMR,19.04,82928.0,1615013.0,1605716.0,1.82,-4.08,3.46,False,SHARE_VOLUME|AVG_DOLLAR_VOLUME|MEDIAN_DOLLAR_VOLUME|LOW_DAILY_RANGE,The RMR Group Inc. - Class A Common Stock,NASDAQ
MDWD,13.42,121901.0,1609996.0,1340173.0,3.73,-1.61,5.87,False,SHARE_VOLUME|AVG_DOLLAR_VOLUME|MEDIAN_DOLLAR_VOLUME,MediWound Ltd. - Ordinary Shares,NASDAQ
OBT,38.03,42303.0,1607202.0,1481337.0,3.0,-1.59,1.67,False,SHARE_VOLUME|AVG_DOLLAR_VOLUME|MEDIAN_DOLLAR_VOLUME,"Orange County Bancorp, Inc. - Common Stock",NASDAQ
FCCO,34.02,47503.0,1605796.0,1570198.0,2.49,-1.25,2.67,False,SHARE_VOLUME|AVG_DOLLAR_VOLUME|MEDIAN_DOLLAR_VOLUME,First Community Corporation - Common Stock,NASDAQ
BZAI,0.58,3140430.0,1603897.0,1367653.0,10.42,4.19,13.17,False,PRICE|AVG_DOLLAR_VOLUME|MEDIAN_DOLLAR_VOLUME,"Blaize Holdings, Inc. - Common Stock",NASDAQ
USCB,23.17,70124.0,1599757.0,1345638.0,2.38,2.21,2.07,False,SHARE_VOLUME|AVG_DOLLAR_VOLUME|MEDIAN_DOLLAR_VOLUME,"USCB Financial Holdings, Inc.  - Class A Common Stock",NASDAQ
APXT,10.14,157973.0,1599444.0,765315.0,0.09,0.2,0.5,False,SHARE_VOLUME|AVG_DOLLAR_VOLUME|MEDIAN_DOLLAR_VOLUME|LOW_DAILY_RANGE,Apex Treasury Corporation - Class A Ordinary Share,NASDAQ
CBNK,36.4,43920.0,1598767.0,1516738.0,1.94,-2.52,1.34,False,SHARE_VOLUME|AVG_DOLLAR_VOLUME|MEDIAN_DOLLAR_VOLUME|LOW_DAILY_RANGE,"Capital Bancorp, Inc. - Common Stock",NASDAQ
MDCX,0.16,9169619.0,1596781.0,402658.0,8.9,-40.27,7.45,False,PRICE|AVG_DOLLAR_VOLUME|MEDIAN_DOLLAR_VOLUME,Medicus Pharma Ltd. - Common Stock,NASDAQ
NUWE,0.84,1619934.0,1594631.0,249743.0,9.16,-29.54,6.85,False,PRICE|AVG_DOLLAR_VOLUME|MEDIAN_DOLLAR_VOLUME,"Nuwellis, Inc. - Common Stock",NASDAQ
POLE,10.72,148199.0,1594353.0,14060.0,0.64,-1.02,3.06,False,SHARE_VOLUME|AVG_DOLLAR_VOLUME|MEDIAN_DOLLAR_VOLUME|LOW_DAILY_RANGE,Andretti Acquisition Corp. II - Class A Ordinary Shares,NASDAQ
NPWR,1.78,853490.0,1594120.0,1141871.0,6.39,7.88,20.37,False,PRICE|SHARE_VOLUME|AVG_DOLLAR_VOLUME|MEDIAN_DOLLAR_VOLUME,NET Power Inc. Class A Common Stock,NYSE
RC,1.62,894712.0,1588334.0,1463768.0,4.82,-3.85,10.32,False,PRICE|SHARE_VOLUME|AVG_DOLLAR_VOLUME|MEDIAN_DOLLAR_VOLUME,Ready Capital Corporation Common Stock,NYSE
IPFX,10.02,157654.0,1587573.0,651680.0,0.26,-0.84,0.3,False,SHARE_VOLUME|AVG_DOLLAR_VOLUME|MEDIAN_DOLLAR_VOLUME|LOW_DAILY_RANGE,Inflection Point Acquisition Corp. VI - Class A Ordinary Shares,NASDAQ
FNRN,17.38,91795.0,1581973.0,1446589.0,2.16,-0.97,4.58,False,SHARE_VOLUME|AVG_DOLLAR_VOLUME|MEDIAN_DOLLAR_VOLUME,First Northern Community Bancorp - Common stock,NASDAQ
NNNN,5.48,230346.0,1581523.0,1663414.0,9.51,-34.37,16.01,False,SHARE_VOLUME|AVG_DOLLAR_VOLUME|MEDIAN_DOLLAR_VOLUME,Anbio Biotechnology - Class A Ordinary Shares,NASDAQ
VKQ,9.18,166665.0,1581450.0,1501390.0,0.93,-5.31,1.02,False,SHARE_VOLUME|AVG_DOLLAR_VOLUME|MEDIAN_DOLLAR_VOLUME|LOW_DAILY_RANGE,Invesco Municipal Trust Common Stock,NYSE
NMTC,1.46,808688.0,1572635.0,126127.0,12.29,-22.34,20.39,False,PRICE|SHARE_VOLUME|AVG_DOLLAR_VOLUME|MEDIAN_DOLLAR_VOLUME,NeuroOne Medical Technologies Corporation - Common Stock,NASDAQ
CNDT,1.63,937175.0,1568006.0,1403315.0,6.16,14.34,6.16,False,PRICE|SHARE_VOLUME|AVG_DOLLAR_VOLUME|MEDIAN_DOLLAR_VOLUME,Conduent Incorporated - Common Stock,NASDAQ
LMNR,13.07,113996.0,1567221.0,1006844.0,2.87,-6.84,4.15,False,SHARE_VOLUME|AVG_DOLLAR_VOLUME|MEDIAN_DOLLAR_VOLUME,Limoneira Co - Common Stock,NASDAQ
VBIO,2.21,430114.0,1566290.0,471417.0,16.12,-45.09,34.96,False,PRICE|SHARE_VOLUME|AVG_DOLLAR_VOLUME|MEDIAN_DOLLAR_VOLUME,"Valion Bio, Inc. - Common stock",NASDAQ
FSTR,37.75,41717.0,1566078.0,1666197.0,2.92,-1.02,2.57,False,SHARE_VOLUME|AVG_DOLLAR_VOLUME|MEDIAN_DOLLAR_VOLUME,L.B. Foster Company - Common Stock,NASDAQ
FISN,7.16,221569.0,1561285.0,1518019.0,8.01,-8.5,9.08,False,SHARE_VOLUME|AVG_DOLLAR_VOLUME|MEDIAN_DOLLAR_VOLUME,"Deep Fission, Inc. - Common Stock",NASDAQ
ISOU,10.28,140228.0,1557569.0,1252189.0,5.03,0.1,16.11,False,SHARE_VOLUME|AVG_DOLLAR_VOLUME|MEDIAN_DOLLAR_VOLUME,IsoEnergy Ltd. Common Shares,NYSE American
LCUT,8.24,172591.0,1556441.0,1534287.0,4.96,-16.77,5.63,False,SHARE_VOLUME|AVG_DOLLAR_VOLUME|MEDIAN_DOLLAR_VOLUME,"Lifetime Brands, Inc. - Common Stock",NASDAQ
KTF,8.39,180642.0,1556345.0,1240568.0,0.66,-5.51,0.46,False,SHARE_VOLUME|AVG_DOLLAR_VOLUME|MEDIAN_DOLLAR_VOLUME|LOW_DAILY_RANGE,DWS Municipal Income Trust,NYSE
UAVS,0.95,1486787.0,1554119.0,1424751.0,6.46,10.51,27.78,False,PRICE|AVG_DOLLAR_VOLUME|MEDIAN_DOLLAR_VOLUME,"AgEagle Aerial Systems, Inc. Common Stock",NYSE American
INBK,28.26,54540.0,1544285.0,1402766.0,3.53,-3.81,3.98,False,SHARE_VOLUME|AVG_DOLLAR_VOLUME|MEDIAN_DOLLAR_VOLUME,First Internet Bancorp - Common Stock,NASDAQ
FRBA,17.92,85632.0,1541940.0,1419337.0,2.67,-4.63,1.3,False,SHARE_VOLUME|AVG_DOLLAR_VOLUME|MEDIAN_DOLLAR_VOLUME,First Bank  - Common Stock,NASDAQ
HKPD,0.12,9933165.0,1535925.0,129568.0,19.96,-70.67,7.69,False,PRICE|AVG_DOLLAR_VOLUME|MEDIAN_DOLLAR_VOLUME,"Cellyan Biotechnology Co., Ltd  - Class A Ordinary Shares",NASDAQ
CYCU,3.13,388748.0,1535556.0,1204566.0,12.92,-46.55,18.48,False,PRICE|SHARE_VOLUME|AVG_DOLLAR_VOLUME|MEDIAN_DOLLAR_VOLUME,"Cycurion, Inc. - Common Stock",NASDAQ
UPC,4.79,330142.0,1529144.0,163452.0,12.04,-8.41,27.52,False,PRICE|SHARE_VOLUME|AVG_DOLLAR_VOLUME|MEDIAN_DOLLAR_VOLUME,Universe Pharmaceuticals Inc - Class A Ordinary Shares,NASDAQ
CDT,0.2,3795550.0,1519931.0,503628.0,16.22,-92.91,14.33,False,PRICE|AVG_DOLLAR_VOLUME|MEDIAN_DOLLAR_VOLUME,CDT Equity Inc. - Common Stock,NASDAQ
EXFY,2.33,617890.0,1519234.0,1429242.0,5.93,-0.64,35.86,False,PRICE|SHARE_VOLUME|AVG_DOLLAR_VOLUME|MEDIAN_DOLLAR_VOLUME,"Expensify, Inc. - Class A Common Stock",NASDAQ
ANY,2.86,604555.0,1513100.0,890158.0,11.16,47.42,29.21,False,PRICE|SHARE_VOLUME|AVG_DOLLAR_VOLUME|MEDIAN_DOLLAR_VOLUME,Sphere 3D Corp. - Common Shares,NASDAQ
EGAN,5.33,257296.0,1510411.0,857436.0,4.48,-25.87,4.18,False,SHARE_VOLUME|AVG_DOLLAR_VOLUME|MEDIAN_DOLLAR_VOLUME,eGain Corporation - Common Stock,NASDAQ
ESOA,11.22,129755.0,1503792.0,1293968.0,3.34,-10.67,4.43,False,SHARE_VOLUME|AVG_DOLLAR_VOLUME|MEDIAN_DOLLAR_VOLUME,Energy Services of America Corporation - Common Stock,NASDAQ
ATTT,2.63,470785.0,1499519.0,15503.0,5.45,-4.18,15.0,False,PRICE|SHARE_VOLUME|AVG_DOLLAR_VOLUME|MEDIAN_DOLLAR_VOLUME,Atlas Trinity Tech Limited - Ordinary Shares,NASDAQ
NKSH,43.0,35904.0,1497337.0,1446227.0,2.51,-0.44,4.74,False,SHARE_VOLUME|AVG_DOLLAR_VOLUME|MEDIAN_DOLLAR_VOLUME,"National Bankshares, Inc. - Common Stock",NASDAQ
ENHA,1.46,932133.0,1496883.0,1167226.0,7.59,-10.44,11.61,False,PRICE|SHARE_VOLUME|AVG_DOLLAR_VOLUME|MEDIAN_DOLLAR_VOLUME,Enhanced Group Inc. Class A Common Stock,NYSE
YDES,3.37,386033.0,1494116.0,1692947.0,18.58,-15.34,24.03,False,PRICE|SHARE_VOLUME|AVG_DOLLAR_VOLUME|MEDIAN_DOLLAR_VOLUME,YD Bio Limited - Ordinary Shares,NASDAQ
PETZ,1.37,1113937.0,1488163.0,17045.0,8.48,19.13,28.7,False,PRICE|AVG_DOLLAR_VOLUME|MEDIAN_DOLLAR_VOLUME,"TDH Holdings, Inc. - Common Shares",NASDAQ
VTVT,30.5,45594.0,1486677.0,1322138.0,3.98,-3.11,7.27,False,SHARE_VOLUME|AVG_DOLLAR_VOLUME|MEDIAN_DOLLAR_VOLUME,vTv Therapeutics Inc. - Class A Common Stock,NASDAQ
CANG,2.02,702572.0,1486023.0,598256.0,14.86,23.93,32.1,False,PRICE|SHARE_VOLUME|AVG_DOLLAR_VOLUME|MEDIAN_DOLLAR_VOLUME,Cango Inc. Class A Ordinary Shares,NYSE
GRI,1.83,571155.0,1483083.0,167047.0,11.45,7.02,29.41,False,PRICE|SHARE_VOLUME|AVG_DOLLAR_VOLUME|MEDIAN_DOLLAR_VOLUME,"GRI Bio, Inc. - Common Stock",NASDAQ
FMAO,35.85,42880.0,1479324.0,1384377.0,2.45,2.93,1.98,False,SHARE_VOLUME|AVG_DOLLAR_VOLUME|MEDIAN_DOLLAR_VOLUME,"Farmers & Merchants Bancorp, Inc. - Common Stock",NASDAQ
PPHC,11.98,131143.0,1470800.0,1383872.0,7.21,16.99,8.72,False,SHARE_VOLUME|AVG_DOLLAR_VOLUME|MEDIAN_DOLLAR_VOLUME,"Public Policy Holding Company, Inc. - Common Stock",NASDAQ
RBBN,1.64,752871.0,1466661.0,1193820.0,4.23,-19.65,4.52,False,PRICE|SHARE_VOLUME|AVG_DOLLAR_VOLUME|MEDIAN_DOLLAR_VOLUME,Ribbon Communications Inc.  - Common Stock,NASDAQ
SLSR,7.02,177226.0,1462335.0,1432827.0,4.79,-10.8,9.34,False,SHARE_VOLUME|AVG_DOLLAR_VOLUME|MEDIAN_DOLLAR_VOLUME,Solaris Resources Inc. Common Shares,NYSE American
OVBC,45.3,31886.0,1460928.0,1264489.0,2.36,0.13,3.65,False,SHARE_VOLUME|AVG_DOLLAR_VOLUME|MEDIAN_DOLLAR_VOLUME,Ohio Valley Banc Corp. - Common Stock,NASDAQ
SAFX,0.43,3812240.0,1459284.0,1066956.0,10.05,0.71,14.87,False,PRICE|AVG_DOLLAR_VOLUME|MEDIAN_DOLLAR_VOLUME,"XCF Global, Inc. - Class A Common Stock",NASDAQ
TRT,10.25,139792.0,1459132.0,1255626.0,5.86,-11.1,6.49,False,SHARE_VOLUME|AVG_DOLLAR_VOLUME|MEDIAN_DOLLAR_VOLUME,Trio-Tech International - Common Stock,NASDAQ
GBFH,19.9,71923.0,1458046.0,1253996.0,3.51,-5.91,3.31,False,SHARE_VOLUME|AVG_DOLLAR_VOLUME|MEDIAN_DOLLAR_VOLUME,GBank Financial Holdings Inc. - Common Stock,NASDAQ
LZM,3.66,346018.0,1457357.0,1464364.0,5.94,-5.54,7.39,False,PRICE|SHARE_VOLUME|AVG_DOLLAR_VOLUME|MEDIAN_DOLLAR_VOLUME,Lifezone Metals Limited Ordinary Shares,NYSE
WTBA,29.56,50607.0,1453680.0,1295611.0,2.06,1.44,2.54,False,SHARE_VOLUME|AVG_DOLLAR_VOLUME|MEDIAN_DOLLAR_VOLUME,West Bancorporation - Common Stock,NASDAQ
ESP,63.64,23072.0,1452115.0,1404282.0,2.54,-2.02,3.96,False,SHARE_VOLUME|AVG_DOLLAR_VOLUME|MEDIAN_DOLLAR_VOLUME,Espey Mfg. & Electronics Corp. Common Stock,NYSE American
NKLR,4.27,270360.0,1451923.0,1483124.0,7.69,-27.13,7.4,False,PRICE|SHARE_VOLUME|AVG_DOLLAR_VOLUME|MEDIAN_DOLLAR_VOLUME,Terra Innovatum Global N.V. - Ordinary shares,NASDAQ
FRBT,18.68,77999.0,1451480.0,1493144.0,3.45,-1.94,4.09,False,SHARE_VOLUME|AVG_DOLLAR_VOLUME|MEDIAN_DOLLAR_VOLUME,"Forbright, Inc. - Class A Common Stock",NASDAQ
KINS,19.54,73412.0,1451413.0,1361218.0,2.29,-1.21,2.88,False,SHARE_VOLUME|AVG_DOLLAR_VOLUME|MEDIAN_DOLLAR_VOLUME,"Kingstone Companies, Inc - Common Stock",NASDAQ
PDLB,20.49,71276.0,1448904.0,1213395.0,1.96,-0.77,2.11,False,SHARE_VOLUME|AVG_DOLLAR_VOLUME|MEDIAN_DOLLAR_VOLUME|LOW_DAILY_RANGE,"Ponce Financial Group, Inc. - Common Stock",NASDAQ
SPOK,10.61,137124.0,1447455.0,1442140.0,1.81,-0.39,3.01,False,SHARE_VOLUME|AVG_DOLLAR_VOLUME|MEDIAN_DOLLAR_VOLUME|LOW_DAILY_RANGE,"Spok Holdings, Inc. - Common Stock",NASDAQ
AIIO,1.53,702562.0,1446466.0,1390763.0,8.8,-45.02,6.71,False,PRICE|SHARE_VOLUME|AVG_DOLLAR_VOLUME|MEDIAN_DOLLAR_VOLUME,Robo.ai Inc. - Class B Ordinary Shares,NASDAQ
VHC,11.51,125121.0,1445600.0,632743.0,8.72,-20.84,12.54,False,SHARE_VOLUME|AVG_DOLLAR_VOLUME|MEDIAN_DOLLAR_VOLUME,VirnetX Holding Corp - Common Stock,NASDAQ
BCML,30.31,48302.0,1445275.0,1367553.0,2.27,-1.57,2.83,False,SHARE_VOLUME|AVG_DOLLAR_VOLUME|MEDIAN_DOLLAR_VOLUME,BayCom Corp - Common Stock,NASDAQ
WLDS,1.54,648026.0,1435250.0,279141.0,12.34,-42.11,46.71,False,PRICE|SHARE_VOLUME|AVG_DOLLAR_VOLUME|MEDIAN_DOLLAR_VOLUME,Wearable Devices Ltd. - Ordinary Share,NASDAQ
FCBM,13.04,112611.0,1435178.0,1304721.0,1.86,3.0,1.6,False,SHARE_VOLUME|AVG_DOLLAR_VOLUME|MEDIAN_DOLLAR_VOLUME|LOW_DAILY_RANGE,"First Carolina Financial Services, Inc. Common Stock",NYSE
ACOG,8.48,153450.0,1428135.0,1263335.0,6.26,-1.11,6.86,False,SHARE_VOLUME|AVG_DOLLAR_VOLUME|MEDIAN_DOLLAR_VOLUME,Alpha Cognition Inc. - Common Stock,NASDAQ
FAC,4.99,280482.0,1421492.0,1341968.0,7.13,1.42,13.26,False,PRICE|SHARE_VOLUME|AVG_DOLLAR_VOLUME|MEDIAN_DOLLAR_VOLUME,Factorial Energy Inc. - Class A Common Stock,NASDAQ
NYAX,43.32,28440.0,1416790.0,900289.0,2.46,-6.9,12.36,False,SHARE_VOLUME|AVG_DOLLAR_VOLUME|MEDIAN_DOLLAR_VOLUME,Nayax Ltd. - Ordinary Shares,NASDAQ
VYGR,3.02,418865.0,1408888.0,1412098.0,4.34,-8.48,4.47,False,PRICE|SHARE_VOLUME|AVG_DOLLAR_VOLUME|MEDIAN_DOLLAR_VOLUME,"Voyager Therapeutics, Inc. - Common Stock",NASDAQ
RPAY,3.78,376645.0,1406768.0,1214184.0,4.29,3.0,9.12,False,PRICE|SHARE_VOLUME|AVG_DOLLAR_VOLUME|MEDIAN_DOLLAR_VOLUME,Repay Holdings Corporation - Class A Common Stock,NASDAQ
ELA,12.95,100958.0,1405193.0,1295857.0,3.85,-16.99,2.4,False,SHARE_VOLUME|AVG_DOLLAR_VOLUME|MEDIAN_DOLLAR_VOLUME,Envela Corporation Common Stock,NYSE American
LYEL,10.7,102004.0,1404407.0,1237188.0,6.51,-32.24,16.53,False,SHARE_VOLUME|AVG_DOLLAR_VOLUME|MEDIAN_DOLLAR_VOLUME,"Lyell Immunopharma, Inc. - Common Stock",NASDAQ
RMT,13.3,103013.0,1403177.0,1272524.0,1.44,-5.13,1.35,False,SHARE_VOLUME|AVG_DOLLAR_VOLUME|MEDIAN_DOLLAR_VOLUME|LOW_DAILY_RANGE,"Royce Micro-Cap Trust, Inc. Common Stock",NYSE
FBLA,16.06,88310.0,1396024.0,1275120.0,1.38,1.97,1.42,False,SHARE_VOLUME|AVG_DOLLAR_VOLUME|MEDIAN_DOLLAR_VOLUME|LOW_DAILY_RANGE,"FB Bancorp, Inc. - Common Stock",NASDAQ
KRRO,14.16,104784.0,1395443.0,1032524.0,6.94,7.11,10.38,False,SHARE_VOLUME|AVG_DOLLAR_VOLUME|MEDIAN_DOLLAR_VOLUME,"Korro Bio, Inc. - Common Stock",NASDAQ
LBGJ,2.14,567995.0,1394863.0,309769.0,12.55,-38.15,16.38,False,PRICE|SHARE_VOLUME|AVG_DOLLAR_VOLUME|MEDIAN_DOLLAR_VOLUME,Li Bang International Corporation Inc. - Class A Ordinary Shares,NASDAQ
OLP,23.09,58575.0,1394331.0,1454933.0,1.75,-4.19,2.8,False,SHARE_VOLUME|AVG_DOLLAR_VOLUME|MEDIAN_DOLLAR_VOLUME|LOW_DAILY_RANGE,"One Liberty Properties, Inc. Common Stock",NYSE
CNTN,2.02,633451.0,1382712.0,1269134.0,6.71,0.5,8.17,False,PRICE|SHARE_VOLUME|AVG_DOLLAR_VOLUME|MEDIAN_DOLLAR_VOLUME,"Canton Strategic Holdings, Inc. - Common Stock",NASDAQ
PLBL,5.52,240862.0,1382146.0,814909.0,7.12,-7.23,11.27,False,SHARE_VOLUME|AVG_DOLLAR_VOLUME|MEDIAN_DOLLAR_VOLUME,Polibeli Group Ltd - Class A Ordinary Shares,NASDAQ
SKYH,10.02,133263.0,1381783.0,1386137.0,2.25,-2.24,2.5,False,SHARE_VOLUME|AVG_DOLLAR_VOLUME|MEDIAN_DOLLAR_VOLUME,Sky Harbour Group Corporation Class A Common Stock,NYSE
ACFN,20.6,69577.0,1381621.0,1163660.0,6.52,6.02,11.64,False,SHARE_VOLUME|AVG_DOLLAR_VOLUME|MEDIAN_DOLLAR_VOLUME,"Acorn Energy, Inc. - Common Stock",NASDAQ
SDEV,0.84,1279382.0,1379483.0,308208.0,9.13,-9.44,12.0,False,PRICE|AVG_DOLLAR_VOLUME|MEDIAN_DOLLAR_VOLUME,Stablecoin Development Corporation Common Stock,NYSE American
DTK,21.55,61501.0,1378231.0,1060921.0,2.6,-7.35,0.52,False,SHARE_VOLUME|AVG_DOLLAR_VOLUME|MEDIAN_DOLLAR_VOLUME,DTE Energy Company 2025 Series H 6.25% Junior Subordinated Debentures due 2085,NYSE
CBK,33.26,40771.0,1377445.0,1237710.0,2.24,-4.47,2.16,False,SHARE_VOLUME|AVG_DOLLAR_VOLUME|MEDIAN_DOLLAR_VOLUME,"Commercial Bancgroup, Inc. - Common Stock",NASDAQ
UIS,2.46,527882.0,1377004.0,1248465.0,4.08,-7.33,4.21,False,PRICE|SHARE_VOLUME|AVG_DOLLAR_VOLUME|MEDIAN_DOLLAR_VOLUME,Unisys Corporation New Common Stock,NYSE
ACH,1.06,1146908.0,1374884.0,1081260.0,8.19,-6.19,16.81,False,PRICE|AVG_DOLLAR_VOLUME|MEDIAN_DOLLAR_VOLUME,"Accendra Health, Inc. Common Stock",NYSE
AMTX,1.95,714796.0,1369129.0,1165103.0,6.16,4.57,10.93,False,PRICE|SHARE_VOLUME|AVG_DOLLAR_VOLUME|MEDIAN_DOLLAR_VOLUME,"Aemetis, Inc - Common Stock",NASDAQ
DCBO,24.14,55250.0,1366283.0,1132353.0,3.34,6.39,8.86,False,SHARE_VOLUME|AVG_DOLLAR_VOLUME|MEDIAN_DOLLAR_VOLUME,Docebo Inc. - Common Shares,NASDAQ
KMDA,8.23,166249.0,1362145.0,998228.0,2.53,6.4,5.52,False,SHARE_VOLUME|AVG_DOLLAR_VOLUME|MEDIAN_DOLLAR_VOLUME,Kamada Ltd. - Ordinary Shares,NASDAQ
BTTC,0.34,2292706.0,1362016.0,57189.0,7.64,-42.88,5.22,False,PRICE|AVG_DOLLAR_VOLUME|MEDIAN_DOLLAR_VOLUME,Black Titan Corp - Ordinary Shares,NASDAQ
MIRA,0.73,1594895.0,1360936.0,51175.0,9.41,-4.67,11.69,False,PRICE|AVG_DOLLAR_VOLUME|MEDIAN_DOLLAR_VOLUME,"MIRA Pharmaceuticals, Inc. - Common Stock",NASDAQ
AEYE,7.08,180707.0,1359899.0,966488.0,7.6,-3.8,37.52,False,SHARE_VOLUME|AVG_DOLLAR_VOLUME|MEDIAN_DOLLAR_VOLUME,"AudioEye, Inc. - Common Stock",NASDAQ
AIB,1.38,1062368.0,1359550.0,977832.0,11.4,11.69,18.87,False,PRICE|AVG_DOLLAR_VOLUME|MEDIAN_DOLLAR_VOLUME,AIB Data Centers Inc. Common Stock,NYSE American
VGM,9.58,135791.0,1354766.0,1322838.0,0.99,-6.46,0.98,False,SHARE_VOLUME|AVG_DOLLAR_VOLUME|MEDIAN_DOLLAR_VOLUME|LOW_DAILY_RANGE,Invesco Trust for Investment Grade Municipals Common Stock (DE),NYSE
CSHR,4.86,240340.0,1351945.0,1069453.0,6.9,-3.76,7.78,False,PRICE|SHARE_VOLUME|AVG_DOLLAR_VOLUME|MEDIAN_DOLLAR_VOLUME,CoinShares PLC - Ordinary Shares,NASDAQ
CFBK,35.3,38601.0,1349731.0,1208671.0,2.19,-1.12,2.23,False,SHARE_VOLUME|AVG_DOLLAR_VOLUME|MEDIAN_DOLLAR_VOLUME,CF Bankshares Inc. - Common Stock,NASDAQ
BLW,12.1,108123.0,1347877.0,1108328.0,0.99,-4.14,1.64,False,SHARE_VOLUME|AVG_DOLLAR_VOLUME|MEDIAN_DOLLAR_VOLUME|LOW_DAILY_RANGE,Blackrock Limited Duration Income Trust,NYSE
SKYX,1.27,1044987.0,1346948.0,1395216.0,7.43,8.97,10.74,False,PRICE|AVG_DOLLAR_VOLUME|MEDIAN_DOLLAR_VOLUME,SKYX Platforms Corp. - Common Stock,NASDAQ
SGHT,8.09,162216.0,1345935.0,1335029.0,4.08,-1.64,27.75,False,SHARE_VOLUME|AVG_DOLLAR_VOLUME|MEDIAN_DOLLAR_VOLUME,"Sight Sciences, Inc. - Common Stock",NASDAQ
SEG,24.95,51080.0,1345201.0,1224540.0,2.64,-6.38,4.59,False,SHARE_VOLUME|AVG_DOLLAR_VOLUME|MEDIAN_DOLLAR_VOLUME,Seaport Entertainment Group Inc. Common Stock,NYSE
CDXS,1.38,861873.0,1344846.0,1057701.0,6.0,-7.67,8.11,False,PRICE|SHARE_VOLUME|AVG_DOLLAR_VOLUME|MEDIAN_DOLLAR_VOLUME,"Codexis, Inc. - Common Stock",NASDAQ
BSIN,1.55,876355.0,1343060.0,1285151.0,5.42,11.51,18.18,False,PRICE|SHARE_VOLUME|AVG_DOLLAR_VOLUME|MEDIAN_DOLLAR_VOLUME,Big Sky Industrial Inc. - Common Stock,NASDAQ
IIM,11.91,109104.0,1342118.0,1264361.0,1.03,-4.53,1.12,False,SHARE_VOLUME|AVG_DOLLAR_VOLUME|MEDIAN_DOLLAR_VOLUME|LOW_DAILY_RANGE,Invesco Value Municipal Income Trust Common Stock,NYSE
COOK,49.14,25440.0,1340418.0,1288452.0,4.6,-12.38,3.65,False,SHARE_VOLUME|AVG_DOLLAR_VOLUME|MEDIAN_DOLLAR_VOLUME,"Traeger, Inc. Common Stock",NYSE
RJET,17.53,74813.0,1340198.0,1235934.0,3.48,-11.88,4.07,False,SHARE_VOLUME|AVG_DOLLAR_VOLUME|MEDIAN_DOLLAR_VOLUME,Republic Airways Holdings Inc. - Common Stock,NASDAQ
EFT,10.48,126653.0,1338588.0,1084764.0,0.76,-3.06,0.84,False,SHARE_VOLUME|AVG_DOLLAR_VOLUME|MEDIAN_DOLLAR_VOLUME|LOW_DAILY_RANGE,Eaton Vance Floating Rate Income Trust Common Shares of Beneficial Interest,NYSE
RBKB,12.91,104123.0,1331768.0,1114162.0,1.77,1.06,2.96,False,SHARE_VOLUME|AVG_DOLLAR_VOLUME|MEDIAN_DOLLAR_VOLUME|LOW_DAILY_RANGE,"Rhinebeck Bancorp, Inc. - Common Stock",NASDAQ
RZC,25.63,52011.0,1330485.0,996981.0,0.51,0.04,0.51,False,SHARE_VOLUME|AVG_DOLLAR_VOLUME|MEDIAN_DOLLAR_VOLUME|LOW_DAILY_RANGE,"Reinsurance Group of America, Incorporated 7.125% Fixed-Rate Reset Subordinated Debentures due 2052",NYSE
RMBI,15.96,83948.0,1329371.0,1095395.0,1.72,0.64,2.02,False,SHARE_VOLUME|AVG_DOLLAR_VOLUME|MEDIAN_DOLLAR_VOLUME|LOW_DAILY_RANGE,"Richmond Mutual Bancorporation, Inc. - Common Stock",NASDAQ
WFF,1.97,648888.0,1329252.0,439052.0,9.8,-11.34,40.28,False,PRICE|SHARE_VOLUME|AVG_DOLLAR_VOLUME|MEDIAN_DOLLAR_VOLUME,WF Holding Limited - Ordinary Shares,NASDAQ
MYFW,30.74,42806.0,1324513.0,1276367.0,2.31,-4.45,1.94,False,SHARE_VOLUME|AVG_DOLLAR_VOLUME|MEDIAN_DOLLAR_VOLUME,"First Western Financial, Inc. - Common Stock",NASDAQ
GFUZ,7.64,172826.0,1323423.0,1212672.0,8.62,0.26,15.22,False,SHARE_VOLUME|AVG_DOLLAR_VOLUME|MEDIAN_DOLLAR_VOLUME,General Fusion Group Ltd. - Common Shares,NASDAQ
BGT,10.74,121407.0,1320188.0,1372740.0,0.73,-0.74,1.01,False,SHARE_VOLUME|AVG_DOLLAR_VOLUME|MEDIAN_DOLLAR_VOLUME|LOW_DAILY_RANGE,BlackRock Floating Rate Income Trust,NYSE
ALXO,1.82,661299.0,1305398.0,1252251.0,4.84,-12.74,9.9,False,PRICE|SHARE_VOLUME|AVG_DOLLAR_VOLUME|MEDIAN_DOLLAR_VOLUME,ALX Oncology Holdings Inc. - Common Stock,NASDAQ
BNAI,6.71,123567.0,1303343.0,1153796.0,8.27,-57.67,10.09,False,SHARE_VOLUME|AVG_DOLLAR_VOLUME|MEDIAN_DOLLAR_VOLUME,Brand Engagement Network Inc. - Common Stock,NASDAQ
ACRE,4.37,284402.0,1290523.0,1252745.0,2.11,-5.62,3.4,False,PRICE|SHARE_VOLUME|AVG_DOLLAR_VOLUME|MEDIAN_DOLLAR_VOLUME,Ares Commercial Real Estate Corporation Common Stock,NYSE
DHX,5.02,289044.0,1288947.0,1161679.0,6.54,17.56,7.87,False,SHARE_VOLUME|AVG_DOLLAR_VOLUME|MEDIAN_DOLLAR_VOLUME,"DHI Group, Inc. Common Stock",NYSE
MED,11.98,106205.0,1288132.0,1249909.0,3.22,6.16,4.8,False,SHARE_VOLUME|AVG_DOLLAR_VOLUME|MEDIAN_DOLLAR_VOLUME,MEDIFAST INC Common Stock,NYSE
THRY,1.97,661543.0,1287280.0,1144395.0,6.33,0.04,11.17,False,PRICE|SHARE_VOLUME|AVG_DOLLAR_VOLUME|MEDIAN_DOLLAR_VOLUME,"Thryv Holdings, Inc. - Common Stock",NASDAQ
INGN,5.17,238586.0,1285861.0,1272308.0,2.65,-7.68,2.51,False,SHARE_VOLUME|AVG_DOLLAR_VOLUME|MEDIAN_DOLLAR_VOLUME,"Inogen, Inc - Common Stock",NASDAQ
NGEN,2.14,592139.0,1284396.0,1020596.0,6.25,25.15,7.53,False,PRICE|SHARE_VOLUME|AVG_DOLLAR_VOLUME|MEDIAN_DOLLAR_VOLUME,NervGen Pharma Corp. - Common stock,NASDAQ
AZIO,1.23,985984.0,1280581.0,252565.0,8.36,-10.39,15.38,False,PRICE|SHARE_VOLUME|AVG_DOLLAR_VOLUME|MEDIAN_DOLLAR_VOLUME,"Azio AI Holdings, Inc. - Common stock",NASDAQ
EVCM,7.93,157829.0,1276351.0,1131402.0,6.35,-20.59,19.81,False,SHARE_VOLUME|AVG_DOLLAR_VOLUME|MEDIAN_DOLLAR_VOLUME,EverCommerce Inc. - Common Stock,NASDAQ
CHRS,1.27,930082.0,1274492.0,1061526.0,5.84,-5.22,16.52,False,PRICE|SHARE_VOLUME|AVG_DOLLAR_VOLUME|MEDIAN_DOLLAR_VOLUME,"Coherus Oncology, Inc. - Common Stock",NASDAQ
OPTT,2.01,7161643.0,1273258.0,757187.0,11.51,957.89,2381.82,False,PRICE|AVG_DOLLAR_VOLUME|MEDIAN_DOLLAR_VOLUME,"Ocean Power Technologies, Inc. Common Stock",NYSE American
ENGN,1.88,678713.0,1266638.0,1080858.0,4.22,9.59,7.56,False,PRICE|SHARE_VOLUME|AVG_DOLLAR_VOLUME|MEDIAN_DOLLAR_VOLUME,enGene Therapeutics Inc. - Common Stock,NASDAQ
INTT,10.92,111830.0,1266626.0,1236861.0,4.68,-19.82,4.19,False,SHARE_VOLUME|AVG_DOLLAR_VOLUME|MEDIAN_DOLLAR_VOLUME,inTest Corporation Common Stock,NYSE American
AVIR,5.2,232608.0,1265874.0,1166921.0,4.03,-1.42,5.87,False,SHARE_VOLUME|AVG_DOLLAR_VOLUME|MEDIAN_DOLLAR_VOLUME,"Atea Pharmaceuticals, Inc. - common stock",NASDAQ
GALT,3.75,311652.0,1261173.0,1161286.0,7.46,6.53,12.42,False,PRICE|SHARE_VOLUME|AVG_DOLLAR_VOLUME|MEDIAN_DOLLAR_VOLUME,Galectin Therapeutics Inc. - Common Stock,NASDAQ
CET,55.73,22898.0,1260348.0,1293901.0,1.23,2.6,1.88,False,SHARE_VOLUME|AVG_DOLLAR_VOLUME|MEDIAN_DOLLAR_VOLUME|LOW_DAILY_RANGE,Central Securities Corporation Common Stock,NYSE American
CMND,0.81,1065129.0,1256507.0,132777.0,9.93,-58.48,12.12,False,PRICE|AVG_DOLLAR_VOLUME|MEDIAN_DOLLAR_VOLUME,Clearmind Medicine Inc. - Common Shares,NASDAQ
INFU,12.56,102633.0,1247289.0,1246370.0,2.69,2.7,5.22,False,SHARE_VOLUME|AVG_DOLLAR_VOLUME|MEDIAN_DOLLAR_VOLUME,"InfuSystems Holdings, Inc. Common Stock",NYSE American
SCM,7.91,146108.0,1243541.0,1010858.0,2.43,-6.9,4.7,False,SHARE_VOLUME|AVG_DOLLAR_VOLUME|MEDIAN_DOLLAR_VOLUME,Stellus Capital Investment Corporation Common Stock,NYSE
RAIL,7.1,175655.0,1230220.0,1152399.0,3.6,-0.84,4.47,False,SHARE_VOLUME|AVG_DOLLAR_VOLUME|MEDIAN_DOLLAR_VOLUME,"Freightcar America, Inc. - Common Stock",NASDAQ
JDZG,4.13,319921.0,1228603.0,531089.0,13.57,0.73,17.34,False,PRICE|SHARE_VOLUME|AVG_DOLLAR_VOLUME|MEDIAN_DOLLAR_VOLUME,JIADE LIMITED - Class A Ordinary Shares,NASDAQ
MPAA,10.81,106154.0,1221584.0,1260669.0,3.31,-7.92,2.46,False,SHARE_VOLUME|AVG_DOLLAR_VOLUME|MEDIAN_DOLLAR_VOLUME,"Motorcar Parts of America, Inc. - Common Stock",NASDAQ
NAGE,3.01,387908.0,1219952.0,1229746.0,3.22,-1.8,3.59,False,PRICE|SHARE_VOLUME|AVG_DOLLAR_VOLUME|MEDIAN_DOLLAR_VOLUME,"Niagen Bioscience, Inc. - Common Stock",NASDAQ
GASS,9.54,129019.0,1219500.0,1071355.0,3.03,-0.52,3.59,False,SHARE_VOLUME|AVG_DOLLAR_VOLUME|MEDIAN_DOLLAR_VOLUME,"StealthGas, Inc. - common stock",NASDAQ
AUUD,0.99,1216424.0,1216724.0,211498.0,5.36,-9.17,60.58,False,PRICE|AVG_DOLLAR_VOLUME|MEDIAN_DOLLAR_VOLUME,Auddia Inc. - Common Stock,NASDAQ
BRCC,9.57,139973.0,1216395.0,926718.0,7.18,16.42,6.67,False,SHARE_VOLUME|AVG_DOLLAR_VOLUME|MEDIAN_DOLLAR_VOLUME,BRC Inc. Class A Common Stock,NYSE
SRFM,0.52,2005350.0,1212033.0,1092428.0,7.56,-22.27,10.87,False,PRICE|AVG_DOLLAR_VOLUME|MEDIAN_DOLLAR_VOLUME,Surf Air Mobility Inc. Common Stock,NYSE
KITT,0.63,1593085.0,1210252.0,250748.0,7.67,-28.13,8.33,False,PRICE|AVG_DOLLAR_VOLUME|MEDIAN_DOLLAR_VOLUME,"Nauticus Robotics, Inc. - Common stock",NASDAQ
FVCB,18.42,65719.0,1209028.0,1143096.0,2.23,-2.33,1.6,False,SHARE_VOLUME|AVG_DOLLAR_VOLUME|MEDIAN_DOLLAR_VOLUME,"FVCBankcorp, Inc. - Common Stock",NASDAQ
BKT,9.88,119092.0,1208331.0,1120049.0,1.17,-4.52,0.96,False,SHARE_VOLUME|AVG_DOLLAR_VOLUME|MEDIAN_DOLLAR_VOLUME|LOW_DAILY_RANGE,BlackRock Income Trust Inc. (The),NYSE
KEN,63.15,18254.0,1204016.0,1045017.0,1.66,-1.53,6.23,False,SHARE_VOLUME|AVG_DOLLAR_VOLUME|MEDIAN_DOLLAR_VOLUME|LOW_DAILY_RANGE,Kenon Holdings Ltd. Ordinary Shares,NYSE
QUCY,1.32,832447.0,1203941.0,1039765.0,7.68,-8.04,10.56,False,PRICE|SHARE_VOLUME|AVG_DOLLAR_VOLUME|MEDIAN_DOLLAR_VOLUME,Quantum Cyber N.V. - Ordinary Shares,NASDAQ
FORR,11.75,99944.0,1203617.0,1109533.0,3.77,3.89,4.36,False,SHARE_VOLUME|AVG_DOLLAR_VOLUME|MEDIAN_DOLLAR_VOLUME,"Forrester Research, Inc. - Common Stock",NASDAQ
GENC,17.23,64921.0,1203201.0,1111038.0,3.21,-10.45,11.11,False,SHARE_VOLUME|AVG_DOLLAR_VOLUME|MEDIAN_DOLLAR_VOLUME,"Gencor Industries, Inc. Common Stock",NYSE American
CHGA,1.94,424819.0,1201836.0,68884.0,13.9,-44.57,13.4,False,PRICE|SHARE_VOLUME|AVG_DOLLAR_VOLUME|MEDIAN_DOLLAR_VOLUME,Change Agents Corporation  - Common Stock,NASDAQ
ZSQR,2.29,370961.0,1199017.0,1014287.0,13.51,-40.65,12.02,False,PRICE|SHARE_VOLUME|AVG_DOLLAR_VOLUME|MEDIAN_DOLLAR_VOLUME,Z Squared Inc. - Common Stock,NASDAQ
BFRI,1.21,821348.0,1197360.0,936866.0,7.79,-15.97,6.71,False,PRICE|SHARE_VOLUME|AVG_DOLLAR_VOLUME|MEDIAN_DOLLAR_VOLUME,Biofrontera Inc. - Common Stock,NASDAQ
AOMR,8.06,144279.0,1196791.0,922535.0,2.01,-5.14,2.67,False,SHARE_VOLUME|AVG_DOLLAR_VOLUME|MEDIAN_DOLLAR_VOLUME,"Angel Oak Mortgage REIT, Inc. Common Stock",NYSE
NLOP,10.82,106844.0,1194662.0,1091070.0,2.21,-5.75,1.45,False,SHARE_VOLUME|AVG_DOLLAR_VOLUME|MEDIAN_DOLLAR_VOLUME,Net Lease Office Properties Common Shares of Beneficial Interest,NYSE
VIVO,3.57,293228.0,1194095.0,1042704.0,5.79,-18.86,8.77,False,PRICE|SHARE_VOLUME|AVG_DOLLAR_VOLUME|MEDIAN_DOLLAR_VOLUME,VivoPower PLC - Class A Ordinary Shares,NASDAQ
TKNO,7.05,167416.0,1193339.0,1197238.0,5.41,3.6,16.4,False,SHARE_VOLUME|AVG_DOLLAR_VOLUME|MEDIAN_DOLLAR_VOLUME,"Alpha Teknova, Inc. - Common Stock",NASDAQ
AMWL,13.31,94342.0,1191814.0,1074424.0,5.65,9.14,24.95,False,SHARE_VOLUME|AVG_DOLLAR_VOLUME|MEDIAN_DOLLAR_VOLUME,American Well Corporation Class A Common Stock,NYSE
PEBK,44.97,27190.0,1191285.0,886987.0,2.25,-0.15,2.99,False,SHARE_VOLUME|AVG_DOLLAR_VOLUME|MEDIAN_DOLLAR_VOLUME,"Peoples Bancorp of North Carolina, Inc. - Common Stock",NASDAQ
SVRN,11.51,110864.0,1189826.0,185759.0,11.46,64.43,24.59,False,SHARE_VOLUME|AVG_DOLLAR_VOLUME|MEDIAN_DOLLAR_VOLUME,"SVRN, Inc. - Common Stock",NASDAQ
FIRY,10.32,120244.0,1188382.0,1072835.0,5.32,5.31,5.68,False,SHARE_VOLUME|AVG_DOLLAR_VOLUME|MEDIAN_DOLLAR_VOLUME,Firy Inc. Class A Common Stock,NYSE
CMTG,1.47,757046.0,1187941.0,1031910.0,5.0,-13.53,10.86,False,PRICE|SHARE_VOLUME|AVG_DOLLAR_VOLUME|MEDIAN_DOLLAR_VOLUME,"Claros Mortgage Trust, Inc. Common Stock",NYSE
BOE,12.23,96353.0,1183106.0,1093281.0,1.08,-0.77,1.31,False,SHARE_VOLUME|AVG_DOLLAR_VOLUME|MEDIAN_DOLLAR_VOLUME|LOW_DAILY_RANGE,Blackrock Enhanced Global Dividend Trust Common Shares of Beneficial Interest,NYSE
MCGA,10.35,114383.0,1182777.0,101040.0,0.14,0.53,0.59,False,SHARE_VOLUME|AVG_DOLLAR_VOLUME|MEDIAN_DOLLAR_VOLUME|LOW_DAILY_RANGE,Yorkville Acquisition Corp. - Class A Ordinary Share,NASDAQ
RDCM,10.19,116884.0,1180698.0,1202706.0,2.55,-1.45,3.25,False,SHARE_VOLUME|AVG_DOLLAR_VOLUME|MEDIAN_DOLLAR_VOLUME,Radcom Ltd. - Ordinary Shares,NASDAQ
FC,17.76,61413.0,1180346.0,1103484.0,3.68,-9.53,3.37,False,SHARE_VOLUME|AVG_DOLLAR_VOLUME|MEDIAN_DOLLAR_VOLUME,Franklin Covey Company Common Stock,NYSE
PTHS,20.74,48159.0,1179462.0,1005321.0,7.73,-20.57,6.89,False,SHARE_VOLUME|AVG_DOLLAR_VOLUME|MEDIAN_DOLLAR_VOLUME,Pelthos Therapeutics Inc. Common Stock,NYSE American
NNOX,0.72,1451892.0,1174223.0,722908.0,8.62,-19.33,16.41,False,PRICE|AVG_DOLLAR_VOLUME|MEDIAN_DOLLAR_VOLUME,NANO-X IMAGING LTD - Ordinary Shares,NASDAQ
ATLO,32.44,36985.0,1173920.0,1152304.0,2.38,1.84,1.87,False,SHARE_VOLUME|AVG_DOLLAR_VOLUME|MEDIAN_DOLLAR_VOLUME,Ames National Corporation - Common Stock,NASDAQ
LAB,0.72,1729127.0,1162541.0,1182933.0,5.6,8.53,5.8,False,PRICE|AVG_DOLLAR_VOLUME|MEDIAN_DOLLAR_VOLUME,Standard BioTools Inc. - Common Stock,NASDAQ
IHRT,2.64,424418.0,1160641.0,1105471.0,4.97,-12.43,5.19,False,PRICE|SHARE_VOLUME|AVG_DOLLAR_VOLUME|MEDIAN_DOLLAR_VOLUME,"iHeartMedia, Inc. - Class A Common Stock",NASDAQ
WHWK,4.11,259160.0,1158872.0,876062.0,5.03,-13.76,15.48,False,PRICE|SHARE_VOLUME|AVG_DOLLAR_VOLUME|MEDIAN_DOLLAR_VOLUME,"Whitehawk Therapeutics, Inc. - Common Stock",NASDAQ
GSRV,9.9,116885.0,1156007.0,152423.0,0.07,0.3,0.2,False,SHARE_VOLUME|AVG_DOLLAR_VOLUME|MEDIAN_DOLLAR_VOLUME|LOW_DAILY_RANGE,GSR V Acquisition Corp. - Class A ordinary shares,NASDAQ
CLBR,10.21,112365.0,1149671.0,472012.0,0.17,-0.49,0.2,False,SHARE_VOLUME|AVG_DOLLAR_VOLUME|MEDIAN_DOLLAR_VOLUME|LOW_DAILY_RANGE,Colombier Acquisition Corp. III Class A Ordinary Shares,NYSE
BBGI,16.58,61603.0,1148890.0,759567.0,7.85,-24.44,14.67,False,SHARE_VOLUME|AVG_DOLLAR_VOLUME|MEDIAN_DOLLAR_VOLUME,"Beasley Broadcast Group, Inc. - Class A Common Stock",NASDAQ
ANTX,5.37,200795.0,1147506.0,1184303.0,5.71,-10.05,8.58,False,SHARE_VOLUME|AVG_DOLLAR_VOLUME|MEDIAN_DOLLAR_VOLUME,"AN2 Therapeutics, Inc. - Common Stock",NASDAQ
WRAP,1.57,703117.0,1146854.0,832235.0,6.21,-0.39,11.69,False,PRICE|SHARE_VOLUME|AVG_DOLLAR_VOLUME|MEDIAN_DOLLAR_VOLUME,"Wrap Technologies, Inc. - Common Stock",NASDAQ
TMCI,4.57,248592.0,1146518.0,1108737.0,5.09,2.7,10.07,False,PRICE|SHARE_VOLUME|AVG_DOLLAR_VOLUME|MEDIAN_DOLLAR_VOLUME,"Treace Medical Concepts, Inc. - Common Stock",NASDAQ
BWEN,3.98,267479.0,1145650.0,1105580.0,4.97,-18.17,19.73,False,PRICE|SHARE_VOLUME|AVG_DOLLAR_VOLUME|MEDIAN_DOLLAR_VOLUME,"Broadwind, Inc. - Common Stock",NASDAQ
PAAI,0.93,1044687.0,1143890.0,109139.0,13.52,-7.92,25.0,False,PRICE|AVG_DOLLAR_VOLUME|MEDIAN_DOLLAR_VOLUME,"Paradium.AI, Inc. Common Stock",NYSE American
TPVG,4.76,218645.0,1143611.0,1035312.0,2.48,-13.43,13.2,False,PRICE|SHARE_VOLUME|AVG_DOLLAR_VOLUME|MEDIAN_DOLLAR_VOLUME,TriplePoint Venture Growth BDC Corp. Common Stock,NYSE
CAMP,4.05,265989.0,1142543.0,744048.0,7.89,-17.35,20.89,False,PRICE|SHARE_VOLUME|AVG_DOLLAR_VOLUME|MEDIAN_DOLLAR_VOLUME,CAMP4 Therapeutics Corporation - Common Stock,NASDAQ
YICC,9.93,114890.0,1141223.0,446101.0,0.08,0.1,0.2,False,SHARE_VOLUME|AVG_DOLLAR_VOLUME|MEDIAN_DOLLAR_VOLUME|LOW_DAILY_RANGE,Yorkville International Capital Corp. - Class A Ordinary Shares,NASDAQ
XFLT,19.16,59867.0,1141039.0,1002798.0,1.36,0.24,2.53,False,SHARE_VOLUME|AVG_DOLLAR_VOLUME|MEDIAN_DOLLAR_VOLUME|LOW_DAILY_RANGE,XAI Floating Rate & Alternative Income Trust Common Shares of Beneficial Interest,NYSE
ANPA,2.22,290760.0,1138593.0,42137.0,9.14,-47.89,19.51,False,PRICE|SHARE_VOLUME|AVG_DOLLAR_VOLUME|MEDIAN_DOLLAR_VOLUME,Rich Sparkle Holdings Limited - Ordinary Shares,NASDAQ
RGC,5.57,186187.0,1135298.0,669498.0,8.51,1.92,14.73,False,SHARE_VOLUME|AVG_DOLLAR_VOLUME|MEDIAN_DOLLAR_VOLUME,Regencell Bioscience Holdings Limited - Ordinary Shares,NASDAQ
RGP,4.09,274484.0,1135212.0,1069317.0,3.79,-3.03,7.73,False,PRICE|SHARE_VOLUME|AVG_DOLLAR_VOLUME|MEDIAN_DOLLAR_VOLUME,"Resources Connection, Inc. - Common Stock",NASDAQ
BDTX,1.93,534185.0,1132587.0,1089975.0,4.55,-6.31,7.26,False,PRICE|SHARE_VOLUME|AVG_DOLLAR_VOLUME|MEDIAN_DOLLAR_VOLUME,"Black Diamond Therapeutics, Inc. - Common Stock",NASDAQ
BYRN,3.72,310914.0,1130980.0,1005655.0,4.76,-4.62,8.99,False,PRICE|SHARE_VOLUME|AVG_DOLLAR_VOLUME|MEDIAN_DOLLAR_VOLUME,"Byrna Technologies, Inc. - Common Stock",NASDAQ
INSE,4.98,200514.0,1128882.0,645699.0,4.46,-16.3,3.12,False,PRICE|SHARE_VOLUME|AVG_DOLLAR_VOLUME|MEDIAN_DOLLAR_VOLUME,"Inspired Entertainment, Inc. - Common Stock",NASDAQ
CHGG,0.75,1316341.0,1128251.0,571264.0,7.69,-1.89,18.07,False,PRICE|AVG_DOLLAR_VOLUME|MEDIAN_DOLLAR_VOLUME,"Chegg, Inc. Common Stock",NYSE
BALY,10.3,120595.0,1127999.0,1013676.0,7.66,15.6,11.09,False,SHARE_VOLUME|AVG_DOLLAR_VOLUME|MEDIAN_DOLLAR_VOLUME,Bally's Corporation Common Stock,NYSE
AIOS,14.3,76034.0,1127418.0,307566.0,11.78,-7.26,18.34,False,SHARE_VOLUME|AVG_DOLLAR_VOLUME|MEDIAN_DOLLAR_VOLUME,AIOS Tech Inc. - Class A Common Shares,NASDAQ
TNYA,0.66,1653753.0,1127130.0,958094.0,4.54,-5.16,8.28,False,PRICE|AVG_DOLLAR_VOLUME|MEDIAN_DOLLAR_VOLUME,"Tenaya Therapeutics, Inc. - Common Stock",NASDAQ
GUTS,0.58,1620706.0,1125535.0,929918.0,8.51,-19.62,13.87,False,PRICE|AVG_DOLLAR_VOLUME|MEDIAN_DOLLAR_VOLUME,"Fractyl Health, Inc. - Common Stock",NASDAQ
RNAC,7.93,118826.0,1124768.0,951063.0,6.38,-13.86,14.02,False,SHARE_VOLUME|AVG_DOLLAR_VOLUME|MEDIAN_DOLLAR_VOLUME,"Cartesian Therapeutics, Inc. - Common Stock",NASDAQ
OWLT,4.61,224350.0,1121226.0,1008528.0,5.38,-21.2,7.92,False,PRICE|SHARE_VOLUME|AVG_DOLLAR_VOLUME|MEDIAN_DOLLAR_VOLUME,"Owlet, Inc. Class A Common Stock",NYSE
NERV,3.66,238589.0,1117076.0,522652.0,7.28,-19.38,16.84,False,PRICE|SHARE_VOLUME|AVG_DOLLAR_VOLUME|MEDIAN_DOLLAR_VOLUME,"Minerva Neurosciences, Inc - Common Stock",NASDAQ
REA,11.08,86704.0,1116111.0,992514.0,6.32,-18.89,13.07,False,SHARE_VOLUME|AVG_DOLLAR_VOLUME|MEDIAN_DOLLAR_VOLUME,"Rare Earths Americas, Inc. Common Stock",NYSE American
FLWS,2.82,321805.0,1113310.0,767454.0,6.08,-29.98,5.52,False,PRICE|SHARE_VOLUME|AVG_DOLLAR_VOLUME|MEDIAN_DOLLAR_VOLUME,"1-800-FLOWERS.COM, Inc. - Class A Common Stock",NASDAQ
XTIA,0.93,998840.0,1111433.0,952119.0,8.58,-29.19,7.22,False,PRICE|SHARE_VOLUME|AVG_DOLLAR_VOLUME|MEDIAN_DOLLAR_VOLUME,"XTI Aerospace, Inc. Common Stock  - Common Stock",NASDAQ
ANIX,2.66,346501.0,1106968.0,1087371.0,6.51,-22.45,9.75,False,PRICE|SHARE_VOLUME|AVG_DOLLAR_VOLUME|MEDIAN_DOLLAR_VOLUME,"Anixa Biosciences, Inc. - Common Stock",NASDAQ
DLTH,4.28,251908.0,1106662.0,210307.0,5.79,12.5,23.2,False,PRICE|SHARE_VOLUME|AVG_DOLLAR_VOLUME|MEDIAN_DOLLAR_VOLUME,Duluth Holdings Inc. - Class B Common Stock,NASDAQ
SQFT,1.28,571276.0,1106201.0,9698.0,8.63,-10.39,29.8,False,PRICE|SHARE_VOLUME|AVG_DOLLAR_VOLUME|MEDIAN_DOLLAR_VOLUME,"Presidio Property Trust, Inc. - Class A Common Stock",NASDAQ
TG,6.99,145981.0,1104058.0,945195.0,3.42,-12.63,14.71,False,SHARE_VOLUME|AVG_DOLLAR_VOLUME|MEDIAN_DOLLAR_VOLUME,Tredegar Corporation Common Stock,NYSE
BDL,44.4,23362.0,1102827.0,1083770.0,4.87,-10.26,10.62,False,SHARE_VOLUME|AVG_DOLLAR_VOLUME|MEDIAN_DOLLAR_VOLUME,"Flanigan's Enterprises, Inc. Common Stock",NYSE American
TII,2.83,377607.0,1102108.0,927694.0,6.86,17.1,14.63,False,PRICE|SHARE_VOLUME|AVG_DOLLAR_VOLUME|MEDIAN_DOLLAR_VOLUME,Titan Mining Corporation Common Shares,NYSE American
VCV,9.8,108823.0,1101743.0,1091699.0,0.92,-6.99,0.47,False,SHARE_VOLUME|AVG_DOLLAR_VOLUME|MEDIAN_DOLLAR_VOLUME|LOW_DAILY_RANGE,Invesco California Value Municipal Income Trust Common Stock,NYSE
NFE,12.78,2024132.0,1101499.0,581308.0,8.08,3844.44,3769.7,False,AVG_DOLLAR_VOLUME|MEDIAN_DOLLAR_VOLUME,New Fortress Energy Inc. - Class A Common Stock,NASDAQ
VLN,1.6,637701.0,1101325.0,1064819.0,4.28,-12.84,11.31,False,PRICE|SHARE_VOLUME|AVG_DOLLAR_VOLUME|MEDIAN_DOLLAR_VOLUME,Valens Semiconductor Ltd. Ordinary Shares,NYSE
OPRX,7.63,141273.0,1101226.0,960848.0,5.45,-7.29,24.72,False,SHARE_VOLUME|AVG_DOLLAR_VOLUME|MEDIAN_DOLLAR_VOLUME,OptimizeRx Corporation - Common Stock,NASDAQ
BWMX,16.38,69183.0,1100706.0,728128.0,3.05,1.14,4.25,False,SHARE_VOLUME|AVG_DOLLAR_VOLUME|MEDIAN_DOLLAR_VOLUME,"Betterware de Mexico, S.A.P.I. de C.V. Ordinary Shares",NYSE
TTRX,13.4,92268.0,1098763.0,686192.0,8.99,34.13,29.18,False,SHARE_VOLUME|AVG_DOLLAR_VOLUME|MEDIAN_DOLLAR_VOLUME,Turn Therapeutics Inc. - Common Stock,NASDAQ
PMVP,1.48,832046.0,1097845.0,699156.0,5.91,18.95,8.46,False,PRICE|SHARE_VOLUME|AVG_DOLLAR_VOLUME|MEDIAN_DOLLAR_VOLUME,"PMV Pharmaceuticals, Inc. - Common Stock",NASDAQ
ENTX,2.94,359543.0,1097097.0,1000711.0,7.19,1.9,7.61,False,PRICE|SHARE_VOLUME|AVG_DOLLAR_VOLUME|MEDIAN_DOLLAR_VOLUME,Entera Bio Ltd. - Ordinary Shares,NASDAQ
SABS,3.44,300644.0,1095270.0,862815.0,3.65,-9.23,5.25,False,PRICE|SHARE_VOLUME|AVG_DOLLAR_VOLUME|MEDIAN_DOLLAR_VOLUME,"SAB Biotherapeutics, Inc. - Common Stock",NASDAQ
GNE,15.98,71375.0,1094185.0,989883.0,2.72,8.12,4.39,False,SHARE_VOLUME|AVG_DOLLAR_VOLUME|MEDIAN_DOLLAR_VOLUME,Genie Energy Ltd. Class B Common Stock Stock,NYSE
ACET,9.02,120218.0,1094095.0,901374.0,6.27,-1.04,6.44,False,SHARE_VOLUME|AVG_DOLLAR_VOLUME|MEDIAN_DOLLAR_VOLUME,"Adicet Bio, Inc. - Common Stock",NASDAQ
ORGO,1.42,660425.0,1092587.0,1118027.0,5.09,-20.39,6.7,False,PRICE|SHARE_VOLUME|AVG_DOLLAR_VOLUME|MEDIAN_DOLLAR_VOLUME,Organogenesis Holdings Inc.  - Class A ,NASDAQ
ABOS,2.8,359617.0,1087910.0,967571.0,6.42,2.19,14.96,False,PRICE|SHARE_VOLUME|AVG_DOLLAR_VOLUME|MEDIAN_DOLLAR_VOLUME,"Acumen Pharmaceuticals, Inc. - Common Stock",NASDAQ
AGBK,6.24,169367.0,1083010.0,1025610.0,3.23,5.05,6.76,False,SHARE_VOLUME|AVG_DOLLAR_VOLUME|MEDIAN_DOLLAR_VOLUME,AGI Inc Class A Common Shares,NYSE
PXS,6.91,175840.0,1074665.0,415896.0,5.66,37.92,16.23,False,SHARE_VOLUME|AVG_DOLLAR_VOLUME|MEDIAN_DOLLAR_VOLUME,Pyxis Tankers Inc. - Common Stock,NASDAQ
SRXH,1.61,634244.0,1074259.0,1036566.0,6.85,-10.34,11.19,False,PRICE|SHARE_VOLUME|AVG_DOLLAR_VOLUME|MEDIAN_DOLLAR_VOLUME,SRX Global Inc. Common Stock,NYSE American
ORMP,4.64,216014.0,1072914.0,887814.0,4.35,-2.82,8.09,False,PRICE|SHARE_VOLUME|AVG_DOLLAR_VOLUME|MEDIAN_DOLLAR_VOLUME,Oramed Pharmaceuticals Inc. - Common Stock,NASDAQ
SAC,10.1,106037.0,1071928.0,142508.0,0.09,0.15,0.25,False,SHARE_VOLUME|AVG_DOLLAR_VOLUME|MEDIAN_DOLLAR_VOLUME|LOW_DAILY_RANGE,Safeguard Acquisition Corp. Class A Ordinary Shares,NYSE
BGY,5.78,184156.0,1070998.0,1047232.0,0.87,0.73,1.21,False,SHARE_VOLUME|AVG_DOLLAR_VOLUME|MEDIAN_DOLLAR_VOLUME|LOW_DAILY_RANGE,Blackrock Enhanced International Dividend Trust,NYSE
OPHC,9.1,116883.0,1068597.0,971497.0,5.14,-9.27,6.86,False,SHARE_VOLUME|AVG_DOLLAR_VOLUME|MEDIAN_DOLLAR_VOLUME,"OptimumBank Holdings, Inc. Common Stock",NYSE American
LCTX,1.05,985156.0,1063660.0,997135.0,4.93,-0.47,5.94,False,PRICE|SHARE_VOLUME|AVG_DOLLAR_VOLUME|MEDIAN_DOLLAR_VOLUME,"Lineage Cell Therapeutics, Inc. Common Stock",NYSE American
BCBP,8.4,123363.0,1063389.0,1033100.0,2.14,-5.77,2.1,False,SHARE_VOLUME|AVG_DOLLAR_VOLUME|MEDIAN_DOLLAR_VOLUME,"BCB Bancorp, Inc. (NJ) - Common Stock",NASDAQ
NINE,10.38,96357.0,1062437.0,459181.0,6.31,2.47,13.46,False,SHARE_VOLUME|AVG_DOLLAR_VOLUME|MEDIAN_DOLLAR_VOLUME,"Nine Energy Service, Inc. Common Stock",NYSE American
EMPD,3.08,335612.0,1061745.0,749702.0,6.99,9.82,9.01,False,PRICE|SHARE_VOLUME|AVG_DOLLAR_VOLUME|MEDIAN_DOLLAR_VOLUME,Empery Digital Inc. - Common stock,NASDAQ
CZWI,21.62,49099.0,1057381.0,894163.0,2.37,2.13,3.72,False,SHARE_VOLUME|AVG_DOLLAR_VOLUME|MEDIAN_DOLLAR_VOLUME,"Citizens Community Bancorp, Inc. - Common Stock",NASDAQ
ATHS,24.68,43261.0,1054356.0,891957.0,0.97,1.02,1.16,False,SHARE_VOLUME|AVG_DOLLAR_VOLUME|MEDIAN_DOLLAR_VOLUME|LOW_DAILY_RANGE,Athene Holding Ltd. 7.250% Fixed-Rate Reset Junior Subordinated Debentures due 2064,NYSE
ZBAO,0.1,8221208.0,1052601.0,241595.0,12.05,-52.31,12.23,False,PRICE|AVG_DOLLAR_VOLUME|MEDIAN_DOLLAR_VOLUME,Zhibao Technology Inc. - Class A Ordinary Shares,NASDAQ
TONX,2.93,331496.0,1050081.0,665895.0,7.2,12.02,14.77,False,PRICE|SHARE_VOLUME|AVG_DOLLAR_VOLUME|MEDIAN_DOLLAR_VOLUME,TON Strategy Company - Common Stock,NASDAQ
FOA,14.72,60064.0,1049063.0,1066615.0,4.06,-29.4,2.09,False,SHARE_VOLUME|AVG_DOLLAR_VOLUME|MEDIAN_DOLLAR_VOLUME,Finance of America Companies Inc. Class A Common Stock,NYSE
GAUZ,7.63,131931.0,1047928.0,77364.0,14.33,3.45,69.32,False,SHARE_VOLUME|AVG_DOLLAR_VOLUME|MEDIAN_DOLLAR_VOLUME,Gauzy Ltd. - Ordinary Shares,NASDAQ
CRMT,1.75,555942.0,1045290.0,487256.0,13.68,-43.11,19.5,False,PRICE|SHARE_VOLUME|AVG_DOLLAR_VOLUME|MEDIAN_DOLLAR_VOLUME,"America's Car-Mart, Inc. - Common Stock",NASDAQ
RTB,7.18,99694.0,1043376.0,709452.0,17.66,-55.76,6.85,False,SHARE_VOLUME|AVG_DOLLAR_VOLUME|MEDIAN_DOLLAR_VOLUME,"RTB Digital, Inc. - Common Stock",NASDAQ
KEYY,9.91,105035.0,1040390.0,163350.0,0.09,0.3,0.2,False,SHARE_VOLUME|AVG_DOLLAR_VOLUME|MEDIAN_DOLLAR_VOLUME|LOW_DAILY_RANGE,Keystone Acquisition Corp. - Class A Ordinary Shares,NASDAQ
DERM,7.37,138262.0,1035856.0,940478.0,5.21,10.66,9.99,False,SHARE_VOLUME|AVG_DOLLAR_VOLUME|MEDIAN_DOLLAR_VOLUME,Journey Medical Corporation - Common Stock,NASDAQ
HCWC,13.91,106699.0,1033524.0,682532.0,11.42,49.97,50.0,False,SHARE_VOLUME|AVG_DOLLAR_VOLUME|MEDIAN_DOLLAR_VOLUME,Healthy Choice Wellness Corp. Class A Common Stock,NYSE American
LEXX,2.93,120305.0,1029710.0,637880.0,21.0,-74.57,32.35,False,PRICE|SHARE_VOLUME|AVG_DOLLAR_VOLUME|MEDIAN_DOLLAR_VOLUME,Lexaria Bioscience Corp. - Common Stock,NASDAQ
ALTG,5.86,171482.0,1027098.0,981972.0,5.46,-12.54,6.46,False,SHARE_VOLUME|AVG_DOLLAR_VOLUME|MEDIAN_DOLLAR_VOLUME,Alta Equipment Group Inc. Class A Common Stock,NYSE
OSTX,1.77,590744.0,1025799.0,704661.0,6.44,23.26,8.22,False,PRICE|SHARE_VOLUME|AVG_DOLLAR_VOLUME|MEDIAN_DOLLAR_VOLUME,OS Therapies Incorporated Common Stock,NYSE American
HOVR,1.61,597462.0,1025169.0,975552.0,4.45,-15.02,6.7,False,PRICE|SHARE_VOLUME|AVG_DOLLAR_VOLUME|MEDIAN_DOLLAR_VOLUME,New Horizon Aircraft Ltd. - Class A Ordinary Shares,NASDAQ
INHD,3.48,179994.0,1024314.0,459325.0,10.7,-56.44,57.33,False,PRICE|SHARE_VOLUME|AVG_DOLLAR_VOLUME|MEDIAN_DOLLAR_VOLUME,Inno Holdings Inc. - Common Stock,NASDAQ
FTW,10.07,94360.0,1021511.0,877498.0,2.58,-8.01,2.27,False,SHARE_VOLUME|AVG_DOLLAR_VOLUME|MEDIAN_DOLLAR_VOLUME,Presidio Production Company Class A Common Stock,NYSE
NMRA,0.79,825880.0,1021174.0,824361.0,8.63,-51.65,7.89,False,PRICE|SHARE_VOLUME|AVG_DOLLAR_VOLUME|MEDIAN_DOLLAR_VOLUME,"Neumora Therapeutics, Inc. - Common Stock",NASDAQ
CURV,2.21,433389.0,1020708.0,357435.0,7.08,4.25,9.42,False,PRICE|SHARE_VOLUME|AVG_DOLLAR_VOLUME|MEDIAN_DOLLAR_VOLUME,Torrid Holdings Inc. Common Stock,NYSE
ONEW,9.96,88395.0,1020619.0,934132.0,6.12,-12.32,7.35,False,SHARE_VOLUME|AVG_DOLLAR_VOLUME|MEDIAN_DOLLAR_VOLUME,OneWater Marine Inc. - Class A Common Stock,NASDAQ
FBYD,7.15,125059.0,1016499.0,859247.0,10.29,-32.1,10.82,False,SHARE_VOLUME|AVG_DOLLAR_VOLUME|MEDIAN_DOLLAR_VOLUME,"Falcon's Beyond Global, Inc. - Class A Common Stock",NASDAQ
NECB,27.41,38221.0,1015203.0,876280.0,1.92,1.9,2.06,False,SHARE_VOLUME|AVG_DOLLAR_VOLUME|MEDIAN_DOLLAR_VOLUME|LOW_DAILY_RANGE,"NorthEast Community Bancorp, Inc. - Common Stock",NASDAQ
CODA,10.75,99019.0,1014559.0,770582.0,3.33,6.23,7.09,False,SHARE_VOLUME|AVG_DOLLAR_VOLUME|MEDIAN_DOLLAR_VOLUME,"Coda Octopus Group, Inc. - Common stock",NASDAQ
SND,5.3,198969.0,1014555.0,973021.0,4.48,6.64,6.67,False,SHARE_VOLUME|AVG_DOLLAR_VOLUME|MEDIAN_DOLLAR_VOLUME,"Smart Sand, Inc. - Common Stock",NASDAQ
FCAP,62.09,16291.0,1013981.0,1013471.0,2.55,-2.35,3.11,False,SHARE_VOLUME|AVG_DOLLAR_VOLUME|MEDIAN_DOLLAR_VOLUME,"First Capital, Inc. - Common Stock",NASDAQ
ECX,1.07,933622.0,1010110.0,549664.0,4.84,-1.83,5.45,False,PRICE|SHARE_VOLUME|AVG_DOLLAR_VOLUME|MEDIAN_DOLLAR_VOLUME,ECARX Holdings Inc. - Class A Ordinary shares,NASDAQ
IPXG,10.06,100300.0,1007731.0,139505.0,0.24,0.35,0.4,False,SHARE_VOLUME|AVG_DOLLAR_VOLUME|MEDIAN_DOLLAR_VOLUME|LOW_DAILY_RANGE,Inection Point Acquisition Corp. VII  - Class A Ordinary Shares,NASDAQ
ALDX,1.37,678461.0,1001560.0,811134.0,4.9,-11.61,8.96,False,PRICE|SHARE_VOLUME|AVG_DOLLAR_VOLUME|MEDIAN_DOLLAR_VOLUME,"Aldeyra Therapeutics, Inc. - Common Stock",NASDAQ
MODD,2.3,308793.0,1001559.0,563455.0,14.0,-24.09,33.16,False,PRICE|SHARE_VOLUME|AVG_DOLLAR_VOLUME|MEDIAN_DOLLAR_VOLUME,"Modular Medical, Inc. - common stock",NASDAQ
MX,2.8,322586.0,1000960.0,1017588.0,3.7,-17.97,6.56,False,PRICE|SHARE_VOLUME|AVG_DOLLAR_VOLUME|MEDIAN_DOLLAR_VOLUME,Magnachip Semiconductor Corporation Common Stock,NYSE
AIXC,0.97,825171.0,1000099.0,265137.0,16.42,-26.5,85.92,False,PRICE|SHARE_VOLUME|AVG_DOLLAR_VOLUME|MEDIAN_DOLLAR_VOLUME,"AIxCrypto Holdings, Inc. - Common Stock",NASDAQ
PWCM,0.89,735399.0,996030.0,192375.0,12.16,-34.6,21.32,False,PRICE|SHARE_VOLUME|AVG_DOLLAR_VOLUME|MEDIAN_DOLLAR_VOLUME,"PowerCompute, Inc. - Common Stock",NASDAQ
INSG,4.11,232584.0,994834.0,882980.0,5.68,-5.08,9.2,False,PRICE|SHARE_VOLUME|AVG_DOLLAR_VOLUME|MEDIAN_DOLLAR_VOLUME,Inseego Corp. - Common Stock,NASDAQ
GAM,64.88,14967.0,993521.0,833770.0,1.42,-3.68,0.89,False,SHARE_VOLUME|AVG_DOLLAR_VOLUME|MEDIAN_DOLLAR_VOLUME|LOW_DAILY_RANGE,"General American Investors, Inc. Common Stock",NYSE
MCI,19.36,51650.0,987958.0,531230.0,2.77,8.98,9.61,False,SHARE_VOLUME|AVG_DOLLAR_VOLUME|MEDIAN_DOLLAR_VOLUME,Barings Corporate Investors Common Stock,NYSE
BAER,1.01,871437.0,986451.0,792703.0,4.74,-12.93,8.73,False,PRICE|SHARE_VOLUME|AVG_DOLLAR_VOLUME|MEDIAN_DOLLAR_VOLUME,"Bridger Aerospace Group Holdings, Inc. - Common Stock",NASDAQ
WEYS,45.04,21942.0,983725.0,1023522.0,2.78,-0.81,7.18,False,SHARE_VOLUME|AVG_DOLLAR_VOLUME|MEDIAN_DOLLAR_VOLUME,"Weyco Group, Inc. - Common Stock",NASDAQ
MXC,10.95,91710.0,981650.0,220711.0,6.98,20.2,8.34,False,SHARE_VOLUME|AVG_DOLLAR_VOLUME|MEDIAN_DOLLAR_VOLUME,Mexco Energy Corporation Common Stock,NYSE American
PLRZ,10.75,80972.0,979645.0,797513.0,10.22,3.76,10.6,False,SHARE_VOLUME|AVG_DOLLAR_VOLUME|MEDIAN_DOLLAR_VOLUME,Polyrizon Ltd. - Ordinary Shares,NASDAQ
BXBL,4.3,235267.0,979031.0,759634.0,7.66,5.51,8.17,False,PRICE|SHARE_VOLUME|AVG_DOLLAR_VOLUME|MEDIAN_DOLLAR_VOLUME,"BOXABL, Inc.  - Common stock",NASDAQ
TTGT,3.85,252112.0,978793.0,960395.0,4.08,-0.13,6.86,False,PRICE|SHARE_VOLUME|AVG_DOLLAR_VOLUME|MEDIAN_DOLLAR_VOLUME,"TechTarget, Inc. - Common Stock",NASDAQ
ARTNA,35.22,27333.0,977722.0,922554.0,1.85,0.03,1.77,False,SHARE_VOLUME|AVG_DOLLAR_VOLUME|MEDIAN_DOLLAR_VOLUME|LOW_DAILY_RANGE,Artesian Resources Corporation - Class A Non-Voting Common Stock,NASDAQ
EPSN,5.96,163735.0,976609.0,814189.0,3.31,5.99,4.89,False,SHARE_VOLUME|AVG_DOLLAR_VOLUME|MEDIAN_DOLLAR_VOLUME,Epsilon Energy Ltd. - Common Shares,NASDAQ
SEVN,7.43,129748.0,974716.0,910466.0,1.62,-2.62,1.21,False,SHARE_VOLUME|AVG_DOLLAR_VOLUME|MEDIAN_DOLLAR_VOLUME|LOW_DAILY_RANGE,Seven Hills Realty Trust  - Common Stock,NASDAQ
DBCA,10.03,97250.0,972847.0,351490.0,0.06,0.4,0.2,False,SHARE_VOLUME|AVG_DOLLAR_VOLUME|MEDIAN_DOLLAR_VOLUME|LOW_DAILY_RANGE,D. Boral Acquisition I Corp. - Class A Ordinary Shares,NASDAQ
XRPN,10.53,92198.0,971178.0,709885.0,0.29,0.29,0.29,False,SHARE_VOLUME|AVG_DOLLAR_VOLUME|MEDIAN_DOLLAR_VOLUME|LOW_DAILY_RANGE,Armada Acquisition Corp. II - Class A Ordinary Shares,NASDAQ
VFS,3.13,311149.0,969350.0,796788.0,2.76,1.79,6.64,False,PRICE|SHARE_VOLUME|AVG_DOLLAR_VOLUME|MEDIAN_DOLLAR_VOLUME,VinFast Auto Ltd. - Ordinary Shares,NASDAQ
EXOD,6.25,122560.0,968897.0,645102.0,12.38,-1.26,26.34,False,SHARE_VOLUME|AVG_DOLLAR_VOLUME|MEDIAN_DOLLAR_VOLUME,"Exodus Movement, Inc. Class A Common Stock",NYSE American
GUT,6.17,150770.0,967923.0,881676.0,1.94,-4.34,2.4,False,SHARE_VOLUME|AVG_DOLLAR_VOLUME|MEDIAN_DOLLAR_VOLUME|LOW_DAILY_RANGE,Gabelli Utility Trust (The) Common Stock,NYSE
IDN,2.38,344108.0,965170.0,756135.0,4.06,-19.7,7.46,False,PRICE|SHARE_VOLUME|AVG_DOLLAR_VOLUME|MEDIAN_DOLLAR_VOLUME,"Intellicheck, Inc. - Common Stock",NASDAQ
IRHO,10.07,95985.0,964255.0,15578.0,0.06,0.5,0.2,False,SHARE_VOLUME|AVG_DOLLAR_VOLUME|MEDIAN_DOLLAR_VOLUME|LOW_DAILY_RANGE,Iron Horse Acquisitions II Corp. - Common Stock,NASDAQ
TY,34.48,27548.0,964098.0,926926.0,1.27,-1.29,1.28,False,SHARE_VOLUME|AVG_DOLLAR_VOLUME|MEDIAN_DOLLAR_VOLUME|LOW_DAILY_RANGE,Tri Continental Corporation Common Stock,NYSE
POWW,2.15,441875.0,963747.0,943601.0,2.5,-4.65,20.19,False,PRICE|SHARE_VOLUME|AVG_DOLLAR_VOLUME|MEDIAN_DOLLAR_VOLUME,Outdoor Holding Company - Common Stock,NASDAQ
AIRT,30.08,30873.0,957145.0,583390.0,5.75,2.21,12.45,False,SHARE_VOLUME|AVG_DOLLAR_VOLUME|MEDIAN_DOLLAR_VOLUME,"Air T, Inc. - Common Stock",NASDAQ
BPRN,43.94,22270.0,956379.0,898927.0,2.0,1.81,1.72,False,SHARE_VOLUME|AVG_DOLLAR_VOLUME|MEDIAN_DOLLAR_VOLUME,"Princeton Bancorp, Inc. - Common Stock",NASDAQ
CRDF,1.33,844705.0,956283.0,669870.0,7.14,49.44,15.24,False,PRICE|SHARE_VOLUME|AVG_DOLLAR_VOLUME|MEDIAN_DOLLAR_VOLUME,"Cardiff Oncology, Inc. - Common Stock",NASDAQ
NWFL,35.31,27846.0,955246.0,949457.0,1.95,2.72,1.88,False,SHARE_VOLUME|AVG_DOLLAR_VOLUME|MEDIAN_DOLLAR_VOLUME|LOW_DAILY_RANGE,Norwood Financial Corp. - Common Stock,NASDAQ
AIFU,10.16,48990.0,953152.0,499617.0,22.76,-26.11,23.33,False,SHARE_VOLUME|AVG_DOLLAR_VOLUME|MEDIAN_DOLLAR_VOLUME,AIFU Inc. - Class A Ordinary Share,NASDAQ
KSCP,1.17,687417.0,949248.0,849005.0,5.66,-18.4,9.46,False,PRICE|SHARE_VOLUME|AVG_DOLLAR_VOLUME|MEDIAN_DOLLAR_VOLUME,"Knightscope, Inc. - Class A Common Stock",NASDAQ
IKT,2.33,391794.0,948510.0,776943.0,4.28,-3.13,5.04,False,PRICE|SHARE_VOLUME|AVG_DOLLAR_VOLUME|MEDIAN_DOLLAR_VOLUME,"Inhibikase Therapeutics, Inc. - Common Stock",NASDAQ
NREF,16.06,56727.0,948393.0,779453.0,2.75,-3.71,3.96,False,SHARE_VOLUME|AVG_DOLLAR_VOLUME|MEDIAN_DOLLAR_VOLUME,"NexPoint Real Estate Finance, Inc. Common Stock",NYSE
KLXE,1.51,618657.0,946197.0,795412.0,3.65,-4.43,8.74,False,PRICE|SHARE_VOLUME|AVG_DOLLAR_VOLUME|MEDIAN_DOLLAR_VOLUME,"KLX Energy Services Holdings, Inc.  - Common Stock",NASDAQ
SMRT,1.16,719821.0,941173.0,989777.0,4.04,-16.19,23.81,False,PRICE|SHARE_VOLUME|AVG_DOLLAR_VOLUME|MEDIAN_DOLLAR_VOLUME,"SmartRent, Inc. Class A Common Stock",NYSE
MRDN,14.27,67711.0,938096.0,927873.0,4.79,1.21,5.66,False,SHARE_VOLUME|AVG_DOLLAR_VOLUME|MEDIAN_DOLLAR_VOLUME,Meridian Holdings Inc. - Common Stock,NASDAQ
CHCI,20.57,46815.0,937705.0,818516.0,5.88,7.92,13.67,False,SHARE_VOLUME|AVG_DOLLAR_VOLUME|MEDIAN_DOLLAR_VOLUME,"Comstock Holding Companies, Inc. - Class A Common Stock",NASDAQ
USIO,2.28,347560.0,937494.0,872556.0,7.32,-7.52,8.82,False,PRICE|SHARE_VOLUME|AVG_DOLLAR_VOLUME|MEDIAN_DOLLAR_VOLUME,"Usio, Inc. - Common Stock",NASDAQ
NAUT,1.0,956804.0,932964.0,781543.0,9.02,17.36,20.69,False,PRICE|SHARE_VOLUME|AVG_DOLLAR_VOLUME|MEDIAN_DOLLAR_VOLUME,"Nautilus Biotechnology, Inc. - Common Stock",NASDAQ
AUDC,9.95,94712.0,929990.0,911493.0,2.96,3.54,6.42,False,SHARE_VOLUME|AVG_DOLLAR_VOLUME|MEDIAN_DOLLAR_VOLUME,AudioCodes Ltd. - Ordinary Shares,NASDAQ
DDC,0.22,2330970.0,928094.0,493803.0,18.33,-58.11,25.81,False,PRICE|AVG_DOLLAR_VOLUME|MEDIAN_DOLLAR_VOLUME,DDC Enterprise Limited Class A Ordinary Shares,NYSE American
DUKB,20.96,43092.0,926415.0,930554.0,1.36,-3.48,0.82,False,SHARE_VOLUME|AVG_DOLLAR_VOLUME|MEDIAN_DOLLAR_VOLUME|LOW_DAILY_RANGE,Duke Energy Corporation 5.625% Junior Subordinated Debentures due 2078,NYSE
AMOD,1.94,345913.0,924766.0,167240.0,9.82,-55.32,13.06,False,PRICE|SHARE_VOLUME|AVG_DOLLAR_VOLUME|MEDIAN_DOLLAR_VOLUME,"Alpha Modus Holdings, Inc. - Class A Common Stock",NASDAQ
FSBW,44.47,21438.0,924362.0,930309.0,1.93,2.93,1.85,False,SHARE_VOLUME|AVG_DOLLAR_VOLUME|MEDIAN_DOLLAR_VOLUME|LOW_DAILY_RANGE,"FS Bancorp, Inc. - Common Stock",NASDAQ
LVLU,10.06,72697.0,924352.0,864303.0,12.45,-31.19,7.44,False,SHARE_VOLUME|AVG_DOLLAR_VOLUME|MEDIAN_DOLLAR_VOLUME,"Lulu's Fashion Lounge Holdings, Inc. - Common Stock",NASDAQ
HNVR,26.94,34094.0,923920.0,766942.0,2.63,-2.87,2.35,False,SHARE_VOLUME|AVG_DOLLAR_VOLUME|MEDIAN_DOLLAR_VOLUME,"Hanover Bancorp, Inc. - Common Stock",NASDAQ
KPLT,9.11,115366.0,921414.0,491695.0,7.95,52.6,25.79,False,SHARE_VOLUME|AVG_DOLLAR_VOLUME|MEDIAN_DOLLAR_VOLUME,"Katapult Holdings, Inc. - Common Stock",NASDAQ
MASK,0.92,718723.0,920766.0,164300.0,7.6,-38.82,5.96,False,PRICE|SHARE_VOLUME|AVG_DOLLAR_VOLUME|MEDIAN_DOLLAR_VOLUME,3 E Network Technology Group Ltd - Class A Ordinary Shares,NASDAQ
OPI,17.2,52872.0,920181.0,747757.0,4.27,-9.45,4.47,False,SHARE_VOLUME|AVG_DOLLAR_VOLUME|MEDIAN_DOLLAR_VOLUME,Office Properties Income Trust - Common shares of beneficial interest,NASDAQ
ILLU,9.99,92131.0,919148.0,171809.0,0.09,0.5,0.3,False,SHARE_VOLUME|AVG_DOLLAR_VOLUME|MEDIAN_DOLLAR_VOLUME|LOW_DAILY_RANGE,Illumination Acquisition Corp I - Class A Ordinary Shares,NASDAQ
ELME,1.64,550380.0,918421.0,723246.0,1.44,2.17,2.47,False,PRICE|SHARE_VOLUME|AVG_DOLLAR_VOLUME|MEDIAN_DOLLAR_VOLUME|LOW_DAILY_RANGE,Elme Communities Common Stock,NYSE
DPU,1.65,447083.0,913686.0,13293.0,8.2,-28.84,6.16,False,PRICE|SHARE_VOLUME|AVG_DOLLAR_VOLUME|MEDIAN_DOLLAR_VOLUME,Top KingWin Ltd - Class A Ordinary Shares,NASDAQ
FCRS,10.27,88820.0,910988.0,132957.0,0.14,0.39,0.2,False,SHARE_VOLUME|AVG_DOLLAR_VOLUME|MEDIAN_DOLLAR_VOLUME|LOW_DAILY_RANGE,FutureCrest Acquisition Corp. Class A Ordinary Shares,NYSE
KVHI,7.06,122009.0,905295.0,822853.0,4.15,-10.29,4.52,False,SHARE_VOLUME|AVG_DOLLAR_VOLUME|MEDIAN_DOLLAR_VOLUME,"KVH Industries, Inc. - Common Stock",NASDAQ
NYXH,1.55,552158.0,904136.0,251934.0,4.81,-2.81,16.56,False,PRICE|SHARE_VOLUME|AVG_DOLLAR_VOLUME|MEDIAN_DOLLAR_VOLUME,Nyxoah SA - Ordinary Shares,NASDAQ
KGEI,6.84,142934.0,903061.0,769952.0,3.89,12.32,5.66,False,SHARE_VOLUME|AVG_DOLLAR_VOLUME|MEDIAN_DOLLAR_VOLUME,Kolibri Global Energy Inc. - Common stock,NASDAQ
CELZ,0.85,735142.0,902553.0,217107.0,8.46,-21.28,71.95,False,PRICE|SHARE_VOLUME|AVG_DOLLAR_VOLUME|MEDIAN_DOLLAR_VOLUME,"Creative Medical Technology Holdings, Inc. - Common Stock",NASDAQ
KRSA,31.0,30542.0,902299.0,515791.0,13.1,7.49,29.91,False,SHARE_VOLUME|AVG_DOLLAR_VOLUME|MEDIAN_DOLLAR_VOLUME,"Korsana Biosciences, Inc. - Common Stock",NASDAQ
NXDT,5.35,164216.0,896465.0,790334.0,3.97,5.51,12.55,False,SHARE_VOLUME|AVG_DOLLAR_VOLUME|MEDIAN_DOLLAR_VOLUME,NexPoint Diversified Real Estate Trust Common Stock,NYSE
HSDT,2.25,404227.0,896155.0,630700.0,7.04,26.4,18.54,False,PRICE|SHARE_VOLUME|AVG_DOLLAR_VOLUME|MEDIAN_DOLLAR_VOLUME,Solana Company - Class A Common Stock,NASDAQ
PCYO,11.11,79244.0,894174.0,807203.0,2.07,-2.88,3.51,False,SHARE_VOLUME|AVG_DOLLAR_VOLUME|MEDIAN_DOLLAR_VOLUME,Pure Cycle Corporation - Common Stock,NASDAQ
GTBP,7.98,412233.0,892508.0,139446.0,11.85,2701.54,2381.33,False,SHARE_VOLUME|AVG_DOLLAR_VOLUME|MEDIAN_DOLLAR_VOLUME,"GT Biopharma, Inc. - Common Stock",NASDAQ
LSTA,1.56,561892.0,891923.0,263094.0,14.92,35.65,38.39,False,PRICE|SHARE_VOLUME|AVG_DOLLAR_VOLUME|MEDIAN_DOLLAR_VOLUME,"Lisata Therapeutics, Inc. - Common Stock",NASDAQ
SAGU,9.97,89025.0,890823.0,4505.0,0.12,0.3,0.5,False,SHARE_VOLUME|AVG_DOLLAR_VOLUME|MEDIAN_DOLLAR_VOLUME|LOW_DAILY_RANGE,Shreya Acquisition Group Class A Ordinary Shares,NYSE
EQ,1.95,387265.0,890349.0,687275.0,7.26,-17.02,17.41,False,PRICE|SHARE_VOLUME|AVG_DOLLAR_VOLUME|MEDIAN_DOLLAR_VOLUME,"Equillium, Inc. - Common Stock",NASDAQ
DMAC,6.66,135095.0,890064.0,855676.0,4.69,0.76,4.65,False,SHARE_VOLUME|AVG_DOLLAR_VOLUME|MEDIAN_DOLLAR_VOLUME,DiaMedica Therapeutics Inc. - Common Stock,NASDAQ
EVAC,10.29,86437.0,889337.0,225570.0,0.11,-0.1,0.49,False,SHARE_VOLUME|AVG_DOLLAR_VOLUME|MEDIAN_DOLLAR_VOLUME|LOW_DAILY_RANGE,EQV Ventures Acquisition Corp. II Class A Ordinary Shares,NYSE
GCBC,36.2,25269.0,886345.0,710211.0,2.28,5.54,1.65,False,SHARE_VOLUME|AVG_DOLLAR_VOLUME|MEDIAN_DOLLAR_VOLUME,"Greene County Bancorp, Inc. - Common Stock",NASDAQ
FBIO,2.45,323442.0,885570.0,787216.0,3.69,-15.64,8.36,False,PRICE|SHARE_VOLUME|AVG_DOLLAR_VOLUME|MEDIAN_DOLLAR_VOLUME,"Fortress Biotech, Inc. - Common Stock",NASDAQ
ASUR,8.5,100898.0,884150.0,840408.0,3.95,1.67,3.83,False,SHARE_VOLUME|AVG_DOLLAR_VOLUME|MEDIAN_DOLLAR_VOLUME,Asure Software Inc - Common Stock,NASDAQ
III,5.31,173496.0,880960.0,857984.0,2.84,8.66,17.37,False,SHARE_VOLUME|AVG_DOLLAR_VOLUME|MEDIAN_DOLLAR_VOLUME,"Information Services Group, Inc. - Common Stock",NASDAQ
ALPX,9.95,88368.0,877450.0,28782.0,0.08,0.61,0.2,False,SHARE_VOLUME|AVG_DOLLAR_VOLUME|MEDIAN_DOLLAR_VOLUME|LOW_DAILY_RANGE,Alpex Acquisition Corporation - Class A Ordinary Shares,NASDAQ
PROP,0.4,1753986.0,876983.0,779330.0,9.64,-35.26,19.05,False,PRICE|AVG_DOLLAR_VOLUME|MEDIAN_DOLLAR_VOLUME,Prairie Operating Co. - Common Stock,NASDAQ
SPCB,9.93,83514.0,870784.0,710950.0,3.88,-7.93,8.78,False,SHARE_VOLUME|AVG_DOLLAR_VOLUME|MEDIAN_DOLLAR_VOLUME,"SuperCom, Ltd. - Ordinary Shares",NASDAQ
EIC,9.71,87157.0,868341.0,735323.0,1.02,-3.29,2.42,False,SHARE_VOLUME|AVG_DOLLAR_VOLUME|MEDIAN_DOLLAR_VOLUME|LOW_DAILY_RANGE,Eagle Point Income Company Common Shares of Beneficial Interest,NYSE
EBMT,22.33,38196.0,864326.0,604034.0,2.62,-5.1,1.38,False,SHARE_VOLUME|AVG_DOLLAR_VOLUME|MEDIAN_DOLLAR_VOLUME,"Eagle Bancorp Montana, Inc. - Common Stock",NASDAQ
UFI,6.75,115994.0,862687.0,680541.0,5.47,-16.55,24.5,False,SHARE_VOLUME|AVG_DOLLAR_VOLUME|MEDIAN_DOLLAR_VOLUME,"Unifi, Inc. New Common Stock",NYSE
WYY,11.75,84082.0,862521.0,782290.0,5.63,29.26,9.1,False,SHARE_VOLUME|AVG_DOLLAR_VOLUME|MEDIAN_DOLLAR_VOLUME,WidePoint Corporation Common Stock,NYSE American
CPSH,3.94,222671.0,862007.0,669381.0,5.35,-6.41,4.15,False,PRICE|SHARE_VOLUME|AVG_DOLLAR_VOLUME|MEDIAN_DOLLAR_VOLUME,CPS Technologies Corp. - Common Stock,NASDAQ
FTF,5.64,150640.0,861232.0,662109.0,0.97,-2.13,0.87,False,SHARE_VOLUME|AVG_DOLLAR_VOLUME|MEDIAN_DOLLAR_VOLUME|LOW_DAILY_RANGE,Franklin Limited Duration Income Trust Common Shares of Beneficial Interest,NYSE American
MTEN,1.05,774309.0,859596.0,175118.0,6.23,-5.8,26.85,False,PRICE|SHARE_VOLUME|AVG_DOLLAR_VOLUME|MEDIAN_DOLLAR_VOLUME,Mingteng International Corporation Inc. - Class A Ordinary Shares,NASDAQ
REKR,0.44,1630605.0,855998.0,841800.0,5.87,-28.39,3.81,False,PRICE|AVG_DOLLAR_VOLUME|MEDIAN_DOLLAR_VOLUME,"Rekor Systems, Inc. - Common Stock",NASDAQ
ELTX,1.84,338511.0,852268.0,816084.0,5.46,-40.84,2.98,False,PRICE|SHARE_VOLUME|AVG_DOLLAR_VOLUME|MEDIAN_DOLLAR_VOLUME,"Elicio Therapeutics, Inc. - Common Stock",NASDAQ
DH,0.97,845894.0,849260.0,328712.0,7.16,47.02,18.45,False,PRICE|SHARE_VOLUME|AVG_DOLLAR_VOLUME|MEDIAN_DOLLAR_VOLUME,Definitive Healthcare Corp. - Class A Common Stock,NASDAQ
STAK,1.11,678502.0,844931.0,414676.0,8.41,-26.0,11.39,False,PRICE|SHARE_VOLUME|AVG_DOLLAR_VOLUME|MEDIAN_DOLLAR_VOLUME,STAK Inc. - Class A Ordinary Shares,NASDAQ
IPSC,1.93,409718.0,842389.0,765695.0,5.0,-1.53,7.65,False,PRICE|SHARE_VOLUME|AVG_DOLLAR_VOLUME|MEDIAN_DOLLAR_VOLUME,"Century Therapeutics, Inc. - Common Stock",NASDAQ
LNSR,7.4,99753.0,841769.0,761532.0,4.58,-9.65,31.48,False,SHARE_VOLUME|AVG_DOLLAR_VOLUME|MEDIAN_DOLLAR_VOLUME,"LENSAR, Inc. - Common Stock",NASDAQ
HCAI,0.56,423802.0,841368.0,48070.0,14.34,-87.63,7.64,False,PRICE|SHARE_VOLUME|AVG_DOLLAR_VOLUME|MEDIAN_DOLLAR_VOLUME,"Huachen AI Parking Management Technology Holding Co., Ltd. - Class A Ordinary Shares",NASDAQ
SMHI,9.59,87130.0,840564.0,870006.0,2.58,-2.74,2.41,False,SHARE_VOLUME|AVG_DOLLAR_VOLUME|MEDIAN_DOLLAR_VOLUME,SEACOR Marine Holdings Inc. Common Stock ,NYSE
GNLX,2.38,320591.0,839509.0,834953.0,6.01,-8.46,7.57,False,PRICE|SHARE_VOLUME|AVG_DOLLAR_VOLUME|MEDIAN_DOLLAR_VOLUME,Genelux Corporation - Common Stock,NASDAQ
JRVR,3.92,207481.0,833248.0,763269.0,2.76,-2.84,3.2,False,PRICE|SHARE_VOLUME|AVG_DOLLAR_VOLUME|MEDIAN_DOLLAR_VOLUME,"James River Group Holdings, Inc. - Common Stock",NASDAQ
CBNA,46.17,17988.0,830465.0,774087.0,3.65,-2.63,3.43,False,SHARE_VOLUME|AVG_DOLLAR_VOLUME|MEDIAN_DOLLAR_VOLUME,"Chain Bridge Bancorp, Inc. Class A Common Stock",NYSE
NEGG,13.38,51468.0,830458.0,695784.0,6.57,-24.31,9.15,False,SHARE_VOLUME|AVG_DOLLAR_VOLUME|MEDIAN_DOLLAR_VOLUME,"Newegg Commerce, Inc. - Common Shares",NASDAQ
AARD,4.96,141838.0,830003.0,796455.0,12.17,-19.28,15.79,False,PRICE|SHARE_VOLUME|AVG_DOLLAR_VOLUME|MEDIAN_DOLLAR_VOLUME,"Aardvark Therapeutics, Inc. - Common Stock",NASDAQ
TISI,27.16,32135.0,829279.0,731910.0,4.94,16.47,37.22,False,SHARE_VOLUME|AVG_DOLLAR_VOLUME|MEDIAN_DOLLAR_VOLUME,"Team, Inc. Common Stock",NYSE
CUB,10.87,76282.0,828841.0,203326.0,0.14,0.28,0.28,False,SHARE_VOLUME|AVG_DOLLAR_VOLUME|MEDIAN_DOLLAR_VOLUME|LOW_DAILY_RANGE,Lionheart Holdings - Class A Ordinary Shares,NASDAQ
LAW,4.2,194084.0,826622.0,751224.0,3.68,-4.98,7.82,False,PRICE|SHARE_VOLUME|AVG_DOLLAR_VOLUME|MEDIAN_DOLLAR_VOLUME,"CS Disco, Inc. Common Stock",NYSE
MLAA,10.01,82663.0,826620.0,90500.0,0.08,0.3,0.2,False,SHARE_VOLUME|AVG_DOLLAR_VOLUME|MEDIAN_DOLLAR_VOLUME|LOW_DAILY_RANGE,Mountain Lake Acquisition Corp. II - Class A Ordinary Shares,NASDAQ
NTHI,3.06,195368.0,826433.0,757912.0,11.04,-44.76,31.46,False,PRICE|SHARE_VOLUME|AVG_DOLLAR_VOLUME|MEDIAN_DOLLAR_VOLUME,"NeOnc Technologies Holdings, Inc. - Common Stock",NASDAQ
CXAI,2.48,223404.0,826005.0,441615.0,9.48,-41.78,14.29,False,PRICE|SHARE_VOLUME|AVG_DOLLAR_VOLUME|MEDIAN_DOLLAR_VOLUME,CXApp Inc. - Class A Common Stock,NASDAQ
PCB,28.01,29773.0,825956.0,710466.0,2.01,-2.2,2.09,False,SHARE_VOLUME|AVG_DOLLAR_VOLUME|MEDIAN_DOLLAR_VOLUME,PCB Bancorp - Common Stock,NASDAQ
GIW,10.16,81245.0,825491.0,133177.0,0.06,0.2,0.3,False,SHARE_VOLUME|AVG_DOLLAR_VOLUME|MEDIAN_DOLLAR_VOLUME|LOW_DAILY_RANGE,GigCapital8 Corp. - Class A Ordinary Shares,NASDAQ
FNLC,35.51,23649.0,823767.0,835462.0,2.28,-0.25,2.09,False,SHARE_VOLUME|AVG_DOLLAR_VOLUME|MEDIAN_DOLLAR_VOLUME,"First Bancorp, Inc (ME) - Common Stock",NASDAQ
OFLX,26.84,30974.0,823723.0,797255.0,2.47,-4.99,2.8,False,SHARE_VOLUME|AVG_DOLLAR_VOLUME|MEDIAN_DOLLAR_VOLUME,"Omega Flex, Inc. - Common Stock",NASDAQ
WTG,10.58,78250.0,823685.0,99139.0,0.25,0.86,0.57,False,SHARE_VOLUME|AVG_DOLLAR_VOLUME|MEDIAN_DOLLAR_VOLUME|LOW_DAILY_RANGE,Wintergreen Acquisition Corp. - Ordinary Shares,NASDAQ
KIDZ,2.98,188286.0,821735.0,243659.0,12.15,-36.86,15.97,False,PRICE|SHARE_VOLUME|AVG_DOLLAR_VOLUME|MEDIAN_DOLLAR_VOLUME,KIDZ AI Inc. - Class B Common Stock,NASDAQ
BOTJ,27.43,30137.0,821006.0,789767.0,2.22,0.08,1.99,False,SHARE_VOLUME|AVG_DOLLAR_VOLUME|MEDIAN_DOLLAR_VOLUME,"Bank of the James Financial Group, Inc. - Common Stock",NASDAQ
TROO,2.15,381080.0,820991.0,777625.0,9.69,9.39,15.74,False,PRICE|SHARE_VOLUME|AVG_DOLLAR_VOLUME|MEDIAN_DOLLAR_VOLUME,"TROOPS, Inc.  - Ordinary Shares",NASDAQ
DRCT,1.78,443790.0,818319.0,22701.0,8.01,-32.06,13.66,False,PRICE|SHARE_VOLUME|AVG_DOLLAR_VOLUME|MEDIAN_DOLLAR_VOLUME,"Direct Digital Holdings, Inc. - Class A Common Stock",NASDAQ
SLQT,0.5,1437091.0,818308.0,579925.0,8.5,-34.18,7.69,False,PRICE|AVG_DOLLAR_VOLUME|MEDIAN_DOLLAR_VOLUME,"SelectQuote, Inc. Common Stock",NYSE
GDHG,1.16,623570.0,817369.0,54729.0,7.41,-8.66,6.77,False,PRICE|SHARE_VOLUME|AVG_DOLLAR_VOLUME|MEDIAN_DOLLAR_VOLUME,Golden Heaven Group Holdings Ltd.  - Class A Ordinary Shares,NASDAQ
FGNX,7.15,104590.0,816097.0,808657.0,8.18,-3.18,8.43,False,SHARE_VOLUME|AVG_DOLLAR_VOLUME|MEDIAN_DOLLAR_VOLUME,FG Nexus Inc. - Common Stock,NASDAQ
LUCD,0.82,902316.0,815993.0,836057.0,5.52,-16.9,4.28,False,PRICE|SHARE_VOLUME|AVG_DOLLAR_VOLUME|MEDIAN_DOLLAR_VOLUME,Lucid Diagnostics Inc. - Common Stock,NASDAQ
ANNA,3.23,257210.0,814653.0,547789.0,6.08,17.45,10.0,False,PRICE|SHARE_VOLUME|AVG_DOLLAR_VOLUME|MEDIAN_DOLLAR_VOLUME,"AleAnna, Inc. - Class A Common Stock",NASDAQ
SBFM,1.03,667733.0,813647.0,128119.0,6.83,-7.59,8.77,False,PRICE|SHARE_VOLUME|AVG_DOLLAR_VOLUME|MEDIAN_DOLLAR_VOLUME,Sunshine Biopharma Inc. - Common stock,NASDAQ
HCAT,1.74,487347.0,813564.0,763017.0,5.35,1.46,7.06,False,PRICE|SHARE_VOLUME|AVG_DOLLAR_VOLUME|MEDIAN_DOLLAR_VOLUME,"Health Catalyst, Inc - Common stock",NASDAQ
AESP,9.98,81375.0,810305.0,32427.0,0.05,0.4,0.2,False,SHARE_VOLUME|AVG_DOLLAR_VOLUME|MEDIAN_DOLLAR_VOLUME|LOW_DAILY_RANGE,Aeon Acquisition I Corp. - Class A Ordinary Shares,NASDAQ
CCLD,2.09,341317.0,808408.0,625259.0,4.17,-19.5,13.36,False,PRICE|SHARE_VOLUME|AVG_DOLLAR_VOLUME|MEDIAN_DOLLAR_VOLUME,"CareCloud, Inc. - Common Stock",NASDAQ
PONO,10.02,80495.0,807261.0,2004.0,0.09,0.0,0.3,False,SHARE_VOLUME|AVG_DOLLAR_VOLUME|MEDIAN_DOLLAR_VOLUME|LOW_DAILY_RANGE,"Pono Capital Four, Inc. - Class A Ordinary Shares",NASDAQ
INVZ,0.31,2407550.0,805958.0,665340.0,6.11,-13.86,7.25,False,PRICE|AVG_DOLLAR_VOLUME|MEDIAN_DOLLAR_VOLUME,Innoviz Technologies Ltd. - Ordinary shares,NASDAQ
NMAD,3.5,206031.0,804524.0,678042.0,8.72,-17.06,10.39,False,PRICE|SHARE_VOLUME|AVG_DOLLAR_VOLUME|MEDIAN_DOLLAR_VOLUME,"Nomad Power Solutions, Inc. - Common Stock",NASDAQ
CGEN,2.42,304198.0,803462.0,518105.0,4.58,1.89,10.81,False,PRICE|SHARE_VOLUME|AVG_DOLLAR_VOLUME|MEDIAN_DOLLAR_VOLUME,Compugen Ltd. - Ordinary Shares,NASDAQ
AMZE,0.14,4806142.0,801629.0,532019.0,10.68,-31.93,18.93,False,PRICE|AVG_DOLLAR_VOLUME|MEDIAN_DOLLAR_VOLUME,"Amaze Holdings, Inc. Common Stock",NYSE American
GLIBA,25.56,30381.0,801430.0,785929.0,2.63,-3.62,4.51,False,SHARE_VOLUME|AVG_DOLLAR_VOLUME|MEDIAN_DOLLAR_VOLUME,Liberty Capital Corporation - Series A GCI Group Common Stock,NASDAQ
ALUB,10.12,79109.0,800222.0,113850.0,0.07,-0.3,0.3,False,SHARE_VOLUME|AVG_DOLLAR_VOLUME|MEDIAN_DOLLAR_VOLUME|LOW_DAILY_RANGE,Alussa Energy Acquisition Corp. II Class A Ordinary Shares,NYSE
MYO,1.26,524558.0,798715.0,576604.0,9.08,-25.01,23.58,False,PRICE|SHARE_VOLUME|AVG_DOLLAR_VOLUME|MEDIAN_DOLLAR_VOLUME,Myomo Inc. Common Stock,NYSE American
GOVX,0.41,1298753.0,795579.0,228922.0,10.56,-37.04,13.81,False,PRICE|AVG_DOLLAR_VOLUME|MEDIAN_DOLLAR_VOLUME,"GeoVax Labs, Inc. - Common Stock",NASDAQ
SDST,0.14,4607290.0,795474.0,233241.0,16.24,-78.3,7.59,False,PRICE|AVG_DOLLAR_VOLUME|MEDIAN_DOLLAR_VOLUME,Stardust Power Inc. - Common Stock,NASDAQ
POLA,1.3,517555.0,795241.0,112847.0,5.52,-24.42,5.06,False,PRICE|SHARE_VOLUME|AVG_DOLLAR_VOLUME|MEDIAN_DOLLAR_VOLUME,"Polar Power, Inc. - Common Stock",NASDAQ
AUNA,5.21,150609.0,795227.0,515837.0,3.36,-3.87,3.26,False,SHARE_VOLUME|AVG_DOLLAR_VOLUME|MEDIAN_DOLLAR_VOLUME,Auna SA Class A Ordinary Shares,NYSE
FXNC,31.24,25692.0,794885.0,728431.0,2.94,-2.07,2.56,False,SHARE_VOLUME|AVG_DOLLAR_VOLUME|MEDIAN_DOLLAR_VOLUME,First National Corporation - Common Stock,NASDAQ
CHMI,2.85,272125.0,794438.0,667308.0,1.54,-2.06,15.77,False,PRICE|SHARE_VOLUME|AVG_DOLLAR_VOLUME|MEDIAN_DOLLAR_VOLUME|LOW_DAILY_RANGE,Cherry Hill Mortgage Investment Corporation Common Stock,NYSE
INMB,2.12,341772.0,793518.0,780875.0,6.05,0.47,9.16,False,PRICE|SHARE_VOLUME|AVG_DOLLAR_VOLUME|MEDIAN_DOLLAR_VOLUME,INmune Bio Inc. - Common stock,NASDAQ
GSIW,14.4,51838.0,793410.0,428439.0,10.85,-15.94,21.54,False,SHARE_VOLUME|AVG_DOLLAR_VOLUME|MEDIAN_DOLLAR_VOLUME,Garden Stage Limited - Class A Ordinary Shares,NASDAQ
VTIX,0.97,581113.0,790645.0,385502.0,9.67,-39.21,12.4,False,PRICE|SHARE_VOLUME|AVG_DOLLAR_VOLUME|MEDIAN_DOLLAR_VOLUME,Virtuix Holdings Inc. - Class A Common Stock,NASDAQ
CJMB,2.25,343378.0,789669.0,311509.0,9.84,-17.28,27.69,False,PRICE|SHARE_VOLUME|AVG_DOLLAR_VOLUME|MEDIAN_DOLLAR_VOLUME,Callan JMB Inc. - Common Stock,NASDAQ
ASTI,2.79,265319.0,788941.0,592727.0,6.04,-11.84,11.18,False,PRICE|SHARE_VOLUME|AVG_DOLLAR_VOLUME|MEDIAN_DOLLAR_VOLUME,"Ascent Solar Technologies, Inc - Common Stock",NASDAQ
OVLY,34.33,22966.0,788425.0,736483.0,2.21,-0.45,1.6,False,SHARE_VOLUME|AVG_DOLLAR_VOLUME|MEDIAN_DOLLAR_VOLUME,Oak Valley Bancorp (CA) - Common Stock,NASDAQ
IBIO,1.18,583667.0,787409.0,484673.0,4.62,-18.28,5.0,False,PRICE|SHARE_VOLUME|AVG_DOLLAR_VOLUME|MEDIAN_DOLLAR_VOLUME,"iBio, Inc. - Common Stock",NASDAQ
CV,6.34,125895.0,787237.0,473648.0,5.42,3.09,6.18,False,SHARE_VOLUME|AVG_DOLLAR_VOLUME|MEDIAN_DOLLAR_VOLUME,"CapsoVision, Inc. - Common Stock",NASDAQ
RPGL,1.42,408182.0,787003.0,243310.0,17.16,-35.16,18.15,False,PRICE|SHARE_VOLUME|AVG_DOLLAR_VOLUME|MEDIAN_DOLLAR_VOLUME,Republic Power Group Limited - Class A Ordinary Shares,NASDAQ
SZZL,10.47,75155.0,785244.0,265556.0,0.08,0.58,0.38,False,SHARE_VOLUME|AVG_DOLLAR_VOLUME|MEDIAN_DOLLAR_VOLUME|LOW_DAILY_RANGE,Sizzle Acquisition Corp. II - Class A ordinary shares,NASDAQ
TMS,7.13,117481.0,781015.0,808701.0,10.68,-19.89,17.69,False,SHARE_VOLUME|AVG_DOLLAR_VOLUME|MEDIAN_DOLLAR_VOLUME,Teamshares Inc. - Common Stock,NASDAQ
USGO,7.91,86233.0,780233.0,661568.0,5.07,-9.29,6.03,False,SHARE_VOLUME|AVG_DOLLAR_VOLUME|MEDIAN_DOLLAR_VOLUME,U.S. GoldMining Inc. - Common stock,NASDAQ
ELOX,18.68,43916.0,780042.0,600859.0,14.51,2.36,16.3,False,SHARE_VOLUME|AVG_DOLLAR_VOLUME|MEDIAN_DOLLAR_VOLUME,"Eloxx Pharmaceuticals, Inc. - Common Stock",NASDAQ
CNTX,0.37,1860780.0,778400.0,500041.0,7.88,-26.38,11.41,False,PRICE|AVG_DOLLAR_VOLUME|MEDIAN_DOLLAR_VOLUME,Context Therapeutics Inc. - Common Stock,NASDAQ
HCWB,1.91,291468.0,777861.0,233163.0,12.25,-10.33,17.41,False,PRICE|SHARE_VOLUME|AVG_DOLLAR_VOLUME|MEDIAN_DOLLAR_VOLUME,HCW Biologics Inc. - Common Stock,NASDAQ
LUNG,1.96,349868.0,775644.0,769804.0,6.79,-13.5,12.04,False,PRICE|SHARE_VOLUME|AVG_DOLLAR_VOLUME|MEDIAN_DOLLAR_VOLUME,Pulmonx Corporation - Common Stock,NASDAQ
INBS,2.01,320001.0,775496.0,128715.0,10.1,-37.58,23.9,False,PRICE|SHARE_VOLUME|AVG_DOLLAR_VOLUME|MEDIAN_DOLLAR_VOLUME,Intelligent Bio Solutions Inc.  - Common Stock,NASDAQ
GLND,1.2,583343.0,774908.0,550788.0,7.03,-8.08,11.61,False,PRICE|SHARE_VOLUME|AVG_DOLLAR_VOLUME|MEDIAN_DOLLAR_VOLUME,Greenland Energy Company - Common Stock,NASDAQ
MCRP,0.79,712706.0,774238.0,211630.0,9.35,-39.02,12.07,False,PRICE|SHARE_VOLUME|AVG_DOLLAR_VOLUME|MEDIAN_DOLLAR_VOLUME,Micropolis AI Robotics Ordinary Shares,NYSE American
GLDG,0.99,703988.0,773861.0,698709.0,4.21,-2.6,7.55,False,PRICE|SHARE_VOLUME|AVG_DOLLAR_VOLUME|MEDIAN_DOLLAR_VOLUME,GoldMining Inc. Common Shares,NYSE American
VENU,1.69,414566.0,773821.0,795370.0,6.83,-9.14,9.29,False,PRICE|SHARE_VOLUME|AVG_DOLLAR_VOLUME|MEDIAN_DOLLAR_VOLUME,Venu Holding Corporation Common Stock,NYSE American
VATE,7.11,103622.0,772469.0,714685.0,5.68,-7.0,63.43,False,SHARE_VOLUME|AVG_DOLLAR_VOLUME|MEDIAN_DOLLAR_VOLUME,INNOVATE Corp. Common Stock,NYSE
NC,38.82,18870.0,772457.0,764564.0,3.04,-7.36,3.47,False,SHARE_VOLUME|AVG_DOLLAR_VOLUME|MEDIAN_DOLLAR_VOLUME,"NACCO Industries, Inc. Common Stock",NYSE
SLGB,0.33,2000951.0,770439.0,146568.0,10.25,-38.68,12.21,False,PRICE|AVG_DOLLAR_VOLUME|MEDIAN_DOLLAR_VOLUME,Smart Logistics Global Limited - Class A Ordinary Shares,NASDAQ
FUNC,45.24,17608.0,769375.0,718976.0,2.7,0.2,3.87,False,SHARE_VOLUME|AVG_DOLLAR_VOLUME|MEDIAN_DOLLAR_VOLUME,First United Corporation - Common Stock,NASDAQ
DTCX,1.95,320161.0,767969.0,477487.0,9.98,-1.52,29.7,False,PRICE|SHARE_VOLUME|AVG_DOLLAR_VOLUME|MEDIAN_DOLLAR_VOLUME,"Datacentrex, Inc. - Common Stock",NASDAQ
GWRS,8.67,85158.0,767924.0,715621.0,2.35,-1.14,16.82,False,SHARE_VOLUME|AVG_DOLLAR_VOLUME|MEDIAN_DOLLAR_VOLUME,"Global Water Resources, Inc. - common stock",NASDAQ
DGAC,10.0,76655.0,765732.0,9496.0,0.05,0.5,0.2,False,SHARE_VOLUME|AVG_DOLLAR_VOLUME|MEDIAN_DOLLAR_VOLUME|LOW_DAILY_RANGE,Disciplined Growth Acquisition Corporation Class A Ordinary Shares,NYSE
MOB,4.45,140800.0,765316.0,511527.0,7.29,-22.07,10.16,False,PRICE|SHARE_VOLUME|AVG_DOLLAR_VOLUME|MEDIAN_DOLLAR_VOLUME,Mobilicom Limited - Ordinary Shares,NASDAQ
SPWH,1.13,624125.0,762589.0,329931.0,4.37,-2.59,6.67,False,PRICE|SHARE_VOLUME|AVG_DOLLAR_VOLUME|MEDIAN_DOLLAR_VOLUME,"Sportsman's Warehouse Holdings, Inc. - Common Stock",NASDAQ
PSBD,10.29,73834.0,761019.0,638685.0,1.52,0.49,4.91,False,SHARE_VOLUME|AVG_DOLLAR_VOLUME|MEDIAN_DOLLAR_VOLUME|LOW_DAILY_RANGE,Palmer Square Capital BDC Inc. Common Stock,NYSE
MKDW,6.23,105937.0,760264.0,22615.0,12.66,-43.42,51.96,False,SHARE_VOLUME|AVG_DOLLAR_VOLUME|MEDIAN_DOLLAR_VOLUME,MKDWELL Tech Inc. - Ordinary Shares,NASDAQ
PARK,20.5,36473.0,759337.0,384469.0,6.16,-6.56,12.16,False,SHARE_VOLUME|AVG_DOLLAR_VOLUME|MEDIAN_DOLLAR_VOLUME,"Park Dental Partners, Inc. - Common Stock",NASDAQ
SRI,7.15,105526.0,758624.0,721304.0,3.03,2.0,4.62,False,SHARE_VOLUME|AVG_DOLLAR_VOLUME|MEDIAN_DOLLAR_VOLUME,"Stoneridge, Inc. Common Stock",NYSE
HVII,10.05,96523.0,757071.0,373489.0,13.44,-4.47,18.5,False,SHARE_VOLUME|AVG_DOLLAR_VOLUME|MEDIAN_DOLLAR_VOLUME,Hennessy Capital Investment Corp. VII - Ordinary Shares,NASDAQ
GAME,3.3,227844.0,754460.0,637840.0,9.46,-7.3,15.32,False,PRICE|SHARE_VOLUME|AVG_DOLLAR_VOLUME|MEDIAN_DOLLAR_VOLUME,"GameSquare Holdings, Inc. - Common stock",NASDAQ
HHS,4.56,186100.0,749141.0,441136.0,5.43,14.29,53.02,False,PRICE|SHARE_VOLUME|AVG_DOLLAR_VOLUME|MEDIAN_DOLLAR_VOLUME,"Harte Hanks, Inc. - Common Stock",NASDAQ
SBC,4.53,177957.0,748927.0,715945.0,4.93,25.97,14.73,False,PRICE|SHARE_VOLUME|AVG_DOLLAR_VOLUME|MEDIAN_DOLLAR_VOLUME,SBC Medical Group Holdings Incorporated - Common Stock,NASDAQ
IPWR,4.05,160808.0,748417.0,667594.0,7.21,-17.35,22.77,False,PRICE|SHARE_VOLUME|AVG_DOLLAR_VOLUME|MEDIAN_DOLLAR_VOLUME,Ideal Power Inc. - Common Stock,NASDAQ
DOUG,1.69,412878.0,748236.0,659519.0,3.43,-10.11,10.38,False,PRICE|SHARE_VOLUME|AVG_DOLLAR_VOLUME|MEDIAN_DOLLAR_VOLUME,Douglas Elliman Inc. Common Stock,NYSE
TRAK,8.27,92976.0,746857.0,556220.0,4.63,1.87,4.4,False,SHARE_VOLUME|AVG_DOLLAR_VOLUME|MEDIAN_DOLLAR_VOLUME,"ReposiTrak, Inc. Common Stock",NYSE
SUIG,0.95,722742.0,746658.0,525461.0,8.83,11.37,13.66,False,PRICE|SHARE_VOLUME|AVG_DOLLAR_VOLUME|MEDIAN_DOLLAR_VOLUME,Sui Group Holdings Limited - Common Stock,NASDAQ
INDO,2.97,245304.0,745172.0,547576.0,4.03,0.68,6.34,False,PRICE|SHARE_VOLUME|AVG_DOLLAR_VOLUME|MEDIAN_DOLLAR_VOLUME,Indonesia Energy Corporation Limited Ordinary Shares,NYSE American
GNS,0.15,4272658.0,744311.0,523108.0,7.23,1.51,13.29,False,PRICE|AVG_DOLLAR_VOLUME|MEDIAN_DOLLAR_VOLUME,Genius Group Limited Ordinary Shares,NYSE American
ACTU,1.05,495960.0,743673.0,318284.0,14.57,0.0,28.46,False,PRICE|SHARE_VOLUME|AVG_DOLLAR_VOLUME|MEDIAN_DOLLAR_VOLUME,"Actuate Therapeutics, Inc. - Common stock",NASDAQ
TCX,10.05,73255.0,743484.0,665668.0,5.87,-1.76,11.44,False,SHARE_VOLUME|AVG_DOLLAR_VOLUME|MEDIAN_DOLLAR_VOLUME,Tucows Inc. - Common Stock,NASDAQ
GLOO,3.95,217525.0,743266.0,372726.0,7.12,21.54,20.43,False,PRICE|SHARE_VOLUME|AVG_DOLLAR_VOLUME|MEDIAN_DOLLAR_VOLUME,"Gloo Holdings, Inc. - Common Stock",NASDAQ
ULH,18.81,39334.0,740264.0,679911.0,5.06,-1.91,9.19,False,SHARE_VOLUME|AVG_DOLLAR_VOLUME|MEDIAN_DOLLAR_VOLUME,"Universal Logistics Holdings, Inc. - Common Stock",NASDAQ
PRTS,8.87,86020.0,739641.0,420525.0,9.15,48.89,16.58,False,SHARE_VOLUME|AVG_DOLLAR_VOLUME|MEDIAN_DOLLAR_VOLUME,"CarParts.com, Inc. - Common Stock",NASDAQ
LEO,5.8,122277.0,739269.0,648199.0,0.65,-5.9,0.81,False,SHARE_VOLUME|AVG_DOLLAR_VOLUME|MEDIAN_DOLLAR_VOLUME|LOW_DAILY_RANGE,"BNY Mellon Strategic Municipals, Inc. Common Stock",NYSE
CVGI,3.06,236830.0,736491.0,655203.0,4.23,-6.71,4.52,False,PRICE|SHARE_VOLUME|AVG_DOLLAR_VOLUME|MEDIAN_DOLLAR_VOLUME,"Commercial Vehicle Group, Inc. - Common Stock",NASDAQ
CD,2.89,220232.0,735949.0,600068.0,11.78,-20.82,34.53,False,PRICE|SHARE_VOLUME|AVG_DOLLAR_VOLUME|MEDIAN_DOLLAR_VOLUME,Chaince Digital Holdings Inc. - American Ordinary Shares,NASDAQ
SEV,2.05,316430.0,735466.0,504932.0,5.76,-2.45,11.64,False,PRICE|SHARE_VOLUME|AVG_DOLLAR_VOLUME|MEDIAN_DOLLAR_VOLUME,Aptera Motors Corp. - Class B Common Stock,NASDAQ
NEXR,1.63,379230.0,732962.0,249407.0,10.74,-38.25,13.92,False,PRICE|SHARE_VOLUME|AVG_DOLLAR_VOLUME|MEDIAN_DOLLAR_VOLUME,Nexera Technologies Ltd - Ordinary Shares,NASDAQ
MNSB,25.38,29018.0,730664.0,590243.0,2.19,0.12,3.01,False,SHARE_VOLUME|AVG_DOLLAR_VOLUME|MEDIAN_DOLLAR_VOLUME,"MainStreet Bancshares, Inc. - Common Stock",NASDAQ
ONL,2.47,262810.0,730152.0,558325.0,2.89,-13.76,8.46,False,PRICE|SHARE_VOLUME|AVG_DOLLAR_VOLUME|MEDIAN_DOLLAR_VOLUME,Orion Properties Inc. Common Stock,NYSE
KTWO,10.1,72445.0,728452.0,4010.0,0.13,0.4,1.31,False,SHARE_VOLUME|AVG_DOLLAR_VOLUME|MEDIAN_DOLLAR_VOLUME|LOW_DAILY_RANGE,K2 Capital Acquisition Corporation - Class A Ordinary Share,NASDAQ
ONCY,0.79,894240.0,727564.0,525410.0,5.39,-5.9,8.0,False,PRICE|SHARE_VOLUME|AVG_DOLLAR_VOLUME|MEDIAN_DOLLAR_VOLUME,Oncolytics Biotech Inc. - Common Stock,NASDAQ
PZG,1.3,494424.0,727126.0,547589.0,5.14,-9.38,13.22,False,PRICE|SHARE_VOLUME|AVG_DOLLAR_VOLUME|MEDIAN_DOLLAR_VOLUME,Paramount Gold Nevada Corp. Common Stock,NYSE American
MFIN,12.06,61221.0,726678.0,699425.0,2.27,6.44,2.83,False,SHARE_VOLUME|AVG_DOLLAR_VOLUME|MEDIAN_DOLLAR_VOLUME,Medallion Financial Corp. - Common Stock,NASDAQ
FLUX,0.53,963124.0,726302.0,96114.0,11.14,-27.33,16.86,False,PRICE|SHARE_VOLUME|AVG_DOLLAR_VOLUME|MEDIAN_DOLLAR_VOLUME,"Flux Power Holdings, Inc. - Common Stock",NASDAQ
SSTI,5.93,119476.0,724880.0,621440.0,4.93,0.59,5.73,False,SHARE_VOLUME|AVG_DOLLAR_VOLUME|MEDIAN_DOLLAR_VOLUME,"SoundThinking, Inc. - Common Stock",NASDAQ
MNTK,2.34,321663.0,721116.0,363691.0,7.21,27.17,21.02,False,PRICE|SHARE_VOLUME|AVG_DOLLAR_VOLUME|MEDIAN_DOLLAR_VOLUME,"Montauk Renewables, Inc. - Common Stock",NASDAQ
DMRC,5.13,128908.0,719286.0,636516.0,7.53,-26.71,6.96,False,SHARE_VOLUME|AVG_DOLLAR_VOLUME|MEDIAN_DOLLAR_VOLUME,Digimarc Corporation - Common Stock,NASDAQ
ECOR,10.14,73771.0,717700.0,709363.0,7.56,-1.27,20.75,False,SHARE_VOLUME|AVG_DOLLAR_VOLUME|MEDIAN_DOLLAR_VOLUME,"electroCore, Inc. - Common Stock",NASDAQ
ALP,4.21,3607258.0,717678.0,498829.0,14.02,2333.53,3647.47,False,PRICE|AVG_DOLLAR_VOLUME|MEDIAN_DOLLAR_VOLUME,Alpha Compute Corp  - Ordinary Shares,NASDAQ
ACTG,4.55,158355.0,717116.0,720352.0,2.01,-2.46,3.21,False,PRICE|SHARE_VOLUME|AVG_DOLLAR_VOLUME|MEDIAN_DOLLAR_VOLUME,Acacia Research Corporation - Common Stock,NASDAQ
BACC,10.63,67852.0,716983.0,7878.0,0.28,1.43,1.43,False,SHARE_VOLUME|AVG_DOLLAR_VOLUME|MEDIAN_DOLLAR_VOLUME|LOW_DAILY_RANGE,Blue Acquisition Corp. - Class A Ordinary Shares,NASDAQ
MBOT,1.45,483485.0,716613.0,599851.0,3.79,-1.32,5.44,False,PRICE|SHARE_VOLUME|AVG_DOLLAR_VOLUME|MEDIAN_DOLLAR_VOLUME,Microbot Medical Inc.  - Common Stock,NASDAQ
BLZR,10.22,70034.0,715018.0,70451.0,0.1,0.44,0.2,False,SHARE_VOLUME|AVG_DOLLAR_VOLUME|MEDIAN_DOLLAR_VOLUME|LOW_DAILY_RANGE,Trailblazer Acquisition Corp. - Class A Ordinary Shares,NASDAQ
PROF,5.8,109029.0,713457.0,455753.0,5.17,-17.14,6.87,False,SHARE_VOLUME|AVG_DOLLAR_VOLUME|MEDIAN_DOLLAR_VOLUME,Profound Medical Corp. - common stock,NASDAQ
ASPC,10.98,61545.0,712692.0,113607.0,2.81,3.33,14.85,False,SHARE_VOLUME|AVG_DOLLAR_VOLUME|MEDIAN_DOLLAR_VOLUME,A SPAC III Acquisition Corp. - Class A Ordinary Shares,NASDAQ
SAMG,9.66,72618.0,712422.0,616206.0,2.84,-4.94,2.21,False,SHARE_VOLUME|AVG_DOLLAR_VOLUME|MEDIAN_DOLLAR_VOLUME,Silvercrest Asset Management Group Inc. - Common Stock,NASDAQ
ETSS,9.97,71760.0,712329.0,267117.0,0.08,0.91,0.61,False,SHARE_VOLUME|AVG_DOLLAR_VOLUME|MEDIAN_DOLLAR_VOLUME|LOW_DAILY_RANGE,Energy Transition Special Opportunities Class A Ordinary Shares,NYSE
ARTC,9.98,71275.0,711222.0,9482.0,0.14,0.0,0.4,False,SHARE_VOLUME|AVG_DOLLAR_VOLUME|MEDIAN_DOLLAR_VOLUME|LOW_DAILY_RANGE,Art Technology Acquisition Corp. - Class A Ordinary Shares,NASDAQ
CIIT,2.3,222159.0,710943.0,108640.0,8.72,-35.03,5.92,False,PRICE|SHARE_VOLUME|AVG_DOLLAR_VOLUME|MEDIAN_DOLLAR_VOLUME,"Tianci International, Inc. - Common Stock",NASDAQ
MKLY,10.26,69359.0,710678.0,129318.0,0.16,0.34,0.29,False,SHARE_VOLUME|AVG_DOLLAR_VOLUME|MEDIAN_DOLLAR_VOLUME|LOW_DAILY_RANGE,McKinley Acquisition Corporation - Class A Ordinary Shares,NASDAQ
VRM,10.15,67162.0,710109.0,108603.0,8.41,7.72,35.44,False,SHARE_VOLUME|AVG_DOLLAR_VOLUME|MEDIAN_DOLLAR_VOLUME,"Vroom, Inc. - Common Stock",NASDAQ
TYGO,1.03,670282.0,709952.0,654727.0,5.02,-10.44,6.73,False,PRICE|SHARE_VOLUME|AVG_DOLLAR_VOLUME|MEDIAN_DOLLAR_VOLUME,"Tigo Energy, Inc. - Common Stock",NASDAQ
MINE,2.86,226230.0,709405.0,564726.0,5.93,-3.05,9.26,False,PRICE|SHARE_VOLUME|AVG_DOLLAR_VOLUME|MEDIAN_DOLLAR_VOLUME,Mayfair Gold Corp. Common Shares,NYSE American
MKC-V,51.6,12848.0,708285.0,206200.0,4.06,-6.96,5.63,False,SHARE_VOLUME|AVG_DOLLAR_VOLUME|MEDIAN_DOLLAR_VOLUME,"McCormick & Company, Incorporated Common Stock",NYSE
ALOV,9.99,70735.0,706518.0,3495.0,0.06,0.3,0.4,False,SHARE_VOLUME|AVG_DOLLAR_VOLUME|MEDIAN_DOLLAR_VOLUME|LOW_DAILY_RANGE,"Aldabra 4 Liquidity Opportunity Vehicle, Inc. - Class A Ordinary Shares",NASDAQ
WNEB,13.91,51190.0,703964.0,619509.0,2.34,-0.36,3.39,False,SHARE_VOLUME|AVG_DOLLAR_VOLUME|MEDIAN_DOLLAR_VOLUME,"Western New England Bancorp, Inc. - Common Stock",NASDAQ
UAC,9.97,70610.0,703260.0,0.0,0.05,0.1,0.2,False,SHARE_VOLUME|AVG_DOLLAR_VOLUME|MEDIAN_DOLLAR_VOLUME|LOW_DAILY_RANGE,United Acquisition Corp. I Class A Ordinary Shares,NYSE American
SDHC,10.68,60306.0,700917.0,576714.0,5.5,-20.65,3.67,False,SHARE_VOLUME|AVG_DOLLAR_VOLUME|MEDIAN_DOLLAR_VOLUME,Smith Douglas Homes Corp. Class A Common Stock,NYSE
CRD-A,12.48,54057.0,700363.0,655975.0,3.96,-3.18,7.08,False,SHARE_VOLUME|AVG_DOLLAR_VOLUME|MEDIAN_DOLLAR_VOLUME,Crawford & Company Common Stock,NYSE
STXS,1.34,507872.0,697777.0,687939.0,4.32,-1.47,4.41,False,PRICE|SHARE_VOLUME|AVG_DOLLAR_VOLUME|MEDIAN_DOLLAR_VOLUME,"Stereotaxis, Inc. Common Stock",NYSE American
BHR,1.85,359820.0,696285.0,540325.0,2.98,-9.76,3.41,False,PRICE|SHARE_VOLUME|AVG_DOLLAR_VOLUME|MEDIAN_DOLLAR_VOLUME,Braemar Hotels & Resorts Inc. Common Stock,NYSE
MSB,20.62,30192.0,694345.0,552338.0,4.33,-11.08,3.19,False,SHARE_VOLUME|AVG_DOLLAR_VOLUME|MEDIAN_DOLLAR_VOLUME,Mesabi Trust Common Stock,NYSE
LAKE,10.36,63229.0,693289.0,550488.0,4.89,-12.57,4.56,False,SHARE_VOLUME|AVG_DOLLAR_VOLUME|MEDIAN_DOLLAR_VOLUME,"Lakeland Industries, Inc. - Common Stock",NASDAQ
BLUW,10.36,66695.0,691958.0,12444.0,0.04,0.05,0.19,False,SHARE_VOLUME|AVG_DOLLAR_VOLUME|MEDIAN_DOLLAR_VOLUME|LOW_DAILY_RANGE,Blue Water Acquisition Corp. III - Class A Ordinary Shares,NASDAQ
NAMM,1.26,485222.0,690061.0,574985.0,6.08,-4.17,12.88,False,PRICE|SHARE_VOLUME|AVG_DOLLAR_VOLUME|MEDIAN_DOLLAR_VOLUME,Namib Minerals - Ordinary Shares,NASDAQ
HAVA,10.22,67530.0,688706.0,12775.0,0.02,0.39,0.3,False,SHARE_VOLUME|AVG_DOLLAR_VOLUME|MEDIAN_DOLLAR_VOLUME|LOW_DAILY_RANGE,Harvard Ave Acquisition Corporation - Class A Ordinary Share,NASDAQ
ZONE,0.14,4580122.0,683535.0,654040.0,8.04,-12.62,22.55,False,PRICE|AVG_DOLLAR_VOLUME|MEDIAN_DOLLAR_VOLUME,Zone Frontier Inc. Class B Common Stock,NYSE American
HOLO,1.54,388496.0,683523.0,501250.0,5.4,-4.35,8.7,False,PRICE|SHARE_VOLUME|AVG_DOLLAR_VOLUME|MEDIAN_DOLLAR_VOLUME,MicroCloud Hologram Inc. - Ordinary Shares,NASDAQ
NRXS,7.03,106523.0,678792.0,380995.0,4.82,12.3,23.33,False,SHARE_VOLUME|AVG_DOLLAR_VOLUME|MEDIAN_DOLLAR_VOLUME,"Neuraxis, Inc. Common Stock",NYSE American
EVI,16.82,45724.0,676988.0,566572.0,6.38,7.2,9.96,False,SHARE_VOLUME|AVG_DOLLAR_VOLUME|MEDIAN_DOLLAR_VOLUME,"EVI Industries, Inc.  Common Stock",NYSE American
DAAQ,10.45,64820.0,676553.0,29242.0,0.17,0.38,43.53,False,SHARE_VOLUME|AVG_DOLLAR_VOLUME|MEDIAN_DOLLAR_VOLUME|LOW_DAILY_RANGE,Digital Asset Acquisition Corp. - Class A Ordinary shares,NASDAQ
STEX,0.61,930817.0,676366.0,579975.0,9.1,-21.11,20.09,False,PRICE|SHARE_VOLUME|AVG_DOLLAR_VOLUME|MEDIAN_DOLLAR_VOLUME,Streamex Corp. - Common Stock,NASDAQ
SBMT,7.58,79302.0,674510.0,460058.0,5.27,-2.82,11.03,False,SHARE_VOLUME|AVG_DOLLAR_VOLUME|MEDIAN_DOLLAR_VOLUME,Silver Bow Mining Corp. Common Shares,NYSE American
FRTT,0.91,690664.0,672954.0,141921.0,6.6,-8.6,31.63,False,PRICE|SHARE_VOLUME|AVG_DOLLAR_VOLUME|MEDIAN_DOLLAR_VOLUME,Fort Technology Inc. - Common Shares,NASDAQ
VRXA,1.54,406814.0,668139.0,349860.0,11.51,-13.97,15.03,False,PRICE|SHARE_VOLUME|AVG_DOLLAR_VOLUME|MEDIAN_DOLLAR_VOLUME,Veraxa Biotech AG - Ordinary Shares,NASDAQ
ACCL,2.89,219376.0,667175.0,24481.0,6.3,0.35,16.1,False,PRICE|SHARE_VOLUME|AVG_DOLLAR_VOLUME|MEDIAN_DOLLAR_VOLUME,Acco Group Holdings Limited - Class A Ordinary Shares,NASDAQ
CING,5.18,124307.0,665386.0,561465.0,5.48,-0.48,5.74,False,SHARE_VOLUME|AVG_DOLLAR_VOLUME|MEDIAN_DOLLAR_VOLUME,Cingulate Inc. - Common Stock,NASDAQ
EVN,10.16,63143.0,665080.0,593009.0,1.21,-5.02,1.21,False,SHARE_VOLUME|AVG_DOLLAR_VOLUME|MEDIAN_DOLLAR_VOLUME|LOW_DAILY_RANGE,Eaton Vance Municipal Income Trust Common Stock,NYSE
GETY,0.23,2589105.0,664623.0,646417.0,8.16,-14.02,8.86,False,PRICE|AVG_DOLLAR_VOLUME|MEDIAN_DOLLAR_VOLUME,"Getty Images Holdings, Inc. Class A Common Stock",NYSE
ADAG,3.17,187584.0,662024.0,575501.0,7.1,-21.73,16.21,False,PRICE|SHARE_VOLUME|AVG_DOLLAR_VOLUME|MEDIAN_DOLLAR_VOLUME,"Adagene Inc. - ADS, each representing 1.25 ordinary shares",NASDAQ
TLSA,0.83,640132.0,660203.0,498317.0,8.55,-25.69,9.62,False,PRICE|SHARE_VOLUME|AVG_DOLLAR_VOLUME|MEDIAN_DOLLAR_VOLUME,Tiziana Life Sciences Ltd - Common Shares,NASDAQ
OYSE,10.38,63515.0,659569.0,3114.0,0.02,0.29,0.29,False,SHARE_VOLUME|AVG_DOLLAR_VOLUME|MEDIAN_DOLLAR_VOLUME|LOW_DAILY_RANGE,Oyster Enterprises II Acquisition Corp - Class A Ordinary Shares,NASDAQ
MAIA,1.41,484864.0,657978.0,504226.0,4.9,2.74,6.92,False,PRICE|SHARE_VOLUME|AVG_DOLLAR_VOLUME|MEDIAN_DOLLAR_VOLUME,"MAIA Biotechnology, Inc. Common Stock",NYSE American
CULP,3.68,178636.0,656111.0,69900.0,4.71,9.52,9.74,False,PRICE|SHARE_VOLUME|AVG_DOLLAR_VOLUME|MEDIAN_DOLLAR_VOLUME,"Culp, Inc. - Common Shares",NASDAQ
PLCE,1.94,277902.0,655656.0,527598.0,8.49,-13.39,10.71,False,PRICE|SHARE_VOLUME|AVG_DOLLAR_VOLUME|MEDIAN_DOLLAR_VOLUME,"Children's Place, Inc. (The) - Common Stock",NASDAQ
CVV,4.57,114606.0,655367.0,444090.0,6.36,-39.79,7.59,False,PRICE|SHARE_VOLUME|AVG_DOLLAR_VOLUME|MEDIAN_DOLLAR_VOLUME,CVD Equipment Corporation - Common Stock,NASDAQ
COSM,0.28,2726957.0,654718.0,544101.0,9.67,35.17,18.75,False,PRICE|AVG_DOLLAR_VOLUME|MEDIAN_DOLLAR_VOLUME,Cosmos Health Inc. - Common Stock,NASDAQ
CAQ,9.99,64945.0,649060.0,26990.0,0.07,0.0,0.3,False,SHARE_VOLUME|AVG_DOLLAR_VOLUME|MEDIAN_DOLLAR_VOLUME|LOW_DAILY_RANGE,Cambridge Acquisition Corp. - Class A Ordinary Shares,NASDAQ
FRMM,4.38,120430.0,647666.0,508977.0,6.4,-19.78,10.04,False,PRICE|SHARE_VOLUME|AVG_DOLLAR_VOLUME|MEDIAN_DOLLAR_VOLUME,"Forum Markets, Incorporated - Common Stock",NASDAQ
FTCI,2.05,278366.0,646911.0,428760.0,8.38,-5.96,15.08,False,PRICE|SHARE_VOLUME|AVG_DOLLAR_VOLUME|MEDIAN_DOLLAR_VOLUME,"FTC Solar, Inc. - Common Stock",NASDAQ
ATLX,2.92,201484.0,646562.0,547348.0,4.67,-2.82,5.98,False,PRICE|SHARE_VOLUME|AVG_DOLLAR_VOLUME|MEDIAN_DOLLAR_VOLUME,Atlas Lithium Corporation - Common Stock,NASDAQ
FPH,5.12,126855.0,645472.0,625251.0,1.66,0.69,1.49,False,SHARE_VOLUME|AVG_DOLLAR_VOLUME|MEDIAN_DOLLAR_VOLUME|LOW_DAILY_RANGE,"Five Point Holdings, LLC Class A Common Shares",NYSE
HOFT,13.53,48779.0,644339.0,571812.0,4.61,-7.13,8.65,False,SHARE_VOLUME|AVG_DOLLAR_VOLUME|MEDIAN_DOLLAR_VOLUME,Hooker Furnishings Corporation - Common Stock,NASDAQ
DTW,19.26,33214.0,644173.0,557358.0,1.87,-0.04,2.27,False,SHARE_VOLUME|AVG_DOLLAR_VOLUME|MEDIAN_DOLLAR_VOLUME|LOW_DAILY_RANGE,DTE Energy Company 2017 Series E 5.25% Junior Subordinated Debentures due 2077,NYSE
ALCO,39.94,16046.0,643048.0,646695.0,1.8,1.27,5.99,False,SHARE_VOLUME|AVG_DOLLAR_VOLUME|MEDIAN_DOLLAR_VOLUME|LOW_DAILY_RANGE,"Alico, Inc. - Common Stock",NASDAQ
VKI,8.45,74279.0,642118.0,607798.0,1.0,-4.48,1.48,False,SHARE_VOLUME|AVG_DOLLAR_VOLUME|MEDIAN_DOLLAR_VOLUME|LOW_DAILY_RANGE,Invesco Advantage Municipal Income Trust II Common Shares of Beneficial Interest (DE),NYSE American
BLNK,0.54,1145416.0,639590.0,554893.0,5.04,-3.29,14.45,False,PRICE|AVG_DOLLAR_VOLUME|MEDIAN_DOLLAR_VOLUME,Blink Charging Co. - Common Stock,NASDAQ
OPBK,15.53,41692.0,636745.0,561682.0,1.79,-0.13,1.2,False,SHARE_VOLUME|AVG_DOLLAR_VOLUME|MEDIAN_DOLLAR_VOLUME|LOW_DAILY_RANGE,OP Bancorp - Common Stock,NASDAQ
SHIM,3.38,168458.0,636604.0,402494.0,6.71,-8.65,7.58,False,PRICE|SHARE_VOLUME|AVG_DOLLAR_VOLUME|MEDIAN_DOLLAR_VOLUME,Shimmick Corporation - Common Stock,NASDAQ
NXTC,6.45,94128.0,636260.0,569542.0,11.25,-3.05,21.4,False,SHARE_VOLUME|AVG_DOLLAR_VOLUME|MEDIAN_DOLLAR_VOLUME,"NextCure, Inc. - Common Stock",NASDAQ
GIBO,33.09,19171.0,636053.0,143865.0,5.83,8.85,7.5,False,SHARE_VOLUME|AVG_DOLLAR_VOLUME|MEDIAN_DOLLAR_VOLUME,GIBO Holdings Limited - Class A Ordinary Shares,NASDAQ
DNMX,10.06,62925.0,633296.0,264967.0,0.05,0.2,0.2,False,SHARE_VOLUME|AVG_DOLLAR_VOLUME|MEDIAN_DOLLAR_VOLUME|LOW_DAILY_RANGE,Dynamix Corporation III - Class A Ordinary Shares,NASDAQ
IMDX,3.81,153159.0,630859.0,488626.0,6.59,-10.98,16.44,False,PRICE|SHARE_VOLUME|AVG_DOLLAR_VOLUME|MEDIAN_DOLLAR_VOLUME,Insight Molecular Diagnostics Inc. - Common Stock,NASDAQ
CBAT,0.98,659633.0,630138.0,484860.0,8.27,40.0,20.0,False,PRICE|SHARE_VOLUME|AVG_DOLLAR_VOLUME|MEDIAN_DOLLAR_VOLUME,CBAK Energy Technology Limited - Ordinary Shares,NASDAQ
DMII,10.16,61959.0,628676.0,157551.0,0.17,0.4,0.2,False,SHARE_VOLUME|AVG_DOLLAR_VOLUME|MEDIAN_DOLLAR_VOLUME|LOW_DAILY_RANGE,Drugs Made In America Acquisition II Corp. - Ordinary Shares,NASDAQ
LUCK,5.5,103310.0,628580.0,415721.0,5.43,-15.86,4.41,False,SHARE_VOLUME|AVG_DOLLAR_VOLUME|MEDIAN_DOLLAR_VOLUME,Lucky Strike Entertainment Corporation Class A Common Stock,NYSE
BANL,5.69,57977.0,624002.0,505415.0,17.17,-57.69,55.92,False,SHARE_VOLUME|AVG_DOLLAR_VOLUME|MEDIAN_DOLLAR_VOLUME,CBL International Limited - Class B Ordinary Shares,NASDAQ
JYNT,8.52,75294.0,623830.0,582843.0,2.73,-0.23,5.73,False,SHARE_VOLUME|AVG_DOLLAR_VOLUME|MEDIAN_DOLLAR_VOLUME,The Joint Corp. - Common Stock,NASDAQ
CCII,10.31,60382.0,623572.0,138768.0,0.06,-0.19,0.29,False,SHARE_VOLUME|AVG_DOLLAR_VOLUME|MEDIAN_DOLLAR_VOLUME|LOW_DAILY_RANGE,Cohen Circle Acquisition Corp. II - Class A Ordinary Shares,NASDAQ
CRAQ,10.38,59900.0,621632.0,3108.0,0.1,0.29,0.39,False,SHARE_VOLUME|AVG_DOLLAR_VOLUME|MEDIAN_DOLLAR_VOLUME|LOW_DAILY_RANGE,Cal Redwood Acquisition Corp. - Class A Ordinary Shares,NASDAQ
GANX,1.72,339207.0,619832.0,623596.0,4.46,-15.27,16.38,False,PRICE|SHARE_VOLUME|AVG_DOLLAR_VOLUME|MEDIAN_DOLLAR_VOLUME,"Gain Therapeutics, Inc. - Common Stock",NASDAQ
RYET,0.77,648017.0,619539.0,33536.0,7.97,-25.24,6.27,False,PRICE|SHARE_VOLUME|AVG_DOLLAR_VOLUME|MEDIAN_DOLLAR_VOLUME,Ruanyun Edai Technology Inc. - Ordinary shares,NASDAQ
FXAC,10.08,60770.0,612535.0,21135.0,0.07,0.3,0.3,False,SHARE_VOLUME|AVG_DOLLAR_VOLUME|MEDIAN_DOLLAR_VOLUME|LOW_DAILY_RANGE,FortuneX Acquisition Corporation - Ordinary shares,NASDAQ
HURC,22.91,27337.0,612009.0,486004.0,4.1,2.16,7.14,False,SHARE_VOLUME|AVG_DOLLAR_VOLUME|MEDIAN_DOLLAR_VOLUME,"Hurco Companies, Inc. - Common Stock",NASDAQ
CRAN,10.12,60290.0,610981.0,0.0,0.53,-0.2,0.05,False,SHARE_VOLUME|AVG_DOLLAR_VOLUME|MEDIAN_DOLLAR_VOLUME|LOW_DAILY_RANGE,Crane Harbor Acquisition Corp. II - Class A Ordinary Shares,NASDAQ
GRO,2.38,245972.0,609812.0,495148.0,5.88,12.26,10.18,False,PRICE|SHARE_VOLUME|AVG_DOLLAR_VOLUME|MEDIAN_DOLLAR_VOLUME,Brazil Potash Corp. Common Shares,NYSE American
ALDF,10.82,56420.0,609280.0,2157.0,0.01,0.46,0.47,False,SHARE_VOLUME|AVG_DOLLAR_VOLUME|MEDIAN_DOLLAR_VOLUME|LOW_DAILY_RANGE,Aldel Financial II Inc. - Class A Ordinary Shares,NASDAQ
QNBC,44.75,13733.0,609077.0,483795.0,1.07,3.77,1.54,False,SHARE_VOLUME|AVG_DOLLAR_VOLUME|MEDIAN_DOLLAR_VOLUME|LOW_DAILY_RANGE,QNB Corp. - Common Stock,NASDAQ
FNGO,148.5,4079.0,609050.0,373367.0,1.22,2.58,3.93,False,SHARE_VOLUME|AVG_DOLLAR_VOLUME|MEDIAN_DOLLAR_VOLUME|LOW_DAILY_RANGE,"MicroSectors FANG  Index 2X Leveraged ETNs due January 8, 2038",NYSE Arca
CATO,2.4,215307.0,608639.0,239668.0,4.49,-32.01,7.95,False,PRICE|SHARE_VOLUME|AVG_DOLLAR_VOLUME|MEDIAN_DOLLAR_VOLUME,Cato Corporation (The) Class A Common Stock,NYSE
FUSB,16.5,36988.0,608624.0,63116.0,1.34,-0.89,3.66,False,SHARE_VOLUME|AVG_DOLLAR_VOLUME|MEDIAN_DOLLAR_VOLUME|LOW_DAILY_RANGE,"First US Bancshares, Inc. - Common Stock",NASDAQ
OIA,5.7,102842.0,608238.0,578049.0,1.24,-5.4,1.5,False,SHARE_VOLUME|AVG_DOLLAR_VOLUME|MEDIAN_DOLLAR_VOLUME|LOW_DAILY_RANGE,Invesco Municipal Income Opportunities Trust Common Stock,NYSE
WWR,0.53,1044037.0,606116.0,449261.0,5.46,-6.07,87.8,False,PRICE|AVG_DOLLAR_VOLUME|MEDIAN_DOLLAR_VOLUME,"Westwater Resources, Inc. Common Stock",NYSE American
CMT,23.8,24528.0,603955.0,603520.0,3.55,-8.71,8.35,False,SHARE_VOLUME|AVG_DOLLAR_VOLUME|MEDIAN_DOLLAR_VOLUME,Core Molding Technologies Inc Common Stock,NYSE American
AVAT,0.89,823136.0,602091.0,539881.0,14.02,129.79,14.46,False,PRICE|SHARE_VOLUME|AVG_DOLLAR_VOLUME|MEDIAN_DOLLAR_VOLUME,Avalanche Treasury Corporation - Class A Common Stock,NASDAQ
OGI,1.07,510555.0,598169.0,508473.0,3.81,-11.57,17.14,False,PRICE|SHARE_VOLUME|AVG_DOLLAR_VOLUME|MEDIAN_DOLLAR_VOLUME,Organigram Global Inc. - Common Shares,NASDAQ
MXCT,1.2,463365.0,595914.0,544291.0,4.74,-5.91,9.45,False,PRICE|SHARE_VOLUME|AVG_DOLLAR_VOLUME|MEDIAN_DOLLAR_VOLUME,"MaxCyte, Inc. - Common Stock",NASDAQ
LFCR,4.19,135808.0,595706.0,526915.0,5.19,-4.34,9.01,False,PRICE|SHARE_VOLUME|AVG_DOLLAR_VOLUME|MEDIAN_DOLLAR_VOLUME,"Lifecore Biomedical, Inc. - Common Stock",NASDAQ
SKYA,1.3,442093.0,595694.0,338314.0,10.21,31.85,28.8,False,PRICE|SHARE_VOLUME|AVG_DOLLAR_VOLUME|MEDIAN_DOLLAR_VOLUME,"SkyAI, Inc. - Common Stock",NASDAQ
ESCA,19.81,29338.0,595084.0,586247.0,2.64,-2.56,2.81,False,SHARE_VOLUME|AVG_DOLLAR_VOLUME|MEDIAN_DOLLAR_VOLUME,"Escalade, Incorporated - Common Stock",NASDAQ
ALTI,3.16,176355.0,594926.0,330841.0,5.34,-18.97,24.19,False,PRICE|SHARE_VOLUME|AVG_DOLLAR_VOLUME|MEDIAN_DOLLAR_VOLUME,"AlTi Global, Inc. - Class A Common Stock",NASDAQ
AXIN,10.34,57471.0,593824.0,317131.0,0.17,0.49,0.19,False,SHARE_VOLUME|AVG_DOLLAR_VOLUME|MEDIAN_DOLLAR_VOLUME|LOW_DAILY_RANGE,Axiom Intelligence Acquisition Corp 1 - Class A Ordinary Shares,NASDAQ
QNCX,27.32,19026.0,591496.0,514070.0,7.36,-16.99,6.79,False,SHARE_VOLUME|AVG_DOLLAR_VOLUME|MEDIAN_DOLLAR_VOLUME,"Quince Therapeutics, Inc. - Common Stock",NASDAQ
CIRC,0.46,959897.0,591457.0,247554.0,11.73,-29.86,15.93,False,PRICE|SHARE_VOLUME|AVG_DOLLAR_VOLUME|MEDIAN_DOLLAR_VOLUME,"Circle8 Group, Inc. - Common Stock",NASDAQ
PYPD,5.15,114078.0,590825.0,565765.0,4.49,8.88,5.92,False,SHARE_VOLUME|AVG_DOLLAR_VOLUME|MEDIAN_DOLLAR_VOLUME,PolyPid Ltd. - Ordinary Shares,NASDAQ
EOT,15.85,35468.0,590221.0,500188.0,1.77,-9.02,0.57,False,SHARE_VOLUME|AVG_DOLLAR_VOLUME|MEDIAN_DOLLAR_VOLUME|LOW_DAILY_RANGE,Eaton Vance Municipal Income Trust EATON VANCE NATIONAL MUNICIPAL OPPORTUNITIES TRUST,NYSE
SPAI,4.46,118291.0,590183.0,395570.0,7.25,-19.07,37.72,False,PRICE|SHARE_VOLUME|AVG_DOLLAR_VOLUME|MEDIAN_DOLLAR_VOLUME,Safe Pro Group Inc. - Common Stock,NASDAQ
BAFN,8.9,76514.0,590132.0,544525.0,9.26,34.85,11.03,False,SHARE_VOLUME|AVG_DOLLAR_VOLUME|MEDIAN_DOLLAR_VOLUME,BayFirst Financial Corp. - Common Stock,NASDAQ
SOUL,10.47,56177.0,587307.0,25114.0,0.05,0.48,0.38,False,SHARE_VOLUME|AVG_DOLLAR_VOLUME|MEDIAN_DOLLAR_VOLUME|LOW_DAILY_RANGE,Soulpower Acquisition Corporation Class A Ordinary Shares,NYSE
PMO,9.64,58290.0,586296.0,537696.0,1.1,-7.17,1.63,False,SHARE_VOLUME|AVG_DOLLAR_VOLUME|MEDIAN_DOLLAR_VOLUME|LOW_DAILY_RANGE,Franklin Municipal Opportunities Trust Shares of Beneficial Interest,NYSE
BNT,37.6,14673.0,584401.0,438033.0,1.53,-10.67,1.39,False,SHARE_VOLUME|AVG_DOLLAR_VOLUME|MEDIAN_DOLLAR_VOLUME|LOW_DAILY_RANGE,Brookfield Wealth Solutions Ltd. Class A Exchangeable Limited Voting Shares,NYSE
KRMD,3.22,180881.0,582281.0,569730.0,3.11,-3.3,2.26,False,PRICE|SHARE_VOLUME|AVG_DOLLAR_VOLUME|MEDIAN_DOLLAR_VOLUME,"KORU Medical Systems, Inc. - Common Stock",NASDAQ
VERU,2.36,223449.0,579842.0,461050.0,4.87,-8.84,18.88,False,PRICE|SHARE_VOLUME|AVG_DOLLAR_VOLUME|MEDIAN_DOLLAR_VOLUME,Veru Inc. - Common Stock,NASDAQ
CRNT,2.05,280103.0,579472.0,589990.0,2.8,-2.85,3.79,False,PRICE|SHARE_VOLUME|AVG_DOLLAR_VOLUME|MEDIAN_DOLLAR_VOLUME,Ceragon Networks Ltd. - Ordinary Shares,NASDAQ
HRTX,0.32,1807331.0,578816.0,601485.0,6.65,6.43,6.45,False,PRICE|AVG_DOLLAR_VOLUME|MEDIAN_DOLLAR_VOLUME,"Heron Therapeutics, Inc.   - Common Stock",NASDAQ
METCB,5.49,88966.0,575485.0,450776.0,7.55,-10.38,9.64,False,SHARE_VOLUME|AVG_DOLLAR_VOLUME|MEDIAN_DOLLAR_VOLUME,"Ramaco Resources, Inc. - Class B Common Stock",NASDAQ
ETO,30.6,18455.0,575315.0,595606.0,1.02,-2.31,0.99,False,SHARE_VOLUME|AVG_DOLLAR_VOLUME|MEDIAN_DOLLAR_VOLUME|LOW_DAILY_RANGE,Eaton Vance Tax-Advantage Global Dividend Opp Common Stock,NYSE
SDA,0.51,956100.0,574346.0,98362.0,13.03,-28.72,21.7,False,PRICE|SHARE_VOLUME|AVG_DOLLAR_VOLUME|MEDIAN_DOLLAR_VOLUME,SunCar Technology Group Inc. - Ordinary Shares,NASDAQ
KUST,0.59,627931.0,573065.0,127238.0,7.61,-44.69,22.02,False,PRICE|SHARE_VOLUME|AVG_DOLLAR_VOLUME|MEDIAN_DOLLAR_VOLUME,"Kustom Entertainment, Inc. - Common Stock",NASDAQ
ACRV,1.77,271641.0,572798.0,444167.0,6.36,-13.41,16.59,False,PRICE|SHARE_VOLUME|AVG_DOLLAR_VOLUME|MEDIAN_DOLLAR_VOLUME,"Acrivon Therapeutics, Inc. - Common Stock",NASDAQ
SSAC,10.1,56589.0,570993.0,407735.0,0.17,0.3,0.2,False,SHARE_VOLUME|AVG_DOLLAR_VOLUME|MEDIAN_DOLLAR_VOLUME|LOW_DAILY_RANGE,SPACSphere Acquisition Corp. - Class A Ordinary Shares,NASDAQ
TAOX,3.67,146338.0,570098.0,451068.0,8.56,13.98,8.88,False,PRICE|SHARE_VOLUME|AVG_DOLLAR_VOLUME|MEDIAN_DOLLAR_VOLUME,Tao Synergies Inc. - Common Stock,NASDAQ
SJT,3.06,195858.0,570068.0,614013.0,6.53,9.29,7.41,False,PRICE|SHARE_VOLUME|AVG_DOLLAR_VOLUME|MEDIAN_DOLLAR_VOLUME,San Juan Basin Royalty Trust Common Stock,NYSE
BRT,14.03,39400.0,568811.0,536828.0,2.16,-2.7,1.99,False,SHARE_VOLUME|AVG_DOLLAR_VOLUME|MEDIAN_DOLLAR_VOLUME,BRT Apartments Corp. (MD) Common Stock,NYSE
ETS,2.16,452879.0,567836.0,31662.0,13.7,94.59,34.94,False,PRICE|SHARE_VOLUME|AVG_DOLLAR_VOLUME|MEDIAN_DOLLAR_VOLUME,Elite Express Holding Inc. - Class A Common Stock,NASDAQ
YYAI,0.71,571665.0,567282.0,318167.0,10.04,-52.45,22.95,False,PRICE|SHARE_VOLUME|AVG_DOLLAR_VOLUME|MEDIAN_DOLLAR_VOLUME,AiRWA Inc. - Common Stock,NASDAQ
RIME,0.19,2070414.0,565993.0,262356.0,13.29,-39.69,9.76,False,PRICE|AVG_DOLLAR_VOLUME|MEDIAN_DOLLAR_VOLUME,"Algorhythm Holdings, Inc. - Common Stock",NASDAQ
AXG,2.05,250404.0,565548.0,272607.0,6.34,-19.92,7.69,False,PRICE|SHARE_VOLUME|AVG_DOLLAR_VOLUME|MEDIAN_DOLLAR_VOLUME,Solowin Holdings - Class A Ordinary Share,NASDAQ
RIBB,7.75,52518.0,563525.0,35846.0,7.84,-28.37,25.71,False,SHARE_VOLUME|AVG_DOLLAR_VOLUME|MEDIAN_DOLLAR_VOLUME,Ribbon Acquisition Corp - Class A Ordinary Shares,NASDAQ
NXGL,0.25,1509046.0,559927.0,57228.0,9.46,-35.12,18.98,False,PRICE|AVG_DOLLAR_VOLUME|MEDIAN_DOLLAR_VOLUME,"NexGel, Inc - Common Stock",NASDAQ
OKUR,2.88,155649.0,558708.0,449183.0,7.33,-31.59,3.01,False,PRICE|SHARE_VOLUME|AVG_DOLLAR_VOLUME|MEDIAN_DOLLAR_VOLUME,"OnKure Therapeutics, Inc. - Class A Common Stock",NASDAQ
CXII,10.7,51815.0,557756.0,29594.0,0.73,-0.56,0.84,False,SHARE_VOLUME|AVG_DOLLAR_VOLUME|MEDIAN_DOLLAR_VOLUME|LOW_DAILY_RANGE,Churchill Capital Corp XII - Class A Ordinary Shares,NASDAQ
BVC,14.45,38978.0,556274.0,266457.0,11.26,-4.18,16.85,False,SHARE_VOLUME|AVG_DOLLAR_VOLUME|MEDIAN_DOLLAR_VOLUME,BitVentures Limited - Ordinary Share,NASDAQ
PMTR,10.41,53364.0,555774.0,167095.0,0.1,-0.19,0.38,False,SHARE_VOLUME|AVG_DOLLAR_VOLUME|MEDIAN_DOLLAR_VOLUME|LOW_DAILY_RANGE,Perimeter Acquisition Corp. I - Class A Ordinary Shares,NASDAQ
FBLG,1.49,326504.0,553408.0,302447.0,11.69,30.69,22.67,False,PRICE|SHARE_VOLUME|AVG_DOLLAR_VOLUME|MEDIAN_DOLLAR_VOLUME,"FibroBiologics, Inc. - Common Stock",NASDAQ
BOOM,6.38,81512.0,552235.0,498150.0,4.55,-9.89,5.43,False,SHARE_VOLUME|AVG_DOLLAR_VOLUME|MEDIAN_DOLLAR_VOLUME,DMC Global Inc. - Common Stock,NASDAQ
PMN,12.57,39794.0,550672.0,470876.0,8.05,-16.09,14.68,False,SHARE_VOLUME|AVG_DOLLAR_VOLUME|MEDIAN_DOLLAR_VOLUME,ProMIS Neurosciences Inc. - Common Shares,NASDAQ
ONFO,0.81,352094.0,549982.0,227619.0,8.68,-62.49,12.12,False,PRICE|SHARE_VOLUME|AVG_DOLLAR_VOLUME|MEDIAN_DOLLAR_VOLUME,Onfolio Holdings Inc. - Common Stock,NASDAQ
NMG,1.35,386574.0,548185.0,507676.0,3.89,-1.82,8.7,False,PRICE|SHARE_VOLUME|AVG_DOLLAR_VOLUME|MEDIAN_DOLLAR_VOLUME,Nouveau Monde Graphite Inc. Common Shares,NYSE
DTSS,0.64,853170.0,546823.0,8801.0,8.42,-15.46,6.06,False,PRICE|SHARE_VOLUME|AVG_DOLLAR_VOLUME|MEDIAN_DOLLAR_VOLUME,Datasea Intelligent Technology Ltd. - Class A Ordinary Shares,NASDAQ
AMCI,3.18,127039.0,545031.0,238190.0,10.58,-40.66,32.65,False,PRICE|SHARE_VOLUME|AVG_DOLLAR_VOLUME|MEDIAN_DOLLAR_VOLUME,AMC Robotics Corporation - Common Stock,NASDAQ
SOR,45.71,11664.0,542102.0,384428.0,1.57,-1.97,1.14,False,SHARE_VOLUME|AVG_DOLLAR_VOLUME|MEDIAN_DOLLAR_VOLUME|LOW_DAILY_RANGE,"Source Capital, Inc. Cmn Shs of BI",NYSE
HWBK,39.21,13841.0,541815.0,539882.0,2.31,-0.87,1.36,False,SHARE_VOLUME|AVG_DOLLAR_VOLUME|MEDIAN_DOLLAR_VOLUME,"Hawthorn Bancshares, Inc. - Common Stock",NASDAQ
ACNT,15.04,35633.0,539774.0,518816.0,2.18,-0.53,2.45,False,SHARE_VOLUME|AVG_DOLLAR_VOLUME|MEDIAN_DOLLAR_VOLUME,Ascent Industries Co. - Common Stock,NASDAQ
TLSI,4.89,107480.0,536556.0,449549.0,6.05,-9.44,15.2,False,PRICE|SHARE_VOLUME|AVG_DOLLAR_VOLUME|MEDIAN_DOLLAR_VOLUME,"TriSalus Life Sciences, Inc. - Common Stock",NASDAQ
IACO,9.99,53616.0,535399.0,31968.0,0.04,0.1,0.2,False,SHARE_VOLUME|AVG_DOLLAR_VOLUME|MEDIAN_DOLLAR_VOLUME|LOW_DAILY_RANGE,Idea Acquisition Corp. - Class A Ordinary Shares,NASDAQ
CLIK,1.26,424101.0,533447.0,37166.0,7.59,-5.26,8.7,False,PRICE|SHARE_VOLUME|AVG_DOLLAR_VOLUME|MEDIAN_DOLLAR_VOLUME,Click Holdings Limited - Ordinary Share,NASDAQ
SAAQ,10.09,52810.0,533415.0,102181.0,0.07,-0.2,0.4,False,SHARE_VOLUME|AVG_DOLLAR_VOLUME|MEDIAN_DOLLAR_VOLUME|LOW_DAILY_RANGE,Space Asset Acquisition Corp. - Class A Ordinary Shares,NASDAQ
AP,8.13,62214.0,532173.0,535498.0,4.7,-9.36,13.03,False,SHARE_VOLUME|AVG_DOLLAR_VOLUME|MEDIAN_DOLLAR_VOLUME,Ampco-Pittsburgh Corporation Common Stock,NYSE
CRVO,2.44,204907.0,531078.0,431320.0,4.3,-6.51,8.04,False,PRICE|SHARE_VOLUME|AVG_DOLLAR_VOLUME|MEDIAN_DOLLAR_VOLUME,CervoMed Inc. - Common Stock,NASDAQ
AVD,2.21,234315.0,530689.0,435539.0,5.39,1.84,8.29,False,PRICE|SHARE_VOLUME|AVG_DOLLAR_VOLUME|MEDIAN_DOLLAR_VOLUME,American Vanguard Corporation Common Stock ($0.10 Par Value),NYSE
ONCO,0.66,596653.0,528975.0,140256.0,9.71,-12.25,38.02,False,PRICE|SHARE_VOLUME|AVG_DOLLAR_VOLUME|MEDIAN_DOLLAR_VOLUME,"Onconetix, Inc.  - Common Stock",NASDAQ
VII,9.82,53766.0,528682.0,123088.0,0.17,-0.2,0.41,False,SHARE_VOLUME|AVG_DOLLAR_VOLUME|MEDIAN_DOLLAR_VOLUME|LOW_DAILY_RANGE,Viking Acquisition Corp. II Class A Ordinary Shares,NYSE
RSVR,9.32,56264.0,528510.0,371216.0,3.42,-3.77,7.37,False,SHARE_VOLUME|AVG_DOLLAR_VOLUME|MEDIAN_DOLLAR_VOLUME,"Reservoir Media, Inc.. - Common Stock",NASDAQ
DTG,16.03,33357.0,527109.0,471666.0,1.88,0.69,1.3,False,SHARE_VOLUME|AVG_DOLLAR_VOLUME|MEDIAN_DOLLAR_VOLUME|LOW_DAILY_RANGE,DTE Energy Company 2021 Series E 4.375% Junior Subordinated Debentures,NYSE
PHOE,19.9,24855.0,526813.0,127042.0,7.39,-14.59,18.09,False,SHARE_VOLUME|AVG_DOLLAR_VOLUME|MEDIAN_DOLLAR_VOLUME,Phoenix Asia Holdings Limited - Ordinary Shares,NASDAQ
GNT,9.06,57665.0,526194.0,398280.0,1.43,3.31,2.27,False,SHARE_VOLUME|AVG_DOLLAR_VOLUME|MEDIAN_DOLLAR_VOLUME|LOW_DAILY_RANGE,"GAMCO Natural Resources, Gold & Income Trust",NYSE
VRCA,4.63,101867.0,525043.0,276183.0,7.26,-1.07,12.23,False,PRICE|SHARE_VOLUME|AVG_DOLLAR_VOLUME|MEDIAN_DOLLAR_VOLUME,Verrica Pharmaceuticals Inc. - Common Stock,NASDAQ
LEGO,9.99,52551.0,524770.0,25449.0,0.07,0.0,0.1,False,SHARE_VOLUME|AVG_DOLLAR_VOLUME|MEDIAN_DOLLAR_VOLUME|LOW_DAILY_RANGE,Legato Merger Corp. IV Ordinary Shares,NYSE American
FINS,12.29,41508.0,522493.0,465412.0,1.15,-2.29,0.88,False,SHARE_VOLUME|AVG_DOLLAR_VOLUME|MEDIAN_DOLLAR_VOLUME|LOW_DAILY_RANGE,Angel Oak Financial Strategies Income Term Trust Common Shares of Beneficial Interest,NYSE
AEXA,11.29,45661.0,522338.0,457384.0,1.93,-2.08,1.48,False,SHARE_VOLUME|AVG_DOLLAR_VOLUME|MEDIAN_DOLLAR_VOLUME|LOW_DAILY_RANGE,American Exceptionalism Acquisition Corp. A Class A Ordinary Shares,NYSE
ACAA,9.99,52295.0,521712.0,0.0,0.02,-0.2,0.3,False,SHARE_VOLUME|AVG_DOLLAR_VOLUME|MEDIAN_DOLLAR_VOLUME|LOW_DAILY_RANGE,Averin Capital Acquisition Corp. - Class A Ordinary Shares,NASDAQ
DMAA,10.81,48317.0,521246.0,147412.0,0.14,0.89,0.28,False,SHARE_VOLUME|AVG_DOLLAR_VOLUME|MEDIAN_DOLLAR_VOLUME|LOW_DAILY_RANGE,Drugs Made In America Acquisition Corp. - Ordinary Shares,NASDAQ
ZVIA,1.34,388954.0,520350.0,436255.0,4.83,2.29,8.53,False,PRICE|SHARE_VOLUME|AVG_DOLLAR_VOLUME|MEDIAN_DOLLAR_VOLUME,Zevia PBC Class A Common Stock,NYSE
LVWR,1.17,416070.0,518634.0,347226.0,9.69,-5.24,11.61,False,PRICE|SHARE_VOLUME|AVG_DOLLAR_VOLUME|MEDIAN_DOLLAR_VOLUME,"LiveWire Group, Inc. Common Stock",NYSE
APRE,0.74,590135.0,518010.0,122774.0,10.97,9.81,25.78,False,PRICE|SHARE_VOLUME|AVG_DOLLAR_VOLUME|MEDIAN_DOLLAR_VOLUME,"Aprea Therapeutics, Inc. - Common Stock",NASDAQ
GLBS,3.88,139649.0,516735.0,466642.0,6.13,8.38,8.55,False,PRICE|SHARE_VOLUME|AVG_DOLLAR_VOLUME|MEDIAN_DOLLAR_VOLUME,Globus Maritime Limited - Common Stock,NASDAQ
BTMD,1.38,335517.0,516135.0,276507.0,8.36,6.15,8.82,False,PRICE|SHARE_VOLUME|AVG_DOLLAR_VOLUME|MEDIAN_DOLLAR_VOLUME,Biote Corp. - Class A common stock,NASDAQ
LCNB,19.44,26859.0,516082.0,548810.0,2.3,-2.65,2.25,False,SHARE_VOLUME|AVG_DOLLAR_VOLUME|MEDIAN_DOLLAR_VOLUME,LCNB Corporation - Common Stock,NASDAQ
ACIU,2.66,185521.0,515553.0,434345.0,5.04,3.5,11.4,False,PRICE|SHARE_VOLUME|AVG_DOLLAR_VOLUME|MEDIAN_DOLLAR_VOLUME,AC Immune SA - Common Stock,NASDAQ
TGEN,2.98,164069.0,514600.0,479066.0,6.08,-14.71,4.91,False,PRICE|SHARE_VOLUME|AVG_DOLLAR_VOLUME|MEDIAN_DOLLAR_VOLUME,Tecogen Inc. Common Stock,NYSE American
MI,2.22,161756.0,513664.0,89010.0,11.41,-67.99,9.09,False,PRICE|SHARE_VOLUME|AVG_DOLLAR_VOLUME|MEDIAN_DOLLAR_VOLUME,NFT Limited Class A Ordinary Share,NYSE American
DGNX,1.4,377824.0,510308.0,461275.0,7.43,12.9,16.24,False,PRICE|SHARE_VOLUME|AVG_DOLLAR_VOLUME|MEDIAN_DOLLAR_VOLUME,Diginex Limited - Ordinary Shares,NASDAQ
HCAC,10.11,50442.0,509121.0,275730.0,0.09,0.3,0.1,False,SHARE_VOLUME|AVG_DOLLAR_VOLUME|MEDIAN_DOLLAR_VOLUME|LOW_DAILY_RANGE,Hall Chadwick Acquisition Corp. - Class A Ordinary Shares,NASDAQ
HSCS,3.64,160828.0,508473.0,413890.0,11.38,70.89,19.48,False,PRICE|SHARE_VOLUME|AVG_DOLLAR_VOLUME|MEDIAN_DOLLAR_VOLUME,HeartSciences Inc. - Common Stock,NASDAQ
AKO-B,29.8,17073.0,505821.0,149218.0,2.32,0.29,3.21,False,SHARE_VOLUME|AVG_DOLLAR_VOLUME|MEDIAN_DOLLAR_VOLUME,Embotelladora Andina S.A. Common Stock,NYSE
TLNC,10.21,49335.0,505680.0,4093.0,0.15,-0.2,0.59,False,SHARE_VOLUME|AVG_DOLLAR_VOLUME|MEDIAN_DOLLAR_VOLUME|LOW_DAILY_RANGE,Talon Capital Corp. - Class A Ordinary Shares,NASDAQ
QNTM,3.56,151315.0,504930.0,409663.0,8.82,6.59,17.65,False,PRICE|SHARE_VOLUME|AVG_DOLLAR_VOLUME|MEDIAN_DOLLAR_VOLUME,Quantum Biopharma Ltd. - Class B Subordinate Voting Shares,NASDAQ
STEM,4.59,94501.0,504387.0,471577.0,5.39,-21.4,14.5,False,PRICE|SHARE_VOLUME|AVG_DOLLAR_VOLUME|MEDIAN_DOLLAR_VOLUME,"Stem, Inc. Class A Common Stock",NYSE
IVF,0.95,472729.0,502351.0,208774.0,6.72,-33.57,57.41,False,PRICE|SHARE_VOLUME|AVG_DOLLAR_VOLUME|MEDIAN_DOLLAR_VOLUME,"INVO Fertility, Inc. - Common Stock",NASDAQ
CIX,37.08,14245.0,500694.0,426090.0,5.35,21.36,7.12,False,SHARE_VOLUME|AVG_DOLLAR_VOLUME|MEDIAN_DOLLAR_VOLUME,CompX International Inc. Common Stock,NYSE American
FT,7.43,65194.0,500546.0,501849.0,0.95,-5.25,0.51,False,SHARE_VOLUME|AVG_DOLLAR_VOLUME|MEDIAN_DOLLAR_VOLUME|LOW_DAILY_RANGE,Franklin Universal Trust Common Stock,NYSE
JXG,8.22,60273.0,500472.0,108255.0,9.17,17.26,16.79,False,SHARE_VOLUME|AVG_DOLLAR_VOLUME|MEDIAN_DOLLAR_VOLUME,JX Luxventure Group Inc. - Common Stock,NASDAQ
SKIL,6.01,87440.0,500012.0,397041.0,10.1,-21.13,17.92,False,SHARE_VOLUME|AVG_DOLLAR_VOLUME|MEDIAN_DOLLAR_VOLUME,Skillsoft Corp. Class A Common Stock,NYSE
ARTL,3.99,85419.0,498578.0,227574.0,11.06,-39.27,9.65,False,PRICE|SHARE_VOLUME|AVG_DOLLAR_VOLUME|MEDIAN_DOLLAR_VOLUME,"Artelo Biosciences, Inc. - Common Stock",NASDAQ
PLBY,1.13,420422.0,497065.0,504885.0,3.4,-4.25,15.25,False,PRICE|SHARE_VOLUME|AVG_DOLLAR_VOLUME|MEDIAN_DOLLAR_VOLUME,"Playboy, Inc. - Common Stock",NASDAQ
CMTL,1.47,307181.0,496914.0,454717.0,4.4,-16.29,4.79,False,PRICE|SHARE_VOLUME|AVG_DOLLAR_VOLUME|MEDIAN_DOLLAR_VOLUME,Comtech Telecommunications Corp. - Common Stock,NASDAQ
HPAI,0.3,1629972.0,494603.0,40641.0,13.45,-34.54,5.97,False,PRICE|AVG_DOLLAR_VOLUME|MEDIAN_DOLLAR_VOLUME,Helport AI Limited - Ordinary Shares,NASDAQ
TTEC,1.23,361341.0,491664.0,384505.0,5.12,-13.73,5.63,False,PRICE|SHARE_VOLUME|AVG_DOLLAR_VOLUME|MEDIAN_DOLLAR_VOLUME,"TTEC Holdings, Inc. - Common Stock",NASDAQ
AGMH,0.71,591635.0,489181.0,22441.0,11.47,-25.65,8.9,False,PRICE|SHARE_VOLUME|AVG_DOLLAR_VOLUME|MEDIAN_DOLLAR_VOLUME,AGM Group Holdings Inc. - Class A Ordinary Shares,NASDAQ
LGVN,7.09,67784.0,488757.0,445537.0,7.65,-9.91,10.81,False,SHARE_VOLUME|AVG_DOLLAR_VOLUME|MEDIAN_DOLLAR_VOLUME,Longeveron Inc. - Class A Common stock,NASDAQ
COYA,4.62,104085.0,488641.0,437896.0,5.23,-6.1,5.94,False,PRICE|SHARE_VOLUME|AVG_DOLLAR_VOLUME|MEDIAN_DOLLAR_VOLUME,"Coya Therapeutics, Inc. - Common Stock",NASDAQ
BARK,8.81,48599.0,487545.0,412839.0,5.35,-12.77,22.49,False,SHARE_VOLUME|AVG_DOLLAR_VOLUME|MEDIAN_DOLLAR_VOLUME,"BARK, Inc. Class A Common Stock",NYSE
DTI,2.51,191836.0,486491.0,378653.0,4.05,0.2,7.46,False,PRICE|SHARE_VOLUME|AVG_DOLLAR_VOLUME|MEDIAN_DOLLAR_VOLUME,Drilling Tools International Corporation  - Common Stock,NASDAQ
PBK,0.28,1210809.0,485446.0,253893.0,7.38,-40.26,5.56,False,PRICE|AVG_DOLLAR_VOLUME|MEDIAN_DOLLAR_VOLUME,PowerBank Corporation - Common Stock,NASDAQ
FGI,9.36,58911.0,484603.0,306968.0,9.17,0.09,147.78,False,SHARE_VOLUME|AVG_DOLLAR_VOLUME|MEDIAN_DOLLAR_VOLUME,FGI Industries Ltd. - Ordinary Shares,NASDAQ
GOAI,2.72,212242.0,483194.0,398108.0,12.77,59.06,15.34,False,PRICE|SHARE_VOLUME|AVG_DOLLAR_VOLUME|MEDIAN_DOLLAR_VOLUME,Eva Live Inc. - Common Stock,NASDAQ
GVH,1.21,398014.0,483018.0,98027.0,6.76,21.0,22.86,False,PRICE|SHARE_VOLUME|AVG_DOLLAR_VOLUME|MEDIAN_DOLLAR_VOLUME,Globavend Holdings Limited - Ord Shares,NASDAQ
STRW,13.95,35159.0,483018.0,412976.0,2.57,0.65,1.91,False,SHARE_VOLUME|AVG_DOLLAR_VOLUME|MEDIAN_DOLLAR_VOLUME,"Strawberry Fields REIT, Inc. Common Stock",NYSE American
JACS,10.79,44867.0,482352.0,1805.0,0.03,0.75,0.37,False,SHARE_VOLUME|AVG_DOLLAR_VOLUME|MEDIAN_DOLLAR_VOLUME|LOW_DAILY_RANGE,Jackson Acquisition Company II Class A Ordinary Shares,NYSE
CLNN,3.98,122061.0,482215.0,446933.0,9.47,-2.69,22.56,False,PRICE|SHARE_VOLUME|AVG_DOLLAR_VOLUME|MEDIAN_DOLLAR_VOLUME,Clene Inc. - Common Stock,NASDAQ
AISP,1.89,232304.0,481685.0,456126.0,4.41,-7.35,7.81,False,PRICE|SHARE_VOLUME|AVG_DOLLAR_VOLUME|MEDIAN_DOLLAR_VOLUME,"Airship AI Holdings, Inc - Class A Common Stock",NASDAQ
PEW,2.11,207186.0,481369.0,463826.0,3.52,-16.27,3.85,False,PRICE|SHARE_VOLUME|AVG_DOLLAR_VOLUME|MEDIAN_DOLLAR_VOLUME,GrabAGun Digital Holdings Inc. Common Stock,NYSE
MTAL,10.16,47253.0,481184.0,2044.0,0.34,-0.78,2.11,False,SHARE_VOLUME|AVG_DOLLAR_VOLUME|MEDIAN_DOLLAR_VOLUME|LOW_DAILY_RANGE,Metals Acquisition Corp. II Class A Ordinary Shares,NYSE
GYRE,6.72,70515.0,480095.0,376838.0,4.18,-3.72,6.52,False,SHARE_VOLUME|AVG_DOLLAR_VOLUME|MEDIAN_DOLLAR_VOLUME,"Gyre Therapeutics, Inc. - Common Stock",NASDAQ
CEPF,10.38,46261.0,479682.0,12943.0,0.39,-0.24,0.48,False,SHARE_VOLUME|AVG_DOLLAR_VOLUME|MEDIAN_DOLLAR_VOLUME|LOW_DAILY_RANGE,"Cantor Equity Partners IV, Inc. - Class A Ordinary Shares",NASDAQ
FNWD,43.48,11036.0,478505.0,406148.0,1.43,-2.27,2.0,False,SHARE_VOLUME|AVG_DOLLAR_VOLUME|MEDIAN_DOLLAR_VOLUME|LOW_DAILY_RANGE,Finward Bancorp - common stock,NASDAQ
AIFC,0.51,819568.0,477557.0,327046.0,8.33,7.49,15.25,False,PRICE|SHARE_VOLUME|AVG_DOLLAR_VOLUME|MEDIAN_DOLLAR_VOLUME,AI Financial Corporation - Common Stock,NASDAQ
LFAC,10.08,47451.0,477299.0,0.0,0.01,0.3,0.2,False,SHARE_VOLUME|AVG_DOLLAR_VOLUME|MEDIAN_DOLLAR_VOLUME|LOW_DAILY_RANGE,Leapfrog Acquisition Corporation - Class A Ordinary Shares,NASDAQ
ZEO,0.25,2045768.0,474747.0,111466.0,21.29,-54.37,12.16,False,PRICE|AVG_DOLLAR_VOLUME|MEDIAN_DOLLAR_VOLUME,Zeo Energy Corporation - Class A Common Stock,NASDAQ
GCGR,10.14,46645.0,474425.0,17280.0,0.06,-0.39,0.79,False,SHARE_VOLUME|AVG_DOLLAR_VOLUME|MEDIAN_DOLLAR_VOLUME|LOW_DAILY_RANGE,General Catalyst Global Resilience Merger Corp. - Class A Ordinary Shares,NASDAQ
FMFC,0.21,2092497.0,472858.0,60307.0,7.95,-6.67,5.71,False,PRICE|AVG_DOLLAR_VOLUME|MEDIAN_DOLLAR_VOLUME,Kandal M Venture Limited - Class A ordinary Shares,NASDAQ
RYOJ,3.65,97510.0,472232.0,150131.0,11.5,-24.74,20.81,False,PRICE|SHARE_VOLUME|AVG_DOLLAR_VOLUME|MEDIAN_DOLLAR_VOLUME,"rYojbaba Co., Ltd. - Common Shares",NASDAQ
UP,3.21,110621.0,470799.0,360021.0,6.22,-33.54,6.0,False,PRICE|SHARE_VOLUME|AVG_DOLLAR_VOLUME|MEDIAN_DOLLAR_VOLUME,Wheels Up Experience Inc. Class A Common Stock,NYSE
RANI,0.83,544128.0,469855.0,349960.0,4.85,0.05,11.15,False,PRICE|SHARE_VOLUME|AVG_DOLLAR_VOLUME|MEDIAN_DOLLAR_VOLUME,"Rani Therapeutics Holdings, Inc. - Class A Common Stock",NASDAQ
PFX,46.21,9768.0,469556.0,262206.0,3.7,-1.46,7.3,False,SHARE_VOLUME|AVG_DOLLAR_VOLUME|MEDIAN_DOLLAR_VOLUME,PhenixFIN Corporation  - Common Stock,NASDAQ
TCRX,0.33,1132438.0,468281.0,248418.0,10.3,-59.83,5.83,False,PRICE|AVG_DOLLAR_VOLUME|MEDIAN_DOLLAR_VOLUME,"TScan Therapeutics, Inc. - Common Stock",NASDAQ
OM,3.12,126744.0,467584.0,459203.0,4.71,-25.48,6.12,False,PRICE|SHARE_VOLUME|AVG_DOLLAR_VOLUME|MEDIAN_DOLLAR_VOLUME,"Outset Medical, Inc. - Common Stock",NASDAQ
CLAR,3.53,126101.0,466840.0,453925.0,3.01,-2.62,10.09,False,PRICE|SHARE_VOLUME|AVG_DOLLAR_VOLUME|MEDIAN_DOLLAR_VOLUME,Clarus Corporation - Common Stock,NASDAQ
AFGD,20.35,22613.0,466756.0,402023.0,2.8,4.24,3.22,False,SHARE_VOLUME|AVG_DOLLAR_VOLUME|MEDIAN_DOLLAR_VOLUME,"American Financial Group, Inc. 5.625% Subordinated Debentures due 2060",NYSE
MSGM,4.35,103933.0,466373.0,341480.0,8.21,9.02,13.93,False,PRICE|SHARE_VOLUME|AVG_DOLLAR_VOLUME|MEDIAN_DOLLAR_VOLUME,Motorsport Games Inc. - Class A Common Stock,NASDAQ
PECE,10.01,46588.0,466193.0,16496.0,0.08,0.5,0.5,False,SHARE_VOLUME|AVG_DOLLAR_VOLUME|MEDIAN_DOLLAR_VOLUME|LOW_DAILY_RANGE,Peace Acquisition Corp - Ordinary Shares,NASDAQ
PMM,5.81,76657.0,465488.0,455670.0,1.1,-7.44,1.11,False,SHARE_VOLUME|AVG_DOLLAR_VOLUME|MEDIAN_DOLLAR_VOLUME|LOW_DAILY_RANGE,Franklin Managed Municipal Income Trust Shares of Beneficial Interest,NYSE
DFSC,1.28,288435.0,465072.0,236007.0,10.03,-38.16,86.29,False,PRICE|SHARE_VOLUME|AVG_DOLLAR_VOLUME|MEDIAN_DOLLAR_VOLUME,"DEFSEC Technologies Inc. - common stock, no R/S concurrent with offering",NASDAQ
FNUC,1.42,295246.0,464167.0,393679.0,6.17,-15.68,10.0,False,PRICE|SHARE_VOLUME|AVG_DOLLAR_VOLUME|MEDIAN_DOLLAR_VOLUME,Frontier Nuclear and Minerals Inc. - Common Shares,NASDAQ
TMCR,4.67,79130.0,464097.0,267762.0,9.1,-27.03,25.45,False,PRICE|SHARE_VOLUME|AVG_DOLLAR_VOLUME|MEDIAN_DOLLAR_VOLUME,The Metals Royalty Company Inc. - Common Stock,NASDAQ
MIND,4.05,108995.0,463750.0,368424.0,5.17,-13.83,6.63,False,PRICE|SHARE_VOLUME|AVG_DOLLAR_VOLUME|MEDIAN_DOLLAR_VOLUME,"MIND Technology, Inc. - Common Stock",NASDAQ
SAIH,26.1,19399.0,463379.0,231520.0,7.89,28.7,14.01,False,SHARE_VOLUME|AVG_DOLLAR_VOLUME|MEDIAN_DOLLAR_VOLUME,SAIHEAT Limited - Class A Ordinary Shares,NASDAQ
ARQ,2.11,214220.0,463111.0,381279.0,5.35,-4.95,9.66,False,PRICE|SHARE_VOLUME|AVG_DOLLAR_VOLUME|MEDIAN_DOLLAR_VOLUME,"Arq, Inc. - Common Stock",NASDAQ
API,4.01,111160.0,460820.0,456295.0,2.88,-10.0,7.81,False,PRICE|SHARE_VOLUME|AVG_DOLLAR_VOLUME|MEDIAN_DOLLAR_VOLUME,"Agora, Inc. - ADS",NASDAQ
KAZR,1.77,219164.0,460803.0,244477.0,7.91,-16.9,10.0,False,PRICE|SHARE_VOLUME|AVG_DOLLAR_VOLUME|MEDIAN_DOLLAR_VOLUME,Skyline Builders Group Holding Limited - Class A Ordinary Shares,NASDAQ
MKTW,18.23,24826.0,455193.0,180825.0,3.12,-4.2,5.08,False,SHARE_VOLUME|AVG_DOLLAR_VOLUME|MEDIAN_DOLLAR_VOLUME,"MarketWise, Inc. - Class A Common Stock",NASDAQ
SBFG,29.5,16021.0,452892.0,452260.0,3.14,10.53,4.86,False,SHARE_VOLUME|AVG_DOLLAR_VOLUME|MEDIAN_DOLLAR_VOLUME,"SB Financial Group, Inc. - Common Stock",NASDAQ
RENT,1.91,177207.0,451683.0,189840.0,10.54,-49.27,7.25,False,PRICE|SHARE_VOLUME|AVG_DOLLAR_VOLUME|MEDIAN_DOLLAR_VOLUME,"Rent the Runway, Inc. - Class A Common Stock",NASDAQ
NXAT,1.24,290714.0,450961.0,162135.0,15.58,-53.03,11.69,False,PRICE|SHARE_VOLUME|AVG_DOLLAR_VOLUME|MEDIAN_DOLLAR_VOLUME,Nexus Advanced Technologies Inc. - Ordinary Shares,NASDAQ
BHFAL,15.55,29251.0,448324.0,396617.0,1.35,1.76,2.09,False,SHARE_VOLUME|AVG_DOLLAR_VOLUME|MEDIAN_DOLLAR_VOLUME|LOW_DAILY_RANGE,"Brighthouse Financial, Inc. - Junior Subordinated Debentures due 2058",NASDAQ
IPEX,10.1,50695.0,448148.0,185758.0,8.84,-3.81,21.1,False,SHARE_VOLUME|AVG_DOLLAR_VOLUME|MEDIAN_DOLLAR_VOLUME,Inflection Point Acquisition Corp. - Class A Ordinary Shares,NASDAQ
COLA,10.83,43099.0,446911.0,189047.0,2.57,1.03,27.83,False,SHARE_VOLUME|AVG_DOLLAR_VOLUME|MEDIAN_DOLLAR_VOLUME,Columbus Acquisition Corp - Ordinary Shares,NASDAQ
LIEN,10.22,44284.0,446556.0,278944.0,1.62,6.24,2.95,False,SHARE_VOLUME|AVG_DOLLAR_VOLUME|MEDIAN_DOLLAR_VOLUME|LOW_DAILY_RANGE,"Chicago Atlantic BDC, Inc. - Common Stock",NASDAQ
ATRA,9.86,46264.0,444789.0,283207.0,6.54,13.07,10.09,False,SHARE_VOLUME|AVG_DOLLAR_VOLUME|MEDIAN_DOLLAR_VOLUME,"Atara Biotherapeutics, Inc. - Common Stock",NASDAQ
NNVC,1.18,382677.0,441723.0,339976.0,5.86,-12.59,12.38,False,PRICE|SHARE_VOLUME|AVG_DOLLAR_VOLUME|MEDIAN_DOLLAR_VOLUME,"NanoViricides, Inc. Common Stock",NYSE American
NXPL,9.24,48311.0,441415.0,233244.0,6.53,14.5,20.86,False,SHARE_VOLUME|AVG_DOLLAR_VOLUME|MEDIAN_DOLLAR_VOLUME,NextPlat Corp - Common Stock,NASDAQ
CPIX,6.63,59015.0,441311.0,291623.0,7.38,-13.11,10.97,False,SHARE_VOLUME|AVG_DOLLAR_VOLUME|MEDIAN_DOLLAR_VOLUME,Cumberland Pharmaceuticals Inc. - Common Stock,NASDAQ
MBRX,0.76,646167.0,440758.0,367833.0,10.2,23.95,17.3,False,PRICE|SHARE_VOLUME|AVG_DOLLAR_VOLUME|MEDIAN_DOLLAR_VOLUME,"Moleculin Biotech, Inc. - Common Stock",NASDAQ
GWH,0.35,1163470.0,440372.0,299718.0,13.85,-47.77,13.45,False,PRICE|AVG_DOLLAR_VOLUME|MEDIAN_DOLLAR_VOLUME,"ESS Tech, Inc. Common Stock",NYSE
VACI,7.72,46506.0,439918.0,231039.0,8.5,-24.42,12.59,False,SHARE_VOLUME|AVG_DOLLAR_VOLUME|MEDIAN_DOLLAR_VOLUME,Viking Acquisition Corp. I Class A Ordinary Shares,NYSE
FDBC,56.0,8044.0,439621.0,339683.0,1.71,1.43,2.15,False,SHARE_VOLUME|AVG_DOLLAR_VOLUME|MEDIAN_DOLLAR_VOLUME|LOW_DAILY_RANGE,"Fidelity D & D Bancorp, Inc. - Common Stock",NASDAQ
WXM,3.96,101857.0,439515.0,92304.0,10.43,-12.97,97.5,False,PRICE|SHARE_VOLUME|AVG_DOLLAR_VOLUME|MEDIAN_DOLLAR_VOLUME,WF International Limited - Ordinary Shares,NASDAQ
BOXL,4.44,78923.0,439059.0,245693.0,11.94,-41.35,168.6,False,PRICE|SHARE_VOLUME|AVG_DOLLAR_VOLUME|MEDIAN_DOLLAR_VOLUME,Boxlight Corporation - Class A Common Stock,NASDAQ
PLRX,1.13,383431.0,438379.0,405996.0,4.01,-1.3,4.55,False,PRICE|SHARE_VOLUME|AVG_DOLLAR_VOLUME|MEDIAN_DOLLAR_VOLUME,"Pliant Therapeutics, Inc. - Common Stock",NASDAQ
LSAK,4.32,97353.0,435893.0,419794.0,3.86,-7.3,5.73,False,PRICE|SHARE_VOLUME|AVG_DOLLAR_VOLUME|MEDIAN_DOLLAR_VOLUME,"Lesaka Technologies, Inc. - Common Stock",NASDAQ
CIA,3.59,115587.0,435710.0,436859.0,4.53,-5.53,5.38,False,PRICE|SHARE_VOLUME|AVG_DOLLAR_VOLUME|MEDIAN_DOLLAR_VOLUME,"Citizens, Inc. Class A Common Stock ($1.00 Par)",NYSE
DWSN,3.19,133857.0,434974.0,314976.0,8.39,18.15,13.67,False,PRICE|SHARE_VOLUME|AVG_DOLLAR_VOLUME|MEDIAN_DOLLAR_VOLUME,Dawson Geophysical Company - Common Stock,NASDAQ
XRTX,1.82,196322.0,434893.0,31629.0,9.72,-11.33,14.81,False,PRICE|SHARE_VOLUME|AVG_DOLLAR_VOLUME|MEDIAN_DOLLAR_VOLUME,XORTX Therapeutics Inc. - Common Shares,NASDAQ
KCHV,10.44,41442.0,432718.0,5220.0,0.04,0.1,0.19,False,SHARE_VOLUME|AVG_DOLLAR_VOLUME|MEDIAN_DOLLAR_VOLUME|LOW_DAILY_RANGE,Kochav Defense Acquisition Corp. - Class A Ordinary Shares,NASDAQ
SEAT,4.6,76872.0,432330.0,408258.0,7.7,-34.75,5.1,False,PRICE|SHARE_VOLUME|AVG_DOLLAR_VOLUME|MEDIAN_DOLLAR_VOLUME,Vivid Seats Inc. - Class A common stock,NASDAQ
CCG,14.0,28175.0,430697.0,372713.0,10.8,-17.21,26.09,False,SHARE_VOLUME|AVG_DOLLAR_VOLUME|MEDIAN_DOLLAR_VOLUME,Cheche Group Inc. - Class A Ordinary Shares,NASDAQ
BSEM,4.21,111339.0,430626.0,368696.0,8.99,33.65,20.58,False,PRICE|SHARE_VOLUME|AVG_DOLLAR_VOLUME|MEDIAN_DOLLAR_VOLUME,"BioStem Technologies, Inc. - Common Stock",NASDAQ
SPRO,1.12,359961.0,429131.0,422052.0,3.33,-7.08,4.2,False,PRICE|SHARE_VOLUME|AVG_DOLLAR_VOLUME|MEDIAN_DOLLAR_VOLUME,"Spero Therapeutics, Inc. - Common Stock",NASDAQ
NXXT,1.13,1874350.0,426069.0,332513.0,10.18,350.4,673.97,False,PRICE|AVG_DOLLAR_VOLUME|MEDIAN_DOLLAR_VOLUME,"NextNRG, Inc. - Common Stock",NASDAQ
KALA,0.53,747280.0,425352.0,92820.0,13.13,-41.03,11.92,False,PRICE|SHARE_VOLUME|AVG_DOLLAR_VOLUME|MEDIAN_DOLLAR_VOLUME,"KALA BIO, Inc. - Common Stock",NASDAQ
INLF,2.93,97963.0,425245.0,155747.0,7.56,-35.07,97.17,False,PRICE|SHARE_VOLUME|AVG_DOLLAR_VOLUME|MEDIAN_DOLLAR_VOLUME,INLIF LIMITED - Class A Ordinary shares,NASDAQ
SGC,12.64,34009.0,422943.0,420302.0,2.81,0.52,4.38,False,SHARE_VOLUME|AVG_DOLLAR_VOLUME|MEDIAN_DOLLAR_VOLUME,"Superior Group of Companies, Inc. - Common Stock",NASDAQ
XSLL,10.0,42305.0,422128.0,1498.0,0.03,0.3,0.4,False,SHARE_VOLUME|AVG_DOLLAR_VOLUME|MEDIAN_DOLLAR_VOLUME|LOW_DAILY_RANGE,Xsolla SPAC 1 - Class A Ordinary Shares,NASDAQ
YCY,10.23,40950.0,420355.0,3589.0,0.08,-0.2,0.29,False,SHARE_VOLUME|AVG_DOLLAR_VOLUME|MEDIAN_DOLLAR_VOLUME|LOW_DAILY_RANGE,AA Mission Acquisition Corp. II Class A Ordinary Shares,NYSE
OHAC,9.99,42155.0,419900.0,13521.0,0.06,0.5,0.2,False,SHARE_VOLUME|AVG_DOLLAR_VOLUME|MEDIAN_DOLLAR_VOLUME|LOW_DAILY_RANGE,Oceanhawk Acquisition Corp. - Class A Ordinary Shares,NASDAQ
LPBB,10.83,38602.0,417711.0,75003.0,0.06,0.56,0.19,False,SHARE_VOLUME|AVG_DOLLAR_VOLUME|MEDIAN_DOLLAR_VOLUME|LOW_DAILY_RANGE,Launch Two Acquisition Corp. - Class A Ordinary Shares,NASDAQ
APVO,1.75,201120.0,417276.0,94169.0,10.14,-39.66,11.11,False,PRICE|SHARE_VOLUME|AVG_DOLLAR_VOLUME|MEDIAN_DOLLAR_VOLUME,Aptevo Therapeutics Inc. - Common Stock,NASDAQ
RNTX,0.74,520203.0,417245.0,276908.0,7.54,-4.29,10.5,False,PRICE|SHARE_VOLUME|AVG_DOLLAR_VOLUME|MEDIAN_DOLLAR_VOLUME,"Rein Therapeutics, Inc. - Common Stock",NASDAQ
RDZN,1.19,309532.0,416989.0,404960.0,6.02,-22.73,7.26,False,PRICE|SHARE_VOLUME|AVG_DOLLAR_VOLUME|MEDIAN_DOLLAR_VOLUME,"Roadzen, Inc. - Ordinary Shares",NASDAQ
GRDX,2.98,117740.0,415656.0,383763.0,11.5,-23.39,15.2,False,PRICE|SHARE_VOLUME|AVG_DOLLAR_VOLUME|MEDIAN_DOLLAR_VOLUME,GridAI Technologies Corp.  - Common Stock,NASDAQ
ILLR,0.61,509357.0,415053.0,128022.0,13.1,-40.2,18.65,False,PRICE|SHARE_VOLUME|AVG_DOLLAR_VOLUME|MEDIAN_DOLLAR_VOLUME,Triller Group Inc. - Common Stock,NASDAQ
UCAR,4.3,534278.0,414473.0,169041.0,16.99,551.52,1471.13,False,PRICE|SHARE_VOLUME|AVG_DOLLAR_VOLUME|MEDIAN_DOLLAR_VOLUME,U Power Limited - Class A Ordinary Shares,NASDAQ
VINP,9.29,43340.0,413691.0,371277.0,2.69,2.68,3.16,False,SHARE_VOLUME|AVG_DOLLAR_VOLUME|MEDIAN_DOLLAR_VOLUME,Vinci Compass Investments Ltd. - Class A Common Shares,NASDAQ
BMRA,2.37,195799.0,413544.0,44414.0,8.15,48.28,24.26,False,PRICE|SHARE_VOLUME|AVG_DOLLAR_VOLUME|MEDIAN_DOLLAR_VOLUME,"Biomerica, Inc. - Common Stock",NASDAQ
AFJK,12.31,33782.0,413516.0,120609.0,3.17,2.57,2.86,False,SHARE_VOLUME|AVG_DOLLAR_VOLUME|MEDIAN_DOLLAR_VOLUME,"Aimei Health Technology Co., Ltd - Ordinary Share",NASDAQ
EDSA,3.94,87978.0,412996.0,237216.0,9.99,-31.0,11.01,False,PRICE|SHARE_VOLUME|AVG_DOLLAR_VOLUME|MEDIAN_DOLLAR_VOLUME,"Edesa Biotech, Inc. - Common Shares",NASDAQ
SUNS,7.51,55127.0,412925.0,376389.0,2.41,-4.97,3.33,False,SHARE_VOLUME|AVG_DOLLAR_VOLUME|MEDIAN_DOLLAR_VOLUME,"Sunrise Realty Trust, Inc. - Common Stock",NASDAQ
EONR,0.57,734909.0,412571.0,318566.0,6.95,16.6,9.36,False,PRICE|SHARE_VOLUME|AVG_DOLLAR_VOLUME|MEDIAN_DOLLAR_VOLUME,EON Resources Inc. Class A Common Stock,NYSE American
MUZE,10.0,41295.0,412558.0,16504.0,0.08,0.1,0.5,False,SHARE_VOLUME|AVG_DOLLAR_VOLUME|MEDIAN_DOLLAR_VOLUME|LOW_DAILY_RANGE,Muzero Acquisition Corp - Class A Ordinary Shares,NASDAQ
NDLS,13.6,28181.0,411613.0,363538.0,5.9,-16.51,6.41,False,SHARE_VOLUME|AVG_DOLLAR_VOLUME|MEDIAN_DOLLAR_VOLUME,Noodles & Company - Class A Common Stock,NASDAQ
HACQ,10.08,40790.0,411099.0,0.0,0.01,0.1,0.2,False,SHARE_VOLUME|AVG_DOLLAR_VOLUME|MEDIAN_DOLLAR_VOLUME|LOW_DAILY_RANGE,HCM IV Acquisition Corp. - Class A Ordinary Share,NASDAQ
JRSH,5.59,75180.0,409098.0,313439.0,3.95,3.9,10.47,False,SHARE_VOLUME|AVG_DOLLAR_VOLUME|MEDIAN_DOLLAR_VOLUME,"Jerash Holdings (US), Inc. - Common Stock",NASDAQ
KWY,9.8,40459.0,406681.0,339038.0,3.54,0.1,12.78,False,SHARE_VOLUME|AVG_DOLLAR_VOLUME|MEDIAN_DOLLAR_VOLUME,Kingsway Corporation Common Stock,NYSE
PSQH,4.96,72218.0,404429.0,233372.0,8.6,18.38,17.04,False,PRICE|SHARE_VOLUME|AVG_DOLLAR_VOLUME|MEDIAN_DOLLAR_VOLUME,"PSQ Holdings, Inc. Class A Common Stock",NYSE
VTN,9.99,39216.0,401839.0,319785.0,1.2,-7.88,1.51,False,SHARE_VOLUME|AVG_DOLLAR_VOLUME|MEDIAN_DOLLAR_VOLUME|LOW_DAILY_RANGE,Invesco Trust for Investment Grade New York Municipals Common Stock,NYSE
OPAL,1.91,203829.0,401319.0,358122.0,5.08,-13.74,11.59,False,PRICE|SHARE_VOLUME|AVG_DOLLAR_VOLUME|MEDIAN_DOLLAR_VOLUME,OPAL Fuels Inc. - Class A Common Stock,NASDAQ
MTEX,7.93,51034.0,398427.0,149540.0,9.48,22.0,23.46,False,SHARE_VOLUME|AVG_DOLLAR_VOLUME|MEDIAN_DOLLAR_VOLUME,"Mannatech, Incorporated - Common Stock",NASDAQ
AZTR,0.17,2530325.0,398420.0,103648.0,8.06,35.2,12.78,False,PRICE|AVG_DOLLAR_VOLUME|MEDIAN_DOLLAR_VOLUME,Azitra Inc Common Stock,NYSE American
DTB,15.83,25242.0,397305.0,359481.0,1.28,-0.47,1.45,False,SHARE_VOLUME|AVG_DOLLAR_VOLUME|MEDIAN_DOLLAR_VOLUME|LOW_DAILY_RANGE,DTE Energy Company 2020 Series G 4.375% Junior Subordinated Debentures due 2080,NYSE
KRAQ,10.03,39610.0,396216.0,29575.0,0.16,0.4,0.3,False,SHARE_VOLUME|AVG_DOLLAR_VOLUME|MEDIAN_DOLLAR_VOLUME|LOW_DAILY_RANGE,KRAKacquisition Corp - Class A Ordinary Shares,NASDAQ
VTAK,0.15,2012671.0,395241.0,168924.0,6.06,-30.77,10.71,False,PRICE|AVG_DOLLAR_VOLUME|MEDIAN_DOLLAR_VOLUME,"Catheter Precision, Inc. Common Stock",NYSE American
GEOS,5.1,74203.0,394006.0,392693.0,4.63,-14.29,8.95,False,SHARE_VOLUME|AVG_DOLLAR_VOLUME|MEDIAN_DOLLAR_VOLUME,Geospace Technologies Corporation - Common Stock,NASDAQ
OACC,10.77,36440.0,392618.0,44715.0,0.18,-0.27,0.37,False,SHARE_VOLUME|AVG_DOLLAR_VOLUME|MEDIAN_DOLLAR_VOLUME|LOW_DAILY_RANGE,Oaktree Acquisition Corp. III Life Sciences - Class A Ordinary Share,NASDAQ
MPV,17.08,23926.0,392414.0,293488.0,2.76,5.05,4.23,False,SHARE_VOLUME|AVG_DOLLAR_VOLUME|MEDIAN_DOLLAR_VOLUME,Barings Participation Investors Common Stock,NYSE
KOYN,10.23,38230.0,391075.0,79765.0,0.07,0.29,0.39,False,SHARE_VOLUME|AVG_DOLLAR_VOLUME|MEDIAN_DOLLAR_VOLUME|LOW_DAILY_RANGE,CSLM Digital Asset Acquisition Corp III - Class A Ordinary Shares,NASDAQ
MCAH,10.02,38970.0,390477.0,6017.0,0.51,0.3,0.5,False,SHARE_VOLUME|AVG_DOLLAR_VOLUME|MEDIAN_DOLLAR_VOLUME|LOW_DAILY_RANGE,Mountain Crest Acquisition 6 Corp. - Ordinary Shares,NASDAQ
BZFD,1.11,341891.0,390413.0,241872.0,4.62,0.0,11.71,False,PRICE|SHARE_VOLUME|AVG_DOLLAR_VOLUME|MEDIAN_DOLLAR_VOLUME,"BuzzFeed, Inc. - Class A Common Stock",NASDAQ
INVE,2.57,140642.0,390389.0,397302.0,3.85,-10.76,5.11,False,PRICE|SHARE_VOLUME|AVG_DOLLAR_VOLUME|MEDIAN_DOLLAR_VOLUME,"Identiv, Inc. - Common Stock",NASDAQ
TGHL,0.83,479339.0,389628.0,104489.0,11.4,-3.02,23.16,False,PRICE|SHARE_VOLUME|AVG_DOLLAR_VOLUME|MEDIAN_DOLLAR_VOLUME,The GrowHub Limited - Class A Ordinary Shares,NASDAQ
STI,6.62,53108.0,389104.0,348428.0,4.88,-10.18,17.2,False,SHARE_VOLUME|AVG_DOLLAR_VOLUME|MEDIAN_DOLLAR_VOLUME,"Solidion Technology, Inc. - Common Stock",NASDAQ
LGO,0.68,548965.0,388656.0,261994.0,6.6,8.98,15.63,False,PRICE|SHARE_VOLUME|AVG_DOLLAR_VOLUME|MEDIAN_DOLLAR_VOLUME,Largo Inc. - Common Shares,NASDAQ
PED,15.8,26560.0,388163.0,215232.0,5.67,30.36,9.16,False,SHARE_VOLUME|AVG_DOLLAR_VOLUME|MEDIAN_DOLLAR_VOLUME,Pedevco Corp. Common Stock,NYSE American
CTM,0.62,640947.0,387861.0,355473.0,4.28,-0.11,5.6,False,PRICE|SHARE_VOLUME|AVG_DOLLAR_VOLUME|MEDIAN_DOLLAR_VOLUME,"Castellum, Inc. Common Stock",NYSE American
XCBE,10.01,38461.0,384506.0,0.0,0.02,0.2,0.2,False,SHARE_VOLUME|AVG_DOLLAR_VOLUME|MEDIAN_DOLLAR_VOLUME|LOW_DAILY_RANGE,X3 Acquisition Corp. Ltd. - Class A Ordinary Shares,NASDAQ
ACR,13.54,27325.0,383727.0,390485.0,3.07,-8.76,3.63,False,SHARE_VOLUME|AVG_DOLLAR_VOLUME|MEDIAN_DOLLAR_VOLUME,ACRES Commercial Realty Corp. Common Stock,NYSE
BID,9.9,38785.0,383536.0,3976.0,0.16,0.3,0.81,False,SHARE_VOLUME|AVG_DOLLAR_VOLUME|MEDIAN_DOLLAR_VOLUME|LOW_DAILY_RANGE,Tribeca Strategic Acquisition Corp. - Class A Ordinary Shares,NASDAQ
ETX,17.98,21248.0,383007.0,312553.0,0.72,-0.35,0.78,False,SHARE_VOLUME|AVG_DOLLAR_VOLUME|MEDIAN_DOLLAR_VOLUME|LOW_DAILY_RANGE,Eaton Vance Municipal Income 2028 Term Trust Common Shares of Beneficial Interest,NYSE
SRG,2.05,187250.0,382545.0,354765.0,3.74,-5.09,5.34,False,PRICE|SHARE_VOLUME|AVG_DOLLAR_VOLUME|MEDIAN_DOLLAR_VOLUME,Seritage Growth Properties Class A Common Stock,NYSE
HURA,2.03,182917.0,382336.0,319927.0,5.6,-6.02,7.5,False,PRICE|SHARE_VOLUME|AVG_DOLLAR_VOLUME|MEDIAN_DOLLAR_VOLUME,"TuHURA Biosciences, Inc. - Common Stock",NASDAQ
WALD,1.15,303656.0,381797.0,171189.0,5.88,-16.06,5.47,False,PRICE|SHARE_VOLUME|AVG_DOLLAR_VOLUME|MEDIAN_DOLLAR_VOLUME,Waldencast plc - Class A Ordinary Share,NASDAQ
APYX,3.03,126116.0,381748.0,269073.0,5.07,-2.57,4.14,False,PRICE|SHARE_VOLUME|AVG_DOLLAR_VOLUME|MEDIAN_DOLLAR_VOLUME,Apyx Medical Corporation - Common Stock,NASDAQ
BLNE,1.03,369016.0,381388.0,236584.0,6.68,4.97,10.89,False,PRICE|SHARE_VOLUME|AVG_DOLLAR_VOLUME|MEDIAN_DOLLAR_VOLUME,"Beeline Holdings, Inc. - Common Stock",NASDAQ
ICCM,2.04,165610.0,381383.0,182203.0,7.11,-21.5,7.01,False,PRICE|SHARE_VOLUME|AVG_DOLLAR_VOLUME|MEDIAN_DOLLAR_VOLUME,IceCure Medical Ltd. - Ordinary Shares,NASDAQ
PN,2.44,147724.0,381118.0,261898.0,8.08,-9.96,20.32,False,PRICE|SHARE_VOLUME|AVG_DOLLAR_VOLUME|MEDIAN_DOLLAR_VOLUME,PN Smart Energy Limited - Class A Ordinary Shares,NASDAQ
OPXS,10.41,37002.0,381077.0,343122.0,4.34,-7.67,7.73,False,SHARE_VOLUME|AVG_DOLLAR_VOLUME|MEDIAN_DOLLAR_VOLUME,"Optex Systems Holdings, Inc. - Common Stock",NASDAQ
GCL,0.6,577084.0,380611.0,123411.0,14.4,4.32,20.52,False,PRICE|SHARE_VOLUME|AVG_DOLLAR_VOLUME|MEDIAN_DOLLAR_VOLUME,GCL Global Holdings Ltd - Ordinary Shares,NASDAQ
FEAM,1.46,243798.0,379881.0,274555.0,6.68,-10.17,30.67,False,PRICE|SHARE_VOLUME|AVG_DOLLAR_VOLUME|MEDIAN_DOLLAR_VOLUME,"5E Advanced Materials, Inc. - Common Stock",NASDAQ
PRFX,1.03,373095.0,379048.0,48854.0,7.62,9.34,16.5,False,PRICE|SHARE_VOLUME|AVG_DOLLAR_VOLUME|MEDIAN_DOLLAR_VOLUME,PRF Technologies Ltd. - Ordinary Shares,NASDAQ
AIRE,1.41,239397.0,378300.0,53925.0,8.73,-4.08,10.49,False,PRICE|SHARE_VOLUME|AVG_DOLLAR_VOLUME|MEDIAN_DOLLAR_VOLUME,reAlpha Tech Corp. - Common Stock,NASDAQ
NTRB,6.88,66790.0,377829.0,250800.0,11.05,99.42,22.31,False,SHARE_VOLUME|AVG_DOLLAR_VOLUME|MEDIAN_DOLLAR_VOLUME,Nutriband Inc. - Common Stock,NASDAQ
NODK,15.49,24854.0,376474.0,274914.0,2.64,1.81,2.2,False,SHARE_VOLUME|AVG_DOLLAR_VOLUME|MEDIAN_DOLLAR_VOLUME,"NI Holdings, Inc. - Common Stock",NASDAQ
ZJK,2.06,161460.0,375798.0,31930.0,9.7,13.85,23.63,False,PRICE|SHARE_VOLUME|AVG_DOLLAR_VOLUME|MEDIAN_DOLLAR_VOLUME,"ZJK Industrial Co., Ltd. - Class A Ordinary Shares",NASDAQ
COPR,3.35,112718.0,374385.0,321526.0,8.6,22.71,18.35,False,PRICE|SHARE_VOLUME|AVG_DOLLAR_VOLUME|MEDIAN_DOLLAR_VOLUME,Idaho Copper Corporation Common Stock,NYSE American
CAII,9.98,37502.0,374295.0,11005.0,0.06,0.1,0.1,False,SHARE_VOLUME|AVG_DOLLAR_VOLUME|MEDIAN_DOLLAR_VOLUME|LOW_DAILY_RANGE,Collective Acquisition Corp. II - Class A Ordinary Shares,NASDAQ
YHNA,11.2,33895.0,374023.0,9358.0,0.94,2.19,2.34,False,SHARE_VOLUME|AVG_DOLLAR_VOLUME|MEDIAN_DOLLAR_VOLUME|LOW_DAILY_RANGE,YHN Acquisition I Limited - Ordinary Shares,NASDAQ
OTGA,10.25,36491.0,373428.0,45479.0,0.03,0.59,0.39,False,SHARE_VOLUME|AVG_DOLLAR_VOLUME|MEDIAN_DOLLAR_VOLUME|LOW_DAILY_RANGE,OTG Acquisition Corp. I - Class A Ordinary Share,NASDAQ
GUAC,9.92,37535.0,373030.0,16907.0,0.14,-0.2,0.3,False,SHARE_VOLUME|AVG_DOLLAR_VOLUME|MEDIAN_DOLLAR_VOLUME|LOW_DAILY_RANGE,Berto Acquisition Corp. II - Ordinary Shares,NASDAQ
PPT,3.31,109093.0,371425.0,329450.0,0.85,-3.47,0.87,False,PRICE|SHARE_VOLUME|AVG_DOLLAR_VOLUME|MEDIAN_DOLLAR_VOLUME|LOW_DAILY_RANGE,Franklin Premier Income Trust Shares of Beneficial Interest,NYSE
APMC,9.97,37335.0,371227.0,8461.0,0.08,0.5,0.4,False,SHARE_VOLUME|AVG_DOLLAR_VOLUME|MEDIAN_DOLLAR_VOLUME|LOW_DAILY_RANGE,AmperCap Acquisition Company - Ordinary Shares,NASDAQ
EUDA,16.32,25566.0,367205.0,194895.0,10.97,12.64,23.12,False,SHARE_VOLUME|AVG_DOLLAR_VOLUME|MEDIAN_DOLLAR_VOLUME,Euda Health Holdings Limited - Ordinary Shares,NASDAQ
GRWG,1.51,221358.0,364608.0,387405.0,3.5,-17.66,19.46,False,PRICE|SHARE_VOLUME|AVG_DOLLAR_VOLUME|MEDIAN_DOLLAR_VOLUME,GrowGeneration Corp. - Common Stock,NASDAQ
DIBS,4.39,79916.0,363263.0,338151.0,5.29,-12.12,12.81,False,PRICE|SHARE_VOLUME|AVG_DOLLAR_VOLUME|MEDIAN_DOLLAR_VOLUME,"1stdibs.com, Inc. - Common Stock",NASDAQ
WHG,18.71,18991.0,362890.0,311514.0,2.47,-3.65,2.5,False,SHARE_VOLUME|AVG_DOLLAR_VOLUME|MEDIAN_DOLLAR_VOLUME,Westwood Holdings Group Inc Common Stock,NYSE
CGTX,1.05,357414.0,362670.0,302368.0,4.71,7.43,7.51,False,PRICE|SHARE_VOLUME|AVG_DOLLAR_VOLUME|MEDIAN_DOLLAR_VOLUME,"Cognition Therapeutics, Inc. - Common Stock",NASDAQ
RDGT,0.85,363117.0,362073.0,53351.0,9.02,3.79,32.0,False,PRICE|SHARE_VOLUME|AVG_DOLLAR_VOLUME|MEDIAN_DOLLAR_VOLUME,"Ridgetech, Inc. - Ordinary Shares",NASDAQ
HQI,16.63,21724.0,361511.0,254547.0,5.1,-0.16,26.68,False,SHARE_VOLUME|AVG_DOLLAR_VOLUME|MEDIAN_DOLLAR_VOLUME,"HireQuest, Inc. - Common Stock",NASDAQ
HYPR,0.79,428795.0,361105.0,395339.0,4.53,-11.31,3.85,False,PRICE|SHARE_VOLUME|AVG_DOLLAR_VOLUME|MEDIAN_DOLLAR_VOLUME,"Hyperfine, Inc.  - Class A Common Stock",NASDAQ
ELAB,4.78,62852.0,359062.0,177086.0,11.9,-42.41,9.18,False,PRICE|SHARE_VOLUME|AVG_DOLLAR_VOLUME|MEDIAN_DOLLAR_VOLUME,PMGC Holdings Inc. - Common Stock,NASDAQ
WENN,10.4,34440.0,357720.0,1039.0,0.04,0.19,0.39,False,SHARE_VOLUME|AVG_DOLLAR_VOLUME|MEDIAN_DOLLAR_VOLUME|LOW_DAILY_RANGE,Wen Acquisition Corp - Class A Ordinary Shares,NASDAQ
AVX,3.43,97327.0,355280.0,294909.0,9.78,16.27,13.71,False,PRICE|SHARE_VOLUME|AVG_DOLLAR_VOLUME|MEDIAN_DOLLAR_VOLUME,Avax One Technology Ltd. - Common Shares,NASDAQ
DCGO,0.38,895983.0,354697.0,254056.0,8.46,-19.41,15.32,False,PRICE|SHARE_VOLUME|AVG_DOLLAR_VOLUME|MEDIAN_DOLLAR_VOLUME,DocGo Inc. - Common Stock,NASDAQ
RYM,21.49,15380.0,354659.0,248640.0,6.55,4.83,7.93,False,SHARE_VOLUME|AVG_DOLLAR_VOLUME|MEDIAN_DOLLAR_VOLUME,"RYTHM, Inc. - Common Stock",NASDAQ
FTEK,1.8,219652.0,353775.0,225867.0,5.99,28.01,9.14,False,PRICE|SHARE_VOLUME|AVG_DOLLAR_VOLUME|MEDIAN_DOLLAR_VOLUME,"Fuel Tech, Inc. - Common Stock",NASDAQ
ELOG,0.55,577604.0,353709.0,4671.0,8.77,-32.3,14.2,False,PRICE|SHARE_VOLUME|AVG_DOLLAR_VOLUME|MEDIAN_DOLLAR_VOLUME,Eastern International Ltd. - Ordinary Shares,NASDAQ
KLTR,1.42,230037.0,352917.0,361272.0,4.13,-14.67,35.0,False,PRICE|SHARE_VOLUME|AVG_DOLLAR_VOLUME|MEDIAN_DOLLAR_VOLUME,"Kaltura, Inc. - Common Stock",NASDAQ
FABC,2.26,136950.0,351880.0,337437.0,6.55,-25.63,5.56,False,PRICE|SHARE_VOLUME|AVG_DOLLAR_VOLUME|MEDIAN_DOLLAR_VOLUME,"Fabric.AI, Inc. - Common Stock",NASDAQ
LITS,1.03,336133.0,351365.0,220049.0,6.9,17.61,9.62,False,PRICE|SHARE_VOLUME|AVG_DOLLAR_VOLUME|MEDIAN_DOLLAR_VOLUME,"Lite Strategy, Inc. - Common Stock",NASDAQ
TUSK,3.02,111438.0,349714.0,267186.0,4.33,-1.79,15.31,False,PRICE|SHARE_VOLUME|AVG_DOLLAR_VOLUME|MEDIAN_DOLLAR_VOLUME,"Mammoth Energy Services, Inc. - Common Stock",NASDAQ
ATYR,0.39,743549.0,348785.0,355241.0,6.94,-23.59,7.55,False,PRICE|SHARE_VOLUME|AVG_DOLLAR_VOLUME|MEDIAN_DOLLAR_VOLUME,"aTyr Pharma, Inc. - Common Stock",NASDAQ
FINW,12.77,25456.0,348599.0,278699.0,2.79,-8.98,2.33,False,SHARE_VOLUME|AVG_DOLLAR_VOLUME|MEDIAN_DOLLAR_VOLUME,FinWise Bancorp - Common Stock,NASDAQ
VHI,17.77,19474.0,348461.0,359529.0,4.65,7.26,10.96,False,SHARE_VOLUME|AVG_DOLLAR_VOLUME|MEDIAN_DOLLAR_VOLUME,"Valhi, Inc. Common Stock",NYSE
BSET,17.37,18851.0,348009.0,342423.0,2.84,-8.82,3.36,False,SHARE_VOLUME|AVG_DOLLAR_VOLUME|MEDIAN_DOLLAR_VOLUME,"Bassett Furniture Industries, Incorporated - Common Stock",NASDAQ
HODO,0.17,1349149.0,347997.0,133538.0,15.55,-65.14,8.98,False,PRICE|AVG_DOLLAR_VOLUME|MEDIAN_DOLLAR_VOLUME,House of Doge Inc. - Common Stock,NASDAQ
STKE,1.09,285451.0,347092.0,326416.0,9.16,4.81,13.46,False,PRICE|SHARE_VOLUME|AVG_DOLLAR_VOLUME|MEDIAN_DOLLAR_VOLUME,Sol Strategies Inc. - Common Shares,NASDAQ
IQST,1.04,354906.0,346740.0,252968.0,7.27,-14.75,10.38,False,PRICE|SHARE_VOLUME|AVG_DOLLAR_VOLUME|MEDIAN_DOLLAR_VOLUME,iQSTEL Inc. - Common Stock,NASDAQ
FLD,0.51,693320.0,345829.0,142085.0,11.55,13.36,15.56,False,PRICE|SHARE_VOLUME|AVG_DOLLAR_VOLUME|MEDIAN_DOLLAR_VOLUME,"Fold Holdings, Inc. - Class A Common Stock",NASDAQ
RDNW,5.61,59685.0,345159.0,314886.0,4.55,-10.38,3.06,False,SHARE_VOLUME|AVG_DOLLAR_VOLUME|MEDIAN_DOLLAR_VOLUME,"RideNow Group, Inc. - Class B Common Stock",NASDAQ
ALGS,4.97,54415.0,345007.0,306486.0,8.51,-26.53,36.85,False,PRICE|SHARE_VOLUME|AVG_DOLLAR_VOLUME|MEDIAN_DOLLAR_VOLUME,"Aligos Therapeutics, Inc. - Common stock",NASDAQ
CINT,3.12,100326.0,343663.0,225949.0,5.7,-13.09,5.99,False,PRICE|SHARE_VOLUME|AVG_DOLLAR_VOLUME|MEDIAN_DOLLAR_VOLUME,CI&T Inc Class A Common Shares,NYSE
RDAG,10.42,32933.0,343224.0,2600.0,0.02,0.39,0.29,False,SHARE_VOLUME|AVG_DOLLAR_VOLUME|MEDIAN_DOLLAR_VOLUME|LOW_DAILY_RANGE,Republic Digital Acquisition Company - Class A Ordinary Shares,NASDAQ
ENLV,0.81,276793.0,343175.0,274709.0,12.28,-46.45,13.82,False,PRICE|SHARE_VOLUME|AVG_DOLLAR_VOLUME|MEDIAN_DOLLAR_VOLUME,Enlivex Ltd. - Ordinary Shares,NASDAQ
RAYA,2.26,171193.0,342946.0,10226.0,5.75,-4.03,15.9,False,PRICE|SHARE_VOLUME|AVG_DOLLAR_VOLUME|MEDIAN_DOLLAR_VOLUME,Erayak Power Solution Group Inc. - Class A Ordinary Shares,NASDAQ
FATN,5.68,58236.0,342500.0,306877.0,5.84,-6.58,8.47,False,SHARE_VOLUME|AVG_DOLLAR_VOLUME|MEDIAN_DOLLAR_VOLUME,"FatPipe, Inc. - common stock",NASDAQ
SMID,24.36,13210.0,342414.0,320119.0,4.31,-13.65,4.7,False,SHARE_VOLUME|AVG_DOLLAR_VOLUME|MEDIAN_DOLLAR_VOLUME,Smith-Midland Corporation - Common Stock,NASDAQ
SCYX,4.24,66301.0,342363.0,285440.0,6.63,-17.51,9.25,False,PRICE|SHARE_VOLUME|AVG_DOLLAR_VOLUME|MEDIAN_DOLLAR_VOLUME,"SCYNEXIS, Inc. - Common Stock",NASDAQ
ONCH,10.32,33020.0,340673.0,63468.0,0.09,0.29,0.19,False,SHARE_VOLUME|AVG_DOLLAR_VOLUME|MEDIAN_DOLLAR_VOLUME|LOW_DAILY_RANGE,1RT Acquisition Corp. - Class A Ordinary Share,NASDAQ
GMHS,0.71,404462.0,340620.0,13715.0,10.2,-2.43,16.48,False,PRICE|SHARE_VOLUME|AVG_DOLLAR_VOLUME|MEDIAN_DOLLAR_VOLUME,Gamehaus Holdings Inc. - Class A Ordinary Shares,NASDAQ
BYAH,2.4,135226.0,340521.0,132046.0,11.99,-18.09,21.97,False,PRICE|SHARE_VOLUME|AVG_DOLLAR_VOLUME|MEDIAN_DOLLAR_VOLUME,"Park Ha Biological Technology Co., Ltd. - Class A Ordinary Shares",NASDAQ
LSBK,18.35,18983.0,340421.0,225167.0,1.87,7.21,3.57,False,SHARE_VOLUME|AVG_DOLLAR_VOLUME|MEDIAN_DOLLAR_VOLUME|LOW_DAILY_RANGE,"Lake Shore Bancorp, Inc. - Common Stock",NASDAQ
VIDA,1.8,144305.0,340400.0,124193.0,12.83,-20.83,22.0,False,PRICE|SHARE_VOLUME|AVG_DOLLAR_VOLUME|MEDIAN_DOLLAR_VOLUME,VIDA Global Inc. Class A Common Stock,NYSE American
AFGC,18.15,19160.0,339092.0,217624.0,1.14,3.52,1.45,False,SHARE_VOLUME|AVG_DOLLAR_VOLUME|MEDIAN_DOLLAR_VOLUME|LOW_DAILY_RANGE,"American Financial Group, Inc. 5.125% Subordinated Debentures due 2059",NYSE
DOMH,2.21,150552.0,338570.0,297022.0,5.6,-13.48,15.1,False,PRICE|SHARE_VOLUME|AVG_DOLLAR_VOLUME|MEDIAN_DOLLAR_VOLUME,Dominari Holdings Inc. - Common Stock,NASDAQ
ADIL,5.17,58268.0,338480.0,345832.0,11.04,-5.14,25.38,False,SHARE_VOLUME|AVG_DOLLAR_VOLUME|MEDIAN_DOLLAR_VOLUME,"Adial Pharmaceuticals, Inc - Common Stock",NASDAQ
PTLE,7.29,45585.0,337530.0,111160.0,14.96,-8.31,16.91,False,SHARE_VOLUME|AVG_DOLLAR_VOLUME|MEDIAN_DOLLAR_VOLUME,PTL LTD - Class A Ordinary Shares,NASDAQ
LFVN,6.26,52559.0,335311.0,307161.0,5.39,-0.87,2.74,False,SHARE_VOLUME|AVG_DOLLAR_VOLUME|MEDIAN_DOLLAR_VOLUME,Lifevantage Corporation - Common Stock,NASDAQ
MFI,9.21,35363.0,334071.0,140038.0,8.62,8.12,12.73,False,SHARE_VOLUME|AVG_DOLLAR_VOLUME|MEDIAN_DOLLAR_VOLUME,mF International Limited - Class A Ordinary Shares,NASDAQ
PROV,18.7,18066.0,333591.0,291986.0,1.3,4.41,1.56,False,SHARE_VOLUME|AVG_DOLLAR_VOLUME|MEDIAN_DOLLAR_VOLUME|LOW_DAILY_RANGE,"Provident Financial Holdings, Inc. - Common Stock",NASDAQ
PACH,10.34,32330.0,333581.0,34561.0,0.02,0.39,0.19,False,SHARE_VOLUME|AVG_DOLLAR_VOLUME|MEDIAN_DOLLAR_VOLUME|LOW_DAILY_RANGE,Pioneer Acquisition I Corp - Class A Ordinary Shares,NASDAQ
UEIC,5.11,71759.0,333516.0,238033.0,4.18,11.54,16.81,False,SHARE_VOLUME|AVG_DOLLAR_VOLUME|MEDIAN_DOLLAR_VOLUME,Universal Electronics Inc. - Common Stock,NASDAQ
LONA,6.77,43882.0,333490.0,171733.0,7.67,-17.14,7.95,False,SHARE_VOLUME|AVG_DOLLAR_VOLUME|MEDIAN_DOLLAR_VOLUME,"LeonaBio, Inc. - Common Stock",NASDAQ
VNME,10.3,32470.0,333489.0,27292.0,0.06,0.68,0.39,False,SHARE_VOLUME|AVG_DOLLAR_VOLUME|MEDIAN_DOLLAR_VOLUME|LOW_DAILY_RANGE,Vendome Acquisition Corporation I - Class A Ordinary Shares,NASDAQ
LVO,3.57,91930.0,332694.0,218934.0,8.56,-1.52,11.02,False,PRICE|SHARE_VOLUME|AVG_DOLLAR_VOLUME|MEDIAN_DOLLAR_VOLUME,"LiveOne, Inc. - Common Stock",NASDAQ
GP,0.78,280638.0,332130.0,202574.0,9.86,-51.47,15.19,False,PRICE|SHARE_VOLUME|AVG_DOLLAR_VOLUME|MEDIAN_DOLLAR_VOLUME,GreenPower Motor Company Inc. - Common Shares,NASDAQ
MYSE,2.13,123162.0,331276.0,268101.0,7.68,-18.82,14.61,False,PRICE|SHARE_VOLUME|AVG_DOLLAR_VOLUME|MEDIAN_DOLLAR_VOLUME,"Myseum.AI, Inc. - Common Stock",NASDAQ
SRBK,19.5,16802.0,330555.0,332394.0,2.0,-3.61,1.47,False,SHARE_VOLUME|AVG_DOLLAR_VOLUME|MEDIAN_DOLLAR_VOLUME|LOW_DAILY_RANGE,"SR Bancorp, Inc. - Common stock",NASDAQ
GCTK,2.26,99907.0,329611.0,187468.0,10.52,-56.43,7.17,False,PRICE|SHARE_VOLUME|AVG_DOLLAR_VOLUME|MEDIAN_DOLLAR_VOLUME,"GlucoTrack, Inc. - Common Stock",NASDAQ
EML,25.11,12655.0,329181.0,293839.0,4.29,2.07,5.04,False,SHARE_VOLUME|AVG_DOLLAR_VOLUME|MEDIAN_DOLLAR_VOLUME,Eastern Company (The) - Common Stock,NASDAQ
ENSC,0.44,773336.0,329022.0,281738.0,8.59,14.86,44.75,False,PRICE|SHARE_VOLUME|AVG_DOLLAR_VOLUME|MEDIAN_DOLLAR_VOLUME,"Ensysce Biosciences, Inc. - Common Stock",NASDAQ
RGT,14.36,21745.0,328236.0,156600.0,2.02,-5.9,1.04,False,SHARE_VOLUME|AVG_DOLLAR_VOLUME|MEDIAN_DOLLAR_VOLUME,"Royce Global Trust, Inc. Common Stock",NYSE
LNZA,5.91,52648.0,327979.0,287724.0,5.54,-5.29,5.71,False,SHARE_VOLUME|AVG_DOLLAR_VOLUME|MEDIAN_DOLLAR_VOLUME,"LanzaTech Global, Inc. - Common Stock",NASDAQ
CODX,1.0,291950.0,325852.0,169991.0,8.22,-20.65,7.04,False,PRICE|SHARE_VOLUME|AVG_DOLLAR_VOLUME|MEDIAN_DOLLAR_VOLUME,"Co-Diagnostics, Inc. - Common Stock",NASDAQ
AEAQ,10.09,32305.0,325520.0,0.0,0.02,0.05,0.5,False,SHARE_VOLUME|AVG_DOLLAR_VOLUME|MEDIAN_DOLLAR_VOLUME|LOW_DAILY_RANGE,Activate Energy Acquisition Corp. - Class A Ordinary Share,NASDAQ
VANI,1.23,237621.0,325197.0,272575.0,5.72,-15.17,7.41,False,PRICE|SHARE_VOLUME|AVG_DOLLAR_VOLUME|MEDIAN_DOLLAR_VOLUME,"Vivani Medical, Inc.  - Common Stock",NASDAQ
NRT,9.14,36143.0,324380.0,267172.0,2.67,3.63,4.93,False,SHARE_VOLUME|AVG_DOLLAR_VOLUME|MEDIAN_DOLLAR_VOLUME,North European Oil Royality Trust Common Stock,NYSE
KMPB,24.46,13299.0,324312.0,307296.0,0.6,0.69,0.52,False,SHARE_VOLUME|AVG_DOLLAR_VOLUME|MEDIAN_DOLLAR_VOLUME|LOW_DAILY_RANGE,Kemper Corporation 5.875% Fixed-Rate Reset Junior Subordinated Debentures due 2062,NYSE
KFII,10.66,30280.0,322568.0,2127.0,0.03,0.47,0.28,False,SHARE_VOLUME|AVG_DOLLAR_VOLUME|MEDIAN_DOLLAR_VOLUME|LOW_DAILY_RANGE,K - Class A Ordinary shares,NASDAQ
WKHS,3.0,98839.0,321860.0,254317.0,7.39,-3.54,11.73,False,PRICE|SHARE_VOLUME|AVG_DOLLAR_VOLUME|MEDIAN_DOLLAR_VOLUME,"Workhorse Group, Inc. - Common Stock",NASDAQ
USEA,3.1,109193.0,321793.0,232181.0,4.24,14.21,5.7,False,PRICE|SHARE_VOLUME|AVG_DOLLAR_VOLUME|MEDIAN_DOLLAR_VOLUME,United Maritime Corporation - Common Stock,NASDAQ
FRGT,0.97,298947.0,321389.0,115429.0,13.24,-37.79,22.68,False,PRICE|SHARE_VOLUME|AVG_DOLLAR_VOLUME|MEDIAN_DOLLAR_VOLUME,"Freight Technologies, Inc. - Ordinary Shares",NASDAQ
CRT,12.65,27914.0,320696.0,240980.0,3.1,20.35,9.01,False,SHARE_VOLUME|AVG_DOLLAR_VOLUME|MEDIAN_DOLLAR_VOLUME,Cross Timbers Royalty Trust Common Stock,NYSE
JHI,12.42,25012.0,320488.0,322196.0,1.1,-5.51,0.91,False,SHARE_VOLUME|AVG_DOLLAR_VOLUME|MEDIAN_DOLLAR_VOLUME|LOW_DAILY_RANGE,John Hancock Investors Trust Common Stock,NYSE
TACO,10.46,30513.0,319761.0,314444.0,0.16,0.0,0.38,False,SHARE_VOLUME|AVG_DOLLAR_VOLUME|MEDIAN_DOLLAR_VOLUME|LOW_DAILY_RANGE,Berto Acquisition Corp. - Ordinary Shares,NASDAQ
BGDE,6.1,47293.0,318594.0,311331.0,8.08,-7.15,12.71,False,SHARE_VOLUME|AVG_DOLLAR_VOLUME|MEDIAN_DOLLAR_VOLUME,"Big Digital Energy, Inc. - Common Stock",NASDAQ
HGBL,1.37,260978.0,318169.0,246824.0,4.8,14.17,7.94,False,PRICE|SHARE_VOLUME|AVG_DOLLAR_VOLUME|MEDIAN_DOLLAR_VOLUME,Heritage Global Inc. - Common Stock,NASDAQ
LGCY,10.48,29816.0,317957.0,250350.0,3.8,0.72,3.52,False,SHARE_VOLUME|AVG_DOLLAR_VOLUME|MEDIAN_DOLLAR_VOLUME,Legacy Education Inc. Common Stock,NYSE American
SIEB,2.36,138648.0,316659.0,150595.0,6.64,15.69,12.61,False,PRICE|SHARE_VOLUME|AVG_DOLLAR_VOLUME|MEDIAN_DOLLAR_VOLUME,Siebert Financial Corp. - Common Stock,NASDAQ
FLYX,1.17,261095.0,315490.0,295204.0,5.34,-0.85,7.32,False,PRICE|SHARE_VOLUME|AVG_DOLLAR_VOLUME|MEDIAN_DOLLAR_VOLUME,"flyExclusive, Inc. Class A Common Stock",NYSE American
AFCG,3.54,90169.0,315044.0,240993.0,4.1,2.76,9.81,False,PRICE|SHARE_VOLUME|AVG_DOLLAR_VOLUME|MEDIAN_DOLLAR_VOLUME,Advanced Flower Capital Inc. - Common Stock,NASDAQ
IBG,1.0,315335.0,314600.0,33424.0,8.26,8.81,16.13,False,PRICE|SHARE_VOLUME|AVG_DOLLAR_VOLUME|MEDIAN_DOLLAR_VOLUME,Innovation Beverage Group Limited - Ordinary Shares,NASDAQ
RAIN,0.71,325904.0,314499.0,142717.0,12.45,-16.69,26.08,False,PRICE|SHARE_VOLUME|AVG_DOLLAR_VOLUME|MEDIAN_DOLLAR_VOLUME,"Rain Enhancement Technologies Holdco, Inc. - Class A Common Stock",NASDAQ
JATT,12.0,24595.0,313934.0,162536.0,8.44,-10.31,8.46,False,SHARE_VOLUME|AVG_DOLLAR_VOLUME|MEDIAN_DOLLAR_VOLUME,JATT II Acquisition Corp - Ordinary Shares,NASDAQ
EHTH,0.87,307914.0,313866.0,226891.0,7.16,-29.26,7.14,False,PRICE|SHARE_VOLUME|AVG_DOLLAR_VOLUME|MEDIAN_DOLLAR_VOLUME,"eHealth, Inc. - Common Stock",NASDAQ
GRCE,2.15,143493.0,313442.0,183278.0,4.44,0.94,5.61,False,PRICE|SHARE_VOLUME|AVG_DOLLAR_VOLUME|MEDIAN_DOLLAR_VOLUME,"Grace Therapeutics, Inc. - Common Stock",NASDAQ
JSPR,0.58,454136.0,313003.0,224662.0,8.19,-22.05,12.54,False,PRICE|SHARE_VOLUME|AVG_DOLLAR_VOLUME|MEDIAN_DOLLAR_VOLUME,"Jasper Therapeutics, Inc. - Class A Common Stock",NASDAQ
XBIO,2.15,105819.0,311907.0,111260.0,9.81,-33.85,11.23,False,PRICE|SHARE_VOLUME|AVG_DOLLAR_VOLUME|MEDIAN_DOLLAR_VOLUME,"Xenetic Biosciences, Inc. - Common Stock",NASDAQ
ZDGE,3.02,103490.0,310781.0,134324.0,3.85,2.37,5.92,False,PRICE|SHARE_VOLUME|AVG_DOLLAR_VOLUME|MEDIAN_DOLLAR_VOLUME,"Zedge, Inc. Class B Common Stock ",NYSE American
LTRN,1.79,154304.0,310012.0,293904.0,8.37,-28.97,5.29,False,PRICE|SHARE_VOLUME|AVG_DOLLAR_VOLUME|MEDIAN_DOLLAR_VOLUME,Lantern Pharma Inc. - Common Stock,NASDAQ
AFGB,20.89,15131.0,309656.0,288442.0,1.63,3.07,2.07,False,SHARE_VOLUME|AVG_DOLLAR_VOLUME|MEDIAN_DOLLAR_VOLUME|LOW_DAILY_RANGE,"American Financial Group, Inc. 5.875% Subordinated Debentures due 2059",NYSE
KBON,10.1,30405.0,307107.0,1014.0,0.01,0.0,0.4,False,SHARE_VOLUME|AVG_DOLLAR_VOLUME|MEDIAN_DOLLAR_VOLUME|LOW_DAILY_RANGE,Karbon Capital Partners Corp. - Class A Ordinary Shares,NASDAQ
ZOOZ,7.07,42975.0,306883.0,191119.0,8.8,34.51,22.62,False,SHARE_VOLUME|AVG_DOLLAR_VOLUME|MEDIAN_DOLLAR_VOLUME,ZOOZ Strategy Ltd. - Ordinary Shares,NASDAQ
INCR,5.34,62079.0,306838.0,51490.0,5.04,12.42,28.64,False,SHARE_VOLUME|AVG_DOLLAR_VOLUME|MEDIAN_DOLLAR_VOLUME,Intercure Ltd. - ordinary shares,NASDAQ
EVOX,10.12,30202.0,305126.0,5055.0,0.04,0.3,0.2,False,SHARE_VOLUME|AVG_DOLLAR_VOLUME|MEDIAN_DOLLAR_VOLUME|LOW_DAILY_RANGE,Evolution Global Acquisition Corp - Class A Ordinary Shares,NASDAQ
HCIC,10.0,30510.0,304970.0,12997.0,0.04,0.0,0.2,False,SHARE_VOLUME|AVG_DOLLAR_VOLUME|MEDIAN_DOLLAR_VOLUME|LOW_DAILY_RANGE,Hennessy Capital Investment Corp. VIII - Class A Ordinary Shares,NASDAQ
RPID,1.17,216964.0,303899.0,268494.0,6.99,-25.03,8.97,False,PRICE|SHARE_VOLUME|AVG_DOLLAR_VOLUME|MEDIAN_DOLLAR_VOLUME,"Rapid Micro Biosystems, Inc. - Class A Common Stock",NASDAQ
BVFL,21.45,14203.0,303527.0,249963.0,2.58,-1.97,3.24,False,SHARE_VOLUME|AVG_DOLLAR_VOLUME|MEDIAN_DOLLAR_VOLUME,"BV Financial, Inc. - Common Stock",NASDAQ
TZOO,5.65,48327.0,302637.0,262462.0,3.34,-19.29,3.09,False,SHARE_VOLUME|AVG_DOLLAR_VOLUME|MEDIAN_DOLLAR_VOLUME,Travelzoo - Common Stock,NASDAQ
WCCB,59.8,5359.0,302628.0,199795.0,1.15,10.74,7.14,False,SHARE_VOLUME|AVG_DOLLAR_VOLUME|MEDIAN_DOLLAR_VOLUME|LOW_DAILY_RANGE,West Coast Community Bancorp - Common Stock,NASDAQ
ZJYL,1.88,134845.0,302488.0,72994.0,9.45,-38.8,35.81,False,PRICE|SHARE_VOLUME|AVG_DOLLAR_VOLUME|MEDIAN_DOLLAR_VOLUME,JIN MEDICAL INTERNATIONAL LTD. - Class A Ordinary Shares,NASDAQ
WPAC,10.06,30009.0,301511.0,0.0,0.0,0.3,0.1,False,SHARE_VOLUME|AVG_DOLLAR_VOLUME|MEDIAN_DOLLAR_VOLUME|LOW_DAILY_RANGE,White Pearl Acquisition Corp. Class A Ordinary Shares,NYSE
LESL,0.61,521912.0,301358.0,169572.0,9.41,-2.9,30.99,False,PRICE|SHARE_VOLUME|AVG_DOLLAR_VOLUME|MEDIAN_DOLLAR_VOLUME,"Leslie's, Inc. - Common Stock",NASDAQ
TSQ,5.2,54115.0,301352.0,290985.0,4.32,-8.84,2.95,False,SHARE_VOLUME|AVG_DOLLAR_VOLUME|MEDIAN_DOLLAR_VOLUME,"Townsquare Media, Inc. Class A Common Stock",NYSE
PBM,5.96,62269.0,300899.0,184462.0,7.93,33.33,23.82,False,SHARE_VOLUME|AVG_DOLLAR_VOLUME|MEDIAN_DOLLAR_VOLUME,Psyence Biomedical Ltd. - Common Shares,NASDAQ
MBVI,10.25,29406.0,300695.0,3147.0,0.05,0.39,0.1,False,SHARE_VOLUME|AVG_DOLLAR_VOLUME|MEDIAN_DOLLAR_VOLUME|LOW_DAILY_RANGE,M3-Brigade Acquisition VI Corp. - Class A Ordinary Shares,NASDAQ
ELPW,2.67,82947.0,300527.0,221670.0,8.44,-31.19,20.45,False,PRICE|SHARE_VOLUME|AVG_DOLLAR_VOLUME|MEDIAN_DOLLAR_VOLUME,Elong Power Holding Limited - Class A Ordinary Shares,NASDAQ
TVAI,10.38,28936.0,300460.0,2593.0,0.03,0.1,0.19,False,SHARE_VOLUME|AVG_DOLLAR_VOLUME|MEDIAN_DOLLAR_VOLUME|LOW_DAILY_RANGE,Thayer Ventures Acquisition Corporation II - Class A Ordinary Shares,NASDAQ
SMX,16.5,17206.0,300450.0,247540.0,7.44,8.27,14.12,False,SHARE_VOLUME|AVG_DOLLAR_VOLUME|MEDIAN_DOLLAR_VOLUME,SMX (Security Matters) Public Limited Company - Ordinary Shares,NASDAQ
KG,6.01,42054.0,300108.0,139262.0,7.92,-24.81,7.64,False,SHARE_VOLUME|AVG_DOLLAR_VOLUME|MEDIAN_DOLLAR_VOLUME,"Kestrel Group, Ltd. - Common Stock",NASDAQ
NVNO,9.05,28673.0,299949.0,248820.0,8.66,-17.99,9.61,False,SHARE_VOLUME|AVG_DOLLAR_VOLUME|MEDIAN_DOLLAR_VOLUME,enVVeno Medical Corporation - Common Stock,NASDAQ
FLL,1.8,147470.0,299338.0,292425.0,5.71,-13.64,10.96,False,PRICE|SHARE_VOLUME|AVG_DOLLAR_VOLUME|MEDIAN_DOLLAR_VOLUME,"Full House Resorts, Inc. - Common Stock",NASDAQ
GRSD,1.75,159549.0,299322.0,288258.0,4.1,-13.18,19.37,False,PRICE|SHARE_VOLUME|AVG_DOLLAR_VOLUME|MEDIAN_DOLLAR_VOLUME,Grandstand Limited - Ordinary Shares,NASDAQ
APUS,1.63,75360.0,298991.0,81814.0,14.44,-59.3,10.25,False,PRICE|SHARE_VOLUME|AVG_DOLLAR_VOLUME|MEDIAN_DOLLAR_VOLUME,"Apimeds Pharmaceuticals US, Inc. Common Stock",NYSE American
BWIV,9.96,29977.0,298068.0,8441.0,0.12,0.5,0.4,False,SHARE_VOLUME|AVG_DOLLAR_VOLUME|MEDIAN_DOLLAR_VOLUME|LOW_DAILY_RANGE,Blue Water Acquisition Corp. IV Class A Ordinary Shares,NYSE
PERF,1.93,155894.0,297904.0,157136.0,1.35,2.93,1.58,False,PRICE|SHARE_VOLUME|AVG_DOLLAR_VOLUME|MEDIAN_DOLLAR_VOLUME|LOW_DAILY_RANGE,Perfect Corp. Class A Ordinary Share,NYSE
SEER,1.92,150317.0,296360.0,285273.0,2.21,-4.7,2.06,False,PRICE|SHARE_VOLUME|AVG_DOLLAR_VOLUME|MEDIAN_DOLLAR_VOLUME,"Seer, Inc. - Class A Common Stock",NASDAQ
DARE,0.76,386465.0,295784.0,314524.0,7.44,-1.67,7.29,False,PRICE|SHARE_VOLUME|AVG_DOLLAR_VOLUME|MEDIAN_DOLLAR_VOLUME,"Dare Bioscience, Inc. - Common Stock",NASDAQ
RMSG,0.29,848093.0,295032.0,36151.0,8.3,-24.29,9.63,False,PRICE|SHARE_VOLUME|AVG_DOLLAR_VOLUME|MEDIAN_DOLLAR_VOLUME,Real Messenger Corporation - Ordinary Shares,NASDAQ
RVSB,5.7,55188.0,291866.0,232750.0,2.01,10.8,4.3,False,SHARE_VOLUME|AVG_DOLLAR_VOLUME|MEDIAN_DOLLAR_VOLUME,Riverview Bancorp Inc - Common Stock,NASDAQ
NIXX,0.39,506538.0,291656.0,257687.0,10.39,-44.35,12.25,False,PRICE|SHARE_VOLUME|AVG_DOLLAR_VOLUME|MEDIAN_DOLLAR_VOLUME,"Nixxy, Inc. - Common Stock",NASDAQ
GPMT,0.86,285290.0,289769.0,259471.0,4.59,-22.18,3.88,False,PRICE|SHARE_VOLUME|AVG_DOLLAR_VOLUME|MEDIAN_DOLLAR_VOLUME,Granite Point Mortgage Trust Inc. Common Stock,NYSE
TONT,10.89,26634.0,289618.0,5974.0,0.03,0.32,0.18,False,SHARE_VOLUME|AVG_DOLLAR_VOLUME|MEDIAN_DOLLAR_VOLUME|LOW_DAILY_RANGE,Graf Global Corp. Class A ordinary shares,NYSE American
MTNB,0.16,1405312.0,289473.0,155136.0,10.11,-21.91,18.14,False,PRICE|AVG_DOLLAR_VOLUME|MEDIAN_DOLLAR_VOLUME,"Matinas Biopharma Holdings, Inc. Common Stock",NYSE American
NDRA,5.18,52587.0,288725.0,122824.0,11.15,14.75,22.58,False,SHARE_VOLUME|AVG_DOLLAR_VOLUME|MEDIAN_DOLLAR_VOLUME,ENDRA Life Sciences Inc. - Common Stock,NASDAQ
QNME,0.29,859624.0,288290.0,33185.0,12.49,-25.0,16.07,False,PRICE|SHARE_VOLUME|AVG_DOLLAR_VOLUME|MEDIAN_DOLLAR_VOLUME,"Quanome Technologies, Inc. - Common Stock",NASDAQ
CTXR,0.56,475096.0,287950.0,156892.0,6.36,-1.24,25.36,False,PRICE|SHARE_VOLUME|AVG_DOLLAR_VOLUME|MEDIAN_DOLLAR_VOLUME,"Citius Pharmaceuticals, Inc. - Common Stock",NASDAQ
UUU,4.81,49496.0,286984.0,187319.0,9.85,6.42,38.05,False,PRICE|SHARE_VOLUME|AVG_DOLLAR_VOLUME|MEDIAN_DOLLAR_VOLUME,"Universal Safety Products, Inc. Common Stock",NYSE American
HTOO,2.18,119484.0,286896.0,36978.0,8.82,-1.36,7.69,False,PRICE|SHARE_VOLUME|AVG_DOLLAR_VOLUME|MEDIAN_DOLLAR_VOLUME,Fusion Fuel Green PLC - Ordinary Shares,NASDAQ
RGCO,21.75,13193.0,286544.0,277187.0,2.14,0.83,1.41,False,SHARE_VOLUME|AVG_DOLLAR_VOLUME|MEDIAN_DOLLAR_VOLUME,RGC Resources Inc. - Common Stock,NASDAQ
STFS,3.4,66871.0,284453.0,148351.0,9.77,-23.43,17.66,False,PRICE|SHARE_VOLUME|AVG_DOLLAR_VOLUME|MEDIAN_DOLLAR_VOLUME,Star Fashion Culture Holdings Limited - Class A Ordinary Shares,NASDAQ
TMTS,10.06,28135.0,283213.0,503.0,0.0,-0.3,0.2,False,SHARE_VOLUME|AVG_DOLLAR_VOLUME|MEDIAN_DOLLAR_VOLUME|LOW_DAILY_RANGE,Spartacus Acquisition Corp. II - Class A Ordinary Shares,NASDAQ
IXHL,3.64,81544.0,282924.0,250757.0,5.45,8.33,5.51,False,PRICE|SHARE_VOLUME|AVG_DOLLAR_VOLUME|MEDIAN_DOLLAR_VOLUME,Incannex Healthcare Inc. - Common Stock,NASDAQ
ASBP,8.48,32961.0,282494.0,246742.0,6.51,10.99,10.41,False,SHARE_VOLUME|AVG_DOLLAR_VOLUME|MEDIAN_DOLLAR_VOLUME,"Aspire-Lakewood Holdings, Inc. - Common Stock",NASDAQ
MSN,0.48,586761.0,282248.0,248220.0,9.0,26.32,15.79,False,PRICE|SHARE_VOLUME|AVG_DOLLAR_VOLUME|MEDIAN_DOLLAR_VOLUME,Emerson Radio Corporation Common Stock,NYSE American
ASTC,6.12,38967.0,281913.0,234454.0,6.8,-22.82,25.83,False,SHARE_VOLUME|AVG_DOLLAR_VOLUME|MEDIAN_DOLLAR_VOLUME,Astrotech Corporation - Common Stock,NASDAQ
EVF,4.87,57349.0,281647.0,260388.0,0.74,-1.75,1.2,False,PRICE|SHARE_VOLUME|AVG_DOLLAR_VOLUME|MEDIAN_DOLLAR_VOLUME|LOW_DAILY_RANGE,Eaton Vance Senior Income Trust Common Stock,NYSE
OIO,1.88,149422.0,280853.0,192087.0,12.42,-5.78,18.45,False,PRICE|SHARE_VOLUME|AVG_DOLLAR_VOLUME|MEDIAN_DOLLAR_VOLUME,OIO Group - Ordinary Shares,NASDAQ
GXAI,0.61,354278.0,280683.0,205886.0,5.47,-24.93,44.66,False,PRICE|SHARE_VOLUME|AVG_DOLLAR_VOLUME|MEDIAN_DOLLAR_VOLUME,Gaxos.ai Inc. - Common Stock,NASDAQ
VLOS,10.69,26010.0,278453.0,4289.0,0.19,-0.19,0.75,False,SHARE_VOLUME|AVG_DOLLAR_VOLUME|MEDIAN_DOLLAR_VOLUME|LOW_DAILY_RANGE,Velos Acquisition I Corp. - Class A Ordinary shares,NASDAQ
RFL,2.1,119459.0,277856.0,236725.0,9.92,12.9,16.76,False,PRICE|SHARE_VOLUME|AVG_DOLLAR_VOLUME|MEDIAN_DOLLAR_VOLUME,"Rafael Holdings, Inc. Class B Common Stock",NYSE
AIIA,10.25,27146.0,277776.0,6643.0,0.07,0.39,0.59,False,SHARE_VOLUME|AVG_DOLLAR_VOLUME|MEDIAN_DOLLAR_VOLUME|LOW_DAILY_RANGE,AI Infrastructure Acquisition Corp. Class A Ordinary Shares,NYSE
DFLI,0.87,265772.0,276443.0,235756.0,6.73,-24.32,12.82,False,PRICE|SHARE_VOLUME|AVG_DOLLAR_VOLUME|MEDIAN_DOLLAR_VOLUME,Dragonfly Energy Holdings Corp - Common Stock,NASDAQ
AIRG,5.32,52316.0,275782.0,257544.0,4.71,-1.66,6.58,False,SHARE_VOLUME|AVG_DOLLAR_VOLUME|MEDIAN_DOLLAR_VOLUME,"Airgain, Inc. - Common Stock",NASDAQ
GGR,2.77,96705.0,275779.0,39364.0,9.29,20.43,29.07,False,PRICE|SHARE_VOLUME|AVG_DOLLAR_VOLUME|MEDIAN_DOLLAR_VOLUME,Gogoro Inc. - Ordinary Shares,NASDAQ
DDT,26.17,10527.0,275415.0,205836.0,0.6,-0.37,0.96,False,SHARE_VOLUME|AVG_DOLLAR_VOLUME|MEDIAN_DOLLAR_VOLUME|LOW_DAILY_RANGE,Dillard's Capital Trust I,NYSE
MCRB,4.55,54752.0,275176.0,212615.0,6.4,4.77,7.83,False,PRICE|SHARE_VOLUME|AVG_DOLLAR_VOLUME|MEDIAN_DOLLAR_VOLUME,"Seres Therapeutics, Inc. - Common Stock",NASDAQ
LARK,32.95,8528.0,274693.0,246050.0,1.88,2.46,2.65,False,SHARE_VOLUME|AVG_DOLLAR_VOLUME|MEDIAN_DOLLAR_VOLUME|LOW_DAILY_RANGE,Landmark Bancorp Inc. - Common Stock,NASDAQ
VABK,48.43,5800.0,274357.0,277890.0,1.25,2.8,2.76,False,SHARE_VOLUME|AVG_DOLLAR_VOLUME|MEDIAN_DOLLAR_VOLUME|LOW_DAILY_RANGE,Virginia National Bankshares Corporation - Common Stock,NASDAQ
AUID,0.46,613367.0,274302.0,107164.0,15.6,13.95,22.77,False,PRICE|SHARE_VOLUME|AVG_DOLLAR_VOLUME|MEDIAN_DOLLAR_VOLUME,authID Inc. - Common Stock,NASDAQ
CNVS,2.16,116304.0,274217.0,251478.0,4.1,-20.88,5.26,False,PRICE|SHARE_VOLUME|AVG_DOLLAR_VOLUME|MEDIAN_DOLLAR_VOLUME,Cineverse Corp. - Class A Common Stock,NASDAQ
MSLE,9.45,28454.0,271985.0,231510.0,5.7,-3.62,9.15,False,SHARE_VOLUME|AVG_DOLLAR_VOLUME|MEDIAN_DOLLAR_VOLUME,Satellos Bioscience Inc. - Common Stock,NASDAQ
BRKH,10.0,27125.0,271040.0,3988.0,0.68,0.3,0.6,False,SHARE_VOLUME|AVG_DOLLAR_VOLUME|MEDIAN_DOLLAR_VOLUME|LOW_DAILY_RANGE,Burtech Acquisition Corp II - Class A Ordinary Shares,NASDAQ
SDHI,10.53,25733.0,270839.0,0.0,0.02,0.29,0.28,False,SHARE_VOLUME|AVG_DOLLAR_VOLUME|MEDIAN_DOLLAR_VOLUME|LOW_DAILY_RANGE,Siddhi Acquisition Corp - Class A Common stock,NASDAQ
PPSI,3.23,90332.0,270495.0,241788.0,5.5,15.12,7.53,False,PRICE|SHARE_VOLUME|AVG_DOLLAR_VOLUME|MEDIAN_DOLLAR_VOLUME,"Pioneer Power Solutions, Inc. - Common Stock",NASDAQ
SCNX,0.33,714769.0,270372.0,103924.0,6.87,-27.57,10.02,False,PRICE|SHARE_VOLUME|AVG_DOLLAR_VOLUME|MEDIAN_DOLLAR_VOLUME,"Scienture Holdings, Inc. - Common Stock",NASDAQ
SFBC,48.05,5608.0,270129.0,100110.0,1.04,2.21,1.53,False,SHARE_VOLUME|AVG_DOLLAR_VOLUME|MEDIAN_DOLLAR_VOLUME|LOW_DAILY_RANGE,"Sound Financial Bancorp, Inc. - Common Stock",NASDAQ
VPV,10.81,24347.0,269101.0,250065.0,1.12,-2.28,2.29,False,SHARE_VOLUME|AVG_DOLLAR_VOLUME|MEDIAN_DOLLAR_VOLUME|LOW_DAILY_RANGE,Invesco Pennsylvania Value Municipal Income Trust Common Stock (DE),NYSE
SBXE,10.11,26615.0,268519.0,8098.0,0.05,0.4,0.4,False,SHARE_VOLUME|AVG_DOLLAR_VOLUME|MEDIAN_DOLLAR_VOLUME|LOW_DAILY_RANGE,SilverBox Corp V Class A Ordinary Shares,NYSE
CSTE,2.83,82698.0,267399.0,197009.0,6.32,-14.24,17.65,False,PRICE|SHARE_VOLUME|AVG_DOLLAR_VOLUME|MEDIAN_DOLLAR_VOLUME,Caesarstone Ltd. - Ordinary Shares,NASDAQ
GRX,9.62,26563.0,266112.0,256274.0,1.18,-3.02,2.32,False,SHARE_VOLUME|AVG_DOLLAR_VOLUME|MEDIAN_DOLLAR_VOLUME|LOW_DAILY_RANGE,The Gabelli Healthcare & Wellness Trust Common Shares of Beneficial Interest,NYSE
FSP,0.34,685056.0,265485.0,155642.0,5.1,-33.0,8.89,False,PRICE|SHARE_VOLUME|AVG_DOLLAR_VOLUME|MEDIAN_DOLLAR_VOLUME,Franklin Street Properties Corp. Common Stock,NYSE American
CSAI,3.19,62224.0,265397.0,86941.0,8.56,-39.73,24.87,False,PRICE|SHARE_VOLUME|AVG_DOLLAR_VOLUME|MEDIAN_DOLLAR_VOLUME,"Cloudastructure, Inc. - Class A Common Stock",NASDAQ
LEE,7.47,33277.0,265388.0,271829.0,4.85,-7.2,5.05,False,SHARE_VOLUME|AVG_DOLLAR_VOLUME|MEDIAN_DOLLAR_VOLUME,"Lee Enterprises, Incorporated - Common Stock",NASDAQ
PAII,10.3,25642.0,263946.0,9769.0,0.02,0.39,0.2,False,SHARE_VOLUME|AVG_DOLLAR_VOLUME|MEDIAN_DOLLAR_VOLUME|LOW_DAILY_RANGE,Pyrophyte Acquisition Corp. II Class A Ordinary Shares,NYSE
AFRI,11.18,23856.0,263625.0,178593.0,4.25,6.43,6.27,False,SHARE_VOLUME|AVG_DOLLAR_VOLUME|MEDIAN_DOLLAR_VOLUME,Forafric Global PLC - Ordinary Shares,NASDAQ
OPTH,4.84,55982.0,263528.0,124808.0,5.86,1.36,7.69,False,PRICE|SHARE_VOLUME|AVG_DOLLAR_VOLUME|MEDIAN_DOLLAR_VOLUME,Optimi Health Corp. - Common Shares,NASDAQ
HAO,3.02,79968.0,263459.0,240645.0,10.65,-32.74,22.09,False,PRICE|SHARE_VOLUME|AVG_DOLLAR_VOLUME|MEDIAN_DOLLAR_VOLUME,Haoxi Health Technology Limited - Class A Ord Share,NASDAQ
COHN,10.3,23929.0,263265.0,139103.0,4.1,-13.88,3.59,False,SHARE_VOLUME|AVG_DOLLAR_VOLUME|MEDIAN_DOLLAR_VOLUME,Cohen & Company Inc.,NYSE American
ZYBT,1.36,142924.0,261834.0,62465.0,8.51,-11.11,84.37,False,PRICE|SHARE_VOLUME|AVG_DOLLAR_VOLUME|MEDIAN_DOLLAR_VOLUME,Zhengye Biotechnology Holding Limited - Class A Ordinary Shares,NASDAQ
IRAB,10.0,25997.0,259766.0,1502.0,0.11,0.7,0.8,False,SHARE_VOLUME|AVG_DOLLAR_VOLUME|MEDIAN_DOLLAR_VOLUME|LOW_DAILY_RANGE,Iris Acquisition Corp II Class A Ordinary Shares,NYSE
CVU,5.16,49238.0,259214.0,224956.0,3.79,-7.03,4.57,False,SHARE_VOLUME|AVG_DOLLAR_VOLUME|MEDIAN_DOLLAR_VOLUME,"CPI Aerostructures, Inc. Common Stock",NYSE American
NL,7.16,38951.0,259212.0,183135.0,3.34,11.81,9.57,False,SHARE_VOLUME|AVG_DOLLAR_VOLUME|MEDIAN_DOLLAR_VOLUME,"NLI Holdings, Inc. Common Stock",NYSE
JVA,4.14,68109.0,259036.0,120001.0,3.08,18.28,12.54,False,PRICE|SHARE_VOLUME|AVG_DOLLAR_VOLUME|MEDIAN_DOLLAR_VOLUME,"Coffee Holding Co., Inc. - Common Stock",NASDAQ
FNWB,10.18,23854.0,257895.0,181681.0,2.38,-10.7,1.97,False,SHARE_VOLUME|AVG_DOLLAR_VOLUME|MEDIAN_DOLLAR_VOLUME,First Northwest Bancorp - Common Stock,NASDAQ
RGS,27.93,9170.0,257042.0,143695.0,2.92,3.06,5.46,False,SHARE_VOLUME|AVG_DOLLAR_VOLUME|MEDIAN_DOLLAR_VOLUME,Regis Corporation - Common Stock,NASDAQ
BOLD,2.81,88669.0,255907.0,217933.0,3.41,-1.75,3.51,False,PRICE|SHARE_VOLUME|AVG_DOLLAR_VOLUME|MEDIAN_DOLLAR_VOLUME,"Boundless Bio, Inc. - Common Stock",NASDAQ
CGTL,3.73,59454.0,255775.0,133148.0,9.76,-23.57,19.84,False,PRICE|SHARE_VOLUME|AVG_DOLLAR_VOLUME|MEDIAN_DOLLAR_VOLUME,Creative Global Technology Holdings Limited - Class A Ordinary Shares,NASDAQ
SHOT,9.85,25920.0,254895.0,16253.0,0.11,0.2,0.3,False,SHARE_VOLUME|AVG_DOLLAR_VOLUME|MEDIAN_DOLLAR_VOLUME|LOW_DAILY_RANGE,RMG ML Sports Holdings - Class A Ordinary Shares,NASDAQ
CRWS,2.59,91814.0,253973.0,228549.0,3.28,-13.38,7.14,False,PRICE|SHARE_VOLUME|AVG_DOLLAR_VOLUME|MEDIAN_DOLLAR_VOLUME,"Crown Crafts, Inc. - Common Stock",NASDAQ
CEPS,10.35,24555.0,253948.0,0.0,0.03,-0.48,0.58,False,SHARE_VOLUME|AVG_DOLLAR_VOLUME|MEDIAN_DOLLAR_VOLUME|LOW_DAILY_RANGE,"Cantor Equity Partners VI, Inc. - Class A Ordinary Shares",NASDAQ
IEAG,10.26,24745.0,253517.0,2553.0,0.14,0.2,0.59,False,SHARE_VOLUME|AVG_DOLLAR_VOLUME|MEDIAN_DOLLAR_VOLUME|LOW_DAILY_RANGE,Infinite Eagle Acquisition Corp. - Class A Ordinary Shares,NASDAQ
BCDA,1.24,220608.0,251564.0,172194.0,6.76,26.53,10.19,False,PRICE|SHARE_VOLUME|AVG_DOLLAR_VOLUME|MEDIAN_DOLLAR_VOLUME,"BioCardia, Inc. - Common Stock",NASDAQ
SLNG,4.99,42387.0,249208.0,152263.0,8.58,-16.08,15.51,False,PRICE|SHARE_VOLUME|AVG_DOLLAR_VOLUME|MEDIAN_DOLLAR_VOLUME,"Stabilis Solutions, Inc. - Common Stock",NASDAQ
CPOP,3.28,754546.0,248330.0,112597.0,8.01,743.19,1290.04,False,PRICE|SHARE_VOLUME|AVG_DOLLAR_VOLUME|MEDIAN_DOLLAR_VOLUME,"Pop Culture Group Co., Ltd - Class A Ordinary Shares",NASDAQ
MLP,16.01,15484.0,248060.0,233178.0,3.58,-0.59,4.58,False,SHARE_VOLUME|AVG_DOLLAR_VOLUME|MEDIAN_DOLLAR_VOLUME,"Maui Land & Pineapple Company, Inc. Common Stock",NYSE
MMTX,10.18,24350.0,247903.0,45775.0,0.12,0.1,0.49,False,SHARE_VOLUME|AVG_DOLLAR_VOLUME|MEDIAN_DOLLAR_VOLUME|LOW_DAILY_RANGE,Miluna Acquisition Corp - Class A Ordinary Shares,NASDAQ
SKIN,0.67,367039.0,247464.0,248982.0,7.07,11.9,9.38,False,PRICE|SHARE_VOLUME|AVG_DOLLAR_VOLUME|MEDIAN_DOLLAR_VOLUME,SkinHealth Systems Inc. - Class A Common Stock,NASDAQ
MZYX,9.99,24775.0,247420.0,27897.0,0.17,0.2,0.4,False,SHARE_VOLUME|AVG_DOLLAR_VOLUME|MEDIAN_DOLLAR_VOLUME|LOW_DAILY_RANGE,MOZAYYX Acquisition Corp. Class A Ordinary Shares,NYSE
CALC,1.95,105029.0,246589.0,206159.0,9.55,-38.87,13.61,False,PRICE|SHARE_VOLUME|AVG_DOLLAR_VOLUME|MEDIAN_DOLLAR_VOLUME,"CalciMedica, Inc. - Common Stock",NASDAQ
USBC,0.45,536316.0,246093.0,157297.0,9.72,18.18,15.56,False,PRICE|SHARE_VOLUME|AVG_DOLLAR_VOLUME|MEDIAN_DOLLAR_VOLUME,"USBC, Inc. Common Stock",NYSE American
SLMT,3.26,60366.0,245883.0,161875.0,8.24,-18.42,14.61,False,PRICE|SHARE_VOLUME|AVG_DOLLAR_VOLUME|MEDIAN_DOLLAR_VOLUME,Brera Holdings PLC - Class B Ordinary Shares,NASDAQ
HCMA,10.32,23890.0,245826.0,0.0,0.04,0.0,0.39,False,SHARE_VOLUME|AVG_DOLLAR_VOLUME|MEDIAN_DOLLAR_VOLUME|LOW_DAILY_RANGE,HCM III Acquisition Corp. - Class A Ordinary Share,NASDAQ
TVE,23.4,10464.0,245641.0,215170.0,0.48,-0.51,0.73,False,SHARE_VOLUME|AVG_DOLLAR_VOLUME|MEDIAN_DOLLAR_VOLUME|LOW_DAILY_RANGE,Tennessee Valley Authority,NYSE
SCOR,4.98,48238.0,245414.0,229691.0,8.87,-7.78,6.29,False,PRICE|SHARE_VOLUME|AVG_DOLLAR_VOLUME|MEDIAN_DOLLAR_VOLUME,"comScore, Inc. - Common Stock",NASDAQ
WATR,1.72,109819.0,245349.0,243830.0,12.35,-39.33,28.61,False,PRICE|SHARE_VOLUME|AVG_DOLLAR_VOLUME|MEDIAN_DOLLAR_VOLUME,Air Water Ventures Limited - Ordinary Shares,NASDAQ
EOCN,3.56,55645.0,244481.0,58580.0,10.42,-20.54,21.05,False,PRICE|SHARE_VOLUME|AVG_DOLLAR_VOLUME|MEDIAN_DOLLAR_VOLUME,Eocene Ltd. - Ordinary Shares,NASDAQ
PLSM,2.34,96296.0,244314.0,90757.0,9.34,-18.47,6.5,False,PRICE|SHARE_VOLUME|AVG_DOLLAR_VOLUME|MEDIAN_DOLLAR_VOLUME,Pulsenmore Ltd. - Ordinary Shares,NASDAQ
VLT,9.41,25191.0,243964.0,191566.0,0.68,-4.96,0.71,False,SHARE_VOLUME|AVG_DOLLAR_VOLUME|MEDIAN_DOLLAR_VOLUME|LOW_DAILY_RANGE,Invesco High Income Trust II,NYSE
NRDY,9.04,24994.0,243548.0,246739.0,4.65,-7.85,6.24,False,SHARE_VOLUME|AVG_DOLLAR_VOLUME|MEDIAN_DOLLAR_VOLUME,Nerdy Inc. Class A Common Stock,NYSE
IGC,0.27,800519.0,242301.0,167313.0,4.59,-3.11,10.71,False,PRICE|SHARE_VOLUME|AVG_DOLLAR_VOLUME|MEDIAN_DOLLAR_VOLUME,"IGC Pharma, Inc. Common Stock",NYSE American
NRSN,6.81,503744.0,242043.0,85284.0,16.35,1476.39,1925.94,False,SHARE_VOLUME|AVG_DOLLAR_VOLUME|MEDIAN_DOLLAR_VOLUME,NeuroSense Therapeutics Ltd. - Ordinary Shares,NASDAQ
KRSP,10.53,22950.0,241993.0,12150.0,0.69,0.48,0.86,False,SHARE_VOLUME|AVG_DOLLAR_VOLUME|MEDIAN_DOLLAR_VOLUME|LOW_DAILY_RANGE,Rice Acquisition Corporation 3 Class A Ordinary Shares,NYSE
TELA,1.14,306164.0,240491.0,109342.0,10.59,77.65,9.76,False,PRICE|SHARE_VOLUME|AVG_DOLLAR_VOLUME|MEDIAN_DOLLAR_VOLUME,"TELA Bio, Inc. - Common stock",NASDAQ
VIVS,0.26,866617.0,240194.0,114534.0,6.13,-6.54,42.42,False,PRICE|SHARE_VOLUME|AVG_DOLLAR_VOLUME|MEDIAN_DOLLAR_VOLUME,"VivoSim Labs, Inc. - Common Stock",NASDAQ
HCTI,0.7,279473.0,239028.0,115924.0,7.84,-34.25,39.52,False,PRICE|SHARE_VOLUME|AVG_DOLLAR_VOLUME|MEDIAN_DOLLAR_VOLUME,"Healthcare Triangle, Inc. - Common Stock",NASDAQ
RKTO,0.83,324979.0,238028.0,156917.0,5.89,8.64,12.32,False,PRICE|SHARE_VOLUME|AVG_DOLLAR_VOLUME|MEDIAN_DOLLAR_VOLUME,Rocket One Inc. - Common Stock,NASDAQ
ORKT,1.01,234910.0,237340.0,108927.0,8.44,-0.47,11.0,False,PRICE|SHARE_VOLUME|AVG_DOLLAR_VOLUME|MEDIAN_DOLLAR_VOLUME,Orangekloud Technology Inc. - Class A Ordinary Shares,NASDAQ
EZRA,2.67,82724.0,236158.0,139439.0,8.25,15.8,21.04,False,PRICE|SHARE_VOLUME|AVG_DOLLAR_VOLUME|MEDIAN_DOLLAR_VOLUME,"Reliance Global Group, Inc. - Common Stock",NASDAQ
CUPR,1.74,101797.0,235909.0,38469.0,8.52,-41.58,20.54,False,PRICE|SHARE_VOLUME|AVG_DOLLAR_VOLUME|MEDIAN_DOLLAR_VOLUME,Cuprina Holdings (Cayman) Limited - Class A Ordinary shares,NASDAQ
BMN,24.01,9341.0,234850.0,166630.0,2.15,-5.48,4.52,False,SHARE_VOLUME|AVG_DOLLAR_VOLUME|MEDIAN_DOLLAR_VOLUME,BlackRock 2037 Municipal Target Term Trust Common Shares of Beneficial Interest,NYSE
EDBL,1.41,161156.0,234684.0,127808.0,5.46,-10.19,6.16,False,PRICE|SHARE_VOLUME|AVG_DOLLAR_VOLUME|MEDIAN_DOLLAR_VOLUME,Edible Garden AG Incorporated - Common Stock,NASDAQ
TVC,23.83,9786.0,234285.0,203104.0,0.54,-0.53,0.5,False,SHARE_VOLUME|AVG_DOLLAR_VOLUME|MEDIAN_DOLLAR_VOLUME|LOW_DAILY_RANGE,Tennessee Valley Authority Common Stock,NYSE
BODI,5.02,39908.0,234261.0,220718.0,5.75,-18.11,7.66,False,SHARE_VOLUME|AVG_DOLLAR_VOLUME|MEDIAN_DOLLAR_VOLUME,"The Beachbody Company, Inc. - Class A Common Stock",NASDAQ
HUHU,4.1,54332.0,233920.0,124776.0,7.0,-14.05,10.22,False,PRICE|SHARE_VOLUME|AVG_DOLLAR_VOLUME|MEDIAN_DOLLAR_VOLUME,HUHUTECH International Group Inc. - Ordinary Shares,NASDAQ
AAME,1.34,166375.0,233913.0,47549.0,6.6,-4.29,20.77,False,PRICE|SHARE_VOLUME|AVG_DOLLAR_VOLUME|MEDIAN_DOLLAR_VOLUME,Atlantic American Corporation - Common Stock,NASDAQ
OMEX,0.7,277360.0,233391.0,206255.0,6.16,-17.06,17.55,False,PRICE|SHARE_VOLUME|AVG_DOLLAR_VOLUME|MEDIAN_DOLLAR_VOLUME,"Odyssey Marine Exploration, Inc. - Common Stock",NASDAQ
SVIV,10.18,22810.0,232404.0,3054.0,0.05,-0.2,0.2,False,SHARE_VOLUME|AVG_DOLLAR_VOLUME|MEDIAN_DOLLAR_VOLUME|LOW_DAILY_RANGE,Spring Valley Acquisition Corp. IV - Class A Ordinary Shares,NASDAQ
ADAC,10.09,22990.0,231969.0,1009.0,0.11,-0.1,0.1,False,SHARE_VOLUME|AVG_DOLLAR_VOLUME|MEDIAN_DOLLAR_VOLUME|LOW_DAILY_RANGE,American Drive Acquisition Company - Class A Ordinary Shares,NASDAQ
QXL,5.16,48318.0,231915.0,130764.0,7.02,16.48,13.57,False,SHARE_VOLUME|AVG_DOLLAR_VOLUME|MEDIAN_DOLLAR_VOLUME,Quantum X Labs Inc. - Common Stock,NASDAQ
ERNA,3.89,53574.0,231741.0,109616.0,8.8,-8.47,7.6,False,PRICE|SHARE_VOLUME|AVG_DOLLAR_VOLUME|MEDIAN_DOLLAR_VOLUME,Ernexa Therapeutics Inc. - Common Stock,NASDAQ
BRAI,5.55,41594.0,230904.0,116179.0,5.83,2.4,6.39,False,SHARE_VOLUME|AVG_DOLLAR_VOLUME|MEDIAN_DOLLAR_VOLUME,Braiin Limited - Common Stock,NASDAQ
ROLR,6.31,37508.0,230302.0,216367.0,5.3,12.28,11.13,False,SHARE_VOLUME|AVG_DOLLAR_VOLUME|MEDIAN_DOLLAR_VOLUME,"High Roller Technologies, Inc. Common Stock",NYSE American
SNWV,4.09,50829.0,230136.0,214233.0,5.62,-18.79,4.64,False,PRICE|SHARE_VOLUME|AVG_DOLLAR_VOLUME|MEDIAN_DOLLAR_VOLUME,"SANUWAVE Health, Inc. - Common Stock",NASDAQ
PAMT,12.82,18740.0,229841.0,209744.0,6.97,8.41,6.56,False,SHARE_VOLUME|AVG_DOLLAR_VOLUME|MEDIAN_DOLLAR_VOLUME,PAMT CORP - Common Stock,NASDAQ
ALIS,10.29,22258.0,228668.0,25002.0,0.24,0.83,0.58,False,SHARE_VOLUME|AVG_DOLLAR_VOLUME|MEDIAN_DOLLAR_VOLUME|LOW_DAILY_RANGE,Calisa Acquisition Corp - Ordinary shares,NASDAQ
FERA,10.52,21740.0,228555.0,10495.0,0.03,0.48,0.48,False,SHARE_VOLUME|AVG_DOLLAR_VOLUME|MEDIAN_DOLLAR_VOLUME|LOW_DAILY_RANGE,Fifth Era Acquisition Corp I - Class A Ordinary Shares,NASDAQ
DYNC,10.9,20953.0,228068.0,88047.0,0.24,0.14,0.74,False,SHARE_VOLUME|AVG_DOLLAR_VOLUME|MEDIAN_DOLLAR_VOLUME|LOW_DAILY_RANGE,Dynamix Corporation - Class A Ordinary Share,NASDAQ
MYX,9.99,22820.0,227958.0,0.0,0.03,0.2,0.5,False,SHARE_VOLUME|AVG_DOLLAR_VOLUME|MEDIAN_DOLLAR_VOLUME|LOW_DAILY_RANGE,Maywood Acquisition Corp. 2 - Class A Ordinary Share,NASDAQ
GRAN,0.96,211199.0,227859.0,10875.0,9.39,-31.88,11.9,False,PRICE|SHARE_VOLUME|AVG_DOLLAR_VOLUME|MEDIAN_DOLLAR_VOLUME,Grande Group Limited - Class A Ordinary Shares,NASDAQ
RDI,2.03,108339.0,226756.0,187403.0,6.81,16.0,10.38,False,PRICE|SHARE_VOLUME|AVG_DOLLAR_VOLUME|MEDIAN_DOLLAR_VOLUME,Reading International Inc - Class A Non-voting Common Stock,NASDAQ
SPKL,11.59,19577.0,226504.0,154898.0,0.39,0.3,0.43,False,SHARE_VOLUME|AVG_DOLLAR_VOLUME|MEDIAN_DOLLAR_VOLUME|LOW_DAILY_RANGE,Spark I Acquisition Corp. - Class A Ordinary Share,NASDAQ
TOPP,0.15,1415293.0,226382.0,107563.0,12.19,-29.59,11.58,False,PRICE|AVG_DOLLAR_VOLUME|MEDIAN_DOLLAR_VOLUME,Toppoint Holdings Inc. Common Stock,NYSE American
ELBM,0.55,388518.0,225923.0,203909.0,5.6,-5.55,9.37,False,PRICE|SHARE_VOLUME|AVG_DOLLAR_VOLUME|MEDIAN_DOLLAR_VOLUME,Electra Battery Materials Corporation - Common Stock,NASDAQ
ALZN,1.83,135633.0,225742.0,183195.0,6.13,20.66,7.24,False,PRICE|SHARE_VOLUME|AVG_DOLLAR_VOLUME|MEDIAN_DOLLAR_VOLUME,"Alzamend Neuro, Inc. - Common Stock",NASDAQ
MWYN,0.98,189722.0,225272.0,94070.0,11.0,-7.93,20.91,False,PRICE|SHARE_VOLUME|AVG_DOLLAR_VOLUME|MEDIAN_DOLLAR_VOLUME,"Marwynn Holdings, Inc. - Common stock",NASDAQ
FMAC,10.06,22330.0,225074.0,0.0,0.0,0.4,0.3,False,SHARE_VOLUME|AVG_DOLLAR_VOLUME|MEDIAN_DOLLAR_VOLUME|LOW_DAILY_RANGE,Future Money Acquisition Corporation - Ordinary Shares,NASDAQ
APLM,22.1,9003.0,224541.0,151290.0,6.84,-7.59,34.72,False,SHARE_VOLUME|AVG_DOLLAR_VOLUME|MEDIAN_DOLLAR_VOLUME,Apollomics Inc. - Class A Ordinary Shares,NASDAQ
SVCC,10.69,21000.0,224024.0,21852.0,0.03,0.56,0.19,False,SHARE_VOLUME|AVG_DOLLAR_VOLUME|MEDIAN_DOLLAR_VOLUME|LOW_DAILY_RANGE,Stellar V Capital Corp. - Class A Ordinary Shares,NASDAQ
AXIL,5.9,35393.0,223608.0,144331.0,6.14,-11.28,5.56,False,SHARE_VOLUME|AVG_DOLLAR_VOLUME|MEDIAN_DOLLAR_VOLUME,"AXIL Brands, Inc. Common Stock",NYSE American
PNBK,0.94,217128.0,222824.0,189575.0,6.05,-10.95,4.67,False,PRICE|SHARE_VOLUME|AVG_DOLLAR_VOLUME|MEDIAN_DOLLAR_VOLUME,Patriot National Bancorp Inc. - Common Stock,NASDAQ
LRHC,2.46,364324.0,222582.0,95716.0,8.58,307.28,481.78,False,PRICE|SHARE_VOLUME|AVG_DOLLAR_VOLUME|MEDIAN_DOLLAR_VOLUME,La Rosa Holdings Corp. - Common Stock,NASDAQ
IGI,15.47,14214.0,222389.0,140716.0,1.76,-2.59,1.1,False,SHARE_VOLUME|AVG_DOLLAR_VOLUME|MEDIAN_DOLLAR_VOLUME|LOW_DAILY_RANGE,Western Asset Investment Grade Opportunity Trust Inc. Common Stock,NYSE
MSGY,2.18,99610.0,222231.0,90781.0,9.99,-12.6,48.36,False,PRICE|SHARE_VOLUME|AVG_DOLLAR_VOLUME|MEDIAN_DOLLAR_VOLUME,Masonglory Limited - Class A Ordinary Shares,NASDAQ
TVRD,1.78,120823.0,221956.0,189849.0,5.55,-6.32,7.74,False,PRICE|SHARE_VOLUME|AVG_DOLLAR_VOLUME|MEDIAN_DOLLAR_VOLUME,"Tvardi Therapeutics, Inc. - Common Stock",NASDAQ
PARA,0.96,185880.0,221421.0,160272.0,9.3,-29.21,7.91,False,PRICE|SHARE_VOLUME|AVG_DOLLAR_VOLUME|MEDIAN_DOLLAR_VOLUME,"Banzai International, Inc. - Class A Common Stock",NASDAQ
PCAP,10.37,21348.0,221198.0,10357.0,0.04,0.34,0.19,False,SHARE_VOLUME|AVG_DOLLAR_VOLUME|MEDIAN_DOLLAR_VOLUME|LOW_DAILY_RANGE,ProCap Acquisition Corp - Class A Ordinary Shares,NASDAQ
GNPX,3.35,59206.0,221029.0,147828.0,5.6,-15.08,6.68,False,PRICE|SHARE_VOLUME|AVG_DOLLAR_VOLUME|MEDIAN_DOLLAR_VOLUME,"Genprex, Inc. - Common Stock",NASDAQ
KLRS,3.21,58898.0,220975.0,208782.0,5.97,-20.35,5.15,False,PRICE|SHARE_VOLUME|AVG_DOLLAR_VOLUME|MEDIAN_DOLLAR_VOLUME,"Kalaris Therapeutics, Inc.  - Common Stock",NASDAQ
HMR,1.67,140138.0,218956.0,69298.0,8.98,20.14,23.78,False,PRICE|SHARE_VOLUME|AVG_DOLLAR_VOLUME|MEDIAN_DOLLAR_VOLUME,Heidmar Maritime Holdings Corp. - Common Stock,NASDAQ
BOSC,4.8,46696.0,217861.0,184860.0,3.11,4.12,3.53,False,PRICE|SHARE_VOLUME|AVG_DOLLAR_VOLUME|MEDIAN_DOLLAR_VOLUME,B.O.S. Better Online Solutions - Ordinary Shares,NASDAQ
IDAC,10.0,21745.0,217451.0,1499.0,0.07,0.2,0.5,False,SHARE_VOLUME|AVG_DOLLAR_VOLUME|MEDIAN_DOLLAR_VOLUME|LOW_DAILY_RANGE,Iron Dome Acquisition I Corp. - Class A Ordinary Shares,NASDAQ
PHIO,1.0,193691.0,216994.0,152770.0,5.54,-4.29,9.52,False,PRICE|SHARE_VOLUME|AVG_DOLLAR_VOLUME|MEDIAN_DOLLAR_VOLUME,Phio Pharmaceuticals Corp. - Common Stock,NASDAQ
CPSS,9.4,23360.0,216328.0,197830.0,4.14,2.62,6.7,False,SHARE_VOLUME|AVG_DOLLAR_VOLUME|MEDIAN_DOLLAR_VOLUME,"Consumer Portfolio Services, Inc. - Common Stock",NASDAQ
BIOX,0.41,503909.0,216100.0,64463.0,10.63,-1.03,13.16,False,PRICE|SHARE_VOLUME|AVG_DOLLAR_VOLUME|MEDIAN_DOLLAR_VOLUME,Bioceres Crop Solutions Corp. - Ordinary Shares,NASDAQ
PHAR,10.65,19124.0,215831.0,184568.0,3.48,-10.58,7.75,False,SHARE_VOLUME|AVG_DOLLAR_VOLUME|MEDIAN_DOLLAR_VOLUME,"Pharming Group N.V. - ADS, each representing 10 ordinary shares",NASDAQ
CAAS,5.19,41096.0,215392.0,111691.0,4.84,12.58,12.18,False,SHARE_VOLUME|AVG_DOLLAR_VOLUME|MEDIAN_DOLLAR_VOLUME,"China Automotive Systems, Inc. - Ordinary Share",NASDAQ
SNFCA,8.74,24406.0,214871.0,201619.0,2.47,1.99,3.85,False,SHARE_VOLUME|AVG_DOLLAR_VOLUME|MEDIAN_DOLLAR_VOLUME,Security National Financial Corporation - Class A Common Stock,NASDAQ
SGU,12.75,16825.0,214485.0,147747.0,1.36,1.76,0.96,False,SHARE_VOLUME|AVG_DOLLAR_VOLUME|MEDIAN_DOLLAR_VOLUME|LOW_DAILY_RANGE,Star Group L.P. Common Stock,NYSE
ULBI,5.51,34681.0,214327.0,189597.0,4.45,-22.57,19.36,False,SHARE_VOLUME|AVG_DOLLAR_VOLUME|MEDIAN_DOLLAR_VOLUME,Ultralife Corporation - Common Stock,NASDAQ
SCLX,5.23,39296.0,214316.0,175973.0,6.16,-17.51,6.44,False,SHARE_VOLUME|AVG_DOLLAR_VOLUME|MEDIAN_DOLLAR_VOLUME,Scilex Holding Company - Common Stock,NASDAQ
FGII,10.02,21340.0,213256.0,10015.0,0.02,0.3,0.2,False,SHARE_VOLUME|AVG_DOLLAR_VOLUME|MEDIAN_DOLLAR_VOLUME|LOW_DAILY_RANGE,FG Imperii Acquisition Corp. - Class A Ordinary Shares,NASDAQ
NSYS,11.5,18301.0,212223.0,127922.0,4.85,-5.74,7.75,False,SHARE_VOLUME|AVG_DOLLAR_VOLUME|MEDIAN_DOLLAR_VOLUME,Nortech Systems Incorporated - Common Stock,NASDAQ
QUMS,10.34,20535.0,212010.0,2066.0,0.02,0.24,0.1,False,SHARE_VOLUME|AVG_DOLLAR_VOLUME|MEDIAN_DOLLAR_VOLUME|LOW_DAILY_RANGE,Quantumsphere Acquisition Corp. - Ordinary Shares,NASDAQ
EURK,11.49,18321.0,211646.0,52562.0,1.54,-4.09,1.88,False,SHARE_VOLUME|AVG_DOLLAR_VOLUME|MEDIAN_DOLLAR_VOLUME|LOW_DAILY_RANGE,Eureka Acquisition Corp - Class A Ordinary Share,NASDAQ
SPMC,9.44,22527.0,210698.0,168526.0,2.61,4.94,3.89,False,SHARE_VOLUME|AVG_DOLLAR_VOLUME|MEDIAN_DOLLAR_VOLUME,"Sound Point Meridian Capital, Inc. Common Stock",NYSE
FLNA,0.68,252084.0,210136.0,203187.0,5.87,-22.37,11.49,False,PRICE|SHARE_VOLUME|AVG_DOLLAR_VOLUME|MEDIAN_DOLLAR_VOLUME,"Filana Therapeutics, Inc. - Common Stock",NASDAQ
FUFU,1.26,147783.0,209829.0,140992.0,7.61,-2.33,13.28,False,PRICE|SHARE_VOLUME|AVG_DOLLAR_VOLUME|MEDIAN_DOLLAR_VOLUME,BitFuFu Inc. - Class A Ordinary Shares,NASDAQ
ADSE,11.21,18172.0,208628.0,127320.0,3.87,-6.51,3.89,False,SHARE_VOLUME|AVG_DOLLAR_VOLUME|MEDIAN_DOLLAR_VOLUME,ADS-TEC ENERGY PLC - Ordinary Shares,NASDAQ
PBFS,18.1,11630.0,208446.0,197663.0,2.54,4.77,3.21,False,SHARE_VOLUME|AVG_DOLLAR_VOLUME|MEDIAN_DOLLAR_VOLUME,"Pioneer Bancorp, Inc. - Common Stock",NASDAQ
TWLV,10.07,20715.0,208387.0,0.0,0.03,0.2,0.8,False,SHARE_VOLUME|AVG_DOLLAR_VOLUME|MEDIAN_DOLLAR_VOLUME|LOW_DAILY_RANGE,Twelve Seas Investment Company III - Class A Ordinary Shares,NASDAQ
DYOR,10.13,20570.0,208297.0,0.0,0.02,0.3,0.29,False,SHARE_VOLUME|AVG_DOLLAR_VOLUME|MEDIAN_DOLLAR_VOLUME|LOW_DAILY_RANGE,Insight Digital Partners II - Class A Ordinary Shares,NASDAQ
LND,3.59,55284.0,208180.0,190965.0,2.35,0.28,3.05,False,PRICE|SHARE_VOLUME|AVG_DOLLAR_VOLUME|MEDIAN_DOLLAR_VOLUME,Brasilagro Brazilian Agric Real Estate Co Sponsored ADR (Brazil),NYSE
PTAC,9.96,20897.0,208019.0,999.0,0.07,0.3,0.4,False,SHARE_VOLUME|AVG_DOLLAR_VOLUME|MEDIAN_DOLLAR_VOLUME|LOW_DAILY_RANGE,Patriot Acquisition Corp. - Class A Ordinary Shares,NASDAQ
NPAC,10.48,19801.0,207336.0,16250.0,0.06,-0.01,0.49,False,SHARE_VOLUME|AVG_DOLLAR_VOLUME|MEDIAN_DOLLAR_VOLUME|LOW_DAILY_RANGE,New Providence Acquisition Corp. III - Ordinary Shares,NASDAQ
RPT,11.96,16031.0,205295.0,166121.0,2.32,-8.07,2.64,False,SHARE_VOLUME|AVG_DOLLAR_VOLUME|MEDIAN_DOLLAR_VOLUME,Rithm Property Trust Inc. Common stock,NYSE
SPPL,2.18,98247.0,204964.0,206433.0,10.24,-7.63,16.49,False,PRICE|SHARE_VOLUME|AVG_DOLLAR_VOLUME|MEDIAN_DOLLAR_VOLUME,SIMPPLE LTD. - Ordinary Shares,NASDAQ
MGRX,0.44,506572.0,204872.0,171959.0,8.57,-5.34,23.71,False,PRICE|SHARE_VOLUME|AVG_DOLLAR_VOLUME|MEDIAN_DOLLAR_VOLUME,"Mangoceuticals, Inc. - Common Stock",NASDAQ
GITS,2.17,117657.0,204800.0,86064.0,9.06,30.72,26.64,False,PRICE|SHARE_VOLUME|AVG_DOLLAR_VOLUME|MEDIAN_DOLLAR_VOLUME,"Global Interactive Technologies, Inc. Common Stock - Common Stock",NASDAQ
QLEP,10.0,20465.0,204563.0,8513.0,0.25,0.1,0.5,False,SHARE_VOLUME|AVG_DOLLAR_VOLUME|MEDIAN_DOLLAR_VOLUME|LOW_DAILY_RANGE,Quantum Leap Acquisition Corp Class A Ordinary Shares,NYSE
SOTK,4.42,41807.0,204288.0,155859.0,6.07,-15.81,8.59,False,PRICE|SHARE_VOLUME|AVG_DOLLAR_VOLUME|MEDIAN_DOLLAR_VOLUME,Sono-Tek Corporation - Common Stock,NASDAQ
MDXH,0.67,279156.0,204065.0,185698.0,6.66,-10.4,74.89,False,PRICE|SHARE_VOLUME|AVG_DOLLAR_VOLUME|MEDIAN_DOLLAR_VOLUME,MDxHealth SA - Ordinary Shares,NASDAQ
LIMN,3.41,45546.0,203903.0,148731.0,8.67,-47.46,37.61,False,PRICE|SHARE_VOLUME|AVG_DOLLAR_VOLUME|MEDIAN_DOLLAR_VOLUME,"Liminatus Pharma, Inc. - Class A Common Stock",NASDAQ
PXLW,6.8,29312.0,203373.0,205401.0,3.67,4.13,10.47,False,SHARE_VOLUME|AVG_DOLLAR_VOLUME|MEDIAN_DOLLAR_VOLUME,"Pixelworks, Inc. - Common Stock",NASDAQ
VIP,1.86,111588.0,202815.0,144782.0,5.75,3.63,6.55,False,PRICE|SHARE_VOLUME|AVG_DOLLAR_VOLUME|MEDIAN_DOLLAR_VOLUME,Vulcan Infrastructure and Power Inc. - Class A Common Stock,NASDAQ
MNOV,2.46,102465.0,202381.0,100525.0,5.76,83.58,21.78,False,PRICE|SHARE_VOLUME|AVG_DOLLAR_VOLUME|MEDIAN_DOLLAR_VOLUME,"MediciNova, Inc. - Common Stock",NASDAQ
FURY,0.56,327816.0,202323.0,138542.0,4.97,-7.13,8.11,False,PRICE|SHARE_VOLUME|AVG_DOLLAR_VOLUME|MEDIAN_DOLLAR_VOLUME,Fury Gold Mines Limited Common Shares,NYSE American
ECBK,21.17,9667.0,202004.0,161793.0,2.19,2.07,3.02,False,SHARE_VOLUME|AVG_DOLLAR_VOLUME|MEDIAN_DOLLAR_VOLUME,"ECB Bancorp, Inc. - Common Stock",NASDAQ
ICCC,9.65,20336.0,201913.0,143354.0,3.11,-1.18,3.79,False,SHARE_VOLUME|AVG_DOLLAR_VOLUME|MEDIAN_DOLLAR_VOLUME,ImmuCell Corporation - Common Stock,NASDAQ
RENX,1.64,106610.0,201774.0,157766.0,6.52,-13.02,6.18,False,PRICE|SHARE_VOLUME|AVG_DOLLAR_VOLUME|MEDIAN_DOLLAR_VOLUME,RenX Enterprises Corp. - Common Stock,NASDAQ
SKYE,1.85,97977.0,201272.0,136749.0,11.36,-35.58,18.62,False,PRICE|SHARE_VOLUME|AVG_DOLLAR_VOLUME|MEDIAN_DOLLAR_VOLUME,"Skye Bioscience, Inc. - Common Stock",NASDAQ
PIII,7.99,21904.0,200648.0,147196.0,5.27,-25.77,10.79,False,SHARE_VOLUME|AVG_DOLLAR_VOLUME|MEDIAN_DOLLAR_VOLUME,P3 Health Partners Inc. - Class A Common Stock,NASDAQ
OPAD,3.56,47855.0,199977.0,164797.0,6.4,-13.38,5.74,False,PRICE|SHARE_VOLUME|AVG_DOLLAR_VOLUME|MEDIAN_DOLLAR_VOLUME,Offerpad Solutions Inc.  - Class A Common Stock,NASDAQ
CITR,4.96,34420.0,199925.0,127583.0,7.62,-17.88,14.43,False,PRICE|SHARE_VOLUME|AVG_DOLLAR_VOLUME|MEDIAN_DOLLAR_VOLUME,CitroTech Inc. Common Stock,NYSE American
CEV,10.27,19051.0,199200.0,190230.0,1.6,-3.14,2.05,False,SHARE_VOLUME|AVG_DOLLAR_VOLUME|MEDIAN_DOLLAR_VOLUME|LOW_DAILY_RANGE,Eaton Vance California Municipal Income Trust Shares of Beneficial Interest,NYSE American
PLMK,10.72,18470.0,198314.0,6430.0,0.42,1.37,1.61,False,SHARE_VOLUME|AVG_DOLLAR_VOLUME|MEDIAN_DOLLAR_VOLUME|LOW_DAILY_RANGE,Plum Acquisition Corp. IV - Class A Ordinary Shares,NASDAQ
QRED,10.04,19711.0,197849.0,66766.0,0.03,0.4,0.2,False,SHARE_VOLUME|AVG_DOLLAR_VOLUME|MEDIAN_DOLLAR_VOLUME|LOW_DAILY_RANGE,QuasarEdge Acquisition Corporation Ordinary Shares,NYSE
MGX,1.16,166637.0,197303.0,160377.0,3.69,-4.05,2.59,False,PRICE|SHARE_VOLUME|AVG_DOLLAR_VOLUME|MEDIAN_DOLLAR_VOLUME,"Metagenomi Therapeutics, Inc. - Common Stock",NASDAQ
DRIO,6.76,27667.0,197248.0,132193.0,7.55,-5.85,11.5,False,SHARE_VOLUME|AVG_DOLLAR_VOLUME|MEDIAN_DOLLAR_VOLUME,DarioHealth Corp. - Common Stock,NASDAQ
NSTS,14.06,14045.0,197216.0,100114.0,0.38,1.15,1.02,False,SHARE_VOLUME|AVG_DOLLAR_VOLUME|MEDIAN_DOLLAR_VOLUME|LOW_DAILY_RANGE,"NSTS Bancorp, Inc. - Common Stock",NASDAQ
PRHI,8.19,25616.0,196929.0,70140.0,14.06,31.46,28.97,False,SHARE_VOLUME|AVG_DOLLAR_VOLUME|MEDIAN_DOLLAR_VOLUME,"Presurance Holdings, Inc. - Common Stock",NASDAQ
INTZ,0.77,249097.0,195669.0,112965.0,9.44,23.0,17.39,False,PRICE|SHARE_VOLUME|AVG_DOLLAR_VOLUME|MEDIAN_DOLLAR_VOLUME,Intrusion Inc. - Common Stock,NASDAQ
IOTR,1.77,80610.0,195523.0,18338.0,8.9,-29.48,11.44,False,PRICE|SHARE_VOLUME|AVG_DOLLAR_VOLUME|MEDIAN_DOLLAR_VOLUME,iOThree Limited - Ordinary Shares,NASDAQ
MBAI,6.42,29139.0,195335.0,157432.0,5.19,-23.21,13.04,False,SHARE_VOLUME|AVG_DOLLAR_VOLUME|MEDIAN_DOLLAR_VOLUME,MBody AI Ltd. - Ordinary Share,NASDAQ
REED,0.86,209386.0,193957.0,13995.0,17.67,-26.1,16.3,False,PRICE|SHARE_VOLUME|AVG_DOLLAR_VOLUME|MEDIAN_DOLLAR_VOLUME,"Reed's, Inc. Common Stock",NYSE American
TORO,6.28,30474.0,193505.0,125333.0,4.87,12.54,6.63,False,SHARE_VOLUME|AVG_DOLLAR_VOLUME|MEDIAN_DOLLAR_VOLUME,Toro Corp. - Common stock,NASDAQ
MATH,1.0,196226.0,193454.0,27237.0,12.67,26.59,17.05,False,PRICE|SHARE_VOLUME|AVG_DOLLAR_VOLUME|MEDIAN_DOLLAR_VOLUME,Metalpha Technology Holding Limited - Ordinary Shares,NASDAQ
ARCL,10.0,19330.0,193278.0,10473.0,0.17,0.3,0.5,False,SHARE_VOLUME|AVG_DOLLAR_VOLUME|MEDIAN_DOLLAR_VOLUME|LOW_DAILY_RANGE,ARC Group Acquisition I Corp - Class A Ordinary Shares,NASDAQ
ACGC,10.07,19157.0,192836.0,0.0,0.02,0.75,0.35,False,SHARE_VOLUME|AVG_DOLLAR_VOLUME|MEDIAN_DOLLAR_VOLUME|LOW_DAILY_RANGE,ACP Holdings Acquisition Corp. - Class A Ordinary Shares,NASDAQ
DWTX,1.79,81491.0,192129.0,163197.0,9.92,-16.38,14.22,False,PRICE|SHARE_VOLUME|AVG_DOLLAR_VOLUME|MEDIAN_DOLLAR_VOLUME,"Dogwood Therapeutics, Inc.  - Common Stock",NASDAQ
WOK,1.8,87789.0,192067.0,125837.0,5.55,-17.95,6.98,False,PRICE|SHARE_VOLUME|AVG_DOLLAR_VOLUME|MEDIAN_DOLLAR_VOLUME,WORK Medical Technology Group LTD - Class A Ordinary Shares,NASDAQ
PLUN,10.07,19055.0,191717.0,1505.0,0.02,0.7,0.3,False,SHARE_VOLUME|AVG_DOLLAR_VOLUME|MEDIAN_DOLLAR_VOLUME|LOW_DAILY_RANGE,Plutonian Acquisition Corp II Class A Ordinary Shares,NYSE
CVM,1.49,122270.0,190982.0,143461.0,6.28,-6.29,11.76,False,PRICE|SHARE_VOLUME|AVG_DOLLAR_VOLUME|MEDIAN_DOLLAR_VOLUME,Cel-Sci Corporation Common Stock,NYSE American
SCWO,3.19,64320.0,190752.0,134531.0,7.49,27.61,9.72,False,PRICE|SHARE_VOLUME|AVG_DOLLAR_VOLUME|MEDIAN_DOLLAR_VOLUME,374Water Inc. - common stock,NASDAQ
GTEC,1.1,195717.0,190654.0,176192.0,9.06,35.19,15.34,False,PRICE|SHARE_VOLUME|AVG_DOLLAR_VOLUME|MEDIAN_DOLLAR_VOLUME,Greenland Technologies Holding Corporation - Class A Ordinary Shares,NASDAQ
AGIG,1.19,183780.0,189646.0,154651.0,7.43,29.35,6.02,False,PRICE|SHARE_VOLUME|AVG_DOLLAR_VOLUME|MEDIAN_DOLLAR_VOLUME,Abundia Global Impact Group Inc. Common stock,NYSE American
CRIS,1.12,135694.0,188822.0,171338.0,8.32,-34.41,11.98,False,PRICE|SHARE_VOLUME|AVG_DOLLAR_VOLUME|MEDIAN_DOLLAR_VOLUME,"Curis, Inc. - Common Stock",NASDAQ
EDVA,0.25,513353.0,188417.0,96858.0,11.34,-36.49,21.43,False,PRICE|SHARE_VOLUME|AVG_DOLLAR_VOLUME|MEDIAN_DOLLAR_VOLUME,"Endovia Health Sciences, Inc. Common Stock",NYSE American
BIXI,10.08,18625.0,188094.0,1009.0,0.07,0.3,0.4,False,SHARE_VOLUME|AVG_DOLLAR_VOLUME|MEDIAN_DOLLAR_VOLUME|LOW_DAILY_RANGE,Bitcoin Infrastructure Acquisition Corp Ltd. - Class A Ordinary Shares,NASDAQ
SLBT,1.9,75880.0,188054.0,115787.0,9.1,-30.15,18.64,False,PRICE|SHARE_VOLUME|AVG_DOLLAR_VOLUME|MEDIAN_DOLLAR_VOLUME,SL Science Holding Limited - Ordinary Shares,NASDAQ
PODC,2.27,72013.0,186661.0,153424.0,11.09,-17.15,7.14,False,PRICE|SHARE_VOLUME|AVG_DOLLAR_VOLUME|MEDIAN_DOLLAR_VOLUME,"PodcastOne, Inc. - Common Stock",NASDAQ
SHPH,3.51,51539.0,185862.0,61877.0,7.14,-10.35,26.03,False,PRICE|SHARE_VOLUME|AVG_DOLLAR_VOLUME|MEDIAN_DOLLAR_VOLUME,"Shuttle Pharmaceuticals Holdings, Inc. - common stock",NASDAQ
AXR,22.63,8095.0,185738.0,128267.0,2.82,-0.96,2.35,False,SHARE_VOLUME|AVG_DOLLAR_VOLUME|MEDIAN_DOLLAR_VOLUME,AMREP Corporation Common Stock,NYSE
SVAQ,10.08,18452.0,185617.0,105018.0,0.17,0.4,0.2,False,SHARE_VOLUME|AVG_DOLLAR_VOLUME|MEDIAN_DOLLAR_VOLUME|LOW_DAILY_RANGE,Silicon Valley Acquisition Corp. - Class A Ordinary Shares,NASDAQ
ITHA,10.06,18370.0,184995.0,2012.0,0.06,0.3,0.9,False,SHARE_VOLUME|AVG_DOLLAR_VOLUME|MEDIAN_DOLLAR_VOLUME|LOW_DAILY_RANGE,ITHAX Acquisition Corp III - Class A Ordinary Shares,NASDAQ
RNAZ,1.62,82809.0,184579.0,66862.0,10.29,-49.85,7.21,False,PRICE|SHARE_VOLUME|AVG_DOLLAR_VOLUME|MEDIAN_DOLLAR_VOLUME,"TransCode Therapeutics, Inc. - Common Stock",NASDAQ
ATNM,1.25,155804.0,184502.0,128047.0,6.21,16.2,19.42,False,PRICE|SHARE_VOLUME|AVG_DOLLAR_VOLUME|MEDIAN_DOLLAR_VOLUME,"Actinium Pharmaceuticals, Inc. (Delaware) Common Stock",NYSE American
TLPH,1.19,152519.0,184388.0,166620.0,3.26,-1.65,5.93,False,PRICE|SHARE_VOLUME|AVG_DOLLAR_VOLUME|MEDIAN_DOLLAR_VOLUME,"Talphera, Inc. - Common Stock",NASDAQ
PIM,3.05,58964.0,184382.0,120619.0,1.39,-3.11,0.96,False,PRICE|SHARE_VOLUME|AVG_DOLLAR_VOLUME|MEDIAN_DOLLAR_VOLUME|LOW_DAILY_RANGE,Franklin Master Intermediate Income Trust Shares of Beneficial Interest,NYSE
CTSO,5.78,424683.0,184042.0,57796.0,12.47,1433.05,1708.57,False,SHARE_VOLUME|AVG_DOLLAR_VOLUME|MEDIAN_DOLLAR_VOLUME,Cytosorbents Corporation - Common Stock,NASDAQ
CBFV,36.99,4919.0,183963.0,149805.0,0.99,-0.67,2.18,False,SHARE_VOLUME|AVG_DOLLAR_VOLUME|MEDIAN_DOLLAR_VOLUME|LOW_DAILY_RANGE,"CB Financial Services, Inc. - Common Stock",NASDAQ
PW,6.9,24684.0,183153.0,34009.0,7.05,-9.92,6.22,False,SHARE_VOLUME|AVG_DOLLAR_VOLUME|MEDIAN_DOLLAR_VOLUME,Power REIT (MD) Common Stock,NYSE American
ATCH,0.17,971751.0,183010.0,163336.0,4.64,-10.99,6.63,False,PRICE|SHARE_VOLUME|AVG_DOLLAR_VOLUME|MEDIAN_DOLLAR_VOLUME,"AtlasClear Holdings, Inc. Common Stock",NYSE American
JWEL,2.19,77984.0,182981.0,136672.0,11.72,-20.65,158.06,False,PRICE|SHARE_VOLUME|AVG_DOLLAR_VOLUME|MEDIAN_DOLLAR_VOLUME,Jowell Global Ltd. - Ordinary Shares,NASDAQ
IMCC,1.69,69012.0,182626.0,127139.0,12.61,-46.35,18.32,False,PRICE|SHARE_VOLUME|AVG_DOLLAR_VOLUME|MEDIAN_DOLLAR_VOLUME,IM Cannabis Corp. - Common Shares,NASDAQ
NMP,10.36,17605.0,182362.0,0.0,0.03,0.29,0.29,False,SHARE_VOLUME|AVG_DOLLAR_VOLUME|MEDIAN_DOLLAR_VOLUME|LOW_DAILY_RANGE,NMP Acquisition Corp. - Class A Ordinary Shares,NASDAQ
KYNB,7.8,22909.0,182162.0,130568.0,4.94,11.27,7.3,False,SHARE_VOLUME|AVG_DOLLAR_VOLUME|MEDIAN_DOLLAR_VOLUME,"Kyntra Bio, Inc. - Common Stock",NASDAQ
REBN,0.81,208146.0,181433.0,48990.0,13.4,-44.39,21.14,False,PRICE|SHARE_VOLUME|AVG_DOLLAR_VOLUME|MEDIAN_DOLLAR_VOLUME,"Reborn Coffee, Inc. - Common Stock",NASDAQ
RMTI,7.85,22569.0,180284.0,146100.0,5.12,4.39,6.07,False,SHARE_VOLUME|AVG_DOLLAR_VOLUME|MEDIAN_DOLLAR_VOLUME,"Rockwell Medical, Inc. - Common Stock",NASDAQ
IACQ,9.99,17875.0,177408.0,3988.0,0.05,0.71,0.5,False,SHARE_VOLUME|AVG_DOLLAR_VOLUME|MEDIAN_DOLLAR_VOLUME|LOW_DAILY_RANGE,Irenic Acquisition Corp. - Class A Ordinary Shares,NASDAQ
CNSY,2.08,66468.0,177268.0,171212.0,7.01,-32.63,8.49,False,PRICE|SHARE_VOLUME|AVG_DOLLAR_VOLUME|MEDIAN_DOLLAR_VOLUME,"Cerenome, Inc. - Common Stock",NASDAQ
SCKT,0.49,264808.0,177152.0,65391.0,10.2,-32.68,446.15,False,PRICE|SHARE_VOLUME|AVG_DOLLAR_VOLUME|MEDIAN_DOLLAR_VOLUME,"Socket Mobile, Inc. - Common Stock",NASDAQ
AIFA,2.92,58126.0,175747.0,162571.0,7.63,-1.35,50.71,False,PRICE|SHARE_VOLUME|AVG_DOLLAR_VOLUME|MEDIAN_DOLLAR_VOLUME,"All In FutureTech Alliance, Inc. - Common Stock",NASDAQ
OWLS,5.43,32496.0,174925.0,143233.0,3.96,-0.32,4.97,False,SHARE_VOLUME|AVG_DOLLAR_VOLUME|MEDIAN_DOLLAR_VOLUME,OBOOK Holdings Inc. - Class A Common Shares,NASDAQ
HLP,2.07,115569.0,174600.0,82403.0,9.56,71.07,24.79,False,PRICE|SHARE_VOLUME|AVG_DOLLAR_VOLUME|MEDIAN_DOLLAR_VOLUME,Hongli Group Inc. - Class A Ordinary Shares,NASDAQ
MDAI,1.57,109070.0,173715.0,165369.0,3.37,-2.48,10.19,False,PRICE|SHARE_VOLUME|AVG_DOLLAR_VOLUME|MEDIAN_DOLLAR_VOLUME,"Spectral AI, Inc. - Class A Common Stock",NASDAQ
AFGE,16.19,10913.0,173360.0,149812.0,1.03,2.26,1.6,False,SHARE_VOLUME|AVG_DOLLAR_VOLUME|MEDIAN_DOLLAR_VOLUME|LOW_DAILY_RANGE,"American Financial Group, Inc. 4.500% Subordinated Debentures due 2060",NYSE
SSII,3.34,50846.0,173170.0,169872.0,5.56,-9.97,3.79,False,PRICE|SHARE_VOLUME|AVG_DOLLAR_VOLUME|MEDIAN_DOLLAR_VOLUME,SS Innovations International Inc. - Common Stock,NASDAQ
IVDA,0.28,546766.0,172721.0,102610.0,10.31,-20.29,43.24,False,PRICE|SHARE_VOLUME|AVG_DOLLAR_VOLUME|MEDIAN_DOLLAR_VOLUME,"Iveda Solutions, Inc. - Common Stock",NASDAQ
GBLI,30.2,5924.0,172580.0,148457.0,3.5,19.18,7.26,False,SHARE_VOLUME|AVG_DOLLAR_VOLUME|MEDIAN_DOLLAR_VOLUME,"Global Indemnity Group, LLC - Class A Common Shares",NASDAQ
OMSE,4.39,37461.0,172465.0,105719.0,4.06,-0.79,4.1,False,PRICE|SHARE_VOLUME|AVG_DOLLAR_VOLUME|MEDIAN_DOLLAR_VOLUME,OMS Energy Technologies Inc. - Ordinary Shares,NASDAQ
SACH,0.97,190571.0,171760.0,118929.0,3.63,23.76,6.22,False,PRICE|SHARE_VOLUME|AVG_DOLLAR_VOLUME|MEDIAN_DOLLAR_VOLUME,Sachem Capital Corp. Common Shares,NYSE American
PHUN,2.01,82690.0,170246.0,150696.0,2.24,-2.42,3.43,False,PRICE|SHARE_VOLUME|AVG_DOLLAR_VOLUME|MEDIAN_DOLLAR_VOLUME,"Phunware, Inc. - Common Stock",NASDAQ
DKI,2.51,50916.0,170150.0,77954.0,7.48,-38.18,18.53,False,PRICE|SHARE_VOLUME|AVG_DOLLAR_VOLUME|MEDIAN_DOLLAR_VOLUME,DarkIris Inc. - Class A Ordinary Shares,NASDAQ
RLYB,17.08,10080.0,169946.0,116199.0,2.52,1.85,4.3,False,SHARE_VOLUME|AVG_DOLLAR_VOLUME|MEDIAN_DOLLAR_VOLUME,Rallybio Corporation - Common Stock,NASDAQ
HYFT,1.07,131594.0,169894.0,115430.0,5.74,-19.92,9.02,False,PRICE|SHARE_VOLUME|AVG_DOLLAR_VOLUME|MEDIAN_DOLLAR_VOLUME,MindWalk Holdings Corp. - Common Stock,NASDAQ
IMNN,1.38,113037.0,169866.0,74456.0,6.9,-12.66,4.43,False,PRICE|SHARE_VOLUME|AVG_DOLLAR_VOLUME|MEDIAN_DOLLAR_VOLUME,"Imunon, Inc. - Common Stock",NASDAQ
VAI,2.11,92716.0,169585.0,85050.0,11.94,46.18,22.67,False,PRICE|SHARE_VOLUME|AVG_DOLLAR_VOLUME|MEDIAN_DOLLAR_VOLUME,Valor Energy Incorporated - Common Stock,NASDAQ
NYC,5.95,25582.0,169452.0,98822.0,5.22,-15.24,3.51,False,SHARE_VOLUME|AVG_DOLLAR_VOLUME|MEDIAN_DOLLAR_VOLUME,American Strategic Investment Co. Class A Common Stock,NYSE
VALU,39.4,4495.0,169446.0,83063.0,3.28,9.78,9.86,False,SHARE_VOLUME|AVG_DOLLAR_VOLUME|MEDIAN_DOLLAR_VOLUME,"Value Line, Inc. - Common Stock",NASDAQ
VEEE,8.96,16882.0,168498.0,141244.0,5.8,-16.68,22.88,False,SHARE_VOLUME|AVG_DOLLAR_VOLUME|MEDIAN_DOLLAR_VOLUME,Twin Vee PowerCats Co. - Common Stock,NASDAQ
CRD-B,11.5,13985.0,167341.0,130410.0,4.46,-6.58,7.25,False,SHARE_VOLUME|AVG_DOLLAR_VOLUME|MEDIAN_DOLLAR_VOLUME,Crawford & Company Common Stock,NYSE
RREV,9.91,16835.0,166900.0,0.0,0.0,-0.3,0.4,False,SHARE_VOLUME|AVG_DOLLAR_VOLUME|MEDIAN_DOLLAR_VOLUME|LOW_DAILY_RANGE,RRE Ventures Acquisition Corp. - Class A Ordinary Shares,NASDAQ
AEC,3.62,38639.0,166851.0,132132.0,5.54,-14.62,8.18,False,PRICE|SHARE_VOLUME|AVG_DOLLAR_VOLUME|MEDIAN_DOLLAR_VOLUME,Anfield Energy Inc. - Common Shares,NASDAQ
CURX,4.26,33772.0,166449.0,67433.0,12.8,-4.05,21.62,False,PRICE|SHARE_VOLUME|AVG_DOLLAR_VOLUME|MEDIAN_DOLLAR_VOLUME,Curanex Pharmaceuticals Inc - Common Stock,NASDAQ
EHLD,13.62,12102.0,165556.0,49466.0,5.82,34.9,23.96,False,SHARE_VOLUME|AVG_DOLLAR_VOLUME|MEDIAN_DOLLAR_VOLUME,Euroholdings Ltd. - Common Stock,NASDAQ
ORIQ,10.41,15900.0,164744.0,1040.0,0.04,0.39,0.39,False,SHARE_VOLUME|AVG_DOLLAR_VOLUME|MEDIAN_DOLLAR_VOLUME|LOW_DAILY_RANGE,Origin Investment Corp I - Ordinary Shares,NASDAQ
FTHA,9.97,16520.0,164667.0,0.0,0.02,0.4,0.51,False,SHARE_VOLUME|AVG_DOLLAR_VOLUME|MEDIAN_DOLLAR_VOLUME|LOW_DAILY_RANGE,Forefront Tech Holdings Acquisition Corp - Class A Ordinary Shares,NASDAQ
CDLX,4.0,39768.0,163255.0,112490.0,6.54,-2.91,14.17,False,PRICE|SHARE_VOLUME|AVG_DOLLAR_VOLUME|MEDIAN_DOLLAR_VOLUME,"Cardlytics, Inc. - Common Stock",NASDAQ
SPRC,4.65,27221.0,162706.0,75829.0,6.74,-28.57,5.38,False,PRICE|SHARE_VOLUME|AVG_DOLLAR_VOLUME|MEDIAN_DOLLAR_VOLUME,SciSparc Ltd. - Ordinary Shares,NASDAQ
TPCS,5.43,28952.0,162495.0,106703.0,3.75,-9.8,23.76,False,SHARE_VOLUME|AVG_DOLLAR_VOLUME|MEDIAN_DOLLAR_VOLUME,TechPrecision Corporation - Common stock,NASDAQ
BGMS,0.97,175667.0,161867.0,15481.0,8.23,6.6,16.67,False,PRICE|SHARE_VOLUME|AVG_DOLLAR_VOLUME|MEDIAN_DOLLAR_VOLUME,"Bio Green Med Solution, Inc. - Common Stock",NASDAQ
CLPR,3.41,48440.0,161212.0,126977.0,4.18,8.69,8.25,False,PRICE|SHARE_VOLUME|AVG_DOLLAR_VOLUME|MEDIAN_DOLLAR_VOLUME,Clipper Realty Inc. Common Stock,NYSE
INKT,11.65,13712.0,161081.0,116461.0,5.05,-2.92,6.95,False,SHARE_VOLUME|AVG_DOLLAR_VOLUME|MEDIAN_DOLLAR_VOLUME,"MiNK Therapeutics, Inc. - Common Stock",NASDAQ
CBUS,1.55,99677.0,161058.0,147754.0,5.38,-4.6,6.04,False,PRICE|SHARE_VOLUME|AVG_DOLLAR_VOLUME|MEDIAN_DOLLAR_VOLUME,"Cibus, Inc. - Class A Common Stock",NASDAQ
WIMI,1.03,134031.0,160863.0,144856.0,6.18,-18.9,7.09,False,PRICE|SHARE_VOLUME|AVG_DOLLAR_VOLUME|MEDIAN_DOLLAR_VOLUME,WiMi Hologram Cloud Inc. - Class B Ordinary Shares,NASDAQ
BTLN,0.71,175369.0,160046.0,112946.0,12.54,-20.61,15.05,False,PRICE|SHARE_VOLUME|AVG_DOLLAR_VOLUME|MEDIAN_DOLLAR_VOLUME,"Brightline Interactive, Inc. - Common Stock",NASDAQ
SCII,10.15,15765.0,159458.0,0.0,0.0,0.3,0.3,False,SHARE_VOLUME|AVG_DOLLAR_VOLUME|MEDIAN_DOLLAR_VOLUME|LOW_DAILY_RANGE,SC II Acquisition Corp. - Class A ordinary share,NASDAQ
JTAI,1.27,109375.0,159438.0,98514.0,6.94,-12.41,15.86,False,PRICE|SHARE_VOLUME|AVG_DOLLAR_VOLUME|MEDIAN_DOLLAR_VOLUME,Jet.AI Inc. - Common Stock,NASDAQ
HTCO,2.07,65458.0,158893.0,104482.0,8.65,-28.55,11.67,False,PRICE|SHARE_VOLUME|AVG_DOLLAR_VOLUME|MEDIAN_DOLLAR_VOLUME,High-Trend International Group - Class A Ordinary Shares,NASDAQ
CYN,0.73,172092.0,158380.0,125698.0,6.21,-31.34,10.81,False,PRICE|SHARE_VOLUME|AVG_DOLLAR_VOLUME|MEDIAN_DOLLAR_VOLUME,Cyngn Inc. - Common stock,NASDAQ
SER,2.32,61492.0,157704.0,82074.0,8.24,-11.45,11.25,False,PRICE|SHARE_VOLUME|AVG_DOLLAR_VOLUME|MEDIAN_DOLLAR_VOLUME,"Serina Therapeutics, Inc. Common Stock",NYSE American
MTVA,1.54,93456.0,157513.0,85758.0,7.39,3.69,7.19,False,PRICE|SHARE_VOLUME|AVG_DOLLAR_VOLUME|MEDIAN_DOLLAR_VOLUME,MetaVia Inc.  - Common Stock,NASDAQ
AMAN,10.65,14612.0,156443.0,66349.0,1.07,-0.19,1.27,False,SHARE_VOLUME|AVG_DOLLAR_VOLUME|MEDIAN_DOLLAR_VOLUME|LOW_DAILY_RANGE,Amanat Acquisition Corp - Class A Ordinary Shares,NASDAQ
IGAC,10.07,15545.0,156437.0,0.0,0.0,0.2,0.5,False,SHARE_VOLUME|AVG_DOLLAR_VOLUME|MEDIAN_DOLLAR_VOLUME|LOW_DAILY_RANGE,Invest Green Acquisition Corporation - Class A Ordinary Shares,NASDAQ
CDRO,9.53,17229.0,156398.0,133377.0,2.9,6.01,3.17,False,SHARE_VOLUME|AVG_DOLLAR_VOLUME|MEDIAN_DOLLAR_VOLUME,"Codere Online Luxembourg, S.A. - Ordinary Shares",NASDAQ
WLII,10.26,15190.0,155849.0,0.0,0.03,0.0,0.39,False,SHARE_VOLUME|AVG_DOLLAR_VOLUME|MEDIAN_DOLLAR_VOLUME|LOW_DAILY_RANGE,Willow Lane Acquisition Corp. II - Class A Ordinary Shares,NASDAQ
CLRO,4.36,29077.0,155201.0,99736.0,6.73,-16.95,166.3,False,PRICE|SHARE_VOLUME|AVG_DOLLAR_VOLUME|MEDIAN_DOLLAR_VOLUME,"ClearOne, Inc. - Common Stock",NASDAQ
MLEC,6.1,22146.0,154112.0,60544.0,7.43,-14.79,19.03,False,SHARE_VOLUME|AVG_DOLLAR_VOLUME|MEDIAN_DOLLAR_VOLUME,Moolec Science SA - Ordinary Shares,NASDAQ
BEAT,0.41,344805.0,153988.0,141078.0,5.76,-14.25,6.92,False,PRICE|SHARE_VOLUME|AVG_DOLLAR_VOLUME|MEDIAN_DOLLAR_VOLUME,"Heartbeam, Inc. - Common Stock",NASDAQ
BNKK,1.27,122176.0,153968.0,126901.0,8.59,36.41,13.93,False,PRICE|SHARE_VOLUME|AVG_DOLLAR_VOLUME|MEDIAN_DOLLAR_VOLUME,"Bonk, Inc. - Common Stock",NASDAQ
CPHI,0.72,169570.0,153084.0,103941.0,6.15,-32.94,6.78,False,PRICE|SHARE_VOLUME|AVG_DOLLAR_VOLUME|MEDIAN_DOLLAR_VOLUME,"China Pharma Holdings, Inc. Common Stock",NYSE American
POCI,4.23,34710.0,152645.0,130288.0,5.47,-2.48,4.95,False,PRICE|SHARE_VOLUME|AVG_DOLLAR_VOLUME|MEDIAN_DOLLAR_VOLUME,"Precision Optics Corporation, Inc. - Common stock",NASDAQ
WSTN,10.16,15005.0,152444.0,2032.0,0.02,0.15,0.39,False,SHARE_VOLUME|AVG_DOLLAR_VOLUME|MEDIAN_DOLLAR_VOLUME|LOW_DAILY_RANGE,Westin Acquisition Corp - Class A Ordinary Share,NASDAQ
SNTI,0.32,451390.0,152382.0,43879.0,9.67,-25.7,16.93,False,PRICE|SHARE_VOLUME|AVG_DOLLAR_VOLUME|MEDIAN_DOLLAR_VOLUME,"Senti Biosciences Holdings, Inc. - Common Stock",NASDAQ
HVMC,10.27,14870.0,152365.0,11275.0,0.04,0.39,0.29,False,SHARE_VOLUME|AVG_DOLLAR_VOLUME|MEDIAN_DOLLAR_VOLUME|LOW_DAILY_RANGE,Highview Merger Corp. - Class A Ordinary Share,NASDAQ
BRLT,1.41,112158.0,152134.0,127737.0,6.35,12.8,16.35,False,PRICE|SHARE_VOLUME|AVG_DOLLAR_VOLUME|MEDIAN_DOLLAR_VOLUME,"Brilliant Earth Group, Inc. - Class A Common Stock",NASDAQ
BCSS,10.24,14780.0,152074.0,4639.0,0.22,0.0,0.59,False,SHARE_VOLUME|AVG_DOLLAR_VOLUME|MEDIAN_DOLLAR_VOLUME|LOW_DAILY_RANGE,Bain Capital GSS Investment Corp. Class A Ordinary Shares,NYSE
PRSO,0.47,265370.0,152044.0,138581.0,6.39,-28.91,9.43,False,PRICE|SHARE_VOLUME|AVG_DOLLAR_VOLUME|MEDIAN_DOLLAR_VOLUME,Peraso Inc. - Common Stock,NASDAQ
FGBI,8.47,17941.0,151592.0,113444.0,4.17,-6.41,9.17,False,SHARE_VOLUME|AVG_DOLLAR_VOLUME|MEDIAN_DOLLAR_VOLUME,"First Guaranty Bancshares, Inc. - Common Stock",NASDAQ
BESS,2.87,49078.0,151492.0,129972.0,8.37,-26.35,14.1,False,PRICE|SHARE_VOLUME|AVG_DOLLAR_VOLUME|MEDIAN_DOLLAR_VOLUME,Bimergen Energy Corporation Common Stock,NYSE American
ACCS,4.89,29649.0,150460.0,115758.0,5.82,-0.91,5.35,False,PRICE|SHARE_VOLUME|AVG_DOLLAR_VOLUME|MEDIAN_DOLLAR_VOLUME,ACCESS Newswire Inc. Common Stock,NYSE American
TDAC,10.9,13823.0,150192.0,97629.0,0.33,0.44,0.32,False,SHARE_VOLUME|AVG_DOLLAR_VOLUME|MEDIAN_DOLLAR_VOLUME|LOW_DAILY_RANGE,Translational Development Acquisition Corp. - Ordinary Shares,NASDAQ
JAGU,1.58,92653.0,149951.0,139443.0,5.94,-1.25,6.37,False,PRICE|SHARE_VOLUME|AVG_DOLLAR_VOLUME|MEDIAN_DOLLAR_VOLUME,Jaguar Uranium Corp. Class A Common Shares,NYSE American
MLGO,3.5,38629.0,149552.0,146572.0,5.45,-16.07,7.87,False,PRICE|SHARE_VOLUME|AVG_DOLLAR_VOLUME|MEDIAN_DOLLAR_VOLUME,"MicroAlgo, Inc. - Ordinary Shares",NASDAQ
NIVF,0.78,116429.0,149432.0,125386.0,12.87,-52.56,10.91,False,PRICE|SHARE_VOLUME|AVG_DOLLAR_VOLUME|MEDIAN_DOLLAR_VOLUME,NewGenIvf Group Limited - Class A Ordinary Shares,NASDAQ
JHS,10.51,13975.0,148984.0,112337.0,0.6,-2.26,0.77,False,SHARE_VOLUME|AVG_DOLLAR_VOLUME|MEDIAN_DOLLAR_VOLUME|LOW_DAILY_RANGE,John Hancock Income Securities Trust Common Stock,NYSE
RVSN,3.63,31997.0,148788.0,54425.0,8.04,-29.09,10.61,False,PRICE|SHARE_VOLUME|AVG_DOLLAR_VOLUME|MEDIAN_DOLLAR_VOLUME,Rail Vision Ltd. - Ordinary Shares,NASDAQ
PAAC,10.15,14773.0,148726.0,8585.0,0.08,1.81,1.0,False,SHARE_VOLUME|AVG_DOLLAR_VOLUME|MEDIAN_DOLLAR_VOLUME|LOW_DAILY_RANGE,Proem Acquisition Corp I - Ordinary Shares,NASDAQ
RAC,10.58,14081.0,148521.0,4218.0,0.1,0.67,0.28,False,SHARE_VOLUME|AVG_DOLLAR_VOLUME|MEDIAN_DOLLAR_VOLUME|LOW_DAILY_RANGE,Rithm Acquisition Corp. Class A Ordinary Shares,NYSE
SELF,5.12,27607.0,148488.0,146070.0,3.65,-5.88,3.68,False,SHARE_VOLUME|AVG_DOLLAR_VOLUME|MEDIAN_DOLLAR_VOLUME,"Global Self Storage, Inc. - Common Stock",NASDAQ
SEGG,3.27,50620.0,147988.0,111345.0,11.19,36.25,17.11,False,PRICE|SHARE_VOLUME|AVG_DOLLAR_VOLUME|MEDIAN_DOLLAR_VOLUME,Sports Entertainment Gaming Global Corporation  - Common Stock,NASDAQ
IBO,0.53,283085.0,147929.0,23439.0,9.35,12.23,12.5,False,PRICE|SHARE_VOLUME|AVG_DOLLAR_VOLUME|MEDIAN_DOLLAR_VOLUME,"Impact BioMedical, Inc. Common Stock",NYSE American
XPL,0.64,232209.0,146846.0,69885.0,6.4,-18.51,8.47,False,PRICE|SHARE_VOLUME|AVG_DOLLAR_VOLUME|MEDIAN_DOLLAR_VOLUME,Solitario Resources Corp. Common Stock,NYSE American
FIEE,3.86,34310.0,146050.0,112974.0,7.2,-18.57,22.08,False,PRICE|SHARE_VOLUME|AVG_DOLLAR_VOLUME|MEDIAN_DOLLAR_VOLUME,"FiEE, Inc - Common Stock",NASDAQ
HBIO,8.0,18427.0,145555.0,92492.0,3.27,14.79,8.1,False,SHARE_VOLUME|AVG_DOLLAR_VOLUME|MEDIAN_DOLLAR_VOLUME,"Harvard Bioscience, Inc. - Common Stock",NASDAQ
TDTH,1.73,82070.0,144938.0,53871.0,7.51,-15.82,6.22,False,PRICE|SHARE_VOLUME|AVG_DOLLAR_VOLUME|MEDIAN_DOLLAR_VOLUME,Trident Digital Tech Holdings Ltd - Class B Ordinary Shares,NASDAQ
SPRU,1.72,79497.0,142348.0,96648.0,6.89,-8.99,11.46,False,PRICE|SHARE_VOLUME|AVG_DOLLAR_VOLUME|MEDIAN_DOLLAR_VOLUME,Spruce Power Holding Corporation Class A Common Stock,NYSE
LWAC,10.32,13754.0,141975.0,0.0,0.04,-0.29,0.68,False,SHARE_VOLUME|AVG_DOLLAR_VOLUME|MEDIAN_DOLLAR_VOLUME|LOW_DAILY_RANGE,LightWave Acquisition Corp. - Class A Ordinary Shares,NASDAQ
QADR,9.98,14205.0,141857.0,0.0,0.03,0.1,0.3,False,SHARE_VOLUME|AVG_DOLLAR_VOLUME|MEDIAN_DOLLAR_VOLUME|LOW_DAILY_RANGE,QDRO Acquisition Corp. - Class A Ordinary Shares,NASDAQ
TRGS,10.03,14220.0,141498.0,4971.0,0.03,1.11,0.7,False,SHARE_VOLUME|AVG_DOLLAR_VOLUME|MEDIAN_DOLLAR_VOLUME|LOW_DAILY_RANGE,TRG Latin America Acquisitions Corp. - Class A Ordinary Shares,NASDAQ
TACH,10.51,13445.0,141143.0,104437.0,0.05,0.19,0.43,False,SHARE_VOLUME|AVG_DOLLAR_VOLUME|MEDIAN_DOLLAR_VOLUME|LOW_DAILY_RANGE,Titan Acquisition Corp. - Class A Ordinary Shares,NASDAQ
NEUP,3.76,36711.0,141016.0,89662.0,2.7,-5.53,3.38,False,PRICE|SHARE_VOLUME|AVG_DOLLAR_VOLUME|MEDIAN_DOLLAR_VOLUME,Neuphoria Therapeutics Inc. - Common Stock,NASDAQ
ICU,3.03,45320.0,141009.0,158208.0,5.27,-9.28,12.5,False,PRICE|SHARE_VOLUME|AVG_DOLLAR_VOLUME|MEDIAN_DOLLAR_VOLUME,SeaStar Medical Holding Corporation - Common Stock,NASDAQ
NTRP,1.81,98370.0,140626.0,74520.0,11.11,27.55,19.21,False,PRICE|SHARE_VOLUME|AVG_DOLLAR_VOLUME|MEDIAN_DOLLAR_VOLUME,"NextTrip, Inc. - Common Stock",NASDAQ
RCT,0.19,665955.0,140615.0,52200.0,7.8,-5.12,8.0,False,PRICE|SHARE_VOLUME|AVG_DOLLAR_VOLUME|MEDIAN_DOLLAR_VOLUME,RedCloud Holdings plc - Ordinary Shares,NASDAQ
BSAA,10.98,12205.0,140558.0,40216.0,2.53,-1.7,6.29,False,SHARE_VOLUME|AVG_DOLLAR_VOLUME|MEDIAN_DOLLAR_VOLUME,BEST SPAC I Acquisition Corp. - Class A Ordinary Shares,NASDAQ
SRTS,3.08,41926.0,140533.0,82484.0,6.32,2.67,7.31,False,PRICE|SHARE_VOLUME|AVG_DOLLAR_VOLUME|MEDIAN_DOLLAR_VOLUME,"Sensus Healthcare, Inc. - Common Stock",NASDAQ
HYNE,16.58,8471.0,140014.0,82014.0,1.07,-0.12,2.03,False,SHARE_VOLUME|AVG_DOLLAR_VOLUME|MEDIAN_DOLLAR_VOLUME|LOW_DAILY_RANGE,"Hoyne Bancorp, Inc. - Common Stock",NASDAQ
GTERA,10.42,13420.0,139738.0,7280.0,0.01,0.29,0.19,False,SHARE_VOLUME|AVG_DOLLAR_VOLUME|MEDIAN_DOLLAR_VOLUME|LOW_DAILY_RANGE,Globa Terra Acquisition Corporation - Class A Ordinary Shares,NASDAQ
RYDE,0.7,203295.0,139562.0,29933.0,11.48,-24.2,15.1,False,PRICE|SHARE_VOLUME|AVG_DOLLAR_VOLUME|MEDIAN_DOLLAR_VOLUME,Ryde Group Ltd. Class A Ordinary Shares,NYSE American
KAPA,1.81,79650.0,139383.0,88753.0,8.88,-16.59,18.18,False,PRICE|SHARE_VOLUME|AVG_DOLLAR_VOLUME|MEDIAN_DOLLAR_VOLUME,"Kairos Pharma, Ltd. Common Stock",NYSE American
HXHX,0.4,331046.0,139378.0,31372.0,9.22,-26.47,11.75,False,PRICE|SHARE_VOLUME|AVG_DOLLAR_VOLUME|MEDIAN_DOLLAR_VOLUME,Haoxin Holdings Limited - Class A Ordinary Shares,NASDAQ
ODYS,3.31,38538.0,139234.0,62988.0,6.65,-15.99,8.24,False,PRICE|SHARE_VOLUME|AVG_DOLLAR_VOLUME|MEDIAN_DOLLAR_VOLUME,Odysight.ai Inc. - Common Stock,NASDAQ
FLNT,3.32,39718.0,138993.0,117754.0,6.26,-21.21,9.17,False,PRICE|SHARE_VOLUME|AVG_DOLLAR_VOLUME|MEDIAN_DOLLAR_VOLUME,"Fluent, Inc. - Common Stock",NASDAQ
CAES,10.08,13735.0,138466.0,65621.0,0.09,0.1,0.3,False,SHARE_VOLUME|AVG_DOLLAR_VOLUME|MEDIAN_DOLLAR_VOLUME|LOW_DAILY_RANGE,"Cantor Equity Partners VII, Inc. - Class A Ordinary Shares",NASDAQ
APT,5.37,26067.0,138348.0,128281.0,2.91,-0.19,6.53,False,SHARE_VOLUME|AVG_DOLLAR_VOLUME|MEDIAN_DOLLAR_VOLUME,"Alpha Pro Tech, Ltd. Common Stock",NYSE American
GAIA,1.25,93079.0,138222.0,98388.0,7.2,-14.73,11.45,False,PRICE|SHARE_VOLUME|AVG_DOLLAR_VOLUME|MEDIAN_DOLLAR_VOLUME,"Gaia, Inc. - Class A Common Stock",NASDAQ
VHCP,10.09,13650.0,137424.0,7558.0,0.02,0.7,0.3,False,SHARE_VOLUME|AVG_DOLLAR_VOLUME|MEDIAN_DOLLAR_VOLUME|LOW_DAILY_RANGE,Vine Hill Capital Investment Corp. II - Class A Ordinary Shares,NASDAQ
NXB,2.1,62796.0,137097.0,54618.0,7.5,9.95,8.33,False,PRICE|SHARE_VOLUME|AVG_DOLLAR_VOLUME|MEDIAN_DOLLAR_VOLUME,NextBoat Inc. Common Stcok,NYSE American
HDRN,1.63,71062.0,136860.0,113449.0,9.64,-10.44,10.11,False,PRICE|SHARE_VOLUME|AVG_DOLLAR_VOLUME|MEDIAN_DOLLAR_VOLUME,"Hadron Energy, Inc. - Common Stock",NASDAQ
ONMD,0.63,221074.0,136454.0,115573.0,5.88,4.01,15.99,False,PRICE|SHARE_VOLUME|AVG_DOLLAR_VOLUME|MEDIAN_DOLLAR_VOLUME,OneMedNet Corp - Class A Common Stock,NASDAQ
CTRM,2.3,56115.0,136275.0,115953.0,5.96,-0.43,8.81,False,PRICE|SHARE_VOLUME|AVG_DOLLAR_VOLUME|MEDIAN_DOLLAR_VOLUME,Castor Maritime Inc. - Common Shares,NASDAQ
GNSS,1.5,88653.0,135532.0,92984.0,5.52,-20.08,8.45,False,PRICE|SHARE_VOLUME|AVG_DOLLAR_VOLUME|MEDIAN_DOLLAR_VOLUME,Genasys Inc. - Common Stock,NASDAQ
SORA,2.28,69111.0,134920.0,39465.0,10.28,1.33,17.9,False,PRICE|SHARE_VOLUME|AVG_DOLLAR_VOLUME|MEDIAN_DOLLAR_VOLUME,AsiaStrategy - Ordinary Shares,NASDAQ
ACON,2.53,53797.0,134794.0,113290.0,6.05,-2.67,12.6,False,PRICE|SHARE_VOLUME|AVG_DOLLAR_VOLUME|MEDIAN_DOLLAR_VOLUME,"Aclarion, Inc. - Common Stock",NASDAQ
VIRC,6.22,21791.0,134530.0,101098.0,2.76,5.25,7.77,False,SHARE_VOLUME|AVG_DOLLAR_VOLUME|MEDIAN_DOLLAR_VOLUME,Virco Manufacturing Corporation - Common Stock,NASDAQ
PMCB,0.44,304794.0,134368.0,41394.0,9.32,-15.59,15.72,False,PRICE|SHARE_VOLUME|AVG_DOLLAR_VOLUME|MEDIAN_DOLLAR_VOLUME,"PharmaCyte  Biotech, Inc. - Common Stock",NASDAQ
PRPL,2.7,34177.0,134296.0,92916.0,6.84,-53.37,6.09,False,PRICE|SHARE_VOLUME|AVG_DOLLAR_VOLUME|MEDIAN_DOLLAR_VOLUME,"Purple Innovation, Inc. - Common Stock",NASDAQ
AMST,1.01,122203.0,133876.0,64960.0,7.81,6.88,16.3,False,PRICE|SHARE_VOLUME|AVG_DOLLAR_VOLUME|MEDIAN_DOLLAR_VOLUME,Amesite Inc. - Common Stock,NASDAQ
INTS,3.88,29835.0,133847.0,64520.0,5.72,-7.72,16.19,False,PRICE|SHARE_VOLUME|AVG_DOLLAR_VOLUME|MEDIAN_DOLLAR_VOLUME,"Intensity Therapeutics, Inc. - Common Stock",NASDAQ
EVGN,0.48,259438.0,133751.0,47778.0,6.51,-17.48,11.11,False,PRICE|SHARE_VOLUME|AVG_DOLLAR_VOLUME|MEDIAN_DOLLAR_VOLUME,Evogene Ltd. - Ordinary Shares,NASDAQ
KTCC,2.4,45267.0,133722.0,68427.0,5.12,-36.34,3.22,False,PRICE|SHARE_VOLUME|AVG_DOLLAR_VOLUME|MEDIAN_DOLLAR_VOLUME,Key Tronic Corporation - Common Stock,NASDAQ
AACP,10.07,13225.0,133105.0,9566.0,0.08,0.4,0.3,False,SHARE_VOLUME|AVG_DOLLAR_VOLUME|MEDIAN_DOLLAR_VOLUME|LOW_DAILY_RANGE,Apogee Acquisition Corp - Class A Ordinary Shares,NASDAQ
HFFG,1.62,74550.0,132998.0,116457.0,4.33,-15.0,14.1,False,PRICE|SHARE_VOLUME|AVG_DOLLAR_VOLUME|MEDIAN_DOLLAR_VOLUME,HF Foods Group Inc. - Common Stock,NASDAQ
GIX,10.04,13285.0,132755.0,3002.0,0.01,0.7,0.4,False,SHARE_VOLUME|AVG_DOLLAR_VOLUME|MEDIAN_DOLLAR_VOLUME|LOW_DAILY_RANGE,GigCapital9 Corp. - Class A Ordinary Share,NASDAQ
HUBC,6.15,201447.0,132537.0,110101.0,9.77,733.33,1756.31,False,SHARE_VOLUME|AVG_DOLLAR_VOLUME|MEDIAN_DOLLAR_VOLUME,Hub Cyber Security Ltd. - Ordinary Shares,NASDAQ
NEPH,4.35,30633.0,132085.0,106275.0,7.9,-5.15,17.27,False,PRICE|SHARE_VOLUME|AVG_DOLLAR_VOLUME|MEDIAN_DOLLAR_VOLUME,"Nephros, Inc. - Common Stock",NASDAQ
SPEG,10.37,12732.0,131812.0,518.0,0.01,0.39,0.39,False,SHARE_VOLUME|AVG_DOLLAR_VOLUME|MEDIAN_DOLLAR_VOLUME|LOW_DAILY_RANGE,Silver Pegasus Acquisition Corp - Class A Ordinary Shares,NASDAQ
ELTK,8.65,14904.0,131625.0,21387.0,6.36,7.81,10.43,False,SHARE_VOLUME|AVG_DOLLAR_VOLUME|MEDIAN_DOLLAR_VOLUME,Eltek Ltd. - Ordinary Shares,NASDAQ
GENK,1.61,70077.0,131555.0,62630.0,6.02,-11.05,19.54,False,PRICE|SHARE_VOLUME|AVG_DOLLAR_VOLUME|MEDIAN_DOLLAR_VOLUME,"GEN Restaurant Group, Inc. - Class A Common Stock",NASDAQ
SSEA,10.35,12717.0,131492.0,0.0,0.03,0.15,0.68,False,SHARE_VOLUME|AVG_DOLLAR_VOLUME|MEDIAN_DOLLAR_VOLUME|LOW_DAILY_RANGE,Starry Sea Acquisition Corp - Ordinary Shares,NASDAQ
STHO,9.17,13612.0,131492.0,106584.0,2.73,-2.81,4.05,False,SHARE_VOLUME|AVG_DOLLAR_VOLUME|MEDIAN_DOLLAR_VOLUME,Star Holdings - Shares of Beneficial Interest,NASDAQ
ACXP,1.38,92250.0,131316.0,120692.0,3.7,-4.17,18.28,False,PRICE|SHARE_VOLUME|AVG_DOLLAR_VOLUME|MEDIAN_DOLLAR_VOLUME,"Acurx Pharmaceuticals, Inc. - Common Stock",NASDAQ
IDAI,3.08,40908.0,131248.0,78297.0,7.83,23.69,19.1,False,PRICE|SHARE_VOLUME|AVG_DOLLAR_VOLUME|MEDIAN_DOLLAR_VOLUME,T Stamp Inc. - Class A Common Stock,NASDAQ
XXII,1.73,48741.0,131241.0,46671.0,11.65,-57.41,12.62,False,PRICE|SHARE_VOLUME|AVG_DOLLAR_VOLUME|MEDIAN_DOLLAR_VOLUME,"22nd Century Group, Inc - Common Stock",NASDAQ
SNAL,2.6,46788.0,130995.0,116955.0,5.85,-13.65,8.59,False,PRICE|SHARE_VOLUME|AVG_DOLLAR_VOLUME|MEDIAN_DOLLAR_VOLUME,"Snail, Inc. - Class A Common Stock",NASDAQ
DRDB,10.67,12275.0,130916.0,7446.0,0.04,0.19,0.47,False,SHARE_VOLUME|AVG_DOLLAR_VOLUME|MEDIAN_DOLLAR_VOLUME|LOW_DAILY_RANGE,Roman DBDR Acquisition Corp. II - Ordinary shares,NASDAQ
PLYX,2.08,64764.0,130716.0,81307.0,6.32,-0.72,12.11,False,PRICE|SHARE_VOLUME|AVG_DOLLAR_VOLUME|MEDIAN_DOLLAR_VOLUME,"Polaryx Therapeutics, Inc. - Common Stock",NASDAQ
MYPS,0.5,257488.0,130288.0,132143.0,5.26,-1.94,5.57,False,PRICE|SHARE_VOLUME|AVG_DOLLAR_VOLUME|MEDIAN_DOLLAR_VOLUME,"PLAYSTUDIOS, Inc.  - Class A Common Stock",NASDAQ
ARCI,10.1,12885.0,130259.0,0.0,0.02,-0.39,0.1,False,SHARE_VOLUME|AVG_DOLLAR_VOLUME|MEDIAN_DOLLAR_VOLUME|LOW_DAILY_RANGE,Archimedes Tech SPAC Partners III Co. - Ordinary Share,NASDAQ
TOVX,0.23,534086.0,130053.0,104820.0,5.27,0.52,4.55,False,PRICE|SHARE_VOLUME|AVG_DOLLAR_VOLUME|MEDIAN_DOLLAR_VOLUME,"Theriva Biologics, Inc. Common Stock",NYSE American
PETS,1.61,72889.0,128492.0,113741.0,3.2,-10.56,3.35,False,PRICE|SHARE_VOLUME|AVG_DOLLAR_VOLUME|MEDIAN_DOLLAR_VOLUME,"PetMed Express, Inc. - Common Stock",NASDAQ
SHFS,0.16,807616.0,128154.0,36842.0,6.64,-4.46,9.38,False,PRICE|SHARE_VOLUME|AVG_DOLLAR_VOLUME|MEDIAN_DOLLAR_VOLUME,"SHF Holdings, Inc. - Class A Common Stock",NASDAQ
SGA,9.02,14193.0,127709.0,107089.0,3.12,-4.09,5.35,False,SHARE_VOLUME|AVG_DOLLAR_VOLUME|MEDIAN_DOLLAR_VOLUME,"Saga Communications, Inc. - Class A Common Stock",NASDAQ
ADGM,0.48,232518.0,127471.0,120533.0,10.87,-25.71,8.77,False,PRICE|SHARE_VOLUME|AVG_DOLLAR_VOLUME|MEDIAN_DOLLAR_VOLUME,"Adagio Medical Holdings, Inc - Common Stock",NASDAQ
PMEC,0.58,257148.0,127035.0,10594.0,10.18,12.17,14.83,False,PRICE|SHARE_VOLUME|AVG_DOLLAR_VOLUME|MEDIAN_DOLLAR_VOLUME,Primech Holdings Ltd. - Ordinary Shares,NASDAQ
HYFM,0.92,132652.0,126705.0,78785.0,12.05,-21.38,21.88,False,PRICE|SHARE_VOLUME|AVG_DOLLAR_VOLUME|MEDIAN_DOLLAR_VOLUME,"Hydrofarm Holdings Group, Inc. - Common Stock",NASDAQ
BEAG,10.8,11709.0,126183.0,67797.0,0.76,0.65,0.75,False,SHARE_VOLUME|AVG_DOLLAR_VOLUME|MEDIAN_DOLLAR_VOLUME|LOW_DAILY_RANGE,Bold Eagle Acquisition Corp. - Class A Ordinary Shares,NASDAQ
SAGT,0.61,196398.0,125706.0,94508.0,6.65,-21.91,20.34,False,PRICE|SHARE_VOLUME|AVG_DOLLAR_VOLUME|MEDIAN_DOLLAR_VOLUME,SAGTEC GLOBAL LIMITED - Class A Ordinary shares,NASDAQ
AERT,6.76,18088.0,125423.0,90879.0,4.01,-0.15,8.59,False,SHARE_VOLUME|AVG_DOLLAR_VOLUME|MEDIAN_DOLLAR_VOLUME,"Aeries Technology, Inc. - Class A Ordinary Share",NASDAQ
ALLR,1.17,95416.0,125284.0,105761.0,7.02,-13.33,5.93,False,PRICE|SHARE_VOLUME|AVG_DOLLAR_VOLUME|MEDIAN_DOLLAR_VOLUME,"Allarity Therapeutics, Inc. - Common stock",NASDAQ
TDWD,10.11,12325.0,124382.0,0.0,0.0,0.3,0.3,False,SHARE_VOLUME|AVG_DOLLAR_VOLUME|MEDIAN_DOLLAR_VOLUME|LOW_DAILY_RANGE,Tailwind 2.0 Acquisition Corp. - Class A Ordinary Shares,NASDAQ
TOON,0.57,198917.0,124298.0,121026.0,4.56,-14.21,9.45,False,PRICE|SHARE_VOLUME|AVG_DOLLAR_VOLUME|MEDIAN_DOLLAR_VOLUME,"Kartoon Studios, Inc. Common Stock",NYSE American
BREZ,10.07,12430.0,124154.0,1007.0,0.03,1.1,0.6,False,SHARE_VOLUME|AVG_DOLLAR_VOLUME|MEDIAN_DOLLAR_VOLUME|LOW_DAILY_RANGE,Breeze Acquisition Corp. II - Ordinary Shares,NASDAQ
ARAY,0.23,468247.0,123785.0,104442.0,8.34,-27.0,17.86,False,PRICE|SHARE_VOLUME|AVG_DOLLAR_VOLUME|MEDIAN_DOLLAR_VOLUME,Accuray Incorporated - Common Stock,NASDAQ
LGL,6.7,17167.0,123638.0,115540.0,3.64,-9.46,3.24,False,SHARE_VOLUME|AVG_DOLLAR_VOLUME|MEDIAN_DOLLAR_VOLUME,"LGL Group, Inc. (The) Common Stock",NYSE American
GLED,10.02,12320.0,123345.0,61593.0,0.19,0.6,0.2,False,SHARE_VOLUME|AVG_DOLLAR_VOLUME|MEDIAN_DOLLAR_VOLUME|LOW_DAILY_RANGE,GalaxyEdge Acquisition Corporation Ordinary Shares,NYSE
PTOR,9.98,12278.0,122569.0,37891.0,0.06,0.1,0.2,False,SHARE_VOLUME|AVG_DOLLAR_VOLUME|MEDIAN_DOLLAR_VOLUME|LOW_DAILY_RANGE,Praetorian Acquisition Corp. - Class A Ordinary Shares,NASDAQ
ANGH,3.8,35188.0,122364.0,47300.0,6.58,13.77,9.12,False,PRICE|SHARE_VOLUME|AVG_DOLLAR_VOLUME|MEDIAN_DOLLAR_VOLUME,Anghami Inc. - Ordinary Shares,NASDAQ
YHC,1.26,74122.0,122328.0,73973.0,6.8,-26.65,15.61,False,PRICE|SHARE_VOLUME|AVG_DOLLAR_VOLUME|MEDIAN_DOLLAR_VOLUME,LQR House Inc. - Common Stock,NASDAQ
MB,4.28,27874.0,121966.0,48656.0,8.83,-20.54,137.87,False,PRICE|SHARE_VOLUME|AVG_DOLLAR_VOLUME|MEDIAN_DOLLAR_VOLUME,MasterBeef Group - Ordinary Shares,NASDAQ
BDCI,10.16,12013.0,121853.0,20787.0,0.04,0.69,0.3,False,SHARE_VOLUME|AVG_DOLLAR_VOLUME|MEDIAN_DOLLAR_VOLUME|LOW_DAILY_RANGE,BTC Development Corp. - Class A Ordinary Shares,NASDAQ
GWAV,2.31,29323.0,121815.0,110709.0,16.48,-40.97,22.16,False,PRICE|SHARE_VOLUME|AVG_DOLLAR_VOLUME|MEDIAN_DOLLAR_VOLUME,"Greenwave Technology Solutions, Inc. - Common Stock",NASDAQ
PASG,4.8,25526.0,121351.0,65715.0,6.0,6.31,7.1,False,PRICE|SHARE_VOLUME|AVG_DOLLAR_VOLUME|MEDIAN_DOLLAR_VOLUME,"Passage Bio, Inc. - Common Stock",NASDAQ
INUV,0.59,180427.0,121194.0,114741.0,5.95,-20.84,5.8,False,PRICE|SHARE_VOLUME|AVG_DOLLAR_VOLUME|MEDIAN_DOLLAR_VOLUME,"Inuvo, Inc.",NYSE American
TMDE,0.73,160359.0,120991.0,63999.0,6.8,-4.26,8.63,False,PRICE|SHARE_VOLUME|AVG_DOLLAR_VOLUME|MEDIAN_DOLLAR_VOLUME,TMD Energy Limited Ordinary Shares,NYSE American
GLU,18.46,6327.0,120911.0,116205.0,1.35,-5.72,1.29,False,SHARE_VOLUME|AVG_DOLLAR_VOLUME|MEDIAN_DOLLAR_VOLUME|LOW_DAILY_RANGE,Gabelli Global Utility Common Shares of Beneficial Ownership,NYSE American
UPLD,4.24,30096.0,120894.0,108381.0,9.63,-7.13,22.66,False,PRICE|SHARE_VOLUME|AVG_DOLLAR_VOLUME|MEDIAN_DOLLAR_VOLUME,"Upland Software, Inc. - Common Stock",NASDAQ
FTLF,9.35,12399.0,120853.0,110151.0,3.69,-7.92,9.06,False,SHARE_VOLUME|AVG_DOLLAR_VOLUME|MEDIAN_DOLLAR_VOLUME,"FitLife Brands, Inc. - Common Stock",NASDAQ
KPET,9.99,12030.0,120137.0,17489.0,0.12,0.1,0.1,False,SHARE_VOLUME|AVG_DOLLAR_VOLUME|MEDIAN_DOLLAR_VOLUME|LOW_DAILY_RANGE,KPET Ultra Paceline Corporation Class A Ordinary Shares,NYSE
ZKP,10.04,11920.0,119631.0,0.0,0.0,0.3,0.3,False,SHARE_VOLUME|AVG_DOLLAR_VOLUME|MEDIAN_DOLLAR_VOLUME|LOW_DAILY_RANGE,Lafayette Digital Acquisition Corp. I - Class A Ordinary Shares,NASDAQ
BIYA,2.05,52278.0,119618.0,98901.0,5.26,-18.0,5.02,False,PRICE|SHARE_VOLUME|AVG_DOLLAR_VOLUME|MEDIAN_DOLLAR_VOLUME,Baiya International Group Inc.  - Ordinary Shares,NASDAQ
RUBI,1.5,69388.0,118711.0,98264.0,5.34,-20.21,5.26,False,PRICE|SHARE_VOLUME|AVG_DOLLAR_VOLUME|MEDIAN_DOLLAR_VOLUME,Rubico Inc. - Common Stock,NASDAQ
VHUB,0.77,144174.0,118611.0,52945.0,14.47,15.48,11.54,False,PRICE|SHARE_VOLUME|AVG_DOLLAR_VOLUME|MEDIAN_DOLLAR_VOLUME,"VenHub Global, Inc. - Common Stock",NASDAQ
MRT,2.07,55899.0,118245.0,91206.0,7.17,3.5,8.7,False,PRICE|SHARE_VOLUME|AVG_DOLLAR_VOLUME|MEDIAN_DOLLAR_VOLUME,"Marti Technologies, Inc. Class A Ordinary Shares",NYSE American
JENA,10.48,11305.0,117459.0,1047.0,0.09,0.67,0.87,False,SHARE_VOLUME|AVG_DOLLAR_VOLUME|MEDIAN_DOLLAR_VOLUME|LOW_DAILY_RANGE,Jena Acquisition Corporation II Class A Ordinary Shares,NYSE
KTTA,0.5,212893.0,117026.0,123525.0,7.08,1.1,14.68,False,PRICE|SHARE_VOLUME|AVG_DOLLAR_VOLUME|MEDIAN_DOLLAR_VOLUME,Pasithea Therapeutics Corp. - Common Stock,NASDAQ
PAVM,4.05,24549.0,116211.0,73017.0,8.16,-19.96,12.59,False,PRICE|SHARE_VOLUME|AVG_DOLLAR_VOLUME|MEDIAN_DOLLAR_VOLUME,PAVmed Inc. - Common Stock,NASDAQ
OKYO,1.31,77312.0,115913.0,91363.0,6.65,-13.25,7.74,False,PRICE|SHARE_VOLUME|AVG_DOLLAR_VOLUME|MEDIAN_DOLLAR_VOLUME,OKYO Pharma Limited - Ordinary Shares,NASDAQ
DRMA,1.17,80237.0,115391.0,73972.0,8.61,-18.18,27.78,False,PRICE|SHARE_VOLUME|AVG_DOLLAR_VOLUME|MEDIAN_DOLLAR_VOLUME,"Dermata Therapeutics, Inc. - Common Stock",NASDAQ
HKIT,2.55,40805.0,115156.0,81747.0,7.92,-16.39,18.62,False,PRICE|SHARE_VOLUME|AVG_DOLLAR_VOLUME|MEDIAN_DOLLAR_VOLUME,Hitek Global Inc. - Class A Ordinary Share,NASDAQ
LINK,5.26,21031.0,115064.0,91591.0,6.93,2.53,15.71,False,SHARE_VOLUME|AVG_DOLLAR_VOLUME|MEDIAN_DOLLAR_VOLUME,"Interlink Electronics, Inc. - Common Stock",NASDAQ
AGCC,13.9,7959.0,114891.0,71872.0,3.72,-4.14,5.7,False,SHARE_VOLUME|AVG_DOLLAR_VOLUME|MEDIAN_DOLLAR_VOLUME,Agencia Comercial Spirits Ltd - Class A Ordinary Share,NASDAQ
ORIO,1.04,108794.0,114578.0,49219.0,9.23,26.83,25.29,False,PRICE|SHARE_VOLUME|AVG_DOLLAR_VOLUME|MEDIAN_DOLLAR_VOLUME,Orion Digital Corp. - Common Shares,NASDAQ
ATOS,2.45,45249.0,114194.0,110328.0,5.56,-5.21,8.94,False,PRICE|SHARE_VOLUME|AVG_DOLLAR_VOLUME|MEDIAN_DOLLAR_VOLUME,"Atossa Therapeutics, Inc. - Common Stock",NASDAQ
OIM,10.13,11266.0,114135.0,2025.0,0.03,0.0,0.2,False,SHARE_VOLUME|AVG_DOLLAR_VOLUME|MEDIAN_DOLLAR_VOLUME|LOW_DAILY_RANGE,OneIM Acquisition Corp. - Class A Ordinary Shares,NASDAQ
GNLN,2.6,37581.0,114032.0,54574.0,12.86,-14.75,51.74,False,PRICE|SHARE_VOLUME|AVG_DOLLAR_VOLUME|MEDIAN_DOLLAR_VOLUME,"Greenlane Holdings, Inc. - Class A Common Stock",NASDAQ
LSF,3.82,28647.0,113806.0,118442.0,6.17,-11.25,9.66,False,PRICE|SHARE_VOLUME|AVG_DOLLAR_VOLUME|MEDIAN_DOLLAR_VOLUME,"Laird Superfood, Inc. Common Stock",NYSE American
AACI,10.05,11250.0,113051.0,3517.0,0.07,0.0,0.5,False,SHARE_VOLUME|AVG_DOLLAR_VOLUME|MEDIAN_DOLLAR_VOLUME|LOW_DAILY_RANGE,Armada Acquisition Corp. III - Class A Ordinary Share,NASDAQ
GROV,1.03,109019.0,113011.0,41372.0,7.09,-0.96,6.8,False,PRICE|SHARE_VOLUME|AVG_DOLLAR_VOLUME|MEDIAN_DOLLAR_VOLUME,"Grove Collaborative Holdings, Inc. Class A Common Stock",NYSE
MRKR,1.16,84718.0,112695.0,73723.0,8.86,1.1,13.93,False,PRICE|SHARE_VOLUME|AVG_DOLLAR_VOLUME|MEDIAN_DOLLAR_VOLUME,"Marker Therapeutics, Inc. - Common Stock",NASDAQ
OCG,1.53,68413.0,112544.0,91447.0,6.98,-6.71,6.45,False,PRICE|SHARE_VOLUME|AVG_DOLLAR_VOLUME|MEDIAN_DOLLAR_VOLUME,Oriental Culture Holding LTD - Ordinary Shares,NASDAQ
GLE,0.61,232749.0,112459.0,93075.0,10.27,57.22,27.39,False,PRICE|SHARE_VOLUME|AVG_DOLLAR_VOLUME|MEDIAN_DOLLAR_VOLUME,Global Engine Group Holding Limited - Class A Ordinary Shares,NASDAQ
EJH,1.22,81789.0,111957.0,26865.0,11.4,-40.78,42.07,False,PRICE|SHARE_VOLUME|AVG_DOLLAR_VOLUME|MEDIAN_DOLLAR_VOLUME,E-Home Household Service Holdings Limited - Ordinary shares,NASDAQ
TOPS,0.75,146141.0,111854.0,72665.0,6.36,-7.41,12.68,False,PRICE|SHARE_VOLUME|AVG_DOLLAR_VOLUME|MEDIAN_DOLLAR_VOLUME,"TOP Ships, Inc. Common Stock",NYSE American
CHAR,11.05,10196.0,111797.0,4380.0,0.32,1.1,0.73,False,SHARE_VOLUME|AVG_DOLLAR_VOLUME|MEDIAN_DOLLAR_VOLUME|LOW_DAILY_RANGE,Charlton Aria Acquisition Corporation - Class A Ordinary Shares,NASDAQ
EDUC,1.32,83229.0,111401.0,81658.0,2.61,-3.68,0.75,False,PRICE|SHARE_VOLUME|AVG_DOLLAR_VOLUME|MEDIAN_DOLLAR_VOLUME,Educational Development Corporation - Common Stock,NASDAQ
XBIT,2.19,50075.0,111331.0,62661.0,2.51,-3.52,5.58,False,PRICE|SHARE_VOLUME|AVG_DOLLAR_VOLUME|MEDIAN_DOLLAR_VOLUME,XBiotech Inc. - Common Stock,NASDAQ
IZEA,2.7,37461.0,111113.0,107239.0,3.81,-9.4,4.08,False,PRICE|SHARE_VOLUME|AVG_DOLLAR_VOLUME|MEDIAN_DOLLAR_VOLUME,"IZEA Worldwide, Inc. - Common Stock",NASDAQ
UNB,23.6,4662.0,110765.0,77864.0,1.16,-2.28,2.79,False,SHARE_VOLUME|AVG_DOLLAR_VOLUME|MEDIAN_DOLLAR_VOLUME|LOW_DAILY_RANGE,"Union Bankshares, Inc. - Common Stock",NASDAQ
ABVC,1.11,117121.0,110530.0,96466.0,9.81,28.05,15.61,False,PRICE|SHARE_VOLUME|AVG_DOLLAR_VOLUME|MEDIAN_DOLLAR_VOLUME,"ABVC BioPharma, Inc. - Common Stock",NASDAQ
PAVS,4.0,22163.0,109996.0,101110.0,7.09,-31.6,40.12,False,PRICE|SHARE_VOLUME|AVG_DOLLAR_VOLUME|MEDIAN_DOLLAR_VOLUME,Paranovus Entertainment Technology Ltd. - Class A Ordinary Shares,NASDAQ
CCEC,22.42,4849.0,109680.0,116442.0,1.13,-1.77,1.6,False,SHARE_VOLUME|AVG_DOLLAR_VOLUME|MEDIAN_DOLLAR_VOLUME|LOW_DAILY_RANGE,Capital Clean Energy Carriers Corp. - Common Share,NASDAQ
EP,2.52,38604.0,109598.0,101690.0,7.92,-11.89,6.43,False,PRICE|SHARE_VOLUME|AVG_DOLLAR_VOLUME|MEDIAN_DOLLAR_VOLUME,Empire Petroleum Corporation Common Stock,NYSE American
VTGN,0.24,446221.0,109263.0,92671.0,5.61,-0.12,4.17,False,PRICE|SHARE_VOLUME|AVG_DOLLAR_VOLUME|MEDIAN_DOLLAR_VOLUME,"Vistagen Therapeutics, Inc. - Common Stock",NASDAQ
FCHL,1.0,102959.0,108713.0,19516.0,7.31,-6.54,16.53,False,PRICE|SHARE_VOLUME|AVG_DOLLAR_VOLUME|MEDIAN_DOLLAR_VOLUME,Fitness Champs Holdings Limited - Ordinary Shares,NASDAQ
FVAV,10.29,10570.0,107834.0,1020.0,0.11,0.98,1.37,False,SHARE_VOLUME|AVG_DOLLAR_VOLUME|MEDIAN_DOLLAR_VOLUME|LOW_DAILY_RANGE,Fortress Value Acquisition Corp. V - Class A Ordinary Shares,NASDAQ
NEXM,2.32,44261.0,107473.0,66510.0,6.15,7.88,9.73,False,PRICE|SHARE_VOLUME|AVG_DOLLAR_VOLUME|MEDIAN_DOLLAR_VOLUME,NexMetals Mining Corp. - Common Stock,NASDAQ
SOCA,10.35,10260.0,106131.0,0.0,0.0,0.15,0.49,False,SHARE_VOLUME|AVG_DOLLAR_VOLUME|MEDIAN_DOLLAR_VOLUME|LOW_DAILY_RANGE,Solarius Capital Acquisition Corp. - Class A Ordinary Share,NASDAQ
TVIV,9.95,10685.0,106034.0,1486.0,0.12,0.4,0.5,False,SHARE_VOLUME|AVG_DOLLAR_VOLUME|MEDIAN_DOLLAR_VOLUME|LOW_DAILY_RANGE,Texas Ventures Acquisition IV Corp - Class A Ordinary Shares,NASDAQ
PMAX,0.95,107209.0,105322.0,28928.0,12.31,-19.16,8.5,False,PRICE|SHARE_VOLUME|AVG_DOLLAR_VOLUME|MEDIAN_DOLLAR_VOLUME,Powell Max Limited - Class A Ordinary Shares,NASDAQ
CWD,0.48,196988.0,105166.0,73906.0,7.77,-2.43,15.41,False,PRICE|SHARE_VOLUME|AVG_DOLLAR_VOLUME|MEDIAN_DOLLAR_VOLUME,CaliberCos Inc. - Class A Common Stock,NASDAQ
LPCV,10.06,10426.0,104657.0,0.0,0.02,0.4,0.6,False,SHARE_VOLUME|AVG_DOLLAR_VOLUME|MEDIAN_DOLLAR_VOLUME|LOW_DAILY_RANGE,Launchpad Cadenza Acquisition Corp I - Class A Ordinary Share,NASDAQ
ENVB,1.48,74566.0,104135.0,67453.0,6.44,9.63,6.11,False,PRICE|SHARE_VOLUME|AVG_DOLLAR_VOLUME|MEDIAN_DOLLAR_VOLUME,"Enveric Biosciences, Inc.  - Common Stock",NASDAQ
INEO,0.56,179325.0,103999.0,8246.0,10.93,-5.9,12.72,False,PRICE|SHARE_VOLUME|AVG_DOLLAR_VOLUME|MEDIAN_DOLLAR_VOLUME,INNEOVA Holdings Limited - Class A Ordinary Shares,NASDAQ
WSBK,12.93,7999.0,103897.0,78786.0,0.39,-0.54,0.27,False,SHARE_VOLUME|AVG_DOLLAR_VOLUME|MEDIAN_DOLLAR_VOLUME|LOW_DAILY_RANGE,"Winchester Bancorp, Inc. - Common Stock",NASDAQ
SUMA,9.96,10485.0,103828.0,0.0,0.04,0.4,0.71,False,SHARE_VOLUME|AVG_DOLLAR_VOLUME|MEDIAN_DOLLAR_VOLUME|LOW_DAILY_RANGE,SUMA Acquisition Corporation - Class A Ordinary Shares,NASDAQ
KEQU,35.26,2865.0,103317.0,61217.0,2.69,-2.92,4.07,False,SHARE_VOLUME|AVG_DOLLAR_VOLUME|MEDIAN_DOLLAR_VOLUME,Kewaunee Scientific Corporation - Common Stock,NASDAQ
SILO,1.77,40560.0,102160.0,68238.0,7.74,-42.38,4.04,False,PRICE|SHARE_VOLUME|AVG_DOLLAR_VOLUME|MEDIAN_DOLLAR_VOLUME,"Silo Pharma, Inc. - Common Stock",NASDAQ
SORN,10.02,10095.0,101125.0,0.0,0.04,0.6,0.4,False,SHARE_VOLUME|AVG_DOLLAR_VOLUME|MEDIAN_DOLLAR_VOLUME|LOW_DAILY_RANGE,Soren Acquisition Corp. - Class A Ordinary Shares,NASDAQ
LFT,6.55,14831.0,101024.0,96536.0,4.5,11.02,8.06,False,SHARE_VOLUME|AVG_DOLLAR_VOLUME|MEDIAN_DOLLAR_VOLUME,"Lument Finance Trust, Inc. Common Stock",NYSE
DYAI,0.4,193772.0,100301.0,75694.0,12.3,-47.03,5.15,False,PRICE|SHARE_VOLUME|AVG_DOLLAR_VOLUME|MEDIAN_DOLLAR_VOLUME,"Dyadic International, Inc. - Common Stock",NASDAQ
IHT,1.34,75275.0,99810.0,38825.0,7.21,-18.29,8.59,False,PRICE|SHARE_VOLUME|AVG_DOLLAR_VOLUME|MEDIAN_DOLLAR_VOLUME,InnSuites Hospitality Trust Shares of Beneficial Interest,NYSE American
WPRT,2.02,52944.0,99217.0,66542.0,3.26,12.22,5.43,False,PRICE|SHARE_VOLUME|AVG_DOLLAR_VOLUME|MEDIAN_DOLLAR_VOLUME,Westport Fuel Systems Inc - Common Shares,NASDAQ
CSPI,7.82,12697.0,99077.0,75158.0,5.32,7.68,5.33,False,SHARE_VOLUME|AVG_DOLLAR_VOLUME|MEDIAN_DOLLAR_VOLUME,CSP Inc. - Common Stock,NASDAQ
GGZ,15.7,6062.0,99023.0,83026.0,1.31,-7.1,1.44,False,SHARE_VOLUME|AVG_DOLLAR_VOLUME|MEDIAN_DOLLAR_VOLUME|LOW_DAILY_RANGE,Gabelli Global Small and Mid Cap Value Trust (The) Common Shares of Beneficial Interest,NYSE
PBHC,17.11,6095.0,98608.0,83669.0,2.25,5.16,3.23,False,SHARE_VOLUME|AVG_DOLLAR_VOLUME|MEDIAN_DOLLAR_VOLUME,"Pathfinder Bancorp, Inc. - Common Stock",NASDAQ
TEAD,0.46,191688.0,98262.0,56093.0,9.29,-25.05,7.33,False,PRICE|SHARE_VOLUME|AVG_DOLLAR_VOLUME|MEDIAN_DOLLAR_VOLUME,Teads Holding Co. - Common Stock,NASDAQ
XELB,0.93,111037.0,97175.0,32715.0,12.43,-3.33,13.3,False,PRICE|SHARE_VOLUME|AVG_DOLLAR_VOLUME|MEDIAN_DOLLAR_VOLUME,"Xcel Brands, Inc - Common Stock",NASDAQ
NHIV,10.05,9520.0,96176.0,0.0,0.02,-0.59,0.2,False,SHARE_VOLUME|AVG_DOLLAR_VOLUME|MEDIAN_DOLLAR_VOLUME|LOW_DAILY_RANGE,NewHold Investment Corp IV - Class A Ordinary Shares,NASDAQ
MOG-B,365.45,247.0,95080.0,74460.0,0.54,-18.05,9.26,False,SHARE_VOLUME|AVG_DOLLAR_VOLUME|MEDIAN_DOLLAR_VOLUME|LOW_DAILY_RANGE,Moog Inc. Class B Common Stock,NYSE
RFAM,9.99,9532.0,95024.0,7473.0,0.06,-0.1,0.91,False,SHARE_VOLUME|AVG_DOLLAR_VOLUME|MEDIAN_DOLLAR_VOLUME|LOW_DAILY_RANGE,RF Acquisition Corp III - Ordinary Shares,NASDAQ
FDSB,18.52,5170.0,95014.0,65300.0,0.95,1.15,2.12,False,SHARE_VOLUME|AVG_DOLLAR_VOLUME|MEDIAN_DOLLAR_VOLUME|LOW_DAILY_RANGE,"Fifth District Bancorp, Inc. - Common Stock",NASDAQ
JL,4.61,19726.0,94915.0,45590.0,6.44,7.21,7.8,False,PRICE|SHARE_VOLUME|AVG_DOLLAR_VOLUME|MEDIAN_DOLLAR_VOLUME,J-Long Group Limited - Class A Ordinary Shares,NASDAQ
GMM,1.95,38581.0,94101.0,55534.0,6.34,-27.43,4.42,False,PRICE|SHARE_VOLUME|AVG_DOLLAR_VOLUME|MEDIAN_DOLLAR_VOLUME,Global Mofy AI Limited  - Class A Ordinary Shares,NASDAQ
LOAN,3.97,23237.0,93986.0,71196.0,1.63,-4.34,2.0,False,PRICE|SHARE_VOLUME|AVG_DOLLAR_VOLUME|MEDIAN_DOLLAR_VOLUME|LOW_DAILY_RANGE,"Manhattan Bridge Capital, Inc - Common Stock",NASDAQ
FACT,10.72,8785.0,93957.0,44405.0,0.04,0.47,0.09,False,SHARE_VOLUME|AVG_DOLLAR_VOLUME|MEDIAN_DOLLAR_VOLUME|LOW_DAILY_RANGE,FACT II Acquisition Corp. - Class A Ordinary Shares,NASDAQ
NXL,4.86,15017.0,93715.0,50333.0,9.58,-51.35,5.43,False,PRICE|SHARE_VOLUME|AVG_DOLLAR_VOLUME|MEDIAN_DOLLAR_VOLUME,"Nexalin Technology, Inc. - Common Stock",NASDAQ
HLXC,10.8,8620.0,93524.0,7021.0,0.82,-0.46,2.08,False,SHARE_VOLUME|AVG_DOLLAR_VOLUME|MEDIAN_DOLLAR_VOLUME|LOW_DAILY_RANGE,Helix Acquisition Corp. III - Class A Ordinary Shares,NASDAQ
LPA,3.16,28910.0,92944.0,43206.0,5.59,-3.36,14.0,False,PRICE|SHARE_VOLUME|AVG_DOLLAR_VOLUME|MEDIAN_DOLLAR_VOLUME,Logistic Properties of the Americas Ordinary Shares,NYSE American
BOLT,3.68,24350.0,92086.0,50582.0,8.48,15.83,14.53,False,PRICE|SHARE_VOLUME|AVG_DOLLAR_VOLUME|MEDIAN_DOLLAR_VOLUME,"Bolt Biotherapeutics, Inc. - Common Stock",NASDAQ
BCHT,1.51,68224.0,91962.0,72229.0,6.19,8.63,12.61,False,PRICE|SHARE_VOLUME|AVG_DOLLAR_VOLUME|MEDIAN_DOLLAR_VOLUME,Birchtech Corp. Common Stock,NYSE American
KTN,25.53,3596.0,91714.0,49722.0,0.23,0.31,0.43,False,SHARE_VOLUME|AVG_DOLLAR_VOLUME|MEDIAN_DOLLAR_VOLUME|LOW_DAILY_RANGE,Structured Products Corp 8.205% CorTS 8.205% Corporate Backed Trust Securities (CorTS),NYSE
CLIR,3.66,21602.0,91558.0,87837.0,9.14,-21.63,10.23,False,PRICE|SHARE_VOLUME|AVG_DOLLAR_VOLUME|MEDIAN_DOLLAR_VOLUME,ClearSign Technologies Corporation - Common Stock,NASDAQ
GSRF,10.23,8930.0,91229.0,0.0,0.0,0.29,0.2,False,SHARE_VOLUME|AVG_DOLLAR_VOLUME|MEDIAN_DOLLAR_VOLUME|LOW_DAILY_RANGE,GSR IV Acquisition Corp. - Class A ordinary share,NASDAQ
MTC,5.09,21513.0,90355.0,50419.0,9.85,63.67,10.84,False,SHARE_VOLUME|AVG_DOLLAR_VOLUME|MEDIAN_DOLLAR_VOLUME,"MMTec, Inc. - Common Shares",NASDAQ
PSHG,1.71,52824.0,90017.0,72188.0,4.07,-2.29,5.33,False,PRICE|SHARE_VOLUME|AVG_DOLLAR_VOLUME|MEDIAN_DOLLAR_VOLUME,Performance Shipping Inc. - Common Shares,NASDAQ
BOF,3.77,22618.0,89921.0,49728.0,4.24,-6.22,7.53,False,PRICE|SHARE_VOLUME|AVG_DOLLAR_VOLUME|MEDIAN_DOLLAR_VOLUME,BranchOut Food Inc. - Common Stock,NASDAQ
GPAC,10.07,8930.0,89841.0,0.0,0.01,0.3,0.2,False,SHARE_VOLUME|AVG_DOLLAR_VOLUME|MEDIAN_DOLLAR_VOLUME|LOW_DAILY_RANGE,General Purpose Acquisition Corp. - Class A Ordinary Shares,NASDAQ
CENN,4.49,22036.0,89673.0,34365.0,6.48,26.98,10.32,False,PRICE|SHARE_VOLUME|AVG_DOLLAR_VOLUME|MEDIAN_DOLLAR_VOLUME,Cenntro Inc. - Common Stock,NASDAQ
JYD,0.76,118685.0,89621.0,17664.0,7.74,-26.2,14.62,False,PRICE|SHARE_VOLUME|AVG_DOLLAR_VOLUME|MEDIAN_DOLLAR_VOLUME,Jayud Global Logistics Limited - Class A Ordinary Shares,NASDAQ
INM,1.31,63908.0,89243.0,85438.0,6.06,-9.03,10.42,False,PRICE|SHARE_VOLUME|AVG_DOLLAR_VOLUME|MEDIAN_DOLLAR_VOLUME,InMed Pharmaceuticals Inc. - Common Shares,NASDAQ
RSSS,2.09,41969.0,88483.0,50899.0,4.05,-6.28,6.09,False,PRICE|SHARE_VOLUME|AVG_DOLLAR_VOLUME|MEDIAN_DOLLAR_VOLUME,"Research Solutions, Inc - Common Stock",NASDAQ
GTEN,10.53,8290.0,88397.0,3190.0,0.29,-0.57,1.23,False,SHARE_VOLUME|AVG_DOLLAR_VOLUME|MEDIAN_DOLLAR_VOLUME|LOW_DAILY_RANGE,"Gores Holdings X, Inc. - Class A ordinary shares",NASDAQ
YCBD,0.47,177756.0,88168.0,37042.0,5.35,-0.83,6.15,False,PRICE|SHARE_VOLUME|AVG_DOLLAR_VOLUME|MEDIAN_DOLLAR_VOLUME,"cbdMD, Inc. Common Stock",NYSE American
NTIC,8.02,10932.0,88008.0,20295.0,1.73,-0.31,4.08,False,SHARE_VOLUME|AVG_DOLLAR_VOLUME|MEDIAN_DOLLAR_VOLUME|LOW_DAILY_RANGE,Northern Technologies International Corporation - Common Stock,NASDAQ
EMIS,10.25,8580.0,87937.0,0.0,0.01,0.39,0.39,False,SHARE_VOLUME|AVG_DOLLAR_VOLUME|MEDIAN_DOLLAR_VOLUME|LOW_DAILY_RANGE,Emmis Acquisition Corp. - Class A Ordinary Share,NASDAQ
QTI,2.66,30801.0,87916.0,69156.0,11.13,-8.59,13.75,False,PRICE|SHARE_VOLUME|AVG_DOLLAR_VOLUME|MEDIAN_DOLLAR_VOLUME,"QT Imaging Holdings, Inc. - Common Stock",NASDAQ
SNGX,0.36,228255.0,87578.0,46602.0,3.78,-9.98,5.26,False,PRICE|SHARE_VOLUME|AVG_DOLLAR_VOLUME|MEDIAN_DOLLAR_VOLUME,"Soligenix, Inc. - Common Stock",NASDAQ
CHPG,10.44,8345.0,87071.0,0.0,0.02,-0.1,0.58,False,SHARE_VOLUME|AVG_DOLLAR_VOLUME|MEDIAN_DOLLAR_VOLUME|LOW_DAILY_RANGE,ChampionsGate Acquisition Corporation - Class A Ordinary Share,NASDAQ
ROC,4.35,20662.0,86238.0,56572.0,4.96,0.46,4.66,False,PRICE|SHARE_VOLUME|AVG_DOLLAR_VOLUME|MEDIAN_DOLLAR_VOLUME,Rank One Computing Corporation - Common stock,NASDAQ
BEBE,10.04,8590.0,86163.0,0.0,0.01,0.4,0.5,False,SHARE_VOLUME|AVG_DOLLAR_VOLUME|MEDIAN_DOLLAR_VOLUME|LOW_DAILY_RANGE,TGE Value Creative Solutions Corp Class A Ordinary Shares,NYSE
TACT,5.08,16946.0,85827.0,69750.0,4.34,4.74,6.3,False,SHARE_VOLUME|AVG_DOLLAR_VOLUME|MEDIAN_DOLLAR_VOLUME,TransAct Technologies Incorporated - Common Stock,NASDAQ
RMCF,0.86,75068.0,85266.0,40970.0,6.76,-32.27,126.87,False,PRICE|SHARE_VOLUME|AVG_DOLLAR_VOLUME|MEDIAN_DOLLAR_VOLUME,"Rocky Mountain Chocolate Factory, Inc. - Common Stock",NASDAQ
CNCK,1.93,41432.0,85182.0,52589.0,6.88,-3.73,3.35,False,PRICE|SHARE_VOLUME|AVG_DOLLAR_VOLUME|MEDIAN_DOLLAR_VOLUME,Coincheck Group N.V. - Ordinary Shares,NASDAQ
RGNT,1.81,41968.0,84932.0,40459.0,6.37,-9.05,12.06,False,PRICE|SHARE_VOLUME|AVG_DOLLAR_VOLUME|MEDIAN_DOLLAR_VOLUME,Regentis Biomaterials Ltd. Ordinary Shares,NYSE American
RNGT,10.18,8340.0,84626.0,1017.0,0.02,0.3,0.39,False,SHARE_VOLUME|AVG_DOLLAR_VOLUME|MEDIAN_DOLLAR_VOLUME|LOW_DAILY_RANGE,Range Capital Acquisition Corp II - Class A Ordinary Shares,NASDAQ
CMCT,2.75,23170.0,84498.0,63773.0,10.57,-46.6,9.46,False,PRICE|SHARE_VOLUME|AVG_DOLLAR_VOLUME|MEDIAN_DOLLAR_VOLUME,Creative Media  - Common Stock,NASDAQ
AQMS,2.34,31970.0,84331.0,61393.0,7.5,-11.7,9.52,False,PRICE|SHARE_VOLUME|AVG_DOLLAR_VOLUME|MEDIAN_DOLLAR_VOLUME,"Aqua Metals, Inc. - Common Stock",NASDAQ
DCOY,2.88,29317.0,84124.0,62232.0,7.44,-21.66,6.09,False,PRICE|SHARE_VOLUME|AVG_DOLLAR_VOLUME|MEDIAN_DOLLAR_VOLUME,Decoy Therapeutics Inc. - Common Stock,NASDAQ
LKSP,10.24,8205.0,83789.0,0.0,0.01,0.49,0.2,False,SHARE_VOLUME|AVG_DOLLAR_VOLUME|MEDIAN_DOLLAR_VOLUME|LOW_DAILY_RANGE,Lake Superior Acquisition Corp. - Class A Ordinary Shares,NASDAQ
TAVI,10.76,7810.0,83680.0,3222.0,0.08,0.65,0.56,False,SHARE_VOLUME|AVG_DOLLAR_VOLUME|MEDIAN_DOLLAR_VOLUME|LOW_DAILY_RANGE,Tavia Acquisition Corp. - Ordinary Shares,NASDAQ
DETX,2.13,34022.0,83672.0,25381.0,13.61,-41.16,21.52,False,PRICE|SHARE_VOLUME|AVG_DOLLAR_VOLUME|MEDIAN_DOLLAR_VOLUME,"Liberty Defense Holdings, Ltd. - Common Shares",NASDAQ
CRGO,1.11,65344.0,83407.0,64400.0,7.0,-29.3,23.7,False,PRICE|SHARE_VOLUME|AVG_DOLLAR_VOLUME|MEDIAN_DOLLAR_VOLUME,Freightos Limited - Ordinary shares,NASDAQ
AACO,9.99,8335.0,83108.0,0.0,0.01,0.2,0.2,False,SHARE_VOLUME|AVG_DOLLAR_VOLUME|MEDIAN_DOLLAR_VOLUME|LOW_DAILY_RANGE,Abony Acquisition Corp. I - Class A Ordinary Share,NASDAQ
FSI,5.8,14704.0,82821.0,79765.0,3.44,10.48,6.94,False,SHARE_VOLUME|AVG_DOLLAR_VOLUME|MEDIAN_DOLLAR_VOLUME,Flexible Solutions International Inc. Common Stock (CDA),NYSE American
ABTS,1.41,60790.0,82519.0,31811.0,9.74,21.98,18.25,False,PRICE|SHARE_VOLUME|AVG_DOLLAR_VOLUME|MEDIAN_DOLLAR_VOLUME,Abits Group Inc - Ordinary Shares,NASDAQ
CCEL,4.45,18998.0,82415.0,45797.0,7.56,13.23,10.54,False,PRICE|SHARE_VOLUME|AVG_DOLLAR_VOLUME|MEDIAN_DOLLAR_VOLUME,"Cryo-Cell International, Inc. Common Stock",NYSE American
SLND,0.57,125464.0,82055.0,64063.0,7.43,-14.55,16.58,False,PRICE|SHARE_VOLUME|AVG_DOLLAR_VOLUME|MEDIAN_DOLLAR_VOLUME,"Southland Holdings, Inc. Common Stock",NYSE American
CLRB,2.37,33414.0,81323.0,69872.0,3.51,-8.49,4.84,False,PRICE|SHARE_VOLUME|AVG_DOLLAR_VOLUME|MEDIAN_DOLLAR_VOLUME,"Cellectar Biosciences, Inc. - Common Stock",NASDAQ
MSAI,4.73,15592.0,80956.0,65504.0,5.12,-15.92,6.08,False,PRICE|SHARE_VOLUME|AVG_DOLLAR_VOLUME|MEDIAN_DOLLAR_VOLUME,"MultiSensor AI Holdings, Inc. - Common Stock",NASDAQ
XLO,9.0,8953.0,80539.0,66664.0,3.13,-5.26,3.49,False,SHARE_VOLUME|AVG_DOLLAR_VOLUME|MEDIAN_DOLLAR_VOLUME,"Xilio Therapeutics, Inc. - Common Stock",NASDAQ
FUSE,0.51,117404.0,80424.0,64628.0,6.72,-37.14,6.04,False,PRICE|SHARE_VOLUME|AVG_DOLLAR_VOLUME|MEDIAN_DOLLAR_VOLUME,Fusemachines Inc. - Common stock,NASDAQ
RAVE,2.86,26844.0,80057.0,55572.0,2.75,-6.23,2.77,False,PRICE|SHARE_VOLUME|AVG_DOLLAR_VOLUME|MEDIAN_DOLLAR_VOLUME,"Rave Restaurant Group, Inc. - Common Stock",NASDAQ
GFAI,0.35,204143.0,79328.0,33678.0,6.9,0.76,8.77,False,PRICE|SHARE_VOLUME|AVG_DOLLAR_VOLUME|MEDIAN_DOLLAR_VOLUME,"Guardforce AI Co., Limited - Ordinary Shares",NASDAQ
MENS,2.06,36424.0,79168.0,76956.0,7.48,1.73,5.29,False,PRICE|SHARE_VOLUME|AVG_DOLLAR_VOLUME|MEDIAN_DOLLAR_VOLUME,Jyong Biotech Ltd. - Ordinary shares,NASDAQ
ITOC,0.32,252576.0,78699.0,31629.0,11.83,11.23,12.07,False,PRICE|SHARE_VOLUME|AVG_DOLLAR_VOLUME|MEDIAN_DOLLAR_VOLUME,iTonic Holdings Ltd - Class A Ordinary Shares,NASDAQ
SNOA,1.26,58985.0,77965.0,82578.0,3.56,-2.69,15.2,False,PRICE|SHARE_VOLUME|AVG_DOLLAR_VOLUME|MEDIAN_DOLLAR_VOLUME,"Sonoma Pharmaceuticals, Inc. - Common Stock",NASDAQ
LBTYB,12.96,5814.0,77807.0,5699.0,1.18,-1.82,9.08,False,SHARE_VOLUME|AVG_DOLLAR_VOLUME|MEDIAN_DOLLAR_VOLUME|LOW_DAILY_RANGE,Liberty Global Ltd. - Class B Common Shares,NASDAQ
DCX,0.4,125632.0,77722.0,53777.0,17.13,-57.8,14.31,False,PRICE|SHARE_VOLUME|AVG_DOLLAR_VOLUME|MEDIAN_DOLLAR_VOLUME,Digital Currency X Technology Inc. - Class A Ordinary Shares,NASDAQ
TDIC,2.05,32084.0,77674.0,72128.0,4.79,-24.35,7.84,False,PRICE|SHARE_VOLUME|AVG_DOLLAR_VOLUME|MEDIAN_DOLLAR_VOLUME,Dreamland Limited - Class A Ordinary Shares,NASDAQ
SOS,0.77,91302.0,77404.0,73353.0,9.23,-11.4,16.32,False,PRICE|SHARE_VOLUME|AVG_DOLLAR_VOLUME|MEDIAN_DOLLAR_VOLUME,SOS Limited Class A Ordinary Shares,NYSE
AHT,2.9,23734.0,77143.0,40794.0,3.11,-10.89,2.88,False,PRICE|SHARE_VOLUME|AVG_DOLLAR_VOLUME|MEDIAN_DOLLAR_VOLUME,Ashford Hospitality Trust Inc Common Stock,NYSE
FMST,0.78,75477.0,76772.0,68795.0,8.3,-31.67,7.89,False,PRICE|SHARE_VOLUME|AVG_DOLLAR_VOLUME|MEDIAN_DOLLAR_VOLUME,Foremost Clean Energy Ltd. - Common Shares,NASDAQ
LNAI,2.19,32562.0,76643.0,65678.0,8.71,1.39,11.63,False,PRICE|SHARE_VOLUME|AVG_DOLLAR_VOLUME|MEDIAN_DOLLAR_VOLUME,Lunai Bioworks Inc. - Common Stock,NASDAQ
ARAI,0.23,322243.0,76634.0,66605.0,6.33,-6.97,8.89,False,PRICE|SHARE_VOLUME|AVG_DOLLAR_VOLUME|MEDIAN_DOLLAR_VOLUME,Arrive AI Inc. - Common Stock,NASDAQ
LIVE,8.16,8570.0,76154.0,63298.0,7.37,-19.31,8.77,False,SHARE_VOLUME|AVG_DOLLAR_VOLUME|MEDIAN_DOLLAR_VOLUME,Live Ventures Incorporated - Common Stock,NASDAQ
VTSI,2.92,25054.0,75864.0,59575.0,3.75,-3.63,4.76,False,PRICE|SHARE_VOLUME|AVG_DOLLAR_VOLUME|MEDIAN_DOLLAR_VOLUME,"VirTra, Inc. - Common Stock",NASDAQ
NTWK,4.24,18644.0,75786.0,45975.0,3.3,3.8,2.75,False,PRICE|SHARE_VOLUME|AVG_DOLLAR_VOLUME|MEDIAN_DOLLAR_VOLUME,NETSOL Technologies Inc. - Common Stock,NASDAQ
LATA,10.19,7430.0,75676.0,0.0,0.03,0.39,0.3,False,SHARE_VOLUME|AVG_DOLLAR_VOLUME|MEDIAN_DOLLAR_VOLUME|LOW_DAILY_RANGE,Galata Acquisition Corp. II - Class A Ordinary Shares,NASDAQ
GLXG,0.98,73176.0,75382.0,25859.0,9.09,6.22,10.75,False,PRICE|SHARE_VOLUME|AVG_DOLLAR_VOLUME|MEDIAN_DOLLAR_VOLUME,Galaxy Payroll Group Limited - Class A Ordinary Shares,NASDAQ
UONEK,4.2,15850.0,74031.0,24500.0,4.1,-15.66,5.12,False,PRICE|SHARE_VOLUME|AVG_DOLLAR_VOLUME|MEDIAN_DOLLAR_VOLUME,"Urban One, Inc.  - Class D Common Stock",NASDAQ
CREX,2.6,27192.0,74002.0,45684.0,7.12,-7.14,12.0,False,PRICE|SHARE_VOLUME|AVG_DOLLAR_VOLUME|MEDIAN_DOLLAR_VOLUME,"Creative Realities, Inc. - Common Stock",NASDAQ
PMA,1.24,57888.0,73991.0,38732.0,7.0,-20.0,36.13,False,PRICE|SHARE_VOLUME|AVG_DOLLAR_VOLUME|MEDIAN_DOLLAR_VOLUME,PMA Graphene Technology Group Inc. - Class A Ordinary Shares,NASDAQ
TIL,7.25,9806.0,73905.0,62181.0,3.06,-0.82,3.17,False,SHARE_VOLUME|AVG_DOLLAR_VOLUME|MEDIAN_DOLLAR_VOLUME,"Instil Bio, Inc. - Common Stock",NASDAQ
GSHR,10.54,7010.0,73870.0,2102.0,0.05,0.29,0.38,False,SHARE_VOLUME|AVG_DOLLAR_VOLUME|MEDIAN_DOLLAR_VOLUME|LOW_DAILY_RANGE,Gesher Acquisition Corp. II - Class A Ordinary Shares,NASDAQ
DUKR,5.32,13424.0,73826.0,53873.0,5.67,-1.57,4.63,False,SHARE_VOLUME|AVG_DOLLAR_VOLUME|MEDIAN_DOLLAR_VOLUME,DUKE Robotics Corp. - Common Stock,NASDAQ
FIGX,10.32,7110.0,73396.0,9297.0,0.08,0.19,0.58,False,SHARE_VOLUME|AVG_DOLLAR_VOLUME|MEDIAN_DOLLAR_VOLUME|LOW_DAILY_RANGE,FIGX Capital Acquisition Corp. - Class A ordinary share,NASDAQ
BYSI,0.74,102711.0,73247.0,26151.0,8.38,2.62,34.23,False,PRICE|SHARE_VOLUME|AVG_DOLLAR_VOLUME|MEDIAN_DOLLAR_VOLUME,"BeyondSpring, Inc. - Ordinary Shares",NASDAQ
DSY,3.53,18732.0,73052.0,56536.0,4.98,-11.72,33.33,False,PRICE|SHARE_VOLUME|AVG_DOLLAR_VOLUME|MEDIAN_DOLLAR_VOLUME,Big Tree Cloud Holdings Limited - Class A Ordinary Shares,NASDAQ
RBNE,2.34,27337.0,72769.0,56770.0,7.87,-22.0,12.78,False,PRICE|SHARE_VOLUME|AVG_DOLLAR_VOLUME|MEDIAN_DOLLAR_VOLUME,Robin Energy Ltd. - Common Stock,NASDAQ
TXMD,2.16,32838.0,72705.0,42639.0,3.16,7.46,10.14,False,PRICE|SHARE_VOLUME|AVG_DOLLAR_VOLUME|MEDIAN_DOLLAR_VOLUME,"TherapeuticsMD, Inc. - Common Stock",NASDAQ
GROW,2.96,23540.0,71822.0,52330.0,4.19,-7.37,2.75,False,PRICE|SHARE_VOLUME|AVG_DOLLAR_VOLUME|MEDIAN_DOLLAR_VOLUME,"U.S. Global Investors, Inc. - Class A Common Stock",NASDAQ
FBGL,0.38,173839.0,71493.0,14166.0,10.22,-1.33,9.32,False,PRICE|SHARE_VOLUME|AVG_DOLLAR_VOLUME|MEDIAN_DOLLAR_VOLUME,FBS Global Limited - Ordinary Shares,NASDAQ
IMA,5.1,13860.0,71489.0,72432.0,5.77,-10.21,6.77,False,SHARE_VOLUME|AVG_DOLLAR_VOLUME|MEDIAN_DOLLAR_VOLUME,"ImageneBio, Inc. - Common Stock",NASDAQ
KFFB,5.84,12283.0,71383.0,41816.0,5.59,7.92,11.09,False,SHARE_VOLUME|AVG_DOLLAR_VOLUME|MEDIAN_DOLLAR_VOLUME,Kentucky First Federal Bancorp - Common Stock,NASDAQ
AIFF,0.96,66809.0,71239.0,77613.0,5.61,-11.57,7.14,False,PRICE|SHARE_VOLUME|AVG_DOLLAR_VOLUME|MEDIAN_DOLLAR_VOLUME,"Firefly Neuroscience, Inc.  - Common Stock",NASDAQ
IRIX,0.67,98130.0,71118.0,59128.0,5.11,-27.97,6.33,False,PRICE|SHARE_VOLUME|AVG_DOLLAR_VOLUME|MEDIAN_DOLLAR_VOLUME,IRIDEX Corporation - Common Stock,NASDAQ
BRTX,2.6,338430.0,71066.0,37260.0,7.2,1081.82,1751.35,False,PRICE|SHARE_VOLUME|AVG_DOLLAR_VOLUME|MEDIAN_DOLLAR_VOLUME,"BioRestorative Therapies, Inc. - Common Stock",NASDAQ
WFCF,13.11,5243.0,70337.0,31133.0,7.26,3.97,9.88,False,SHARE_VOLUME|AVG_DOLLAR_VOLUME|MEDIAN_DOLLAR_VOLUME,"Where Food Comes From, Inc. - Common Stock",NASDAQ
XBP,2.94,24278.0,70264.0,43906.0,8.96,-1.34,14.62,False,PRICE|SHARE_VOLUME|AVG_DOLLAR_VOLUME|MEDIAN_DOLLAR_VOLUME,"XBP Global Holdings, Inc. - Common Stock",NASDAQ
AUST,1.14,56799.0,69980.0,42804.0,5.69,-1.72,11.01,False,PRICE|SHARE_VOLUME|AVG_DOLLAR_VOLUME|MEDIAN_DOLLAR_VOLUME,Austin Gold Corp. Common Shares,NYSE American
REFR,0.38,158791.0,69473.0,50977.0,10.23,-9.9,5.11,False,PRICE|SHARE_VOLUME|AVG_DOLLAR_VOLUME|MEDIAN_DOLLAR_VOLUME,Research Frontiers Incorporated - Common Stock,NASDAQ
CDIO,2.01,34874.0,68693.0,49918.0,7.32,4.97,18.03,False,PRICE|SHARE_VOLUME|AVG_DOLLAR_VOLUME|MEDIAN_DOLLAR_VOLUME,Cardio Diagnostics Holdings Inc. - Common stock,NASDAQ
MNDR,1.4,43830.0,68577.0,55108.0,6.06,-18.13,5.84,False,PRICE|SHARE_VOLUME|AVG_DOLLAR_VOLUME|MEDIAN_DOLLAR_VOLUME,Mobile-health Network Solutions - Class A Ordinary Shares,NASDAQ
ELWT,7.1,9418.0,68445.0,29699.0,5.67,3.05,9.14,False,SHARE_VOLUME|AVG_DOLLAR_VOLUME|MEDIAN_DOLLAR_VOLUME,"Elauwit Connection, Inc. - Common Stock",NASDAQ
FSEA,17.18,3965.0,67999.0,37599.0,0.15,0.59,0.37,False,SHARE_VOLUME|AVG_DOLLAR_VOLUME|MEDIAN_DOLLAR_VOLUME|LOW_DAILY_RANGE,"First Seacoast Bancorp, Inc. - Common Stock",NASDAQ
NTCL,2.01,31299.0,67914.0,38314.0,7.36,-18.95,12.5,False,PRICE|SHARE_VOLUME|AVG_DOLLAR_VOLUME|MEDIAN_DOLLAR_VOLUME,NETCLASS TECHNOLOGY INC - Class A Ordinary Shares,NASDAQ
BMR,1.25,52745.0,67826.0,33466.0,5.8,-3.14,4.84,False,PRICE|SHARE_VOLUME|AVG_DOLLAR_VOLUME|MEDIAN_DOLLAR_VOLUME,Beamr Imaging Ltd. - Ordinary Share,NASDAQ
HNNA,10.25,6679.0,67797.0,64821.0,1.29,3.85,1.67,False,SHARE_VOLUME|AVG_DOLLAR_VOLUME|MEDIAN_DOLLAR_VOLUME|LOW_DAILY_RANGE,"Hennessy Advisors, Inc. - Common Stock",NASDAQ
CLDI,1.22,50904.0,67408.0,56994.0,6.68,-3.94,8.66,False,PRICE|SHARE_VOLUME|AVG_DOLLAR_VOLUME|MEDIAN_DOLLAR_VOLUME,"Calidi Biotherapeutics, Inc. Common Stock",NYSE American
KELYB,22.5,2980.0,66961.0,8118.0,1.87,2.62,7.05,False,SHARE_VOLUME|AVG_DOLLAR_VOLUME|MEDIAN_DOLLAR_VOLUME|LOW_DAILY_RANGE,"Kelly Services, Inc. - Class B Common Stock",NASDAQ
AMSS,0.67,80170.0,66884.0,29444.0,11.4,-31.7,7.61,False,PRICE|SHARE_VOLUME|AVG_DOLLAR_VOLUME|MEDIAN_DOLLAR_VOLUME,AMASS Brands Inc. - Common Stock,NASDAQ
ASRV,5.08,13458.0,65919.0,63857.0,5.07,0.99,5.18,False,SHARE_VOLUME|AVG_DOLLAR_VOLUME|MEDIAN_DOLLAR_VOLUME,AmeriServ Financial Inc. - Common Stock,NASDAQ
BEEP,2.8,22504.0,65505.0,53047.0,7.24,9.38,21.57,False,PRICE|SHARE_VOLUME|AVG_DOLLAR_VOLUME|MEDIAN_DOLLAR_VOLUME,Mobile Infrastructure Corporation - Common Stock,NASDAQ
IMTE,0.48,127127.0,65199.0,3922.0,8.4,-3.77,14.13,False,PRICE|SHARE_VOLUME|AVG_DOLLAR_VOLUME|MEDIAN_DOLLAR_VOLUME,Integrated Media Technology Limited - Ordinary Shares,NASDAQ
TLF,2.65,24907.0,64924.0,32284.0,3.02,3.52,2.89,False,PRICE|SHARE_VOLUME|AVG_DOLLAR_VOLUME|MEDIAN_DOLLAR_VOLUME,"Tandy Leather Factory, Inc. - common stock",NASDAQ
MHH,7.27,8726.0,64649.0,49630.0,1.92,-4.47,2.72,False,SHARE_VOLUME|AVG_DOLLAR_VOLUME|MEDIAN_DOLLAR_VOLUME|LOW_DAILY_RANGE,"Mastech Digital, Inc Common Stock",NYSE American
COCP,1.13,55380.0,64562.0,53607.0,6.59,4.63,6.48,False,PRICE|SHARE_VOLUME|AVG_DOLLAR_VOLUME|MEDIAN_DOLLAR_VOLUME,"Cocrystal Pharma, Inc. - Common Stock",NASDAQ
CTW,2.33,25512.0,64538.0,61880.0,10.32,-14.96,6.13,False,PRICE|SHARE_VOLUME|AVG_DOLLAR_VOLUME|MEDIAN_DOLLAR_VOLUME,CTW - Class A Ordinary Shares,NASDAQ
WVVI,1.93,29463.0,64258.0,19203.0,6.75,-13.27,4.5,False,PRICE|SHARE_VOLUME|AVG_DOLLAR_VOLUME|MEDIAN_DOLLAR_VOLUME,"Willamette Valley Vineyards, Inc. - Common Stock",NASDAQ
AIIR,7.4,8546.0,64051.0,53164.0,10.49,-6.3,17.18,False,SHARE_VOLUME|AVG_DOLLAR_VOLUME|MEDIAN_DOLLAR_VOLUME,Air Global PLC - Ordinary shares,NASDAQ
WENC,10.0,6285.0,62814.0,999.0,0.03,0.0,0.4,False,SHARE_VOLUME|AVG_DOLLAR_VOLUME|MEDIAN_DOLLAR_VOLUME|LOW_DAILY_RANGE,West Enclave Merger Corp. Ordinary Shares,NYSE
GTIM,1.5,41489.0,62712.0,51189.0,3.8,-0.66,8.67,False,PRICE|SHARE_VOLUME|AVG_DOLLAR_VOLUME|MEDIAN_DOLLAR_VOLUME,Good Times Restaurants Inc. - Common Stock,NASDAQ
CETX,2.54,24342.0,62604.0,54939.0,4.68,-8.63,5.69,False,PRICE|SHARE_VOLUME|AVG_DOLLAR_VOLUME|MEDIAN_DOLLAR_VOLUME,Cemtrex Inc. - Common Stock,NASDAQ
OTAI,10.0,6237.0,62412.0,44543.0,0.43,-0.11,0.4,False,SHARE_VOLUME|AVG_DOLLAR_VOLUME|MEDIAN_DOLLAR_VOLUME|LOW_DAILY_RANGE,Starlink AI Acquisition Corporation Ordinary Shares,NYSE
RACD,11.77,5025.0,61965.0,38635.0,4.22,-1.09,5.83,False,SHARE_VOLUME|AVG_DOLLAR_VOLUME|MEDIAN_DOLLAR_VOLUME,Research Alliance Corporation IV - Class A Ordinary Shares,NASDAQ
GBR,0.74,76464.0,61925.0,16419.0,4.56,-1.28,11.84,False,PRICE|SHARE_VOLUME|AVG_DOLLAR_VOLUME|MEDIAN_DOLLAR_VOLUME,"New Concept Energy, Inc Common Stock",NYSE American
MGYR,19.42,3178.0,61801.0,50622.0,2.07,-0.41,3.34,False,SHARE_VOLUME|AVG_DOLLAR_VOLUME|MEDIAN_DOLLAR_VOLUME,"Magyar Bancorp, Inc. - Common Stock",NASDAQ
BHST,1.7,33307.0,61701.0,42568.0,5.81,-19.66,11.06,False,PRICE|SHARE_VOLUME|AVG_DOLLAR_VOLUME|MEDIAN_DOLLAR_VOLUME,BioHarvest Sciences Inc. - Common Stock,NASDAQ
DAIO,2.82,21402.0,61400.0,54512.0,5.03,-5.69,7.33,False,PRICE|SHARE_VOLUME|AVG_DOLLAR_VOLUME|MEDIAN_DOLLAR_VOLUME,Data I/O Corporation - Common Stock,NASDAQ
BSBK,9.1,6647.0,61250.0,52745.0,1.85,-0.84,1.95,False,SHARE_VOLUME|AVG_DOLLAR_VOLUME|MEDIAN_DOLLAR_VOLUME|LOW_DAILY_RANGE,Bogota Financial Corp. - Common Stock,NASDAQ
ARKR,4.89,11774.0,61178.0,37323.0,4.41,-10.77,10.81,False,PRICE|SHARE_VOLUME|AVG_DOLLAR_VOLUME|MEDIAN_DOLLAR_VOLUME,Ark Restaurants Corp. - Common Stock,NASDAQ
LPCN,2.21,27487.0,60733.0,53023.0,4.51,8.33,4.37,False,PRICE|SHARE_VOLUME|AVG_DOLLAR_VOLUME|MEDIAN_DOLLAR_VOLUME,Lipocine Inc. - Common Stock,NASDAQ
ARTW,2.91,19886.0,60422.0,52404.0,4.99,-8.78,30.45,False,PRICE|SHARE_VOLUME|AVG_DOLLAR_VOLUME|MEDIAN_DOLLAR_VOLUME,"Art's-Way Manufacturing Co., Inc. - Common Stock",NASDAQ
MITQ,0.61,95661.0,60341.0,7350.0,7.02,15.09,9.26,False,PRICE|SHARE_VOLUME|AVG_DOLLAR_VOLUME|MEDIAN_DOLLAR_VOLUME,"Moving iMage Technologies, Inc. Common Stock",NYSE American
SOWG,3.08,16664.0,60002.0,12242.0,7.34,-8.75,13.37,False,PRICE|SHARE_VOLUME|AVG_DOLLAR_VOLUME|MEDIAN_DOLLAR_VOLUME,Sow Good Inc. - Common Stock,NASDAQ
SYPR,1.73,33140.0,59936.0,55828.0,5.84,-6.99,5.39,False,PRICE|SHARE_VOLUME|AVG_DOLLAR_VOLUME|MEDIAN_DOLLAR_VOLUME,"Sypris Solutions, Inc. - Common Stock",NASDAQ
AIRI,2.68,23316.0,59896.0,28768.0,3.54,9.39,12.5,False,PRICE|SHARE_VOLUME|AVG_DOLLAR_VOLUME|MEDIAN_DOLLAR_VOLUME,Air Industries Group Common Stock,NYSE American
MTEK,1.02,54107.0,59881.0,37389.0,6.16,-10.87,5.26,False,PRICE|SHARE_VOLUME|AVG_DOLLAR_VOLUME|MEDIAN_DOLLAR_VOLUME,Maris-Tech Ltd. - ordinary shares,NASDAQ
SMXT,1.97,22687.0,59792.0,55344.0,9.82,-48.56,13.08,False,PRICE|SHARE_VOLUME|AVG_DOLLAR_VOLUME|MEDIAN_DOLLAR_VOLUME,Solarmax Technology Inc. - Common Stock,NASDAQ
BQ,0.82,66399.0,59548.0,42016.0,5.42,-20.94,52.42,False,PRICE|SHARE_VOLUME|AVG_DOLLAR_VOLUME|MEDIAN_DOLLAR_VOLUME,Boqii Holding Limited Class A Ordinary Shares,NYSE American
XCUR,1.3,44673.0,59297.0,27624.0,9.21,-9.09,12.8,False,PRICE|SHARE_VOLUME|AVG_DOLLAR_VOLUME|MEDIAN_DOLLAR_VOLUME,"Exicure, Inc. - Common Stock",NASDAQ
AQB,1.15,48247.0,59246.0,52850.0,6.37,-16.67,17.09,False,PRICE|SHARE_VOLUME|AVG_DOLLAR_VOLUME|MEDIAN_DOLLAR_VOLUME,"AquaBounty Technologies, Inc. - Common Stock",NASDAQ
PCSA,1.89,28929.0,59183.0,48196.0,6.24,-9.76,12.43,False,PRICE|SHARE_VOLUME|AVG_DOLLAR_VOLUME|MEDIAN_DOLLAR_VOLUME,"Processa Pharmaceuticals, Inc. - Common Stock",NASDAQ
PAPL,0.91,58337.0,59124.0,47092.0,8.08,-9.83,7.48,False,PRICE|SHARE_VOLUME|AVG_DOLLAR_VOLUME|MEDIAN_DOLLAR_VOLUME,Pineapple Financial Inc. Common Stock,NYSE American
ARBB,4.23,11785.0,59044.0,8287.0,7.15,-0.96,32.17,False,PRICE|SHARE_VOLUME|AVG_DOLLAR_VOLUME|MEDIAN_DOLLAR_VOLUME,ARB IOT Group Limited - Ordinary Shares,NASDAQ
LIQT,0.75,92042.0,58965.0,38263.0,11.21,44.31,15.79,False,PRICE|SHARE_VOLUME|AVG_DOLLAR_VOLUME|MEDIAN_DOLLAR_VOLUME,"LiqTech International, Inc. - Common Stock",NASDAQ
SXTP,0.95,59792.0,58596.0,52056.0,8.7,-14.86,12.72,False,PRICE|SHARE_VOLUME|AVG_DOLLAR_VOLUME|MEDIAN_DOLLAR_VOLUME,"60 Degrees Pharmaceuticals, Inc. - Common Stock",NASDAQ
TVGN,7.8,8155.0,58569.0,21803.0,5.38,23.61,5.97,False,SHARE_VOLUME|AVG_DOLLAR_VOLUME|MEDIAN_DOLLAR_VOLUME,Tevogen Inc. - Common Stock,NASDAQ
VNTG,0.61,96525.0,58352.0,5034.0,6.88,-4.54,4.85,False,PRICE|SHARE_VOLUME|AVG_DOLLAR_VOLUME|MEDIAN_DOLLAR_VOLUME,Vantage Corp Class A Ordinary Shares,NYSE American
BGL,0.22,287948.0,58270.0,47018.0,8.47,21.53,9.57,False,PRICE|SHARE_VOLUME|AVG_DOLLAR_VOLUME|MEDIAN_DOLLAR_VOLUME,Blue Gold Limited - Class A ordinary shares,NASDAQ
BTBD,1.59,36870.0,57951.0,51575.0,7.49,26.19,12.5,False,PRICE|SHARE_VOLUME|AVG_DOLLAR_VOLUME|MEDIAN_DOLLAR_VOLUME,"BT Brands, Inc. - Common Stock",NASDAQ
ELLO,20.19,2835.0,57928.0,44400.0,3.33,-1.27,11.06,False,SHARE_VOLUME|AVG_DOLLAR_VOLUME|MEDIAN_DOLLAR_VOLUME,Ellomay Capital Ltd Ordinary Shares (Israel),NYSE American
CABR,1.11,42681.0,57246.0,37563.0,8.82,-18.38,8.15,False,PRICE|SHARE_VOLUME|AVG_DOLLAR_VOLUME|MEDIAN_DOLLAR_VOLUME,"Caring Brands, Inc. - Common Stock",NASDAQ
UG,7.18,8001.0,57195.0,54895.0,3.32,1.49,1.82,False,SHARE_VOLUME|AVG_DOLLAR_VOLUME|MEDIAN_DOLLAR_VOLUME,"United-Guardian, Inc. - Common Stock",NASDAQ
NPT,3.2,18019.0,57005.0,28300.0,7.63,-9.82,15.18,False,PRICE|SHARE_VOLUME|AVG_DOLLAR_VOLUME|MEDIAN_DOLLAR_VOLUME,Texxon Holding Limited - Ordinary shares,NASDAQ
TELO,1.16,48808.0,56894.0,45669.0,5.1,7.41,8.33,False,PRICE|SHARE_VOLUME|AVG_DOLLAR_VOLUME|MEDIAN_DOLLAR_VOLUME,"Telomir Pharmaceuticals, Inc. - Common Stock",NASDAQ
CHSN,1.07,51014.0,56667.0,35744.0,7.05,0.0,10.89,False,PRICE|SHARE_VOLUME|AVG_DOLLAR_VOLUME|MEDIAN_DOLLAR_VOLUME,Chanson International Holding - Class A Ordinary Shares,NASDAQ
MLCI,3.24,17405.0,56013.0,40990.0,4.36,4.82,13.21,False,PRICE|SHARE_VOLUME|AVG_DOLLAR_VOLUME|MEDIAN_DOLLAR_VOLUME,Mount Logan Capital Inc. - Common Stock,NASDAQ
GPAT,11.15,5074.0,55720.0,0.0,0.01,-0.09,1.55,False,SHARE_VOLUME|AVG_DOLLAR_VOLUME|MEDIAN_DOLLAR_VOLUME|LOW_DAILY_RANGE,GP-Act III Acquisition Corp. - Class A Ordinary Share,NASDAQ
ARL,16.34,3541.0,55597.0,22338.0,2.65,9.62,5.98,False,SHARE_VOLUME|AVG_DOLLAR_VOLUME|MEDIAN_DOLLAR_VOLUME,"American Realty Investors, Inc. Common Stock",NYSE
SSBI,12.97,4420.0,55449.0,16542.0,1.44,0.39,7.28,False,SHARE_VOLUME|AVG_DOLLAR_VOLUME|MEDIAN_DOLLAR_VOLUME|LOW_DAILY_RANGE,Summit State Bank - Common Stock,NASDAQ
MTNE,9.91,5595.0,55428.0,0.0,0.04,0.41,0.2,False,SHARE_VOLUME|AVG_DOLLAR_VOLUME|MEDIAN_DOLLAR_VOLUME|LOW_DAILY_RANGE,CH4 Natural Solutions Corporation Class A Ordinary Shares,NYSE
NHTC,1.54,33796.0,55292.0,61000.0,4.77,-12.5,4.97,False,PRICE|SHARE_VOLUME|AVG_DOLLAR_VOLUME|MEDIAN_DOLLAR_VOLUME,Natural Health Trends Corp. - Common Stock,NASDAQ
CCTG,0.54,84539.0,55272.0,39664.0,7.53,-18.75,9.0,False,PRICE|SHARE_VOLUME|AVG_DOLLAR_VOLUME|MEDIAN_DOLLAR_VOLUME,CCSC Technology International Holdings Limited - Class A Ordinary Shares,NASDAQ
KOSS,3.45,15895.0,55193.0,56774.0,4.59,-3.63,3.78,False,PRICE|SHARE_VOLUME|AVG_DOLLAR_VOLUME|MEDIAN_DOLLAR_VOLUME,Koss Corporation - Common Stock,NASDAQ
FTHM,0.56,84439.0,55056.0,44686.0,6.37,-22.05,6.04,False,PRICE|SHARE_VOLUME|AVG_DOLLAR_VOLUME|MEDIAN_DOLLAR_VOLUME,Fathom Holdings Inc. - Common Stock,NASDAQ
BKYI,2.68,18721.0,55052.0,40172.0,7.14,-12.7,4.73,False,PRICE|SHARE_VOLUME|AVG_DOLLAR_VOLUME|MEDIAN_DOLLAR_VOLUME,"BIO-key International, Inc. - Common Stock",NASDAQ
CLST,18.12,3089.0,54813.0,57305.0,1.5,3.39,2.31,False,SHARE_VOLUME|AVG_DOLLAR_VOLUME|MEDIAN_DOLLAR_VOLUME|LOW_DAILY_RANGE,"Catalyst Bancorp, Inc. - common stock",NASDAQ
AYTU,2.01,24821.0,54696.0,46279.0,4.09,-14.83,4.07,False,PRICE|SHARE_VOLUME|AVG_DOLLAR_VOLUME|MEDIAN_DOLLAR_VOLUME,"Aytu BioPharma, Inc.  - Common Stock",NASDAQ
ATPC,2.32,22924.0,54369.0,34765.0,4.01,-5.31,5.62,False,PRICE|SHARE_VOLUME|AVG_DOLLAR_VOLUME|MEDIAN_DOLLAR_VOLUME,Agape ATP Corporation - Common Stock,NASDAQ
CSBR,4.99,10742.0,53849.0,46800.0,4.52,-1.96,4.86,False,PRICE|SHARE_VOLUME|AVG_DOLLAR_VOLUME|MEDIAN_DOLLAR_VOLUME,"Champions Oncology, Inc. - Common Stock",NASDAQ
CISO,0.24,235386.0,53739.0,35718.0,8.67,-7.85,5.98,False,PRICE|SHARE_VOLUME|AVG_DOLLAR_VOLUME|MEDIAN_DOLLAR_VOLUME,"CISO Global, Inc. - Common Stock",NASDAQ
QH,4.0,12570.0,53642.0,13105.0,3.27,-9.09,15.85,False,PRICE|SHARE_VOLUME|AVG_DOLLAR_VOLUME|MEDIAN_DOLLAR_VOLUME,Quhuo Limited - Class A Ordinary Shares,NASDAQ
CHR,1.54,29444.0,53059.0,42441.0,5.98,-17.84,6.52,False,PRICE|SHARE_VOLUME|AVG_DOLLAR_VOLUME|MEDIAN_DOLLAR_VOLUME,"Cheer Holding, Inc.  - Class A Ordinary Share",NASDAQ
SNES,0.84,52656.0,53030.0,33681.0,6.22,-34.77,6.61,False,PRICE|SHARE_VOLUME|AVG_DOLLAR_VOLUME|MEDIAN_DOLLAR_VOLUME,"SenesTech, Inc. - Common Stock",NASDAQ
ASPS,5.65,9370.0,52810.0,42065.0,3.58,5.41,6.48,False,SHARE_VOLUME|AVG_DOLLAR_VOLUME|MEDIAN_DOLLAR_VOLUME,Altisource Portfolio Solutions S.A. - Common Stock,NASDAQ
ITP,0.16,313849.0,52302.0,37984.0,7.08,-4.76,5.88,False,PRICE|SHARE_VOLUME|AVG_DOLLAR_VOLUME|MEDIAN_DOLLAR_VOLUME,"IT Tech Packaging, Inc. Common Stock",NYSE American
CRAC,10.2,5095.0,51976.0,0.0,0.02,0.1,0.2,False,SHARE_VOLUME|AVG_DOLLAR_VOLUME|MEDIAN_DOLLAR_VOLUME|LOW_DAILY_RANGE,Crown Reserve Acquisition Corp. I - Class A Ordinary Shares,NASDAQ
BFRG,0.44,99405.0,51226.0,43603.0,6.61,-17.33,7.14,False,PRICE|SHARE_VOLUME|AVG_DOLLAR_VOLUME|MEDIAN_DOLLAR_VOLUME,"Bullfrog AI Holdings, Inc. - Common Stock",NASDAQ
MAYS,40.12,1220.0,51179.0,23022.0,1.24,-3.33,4.98,False,SHARE_VOLUME|AVG_DOLLAR_VOLUME|MEDIAN_DOLLAR_VOLUME|LOW_DAILY_RANGE,"J. W. Mays, Inc. - Common Stock",NASDAQ
HIT,0.88,53184.0,51101.0,41108.0,5.68,-12.19,4.12,False,PRICE|SHARE_VOLUME|AVG_DOLLAR_VOLUME|MEDIAN_DOLLAR_VOLUME,"Health In Tech, Inc. - Class A Common Stock",NASDAQ
JCSE,1.41,31471.0,51061.0,14345.0,8.87,-5.37,14.66,False,PRICE|SHARE_VOLUME|AVG_DOLLAR_VOLUME|MEDIAN_DOLLAR_VOLUME,JE Cleantech Holdings Limited - Ordinary Shares,NASDAQ
THH,1.5,25975.0,50870.0,50860.0,11.64,-41.41,35.81,False,PRICE|SHARE_VOLUME|AVG_DOLLAR_VOLUME|MEDIAN_DOLLAR_VOLUME,TryHard Holdings Limited - Ordinary Shares,NASDAQ
DXLG,0.61,80449.0,50715.0,31022.0,7.66,-1.5,8.47,False,PRICE|SHARE_VOLUME|AVG_DOLLAR_VOLUME|MEDIAN_DOLLAR_VOLUME,"Destination XL Group, Inc. - Common Stock",NASDAQ
LANV,1.03,47672.0,50074.0,44050.0,7.46,-7.21,7.84,False,PRICE|SHARE_VOLUME|AVG_DOLLAR_VOLUME|MEDIAN_DOLLAR_VOLUME,Lanvin Group Holdings Limited Ordinary Shares,NYSE
WSO-B,312.46,160.0,49985.0,0.0,0.12,-4.98,3.01,False,SHARE_VOLUME|AVG_DOLLAR_VOLUME|MEDIAN_DOLLAR_VOLUME|LOW_DAILY_RANGE,"Watsco, Inc. Class B Common Stock",NYSE
MPU,3.31,12615.0,49941.0,33606.0,10.16,-17.15,7.41,False,PRICE|SHARE_VOLUME|AVG_DOLLAR_VOLUME|MEDIAN_DOLLAR_VOLUME,Mega Matrix Inc. Class A Ordinary Shares,NYSE American
SERA,2.0,24307.0,49740.0,40548.0,4.4,3.63,5.53,False,PRICE|SHARE_VOLUME|AVG_DOLLAR_VOLUME|MEDIAN_DOLLAR_VOLUME,"Sera Prognostics, Inc. - Class A Common Stock",NASDAQ
APAC,10.23,4850.0,49637.0,3584.0,0.02,0.15,0.2,False,SHARE_VOLUME|AVG_DOLLAR_VOLUME|MEDIAN_DOLLAR_VOLUME|LOW_DAILY_RANGE,StoneBridge Acquisition II Corporation - Class A Ordinary Shares,NASDAQ
BRN,1.02,49469.0,49336.0,50877.0,3.7,6.25,5.21,False,PRICE|SHARE_VOLUME|AVG_DOLLAR_VOLUME|MEDIAN_DOLLAR_VOLUME,"Barnwell Industries, Inc. Common Stock",NYSE American
CTOR,0.91,57039.0,49260.0,34645.0,8.6,29.45,18.94,False,PRICE|SHARE_VOLUME|AVG_DOLLAR_VOLUME|MEDIAN_DOLLAR_VOLUME,"Citius Oncology, Inc.  - Common Stock",NASDAQ
JOB,0.23,198740.0,48645.0,41253.0,3.72,-2.92,15.0,False,PRICE|SHARE_VOLUME|AVG_DOLLAR_VOLUME|MEDIAN_DOLLAR_VOLUME,GEE Group Inc. Common Stock,NYSE American
INAB,1.05,42047.0,47712.0,31565.0,7.12,-7.89,18.12,False,PRICE|SHARE_VOLUME|AVG_DOLLAR_VOLUME|MEDIAN_DOLLAR_VOLUME,"IN8bio, Inc. - Common Stock",NASDAQ
COPL,10.52,4503.0,47353.0,8398.0,0.12,0.19,0.43,False,SHARE_VOLUME|AVG_DOLLAR_VOLUME|MEDIAN_DOLLAR_VOLUME|LOW_DAILY_RANGE,Copley Acquisition Corp Ordinary Shares,NYSE
NSRX,3.53,12322.0,47303.0,38950.0,8.81,-3.42,13.12,False,PRICE|SHARE_VOLUME|AVG_DOLLAR_VOLUME|MEDIAN_DOLLAR_VOLUME,Nasus Pharma Ltd. Ordinary Shares,NYSE American
TRAW,0.53,85612.0,47102.0,34290.0,6.05,-2.06,13.21,False,PRICE|SHARE_VOLUME|AVG_DOLLAR_VOLUME|MEDIAN_DOLLAR_VOLUME,"Traws Pharma, Inc. - Common Stock",NASDAQ
EZGO,0.93,47589.0,46992.0,24383.0,6.67,-10.59,8.9,False,PRICE|SHARE_VOLUME|AVG_DOLLAR_VOLUME|MEDIAN_DOLLAR_VOLUME,EZGO Technologies Ltd. - Ordinary Shares,NASDAQ
YTRA,1.06,46122.0,46952.0,43834.0,6.74,12.97,7.14,False,PRICE|SHARE_VOLUME|AVG_DOLLAR_VOLUME|MEDIAN_DOLLAR_VOLUME,"Yatra Online, Inc. - Ordinary Shares",NASDAQ
MRNO,0.21,214631.0,46724.0,22479.0,8.19,8.28,14.58,False,PRICE|SHARE_VOLUME|AVG_DOLLAR_VOLUME|MEDIAN_DOLLAR_VOLUME,Murano Global Investments PLC - Ordinary Shares,NASDAQ
NVNI,0.97,49046.0,46694.0,21166.0,8.12,-6.04,16.33,False,PRICE|SHARE_VOLUME|AVG_DOLLAR_VOLUME|MEDIAN_DOLLAR_VOLUME,Nvni Group Limited - Ordinary Shares,NASDAQ
FOXX,2.56,16130.0,46617.0,16364.0,8.56,0.2,12.55,False,PRICE|SHARE_VOLUME|AVG_DOLLAR_VOLUME|MEDIAN_DOLLAR_VOLUME,Foxx Development Holdings Inc. - Common Stock,NASDAQ
XCH,3.1,12014.0,46534.0,31877.0,9.12,-37.75,9.47,False,PRICE|SHARE_VOLUME|AVG_DOLLAR_VOLUME|MEDIAN_DOLLAR_VOLUME,XCHG Limited - ADS,NASDAQ
YSXT,1.3,39005.0,45867.0,16757.0,8.87,32.36,14.42,False,PRICE|SHARE_VOLUME|AVG_DOLLAR_VOLUME|MEDIAN_DOLLAR_VOLUME,"YSX Tech. Co., Ltd  - Class A Ordinary Shares",NASDAQ
UBCP,15.6,2933.0,45632.0,18569.0,1.5,3.25,5.47,False,SHARE_VOLUME|AVG_DOLLAR_VOLUME|MEDIAN_DOLLAR_VOLUME|LOW_DAILY_RANGE,"United Bancorp, Inc. - Common Stock",NASDAQ
NAII,2.06,20868.0,45416.0,17947.0,7.28,0.77,5.53,False,PRICE|SHARE_VOLUME|AVG_DOLLAR_VOLUME|MEDIAN_DOLLAR_VOLUME,"Natural Alternatives International, Inc. - Common Stock",NASDAQ
CAPS,0.17,245935.0,45252.0,35205.0,6.83,-17.24,10.34,False,PRICE|SHARE_VOLUME|AVG_DOLLAR_VOLUME|MEDIAN_DOLLAR_VOLUME,Capstone Holding Corp. - Common Stock,NASDAQ
NOMA,1.51,25149.0,45250.0,29960.0,10.84,-31.85,15.27,False,PRICE|SHARE_VOLUME|AVG_DOLLAR_VOLUME|MEDIAN_DOLLAR_VOLUME,NOMADAR Corp. - Class A Common Stock,NASDAQ
LOCL,1.08,39938.0,45191.0,22119.0,8.0,1.42,11.65,False,PRICE|SHARE_VOLUME|AVG_DOLLAR_VOLUME|MEDIAN_DOLLAR_VOLUME,Local Bounti Corporation Common Stock,NYSE
MNDO,1.05,44823.0,45182.0,25772.0,4.21,3.96,4.12,False,PRICE|SHARE_VOLUME|AVG_DOLLAR_VOLUME|MEDIAN_DOLLAR_VOLUME,MIND C.T.I. Ltd. - Ordinary Shares,NASDAQ
TWAV,1.23,34085.0,45176.0,39802.0,7.49,-3.07,8.66,False,PRICE|SHARE_VOLUME|AVG_DOLLAR_VOLUME|MEDIAN_DOLLAR_VOLUME,"TaoWeave, Inc. - Common Stock",NASDAQ
AURE,1.43,30589.0,45048.0,14902.0,7.54,-15.59,5.19,False,PRICE|SHARE_VOLUME|AVG_DOLLAR_VOLUME|MEDIAN_DOLLAR_VOLUME,Aurelion Inc.  - Class A Ordinary Shares,NASDAQ
SJ,0.69,51231.0,44341.0,11163.0,11.24,-27.37,20.46,False,PRICE|SHARE_VOLUME|AVG_DOLLAR_VOLUME|MEDIAN_DOLLAR_VOLUME,Scienjoy Holding Corporation - Class A Ordinary Shares,NASDAQ
NSPR,0.79,51367.0,44295.0,40036.0,7.25,-10.8,16.67,False,PRICE|SHARE_VOLUME|AVG_DOLLAR_VOLUME|MEDIAN_DOLLAR_VOLUME,InspireMD Inc. - Common Stock,NASDAQ
AWRE,1.2,35893.0,44205.0,44882.0,6.31,0.0,5.17,False,PRICE|SHARE_VOLUME|AVG_DOLLAR_VOLUME|MEDIAN_DOLLAR_VOLUME,"Aware, Inc. - Common Stock",NASDAQ
NEON,0.82,50250.0,44185.0,37125.0,5.42,-5.52,7.06,False,PRICE|SHARE_VOLUME|AVG_DOLLAR_VOLUME|MEDIAN_DOLLAR_VOLUME,Neonode Inc. - Common Stock,NASDAQ
CNSP,5.54,7541.0,43984.0,29001.0,4.29,-5.49,8.56,False,SHARE_VOLUME|AVG_DOLLAR_VOLUME|MEDIAN_DOLLAR_VOLUME,"CNS Pharmaceuticals, Inc. - Common Stock",NASDAQ
SYNX,0.83,50499.0,43969.0,20403.0,6.12,-20.15,5.88,False,PRICE|SHARE_VOLUME|AVG_DOLLAR_VOLUME|MEDIAN_DOLLAR_VOLUME,Silynxcom Ltd. Ordinary Shares,NYSE American
CNTY,1.13,36284.0,43909.0,40500.0,2.63,-11.33,3.28,False,PRICE|SHARE_VOLUME|AVG_DOLLAR_VOLUME|MEDIAN_DOLLAR_VOLUME,"Century Casinos, Inc. - Common Stock",NASDAQ
SFHG,2.13,18827.0,43884.0,28258.0,5.69,-10.88,11.02,False,PRICE|SHARE_VOLUME|AVG_DOLLAR_VOLUME|MEDIAN_DOLLAR_VOLUME,Samfine Creation Holdings Group Limited - Class A Ordinary Share,NASDAQ
ATGL,4.7,6325.0,43121.0,19765.0,5.44,-32.86,11.98,False,PRICE|SHARE_VOLUME|AVG_DOLLAR_VOLUME|MEDIAN_DOLLAR_VOLUME,Alpha Technology Group Limited - Class A Ordinary Shares,NASDAQ
ATHR,3.55,13463.0,43059.0,27643.0,14.07,-1.41,9.49,False,PRICE|SHARE_VOLUME|AVG_DOLLAR_VOLUME|MEDIAN_DOLLAR_VOLUME,"Aether Holdings, Inc. - Common Stock",NASDAQ
SINT,1.71,26399.0,42594.0,36490.0,5.7,5.56,8.92,False,PRICE|SHARE_VOLUME|AVG_DOLLAR_VOLUME|MEDIAN_DOLLAR_VOLUME,"SiNtx Technologies, Inc. - Common Stock",NASDAQ
NXTS,1.43,24354.0,42539.0,23690.0,8.14,-27.77,5.98,False,PRICE|SHARE_VOLUME|AVG_DOLLAR_VOLUME|MEDIAN_DOLLAR_VOLUME,Nexentis Technologies Inc. - Common Stock,NASDAQ
PULM,1.43,28806.0,42522.0,19931.0,5.48,-7.74,6.09,False,PRICE|SHARE_VOLUME|AVG_DOLLAR_VOLUME|MEDIAN_DOLLAR_VOLUME,"Pulmatrix, Inc. - Common Stock",NASDAQ
ELUT,0.83,48092.0,42473.0,22529.0,9.53,-9.31,9.42,False,PRICE|SHARE_VOLUME|AVG_DOLLAR_VOLUME|MEDIAN_DOLLAR_VOLUME,"Elutia, Inc. - Class A Common Stock",NASDAQ
SCPQ,10.03,4225.0,42381.0,0.0,0.0,0.1,0.2,False,SHARE_VOLUME|AVG_DOLLAR_VOLUME|MEDIAN_DOLLAR_VOLUME|LOW_DAILY_RANGE,Social Commerce Partners Corporation - Class A Ordinary Shares,NASDAQ
MCHX,1.32,27605.0,42255.0,27031.0,6.89,-26.26,7.32,False,PRICE|SHARE_VOLUME|AVG_DOLLAR_VOLUME|MEDIAN_DOLLAR_VOLUME,"Marchex, Inc. - Class B Common Stock",NASDAQ
BCG,1.28,31394.0,41992.0,35735.0,5.8,-14.85,14.94,False,PRICE|SHARE_VOLUME|AVG_DOLLAR_VOLUME|MEDIAN_DOLLAR_VOLUME,"Binah Capital Group, Inc. - Common Stock",NASDAQ
EGHA,10.39,4040.0,41894.0,0.0,0.03,0.41,0.19,False,SHARE_VOLUME|AVG_DOLLAR_VOLUME|MEDIAN_DOLLAR_VOLUME|LOW_DAILY_RANGE,EGH Acquisition Corp. - Class A ordinary shares,NASDAQ
TAOP,0.7,48172.0,41817.0,19325.0,13.59,-11.39,16.67,False,PRICE|SHARE_VOLUME|AVG_DOLLAR_VOLUME|MEDIAN_DOLLAR_VOLUME,Taoping Inc. - Ordinary Shares,NASDAQ
EEIQ,3.55,13353.0,41749.0,28052.0,7.09,33.96,11.98,False,PRICE|SHARE_VOLUME|AVG_DOLLAR_VOLUME|MEDIAN_DOLLAR_VOLUME,EpicQuest Education Group International Limited - Common Stock,NASDAQ
BDMD,1.1,37010.0,41645.0,42004.0,8.62,0.92,10.28,False,PRICE|SHARE_VOLUME|AVG_DOLLAR_VOLUME|MEDIAN_DOLLAR_VOLUME,Baird Medical Investment Holdings Ltd - Ordinary Share,NASDAQ
DLHC,3.99,9956.0,41616.0,35291.0,4.05,-11.73,9.92,False,PRICE|SHARE_VOLUME|AVG_DOLLAR_VOLUME|MEDIAN_DOLLAR_VOLUME,DLH Holdings Corp. - Common Stock,NASDAQ
BPAC,10.19,4059.0,41344.0,3565.0,0.03,0.3,0.2,False,SHARE_VOLUME|AVG_DOLLAR_VOLUME|MEDIAN_DOLLAR_VOLUME|LOW_DAILY_RANGE,Blueport Acquisition Ltd - Class A Ordinary Shares,NASDAQ
BUDA,7.8,5001.0,41276.0,29316.0,4.18,-15.49,8.82,False,SHARE_VOLUME|AVG_DOLLAR_VOLUME|MEDIAN_DOLLAR_VOLUME,"Buda Juice, Inc. Common Stock",NYSE American
SENEB,188.22,210.0,41255.0,0.0,0.1,-0.31,7.02,False,SHARE_VOLUME|AVG_DOLLAR_VOLUME|MEDIAN_DOLLAR_VOLUME|LOW_DAILY_RANGE,Seneca Foods Corp. - Class B Common Stock,NASDAQ
AIDX,0.48,72056.0,41185.0,24448.0,10.06,-7.31,13.04,False,PRICE|SHARE_VOLUME|AVG_DOLLAR_VOLUME|MEDIAN_DOLLAR_VOLUME,"20/20 Biolabs, Inc. - Common Stock",NASDAQ
SFWL,9.0,14719.0,41143.0,10768.0,10.26,922.73,1048.42,False,SHARE_VOLUME|AVG_DOLLAR_VOLUME|MEDIAN_DOLLAR_VOLUME,Shengfeng Development Limited - Class A Ordinary Shares,NASDAQ
SMSI,2.89,14121.0,41038.0,39968.0,3.69,-1.03,3.57,False,PRICE|SHARE_VOLUME|AVG_DOLLAR_VOLUME|MEDIAN_DOLLAR_VOLUME,"Smith Micro Software, Inc. - Common Stock",NASDAQ
CNEY,0.57,68930.0,40958.0,29596.0,8.45,-2.56,9.11,False,PRICE|SHARE_VOLUME|AVG_DOLLAR_VOLUME|MEDIAN_DOLLAR_VOLUME,CN Energy Group Inc. - Class A Ordinary Shares,NASDAQ
BRAG,1.35,29597.0,40874.0,31470.0,7.28,-6.9,9.15,False,PRICE|SHARE_VOLUME|AVG_DOLLAR_VOLUME|MEDIAN_DOLLAR_VOLUME,Bragg Gaming Group Inc. - Common Shares,NASDAQ
AKA,10.85,3807.0,40732.0,39245.0,3.81,1.93,4.8,False,SHARE_VOLUME|AVG_DOLLAR_VOLUME|MEDIAN_DOLLAR_VOLUME,a.k.a. Brands Holding Corp. Common Stock,NYSE
PLUR,1.19,27268.0,40305.0,24628.0,9.81,-26.92,11.54,False,PRICE|SHARE_VOLUME|AVG_DOLLAR_VOLUME|MEDIAN_DOLLAR_VOLUME,Pluri Inc. - Common Stock,NASDAQ
WBX,3.09,12649.0,40206.0,25114.0,5.89,3.0,7.44,False,PRICE|SHARE_VOLUME|AVG_DOLLAR_VOLUME|MEDIAN_DOLLAR_VOLUME,Wallbox N.V. Class A Ordinary Shares,NYSE
HWH,2.16,19673.0,40193.0,16820.0,6.47,2.88,23.48,False,PRICE|SHARE_VOLUME|AVG_DOLLAR_VOLUME|MEDIAN_DOLLAR_VOLUME,HWH International Inc. - Common Stock,NASDAQ
NBRG,10.09,3990.0,40118.0,3021.0,0.04,0.7,0.3,False,SHARE_VOLUME|AVG_DOLLAR_VOLUME|MEDIAN_DOLLAR_VOLUME|LOW_DAILY_RANGE,Newbridge Acquisition Limited - Class A Ordinary Share,NASDAQ
LEDS,2.23,20041.0,40053.0,21724.0,7.03,1.36,13.68,False,PRICE|SHARE_VOLUME|AVG_DOLLAR_VOLUME|MEDIAN_DOLLAR_VOLUME,SemiLEDS Corporation - Common Stock,NASDAQ
OBA,10.33,3866.0,39907.0,1033.0,0.01,0.29,0.29,False,SHARE_VOLUME|AVG_DOLLAR_VOLUME|MEDIAN_DOLLAR_VOLUME|LOW_DAILY_RANGE,Oxley Bridge Acquisition Limited - Class A Ordinary Shares,NASDAQ
KNDI,0.58,63854.0,39888.0,32384.0,5.76,-8.56,3.28,False,PRICE|SHARE_VOLUME|AVG_DOLLAR_VOLUME|MEDIAN_DOLLAR_VOLUME,"Kandi Technologies Group, Inc. - Ordinary Shares",NASDAQ
GEG,2.19,18031.0,39583.0,11770.0,1.71,1.86,3.24,False,PRICE|SHARE_VOLUME|AVG_DOLLAR_VOLUME|MEDIAN_DOLLAR_VOLUME|LOW_DAILY_RANGE,"Great Elm Group, Inc.  - Common Stock",NASDAQ
SIMA,11.08,3570.0,39343.0,18093.0,1.12,0.91,2.0,False,SHARE_VOLUME|AVG_DOLLAR_VOLUME|MEDIAN_DOLLAR_VOLUME|LOW_DAILY_RANGE,SIM Acquisition Corp. I - Class A Ordinary Shares,NASDAQ
CCHH,1.11,30822.0,39338.0,23750.0,6.39,-19.37,5.3,False,PRICE|SHARE_VOLUME|AVG_DOLLAR_VOLUME|MEDIAN_DOLLAR_VOLUME,CCH Holdings Ltd - Class A Ordinary Shares,NASDAQ
HUDI,0.79,45893.0,39286.0,23302.0,6.56,-15.44,27.94,False,PRICE|SHARE_VOLUME|AVG_DOLLAR_VOLUME|MEDIAN_DOLLAR_VOLUME,"Huadi International Group Co., Ltd. - Ordinary Shares",NASDAQ
AEI,1.01,28020.0,39005.0,28374.0,8.57,-43.58,19.33,False,PRICE|SHARE_VOLUME|AVG_DOLLAR_VOLUME|MEDIAN_DOLLAR_VOLUME,Alset Inc. - Common Stock,NASDAQ
CVR,10.0,3829.0,38994.0,18586.0,1.62,-1.77,4.23,False,SHARE_VOLUME|AVG_DOLLAR_VOLUME|MEDIAN_DOLLAR_VOLUME|LOW_DAILY_RANGE,Chicago Rivet & Machine Co. Common Stock,NYSE American
AIMD,1.4,26151.0,38693.0,28430.0,5.49,0.11,13.67,False,PRICE|SHARE_VOLUME|AVG_DOLLAR_VOLUME|MEDIAN_DOLLAR_VOLUME,"Ainos, Inc. - Common Stock",NASDAQ
LZMH,1.21,31497.0,38405.0,33792.0,5.92,6.14,8.85,False,PRICE|SHARE_VOLUME|AVG_DOLLAR_VOLUME|MEDIAN_DOLLAR_VOLUME,LZ Technology Holdings Limited - Class B Ordinary Shares,NASDAQ
WETH,1.11,31986.0,38333.0,30674.0,5.46,-11.9,14.77,False,PRICE|SHARE_VOLUME|AVG_DOLLAR_VOLUME|MEDIAN_DOLLAR_VOLUME,Wetouch Technology Inc. - Common Stock,NASDAQ
LNKS,1.0,41253.0,38235.0,24723.0,8.08,0.69,12.69,False,PRICE|SHARE_VOLUME|AVG_DOLLAR_VOLUME|MEDIAN_DOLLAR_VOLUME,Linkers Industries Limited - Class A Ordinary Shares,NASDAQ
RANG,10.82,3541.0,38233.0,0.0,0.05,0.56,0.46,False,SHARE_VOLUME|AVG_DOLLAR_VOLUME|MEDIAN_DOLLAR_VOLUME|LOW_DAILY_RANGE,Range Capital Acquisition Corp. - Ordinary Shares,NASDAQ
BGSF,5.15,7215.0,38163.0,24285.0,3.28,-7.21,3.62,False,SHARE_VOLUME|AVG_DOLLAR_VOLUME|MEDIAN_DOLLAR_VOLUME,"BGSF, Inc. Common Stock",NYSE
SWAG,1.64,21717.0,38049.0,26173.0,2.72,-12.77,4.08,False,PRICE|SHARE_VOLUME|AVG_DOLLAR_VOLUME|MEDIAN_DOLLAR_VOLUME,"Stran & Company, Inc. - Common Stock",NASDAQ
FSHP,11.25,3361.0,37996.0,7424.0,1.44,0.18,2.67,False,SHARE_VOLUME|AVG_DOLLAR_VOLUME|MEDIAN_DOLLAR_VOLUME|LOW_DAILY_RANGE,Flag Ship Acquisition Corp. - Ordinary Shares,NASDAQ
AGM-A,156.02,245.0,37930.0,22962.0,0.02,-4.46,2.21,False,SHARE_VOLUME|AVG_DOLLAR_VOLUME|MEDIAN_DOLLAR_VOLUME|LOW_DAILY_RANGE,Federal Agricultural Mortgage Corporation Common Stock,NYSE
MBBC,15.0,2495.0,37718.0,15887.0,0.88,0.0,6.56,False,SHARE_VOLUME|AVG_DOLLAR_VOLUME|MEDIAN_DOLLAR_VOLUME|LOW_DAILY_RANGE,"Marathon Bancorp, Inc. - Common Stock",NASDAQ
LAFA,10.16,3710.0,37705.0,0.0,0.03,0.26,0.2,False,SHARE_VOLUME|AVG_DOLLAR_VOLUME|MEDIAN_DOLLAR_VOLUME|LOW_DAILY_RANGE,LaFayette Acquisition Corp. - Ordinary Share,NASDAQ
MLSS,0.42,79449.0,37618.0,29439.0,7.16,-14.57,10.2,False,PRICE|SHARE_VOLUME|AVG_DOLLAR_VOLUME|MEDIAN_DOLLAR_VOLUME,"Milestone Scientific, Inc. Common Stock",NYSE American
EXOZ,6.23,5669.0,37401.0,26925.0,9.35,-2.5,17.75,False,SHARE_VOLUME|AVG_DOLLAR_VOLUME|MEDIAN_DOLLAR_VOLUME,eXoZymes Inc. - Common Stock,NASDAQ
AUBN,26.78,1420.0,37354.0,23634.0,0.82,3.03,2.94,False,SHARE_VOLUME|AVG_DOLLAR_VOLUME|MEDIAN_DOLLAR_VOLUME|LOW_DAILY_RANGE,"Auburn National Bancorporation, Inc. - Common Stock",NASDAQ
XWEL,0.91,38160.0,37234.0,24328.0,5.76,-3.19,11.83,False,PRICE|SHARE_VOLUME|AVG_DOLLAR_VOLUME|MEDIAN_DOLLAR_VOLUME,"XWELL, Inc. - Common Stock",NASDAQ
LFWD,7.05,5086.0,36919.0,35929.0,3.52,-4.83,6.02,False,SHARE_VOLUME|AVG_DOLLAR_VOLUME|MEDIAN_DOLLAR_VOLUME,Lifeward Ltd. - Ordinary Shares,NASDAQ
MTR,2.51,15113.0,36872.0,26343.0,5.48,-9.06,12.29,False,PRICE|SHARE_VOLUME|AVG_DOLLAR_VOLUME|MEDIAN_DOLLAR_VOLUME,Mesa Royalty Trust Common Stock,NYSE
KPRX,2.61,14046.0,36449.0,35893.0,3.76,0.77,3.61,False,PRICE|SHARE_VOLUME|AVG_DOLLAR_VOLUME|MEDIAN_DOLLAR_VOLUME,"Kiora Pharmaceuticals, Inc.  - Common Stock",NASDAQ
CPBI,21.45,1710.0,36165.0,22018.0,0.25,2.51,2.24,False,SHARE_VOLUME|AVG_DOLLAR_VOLUME|MEDIAN_DOLLAR_VOLUME|LOW_DAILY_RANGE,"Central Plains Bancshares, Inc. - Common Stock",NASDAQ
INLX,5.1,6702.0,35976.0,16613.0,4.49,-7.27,6.99,False,SHARE_VOLUME|AVG_DOLLAR_VOLUME|MEDIAN_DOLLAR_VOLUME,"Intellinetics, Inc. Common Stock",NYSE American
STKS,1.59,22208.0,35945.0,20641.0,3.38,-5.92,6.55,False,PRICE|SHARE_VOLUME|AVG_DOLLAR_VOLUME|MEDIAN_DOLLAR_VOLUME,"The ONE Group Hospitality, Inc. - Common Stock",NASDAQ
REVB,0.95,34755.0,35817.0,19100.0,5.78,-14.05,9.63,False,PRICE|SHARE_VOLUME|AVG_DOLLAR_VOLUME|MEDIAN_DOLLAR_VOLUME,"Revelation Biosciences, Inc. - Common Stock",NASDAQ
ROMA,9.38,3980.0,35802.0,25705.0,4.08,4.22,7.92,False,SHARE_VOLUME|AVG_DOLLAR_VOLUME|MEDIAN_DOLLAR_VOLUME,Roma Green Finance Limited - Class A Ordinary Shares,NASDAQ
XFLH,10.0,3560.0,35704.0,4000.0,0.06,0.2,0.7,False,SHARE_VOLUME|AVG_DOLLAR_VOLUME|MEDIAN_DOLLAR_VOLUME|LOW_DAILY_RANGE,XFLH Capital Corporation Ordinary Shares,NYSE
ANTA,3.5,9172.0,35398.0,11790.0,8.01,-9.56,25.9,False,PRICE|SHARE_VOLUME|AVG_DOLLAR_VOLUME|MEDIAN_DOLLAR_VOLUME,Antalpha Platform Holding Company - Class A Ordinary Shares,NASDAQ
HVT-A,28.38,1258.0,35128.0,9404.0,1.76,-10.36,9.51,False,SHARE_VOLUME|AVG_DOLLAR_VOLUME|MEDIAN_DOLLAR_VOLUME|LOW_DAILY_RANGE,"Haverty Furniture Companies, Inc. Common Stock",NYSE
RKDA,0.44,71475.0,34528.0,28377.0,7.56,5.08,9.65,False,PRICE|SHARE_VOLUME|AVG_DOLLAR_VOLUME|MEDIAN_DOLLAR_VOLUME,"Arcadia Biosciences, Inc. - Common Stock",NASDAQ
JCTC,2.86,11582.0,34103.0,30874.0,4.11,-5.92,13.4,False,PRICE|SHARE_VOLUME|AVG_DOLLAR_VOLUME|MEDIAN_DOLLAR_VOLUME,Jewett-Cameron Trading Company - Common Shares,NASDAQ
COCH,0.71,46723.0,33908.0,34339.0,4.35,-3.91,9.22,False,PRICE|SHARE_VOLUME|AVG_DOLLAR_VOLUME|MEDIAN_DOLLAR_VOLUME,"Envoy Medical, Inc. - Class A Common Stock",NASDAQ
SRL,5.18,5904.0,33814.0,22707.0,2.77,-10.58,2.94,False,SHARE_VOLUME|AVG_DOLLAR_VOLUME|MEDIAN_DOLLAR_VOLUME,Scully Royalty Ltd.,NYSE
CKX,10.86,3075.0,33811.0,7720.0,1.49,0.65,6.76,False,SHARE_VOLUME|AVG_DOLLAR_VOLUME|MEDIAN_DOLLAR_VOLUME|LOW_DAILY_RANGE,"CKX Lands, Inc. Common Stock",NYSE American
DTST,2.93,11189.0,33599.0,31831.0,4.24,-3.93,8.75,False,PRICE|SHARE_VOLUME|AVG_DOLLAR_VOLUME|MEDIAN_DOLLAR_VOLUME,Data Storage Corporation - Common Stock,NASDAQ
HTCR,2.01,14730.0,33152.0,26241.0,8.05,-22.99,6.61,False,PRICE|SHARE_VOLUME|AVG_DOLLAR_VOLUME|MEDIAN_DOLLAR_VOLUME,"Heartcore Enterprises, Inc. - Common Stock",NASDAQ
EPSM,1.3,23681.0,32947.0,14908.0,7.93,-10.34,9.93,False,PRICE|SHARE_VOLUME|AVG_DOLLAR_VOLUME|MEDIAN_DOLLAR_VOLUME,Epsium Enterprise Limited - Class A Ordinary Shares,NASDAQ
ATXG,3.8,8645.0,32848.0,12000.0,7.08,-5.94,18.48,False,PRICE|SHARE_VOLUME|AVG_DOLLAR_VOLUME|MEDIAN_DOLLAR_VOLUME,Addentax Group Corp. - Common Stock,NASDAQ
ONEG,1.03,31842.0,32704.0,27184.0,2.05,0.98,3.38,False,PRICE|SHARE_VOLUME|AVG_DOLLAR_VOLUME|MEDIAN_DOLLAR_VOLUME,OneConstruction Group Limited - Ordinary Shares,NASDAQ
HIHO,0.97,35658.0,32658.0,14457.0,4.92,-3.29,11.16,False,PRICE|SHARE_VOLUME|AVG_DOLLAR_VOLUME|MEDIAN_DOLLAR_VOLUME,Highway Holdings Limited - Common Stock,NASDAQ
BGM,0.26,110589.0,32491.0,12648.0,12.0,-9.72,12.33,False,PRICE|SHARE_VOLUME|AVG_DOLLAR_VOLUME|MEDIAN_DOLLAR_VOLUME,BGM Group Ltd. - Class A Ordinary Shares,NASDAQ
BHAV,10.02,3190.0,31981.0,8525.0,0.04,0.1,0.5,False,SHARE_VOLUME|AVG_DOLLAR_VOLUME|MEDIAN_DOLLAR_VOLUME|LOW_DAILY_RANGE,BHAV Acquisition Corp - Class A Ordinary Shares,NASDAQ
AUC,7.05,4762.0,31972.0,17025.0,4.69,1.0,12.06,False,SHARE_VOLUME|AVG_DOLLAR_VOLUME|MEDIAN_DOLLAR_VOLUME,ATIF Holdings Limited - Ordinary Shares,NASDAQ
RMCO,2.6,11379.0,31850.0,28162.0,6.83,-10.03,22.18,False,PRICE|SHARE_VOLUME|AVG_DOLLAR_VOLUME|MEDIAN_DOLLAR_VOLUME,Royalty Management Holding Corporation - Class A Common Stock,NASDAQ
BBLG,0.55,53527.0,31524.0,28371.0,5.25,-14.46,3.7,False,PRICE|SHARE_VOLUME|AVG_DOLLAR_VOLUME|MEDIAN_DOLLAR_VOLUME,Bone Biologics Corp - Common Stock,NASDAQ
ISPR,1.34,21818.0,31503.0,22418.0,9.42,-13.31,8.76,False,PRICE|SHARE_VOLUME|AVG_DOLLAR_VOLUME|MEDIAN_DOLLAR_VOLUME,Ispire Technology Inc. - Common Stock,NASDAQ
GDEV,11.87,2826.0,31425.0,18620.0,3.48,2.86,6.72,False,SHARE_VOLUME|AVG_DOLLAR_VOLUME|MEDIAN_DOLLAR_VOLUME,GDEV Inc. - Ordinary Shares,NASDAQ
BLIN,0.88,32962.0,31412.0,30540.0,5.14,-8.18,5.56,False,PRICE|SHARE_VOLUME|AVG_DOLLAR_VOLUME|MEDIAN_DOLLAR_VOLUME,"Bridgeline Digital, Inc. - Common Stock",NASDAQ
VRME,0.67,47272.0,30765.0,17960.0,4.95,2.07,5.5,False,PRICE|SHARE_VOLUME|AVG_DOLLAR_VOLUME|MEDIAN_DOLLAR_VOLUME,"VerifyMe, Inc. - Common Stock",NASDAQ
BRFH,1.15,24764.0,30600.0,15286.0,5.76,-11.52,7.69,False,PRICE|SHARE_VOLUME|AVG_DOLLAR_VOLUME|MEDIAN_DOLLAR_VOLUME,Barfresh Food Group Inc. - Common Stock,NASDAQ
ALPS,0.4,81038.0,30523.0,24037.0,6.65,35.03,33.33,False,PRICE|SHARE_VOLUME|AVG_DOLLAR_VOLUME|MEDIAN_DOLLAR_VOLUME,ALPS Group Inc - Ordinary Share,NASDAQ
MAMO,0.97,31146.0,30344.0,11076.0,3.44,-7.12,4.82,False,PRICE|SHARE_VOLUME|AVG_DOLLAR_VOLUME|MEDIAN_DOLLAR_VOLUME,Massimo Group - Common Stock,NASDAQ
ATCX,3.2,8868.0,29954.0,23591.0,6.24,-11.11,14.6,False,PRICE|SHARE_VOLUME|AVG_DOLLAR_VOLUME|MEDIAN_DOLLAR_VOLUME,Atlas Critical Minerals Corporation - Common Stock,NASDAQ
POAS,0.16,178226.0,29641.0,17327.0,6.59,-4.73,10.0,False,PRICE|SHARE_VOLUME|AVG_DOLLAR_VOLUME|MEDIAN_DOLLAR_VOLUME,Phaos Technology Holdings (Cayman) Limited Class A Ordinary Shares,NYSE American
SONM,3.2,9030.0,29487.0,27112.0,7.7,-3.61,5.96,False,PRICE|SHARE_VOLUME|AVG_DOLLAR_VOLUME|MEDIAN_DOLLAR_VOLUME,"DNA X, Inc. - Common Stock",NASDAQ
UYSC,11.0,2705.0,29440.0,0.0,0.04,1.48,1.01,False,SHARE_VOLUME|AVG_DOLLAR_VOLUME|MEDIAN_DOLLAR_VOLUME|LOW_DAILY_RANGE,UY Scuti Acquisition Corp. - Ordinary Shares,NASDAQ
MACI,11.02,2675.0,29370.0,4386.0,0.04,0.73,0.64,False,SHARE_VOLUME|AVG_DOLLAR_VOLUME|MEDIAN_DOLLAR_VOLUME|LOW_DAILY_RANGE,Melar Acquisition Corp. I - Class A Ordinary Shares,NASDAQ
DSWL,3.08,9630.0,29324.0,18832.0,3.25,-0.81,6.53,False,PRICE|SHARE_VOLUME|AVG_DOLLAR_VOLUME|MEDIAN_DOLLAR_VOLUME,"Deswell Industries, Inc. - Common Shares",NASDAQ
TCBS,17.1,1680.0,29110.0,14857.0,0.58,-1.44,1.33,False,SHARE_VOLUME|AVG_DOLLAR_VOLUME|MEDIAN_DOLLAR_VOLUME|LOW_DAILY_RANGE,"Texas Community Bancshares, Inc. - Common Stock",NASDAQ
CETY,1.01,27978.0,28945.0,22531.0,7.07,6.88,10.6,False,PRICE|SHARE_VOLUME|AVG_DOLLAR_VOLUME|MEDIAN_DOLLAR_VOLUME,"Clean Energy Technologies, Inc. - Common Stock",NASDAQ
UONE,4.34,6204.0,28822.0,21101.0,3.67,-12.95,3.95,False,PRICE|SHARE_VOLUME|AVG_DOLLAR_VOLUME|MEDIAN_DOLLAR_VOLUME,"Urban One, Inc.  - Class A Common Stock",NASDAQ
STRR,10.3,2760.0,28324.0,16163.0,3.02,7.07,4.73,False,SHARE_VOLUME|AVG_DOLLAR_VOLUME|MEDIAN_DOLLAR_VOLUME,"Star Equity Holdings, Inc. - Common Stock",NASDAQ
EGG,2.67,9657.0,28315.0,23445.0,8.17,-10.23,7.54,False,PRICE|SHARE_VOLUME|AVG_DOLLAR_VOLUME|MEDIAN_DOLLAR_VOLUME,Enigmatig Limited Class A Ordinary Shares,NYSE American
MGIH,1.53,18111.0,28200.0,16727.0,3.17,-1.29,14.1,False,PRICE|SHARE_VOLUME|AVG_DOLLAR_VOLUME|MEDIAN_DOLLAR_VOLUME,Millennium Group International Holdings Limited - Ordinary Shares,NASDAQ
DOGZ,0.9,27043.0,28013.0,19479.0,4.55,-22.41,37.65,False,PRICE|SHARE_VOLUME|AVG_DOLLAR_VOLUME|MEDIAN_DOLLAR_VOLUME,Dogness (International) Corporation - Class A Common Stock,NASDAQ
SPHL,2.3,11530.0,27781.0,16057.0,4.82,-11.88,8.3,False,PRICE|SHARE_VOLUME|AVG_DOLLAR_VOLUME|MEDIAN_DOLLAR_VOLUME,Springview Holdings Ltd - Ordinary shares,NASDAQ
FKWL,2.38,11120.0,27303.0,25665.0,2.66,-1.45,3.73,False,PRICE|SHARE_VOLUME|AVG_DOLLAR_VOLUME|MEDIAN_DOLLAR_VOLUME,Franklin Wireless Corp. - common stock,NASDAQ
NTIP,1.61,17242.0,27234.0,18752.0,3.58,6.62,3.92,False,PRICE|SHARE_VOLUME|AVG_DOLLAR_VOLUME|MEDIAN_DOLLAR_VOLUME,"Network-1 Technologies, Inc. Common Stock",NYSE American
IZM,1.31,96793.0,27072.0,18105.0,6.51,419.84,509.3,False,PRICE|SHARE_VOLUME|AVG_DOLLAR_VOLUME|MEDIAN_DOLLAR_VOLUME,ICZOOM Group Inc. - Class A Ordinary Shares,NASDAQ
NCEL,3.2,7952.0,26564.0,20186.0,5.08,-5.6,8.11,False,PRICE|SHARE_VOLUME|AVG_DOLLAR_VOLUME|MEDIAN_DOLLAR_VOLUME,NewcelX Ltd. - Ordinary Shares,NASDAQ
MDRR,11.62,2185.0,26338.0,2913.0,1.34,-1.02,7.4,False,SHARE_VOLUME|AVG_DOLLAR_VOLUME|MEDIAN_DOLLAR_VOLUME|LOW_DAILY_RANGE,"Medalist Diversified, Inc. - Common Stock",NASDAQ
ICMB,0.89,30784.0,26183.0,27080.0,3.55,6.21,4.48,False,PRICE|SHARE_VOLUME|AVG_DOLLAR_VOLUME|MEDIAN_DOLLAR_VOLUME,"Investcorp Credit Management BDC, Inc. - Common Stock",NASDAQ
JBDI,1.19,19927.0,26011.0,6497.0,8.13,-13.31,7.75,False,PRICE|SHARE_VOLUME|AVG_DOLLAR_VOLUME|MEDIAN_DOLLAR_VOLUME,JBDI Holdings Limited - Ordinary Shares,NASDAQ
BHM,8.67,3008.0,25899.0,21612.0,3.3,-2.58,7.32,False,SHARE_VOLUME|AVG_DOLLAR_VOLUME|MEDIAN_DOLLAR_VOLUME,"Bluerock Homes Trust, Inc. Class A Common Stock",NYSE American
PALO,10.0,2580.0,25732.0,0.0,0.04,0.5,0.5,False,SHARE_VOLUME|AVG_DOLLAR_VOLUME|MEDIAN_DOLLAR_VOLUME|LOW_DAILY_RANGE,Paloma Acquisition Corp I - Class A Ordinary Shares,NASDAQ
PYT,23.77,1075.0,25435.0,2357.0,0.4,0.51,1.64,False,SHARE_VOLUME|AVG_DOLLAR_VOLUME|MEDIAN_DOLLAR_VOLUME|LOW_DAILY_RANGE,PPlus Tr GSC-2 Tr Ctf Fltg Rate,NYSE
BYFC,11.86,2070.0,24760.0,19909.0,1.18,2.6,4.78,False,SHARE_VOLUME|AVG_DOLLAR_VOLUME|MEDIAN_DOLLAR_VOLUME|LOW_DAILY_RANGE,Broadway Financial Corporation - Class A Common Stock,NASDAQ
ZKIN,1.14,20288.0,24395.0,10826.0,7.02,12.87,9.79,False,PRICE|SHARE_VOLUME|AVG_DOLLAR_VOLUME|MEDIAN_DOLLAR_VOLUME,"ZK International Group Co., Ltd - Ordinary Share",NASDAQ
LUD,4.24,5670.0,24238.0,16979.0,1.55,-3.52,5.0,False,PRICE|SHARE_VOLUME|AVG_DOLLAR_VOLUME|MEDIAN_DOLLAR_VOLUME|LOW_DAILY_RANGE,Luda Technology Group Limited Ordinary Shares,NYSE American
CLWT,1.49,14847.0,23952.0,18272.0,5.39,-9.69,5.73,False,PRICE|SHARE_VOLUME|AVG_DOLLAR_VOLUME|MEDIAN_DOLLAR_VOLUME,Euro Tech Holdings Company Limited - Ordinary Shares,NASDAQ
CLPS,1.02,22606.0,23931.0,9586.0,4.6,19.88,23.98,False,PRICE|SHARE_VOLUME|AVG_DOLLAR_VOLUME|MEDIAN_DOLLAR_VOLUME,CLPS Incorporation - Common Stock,NASDAQ
GIFT,0.7,30202.0,23870.0,20237.0,8.03,-18.97,9.29,False,PRICE|SHARE_VOLUME|AVG_DOLLAR_VOLUME|MEDIAN_DOLLAR_VOLUME,"Giftify, Inc. - Common Stock",NASDAQ
PDCC,9.1,2692.0,23866.0,19024.0,1.59,2.36,2.91,False,SHARE_VOLUME|AVG_DOLLAR_VOLUME|MEDIAN_DOLLAR_VOLUME|LOW_DAILY_RANGE,Pearl Diver Credit Company Inc. Common Stock,NYSE
OXBR,1.44,16921.0,23781.0,11568.0,6.57,6.67,17.69,False,PRICE|SHARE_VOLUME|AVG_DOLLAR_VOLUME|MEDIAN_DOLLAR_VOLUME,Oxbridge Re Holdings Limited - Ordinary Shares,NASDAQ
AWX,2.59,8798.0,23398.0,14408.0,2.56,-5.82,7.69,False,PRICE|SHARE_VOLUME|AVG_DOLLAR_VOLUME|MEDIAN_DOLLAR_VOLUME,Avalon Holdings Corporation Common Stock,NYSE American
CPHC,15.8,1478.0,23387.0,14328.0,0.65,1.28,2.17,False,SHARE_VOLUME|AVG_DOLLAR_VOLUME|MEDIAN_DOLLAR_VOLUME|LOW_DAILY_RANGE,Canterbury Park Holding Corporation - Common Stock,NASDAQ
LOBO,0.58,39220.0,23319.0,15338.0,5.89,-12.9,10.71,False,PRICE|SHARE_VOLUME|AVG_DOLLAR_VOLUME|MEDIAN_DOLLAR_VOLUME,LOBO TECHNOLOGIES LTD. - Class A Ordinary Shares,NASDAQ
BRID,5.92,3849.0,23236.0,22083.0,2.62,-3.77,4.22,False,SHARE_VOLUME|AVG_DOLLAR_VOLUME|MEDIAN_DOLLAR_VOLUME,Bridgford Foods Corporation - Common Stock,NASDAQ
INTJ,3.05,7499.0,23207.0,18250.0,10.8,-6.44,16.78,False,PRICE|SHARE_VOLUME|AVG_DOLLAR_VOLUME|MEDIAN_DOLLAR_VOLUME,Intelligent Group Limited - Class A Ordinary Shares,NASDAQ
LICN,1.04,20037.0,22948.0,15164.0,7.32,-16.8,12.71,False,PRICE|SHARE_VOLUME|AVG_DOLLAR_VOLUME|MEDIAN_DOLLAR_VOLUME,Lichen International Limited - Class A Ordinary Shares,NASDAQ
ESLA,0.65,33540.0,22797.0,20187.0,10.92,-11.22,6.37,False,PRICE|SHARE_VOLUME|AVG_DOLLAR_VOLUME|MEDIAN_DOLLAR_VOLUME,"Estrella Immunopharma, Inc. - Common Stock",NASDAQ
HFBL,26.0,870.0,22617.0,12488.0,1.36,7.44,11.42,False,SHARE_VOLUME|AVG_DOLLAR_VOLUME|MEDIAN_DOLLAR_VOLUME|LOW_DAILY_RANGE,"Home Federal Bancorp, Inc. of Louisiana - Common Stock",NASDAQ
TCRT,1.34,13857.0,22550.0,21877.0,5.65,-28.72,6.32,False,PRICE|SHARE_VOLUME|AVG_DOLLAR_VOLUME|MEDIAN_DOLLAR_VOLUME,"Alaunos Therapeutics, Inc. - Common Stock",NASDAQ
TOMZ,1.67,12990.0,22401.0,12493.0,6.34,-5.14,11.31,False,PRICE|SHARE_VOLUME|AVG_DOLLAR_VOLUME|MEDIAN_DOLLAR_VOLUME,"TOMI Environmental Solutions, Inc. - Common Stock",NASDAQ
TRNR,2.78,7552.0,22334.0,15679.0,5.01,-13.93,9.65,False,PRICE|SHARE_VOLUME|AVG_DOLLAR_VOLUME|MEDIAN_DOLLAR_VOLUME,Interactive Strength Inc. - Common Stock,NASDAQ
EFOI,2.7,7915.0,22132.0,15882.0,5.3,-10.0,6.96,False,PRICE|SHARE_VOLUME|AVG_DOLLAR_VOLUME|MEDIAN_DOLLAR_VOLUME,"Energy Focus, Inc. - Common Stock",NASDAQ
KMRK,0.99,19368.0,22093.0,18981.0,7.66,-16.1,8.93,False,PRICE|SHARE_VOLUME|AVG_DOLLAR_VOLUME|MEDIAN_DOLLAR_VOLUME,K-Tech Solutions Company Limited - Class A Ordinary Shares,NASDAQ
ABLV,1.03,20582.0,21239.0,5692.0,9.18,23.35,14.47,False,PRICE|SHARE_VOLUME|AVG_DOLLAR_VOLUME|MEDIAN_DOLLAR_VOLUME,Able View Global Inc. - Class B Ordinary Shares,NASDAQ
UK,2.03,10216.0,21169.0,19493.0,6.93,-9.19,9.8,False,PRICE|SHARE_VOLUME|AVG_DOLLAR_VOLUME|MEDIAN_DOLLAR_VOLUME,Ucommune International Ltd  - Class A Ordinary Shares,NASDAQ
FOFO,1.76,10042.0,21142.0,16428.0,6.62,-29.6,6.72,False,PRICE|SHARE_VOLUME|AVG_DOLLAR_VOLUME|MEDIAN_DOLLAR_VOLUME,"Hang Feng Technology Innovation Co., Ltd. - Ordinary Shares",NASDAQ
TRAD,10.02,2090.0,20976.0,4016.0,0.06,-0.2,1.01,False,SHARE_VOLUME|AVG_DOLLAR_VOLUME|MEDIAN_DOLLAR_VOLUME|LOW_DAILY_RANGE,APEX Tech Acquisition Inc. Ordinary Shares,NYSE
NWTG,1.1,16573.0,20734.0,17569.0,6.83,-14.73,17.92,False,PRICE|SHARE_VOLUME|AVG_DOLLAR_VOLUME|MEDIAN_DOLLAR_VOLUME,"Newton Golf Company, Inc. - Common Stock",NASDAQ
CNET,1.29,14561.0,20636.0,6814.0,6.56,-6.16,7.44,False,PRICE|SHARE_VOLUME|AVG_DOLLAR_VOLUME|MEDIAN_DOLLAR_VOLUME,ZW Data Action Technologies Inc. - Common Stock,NASDAQ
GURE,3.2,5738.0,20294.0,10314.0,8.8,3.23,16.56,False,PRICE|SHARE_VOLUME|AVG_DOLLAR_VOLUME|MEDIAN_DOLLAR_VOLUME,"Gulf Resources, Inc. - Common Stock",NASDAQ
GJP,24.23,825.0,20217.0,0.0,0.04,-1.56,1.02,False,SHARE_VOLUME|AVG_DOLLAR_VOLUME|MEDIAN_DOLLAR_VOLUME|LOW_DAILY_RANGE,"Synthetic Fixed-Income Securities, Inc. on behalf of STRATS (SM) Trust for Dominion Resources, Inc. Securities, Series 2005-6, Floating Rate Structured Repackaged Asset-Backed Trust Securities (STRATS) Certificates",NYSE
MDIA,1.1,18440.0,20095.0,18927.0,8.31,17.74,8.17,False,PRICE|SHARE_VOLUME|AVG_DOLLAR_VOLUME|MEDIAN_DOLLAR_VOLUME,Mediaco Holding Inc. - Class A Common Stock,NASDAQ
GJO,24.27,810.0,19856.0,3681.0,0.38,-0.56,0.79,False,SHARE_VOLUME|AVG_DOLLAR_VOLUME|MEDIAN_DOLLAR_VOLUME|LOW_DAILY_RANGE,"Synthetic Fixed-Income Securities, Inc. on behalf of STRATS(SM) Trust for Wal-Mart Stores, Inc. Securities, Series 2004-5",NYSE
QRHC,1.37,14055.0,19663.0,18486.0,3.84,-12.18,18.11,False,PRICE|SHARE_VOLUME|AVG_DOLLAR_VOLUME|MEDIAN_DOLLAR_VOLUME,Quest Resource Holding Corporation - Common Stock,NASDAQ
RVP,0.71,26846.0,19228.0,11700.0,3.78,-1.11,4.71,False,PRICE|SHARE_VOLUME|AVG_DOLLAR_VOLUME|MEDIAN_DOLLAR_VOLUME,"Retractable Technologies, Inc. Common Stock",NYSE American
LSE,5.62,3528.0,19128.0,13927.0,5.12,10.2,7.95,False,SHARE_VOLUME|AVG_DOLLAR_VOLUME|MEDIAN_DOLLAR_VOLUME,"Leishen Energy Holding Co., Ltd. - Class A Ordinary Shares",NASDAQ
AKO-A,23.0,790.0,18900.0,11892.0,1.49,-3.36,4.7,False,SHARE_VOLUME|AVG_DOLLAR_VOLUME|MEDIAN_DOLLAR_VOLUME|LOW_DAILY_RANGE,Embotelladora Andina S.A. Common Stock,NYSE
CEPV,10.34,1810.0,18790.0,0.0,0.22,-0.34,0.39,False,SHARE_VOLUME|AVG_DOLLAR_VOLUME|MEDIAN_DOLLAR_VOLUME|LOW_DAILY_RANGE,"Cantor Equity Partners V, Inc. - Class A Ordinary Shares",NASDAQ
CHEC,10.26,1825.0,18691.0,1026.0,0.07,0.2,0.34,False,SHARE_VOLUME|AVG_DOLLAR_VOLUME|MEDIAN_DOLLAR_VOLUME|LOW_DAILY_RANGE,Chenghe Acquisition III Co. - Class A Ordinary Shares,NASDAQ
TAP-A,42.11,425.0,18226.0,0.0,1.07,1.96,8.61,False,SHARE_VOLUME|AVG_DOLLAR_VOLUME|MEDIAN_DOLLAR_VOLUME|LOW_DAILY_RANGE,Molson Coors Beverage Company Class A Common Stock,NYSE
VGAS,1.32,13854.0,18154.0,12149.0,7.55,0.0,17.04,False,PRICE|SHARE_VOLUME|AVG_DOLLAR_VOLUME|MEDIAN_DOLLAR_VOLUME,"Verde Clean Fuels, Inc. - Class A Common Stock",NASDAQ
CHNR,3.78,4505.0,18135.0,9548.0,2.96,-7.8,7.89,False,PRICE|SHARE_VOLUME|AVG_DOLLAR_VOLUME|MEDIAN_DOLLAR_VOLUME,"China Natural Resources, Inc. - Common Shares",NASDAQ
GTN-A,5.84,2640.0,17178.0,5709.0,5.19,1.56,21.07,False,SHARE_VOLUME|AVG_DOLLAR_VOLUME|MEDIAN_DOLLAR_VOLUME,"Gray Media, Inc. Class A Common Stock",NYSE
ZDAI,1.62,10592.0,17144.0,12373.0,6.94,1.56,8.2,False,PRICE|SHARE_VOLUME|AVG_DOLLAR_VOLUME|MEDIAN_DOLLAR_VOLUME,"DirectBooking Technology Co., Ltd. - Class A Ordinary Shares",NASDAQ
GJT,23.22,735.0,17045.0,1156.0,0.06,-0.65,0.69,False,SHARE_VOLUME|AVG_DOLLAR_VOLUME|MEDIAN_DOLLAR_VOLUME|LOW_DAILY_RANGE,"Synthetic Fixed-Income Securities, Inc. Floating Rate Structured Repackaged Asset-Backed Trust Securities Certificates, Series 2006-3",NYSE
HIND,2.09,7610.0,16546.0,10084.0,3.45,-7.93,4.13,False,PRICE|SHARE_VOLUME|AVG_DOLLAR_VOLUME|MEDIAN_DOLLAR_VOLUME,"Vyome Holdings, Inc. - Common Stock",NASDAQ
MKZR,1.39,11176.0,16541.0,9259.0,4.27,-7.33,12.09,False,PRICE|SHARE_VOLUME|AVG_DOLLAR_VOLUME|MEDIAN_DOLLAR_VOLUME,"MacKenzie Realty Capital, Inc. - Common Stock",NASDAQ
HOUR,1.77,8692.0,16048.0,13407.0,4.33,-3.8,5.43,False,PRICE|SHARE_VOLUME|AVG_DOLLAR_VOLUME|MEDIAN_DOLLAR_VOLUME,"Hour Loop, Inc. - common stock",NASDAQ
SANG,3.45,4200.0,15949.0,4065.0,2.29,-15.44,2.99,False,PRICE|SHARE_VOLUME|AVG_DOLLAR_VOLUME|MEDIAN_DOLLAR_VOLUME,Sangoma Technologies Corporation - Common Shares,NASDAQ
SLSN,0.88,18027.0,15816.0,10825.0,11.51,-1.1,7.34,False,PRICE|SHARE_VOLUME|AVG_DOLLAR_VOLUME|MEDIAN_DOLLAR_VOLUME,"Solesence, Inc. - Common stock",NASDAQ
PGAC,10.71,1460.0,15685.0,0.0,0.05,0.19,0.56,False,SHARE_VOLUME|AVG_DOLLAR_VOLUME|MEDIAN_DOLLAR_VOLUME|LOW_DAILY_RANGE,Pantages Capital Acquisition Corporation - Class A Ordinary Shares,NASDAQ
MWG,1.3,11009.0,15675.0,3459.0,5.85,1.56,19.53,False,PRICE|SHARE_VOLUME|AVG_DOLLAR_VOLUME|MEDIAN_DOLLAR_VOLUME,Multi Ways Holdings Limited Class A Ordinary Shares,NYSE American
DIT,64.78,225.0,15413.0,6600.0,0.16,-4.74,10.0,False,SHARE_VOLUME|AVG_DOLLAR_VOLUME|MEDIAN_DOLLAR_VOLUME|LOW_DAILY_RANGE,AMCON Distributing Company Common Stock,NYSE American
VS,1.09,13374.0,15373.0,8812.0,8.03,-21.01,11.17,False,PRICE|SHARE_VOLUME|AVG_DOLLAR_VOLUME|MEDIAN_DOLLAR_VOLUME,Versus Systems Inc. - Common Stock,NASDAQ
BGIN,1.81,7728.0,15283.0,9921.0,6.57,-5.73,15.88,False,PRICE|SHARE_VOLUME|AVG_DOLLAR_VOLUME|MEDIAN_DOLLAR_VOLUME,Bgin Blockchain Limited - Class A Ordinary Shares,NASDAQ
THCH,1.31,12313.0,15283.0,5304.0,6.85,-5.07,8.26,False,PRICE|SHARE_VOLUME|AVG_DOLLAR_VOLUME|MEDIAN_DOLLAR_VOLUME,TH International Limited - Ordinary shares,NASDAQ
MNY,0.78,18589.0,15201.0,11451.0,3.65,-16.48,4.35,False,PRICE|SHARE_VOLUME|AVG_DOLLAR_VOLUME|MEDIAN_DOLLAR_VOLUME,MoneyHero Limited - Class A Ordinary Shares,NASDAQ
OGEN,0.49,29789.0,15194.0,11600.0,3.97,-10.02,4.17,False,PRICE|SHARE_VOLUME|AVG_DOLLAR_VOLUME|MEDIAN_DOLLAR_VOLUME,Oragenics Inc. Common Stock,NYSE American
ICON,0.86,16005.0,15138.0,11330.0,4.74,-15.64,4.8,False,PRICE|SHARE_VOLUME|AVG_DOLLAR_VOLUME|MEDIAN_DOLLAR_VOLUME,Icon Energy Corp. - Common stock,NASDAQ
GYRO,5.05,2950.0,15103.0,13600.0,1.21,-7.85,1.49,False,SHARE_VOLUME|AVG_DOLLAR_VOLUME|MEDIAN_DOLLAR_VOLUME|LOW_DAILY_RANGE,"Gyrodyne , LLC - Common Stock",NASDAQ
GDTC,0.81,16248.0,15059.0,10734.0,8.15,-14.21,14.57,False,PRICE|SHARE_VOLUME|AVG_DOLLAR_VOLUME|MEDIAN_DOLLAR_VOLUME,CytoMed Therapeutics Limited - Ordinary Shares,NASDAQ
WLYB,48.74,291.0,15033.0,5069.0,0.66,-5.23,3.42,False,SHARE_VOLUME|AVG_DOLLAR_VOLUME|MEDIAN_DOLLAR_VOLUME|LOW_DAILY_RANGE,"John Wiley & Sons, Inc. Common Stock",NYSE
SEED,0.96,14601.0,14781.0,12419.0,3.53,-7.27,6.0,False,PRICE|SHARE_VOLUME|AVG_DOLLAR_VOLUME|MEDIAN_DOLLAR_VOLUME,Origin Agritech Limited - Ordinary Shares,NASDAQ
EQS,0.98,14857.0,14769.0,7808.0,2.62,-12.15,9.52,False,PRICE|SHARE_VOLUME|AVG_DOLLAR_VOLUME|MEDIAN_DOLLAR_VOLUME,"Equus Total Return, Inc. Common Stock",NYSE
TLIH,5.8,2525.0,14597.0,10304.0,3.55,1.67,1.65,False,SHARE_VOLUME|AVG_DOLLAR_VOLUME|MEDIAN_DOLLAR_VOLUME,Ten-League International Holdings Limited - Ordinary Shares,NASDAQ
SNT,1.56,8515.0,14496.0,8276.0,3.8,-10.86,7.32,False,PRICE|SHARE_VOLUME|AVG_DOLLAR_VOLUME|MEDIAN_DOLLAR_VOLUME,Senstar Technologies Corporation - Common Shares,NASDAQ
EBON,2.01,6435.0,14093.0,7538.0,6.85,0.0,6.18,False,PRICE|SHARE_VOLUME|AVG_DOLLAR_VOLUME|MEDIAN_DOLLAR_VOLUME,Ebang International Holdings Inc. - Class A Ordinary Shares,NASDAQ
YDKG,0.82,14615.0,14004.0,11876.0,6.79,-23.64,6.86,False,PRICE|SHARE_VOLUME|AVG_DOLLAR_VOLUME|MEDIAN_DOLLAR_VOLUME,Yueda Digital Holding - Class A Ordinary Share,NASDAQ
GJS,23.47,596.0,13877.0,6969.0,0.14,-0.26,1.2,False,SHARE_VOLUME|AVG_DOLLAR_VOLUME|MEDIAN_DOLLAR_VOLUME|LOW_DAILY_RANGE,"Goldman Sachs Group Securities STRATS Trust for Goldman Sachs Group Securities, Series 2006-2",NYSE
AMS,1.42,9197.0,13559.0,7124.0,3.64,-5.96,4.93,False,PRICE|SHARE_VOLUME|AVG_DOLLAR_VOLUME|MEDIAN_DOLLAR_VOLUME,American Shared Hospital Services Common Stock,NYSE American
LCFY,2.24,5439.0,13251.0,11845.0,5.58,-15.63,10.92,False,PRICE|SHARE_VOLUME|AVG_DOLLAR_VOLUME|MEDIAN_DOLLAR_VOLUME,Locafy Limited - Ordinary Share,NASDAQ
BLIV,2.21,5890.0,13202.0,1096.0,4.44,-3.91,11.87,False,PRICE|SHARE_VOLUME|AVG_DOLLAR_VOLUME|MEDIAN_DOLLAR_VOLUME,BeLive Holdings - ordinary shares,NASDAQ
UTSI,2.16,5541.0,12930.0,6321.0,2.97,-9.62,5.73,False,PRICE|SHARE_VOLUME|AVG_DOLLAR_VOLUME|MEDIAN_DOLLAR_VOLUME,UTStarcom Holdings Corp - Ordinary Shares,NASDAQ
DGICB,24.99,520.0,12875.0,3476.0,0.62,1.01,5.97,False,SHARE_VOLUME|AVG_DOLLAR_VOLUME|MEDIAN_DOLLAR_VOLUME|LOW_DAILY_RANGE,"Donegal Group, Inc. - Class B Common Stock",NASDAQ
MEGL,1.13,10490.0,12455.0,13176.0,4.83,-4.71,7.83,False,PRICE|SHARE_VOLUME|AVG_DOLLAR_VOLUME|MEDIAN_DOLLAR_VOLUME,Magic Empire Global Limited - Class A Ordinary Shares,NASDAQ
APWC,1.37,9006.0,12411.0,8275.0,4.14,-8.05,5.63,False,PRICE|SHARE_VOLUME|AVG_DOLLAR_VOLUME|MEDIAN_DOLLAR_VOLUME,"Asia Pacific Wire & Cable Corporation Limited  - Common shares, Par value .01 per share",NASDAQ
SNTG,1.73,6952.0,12077.0,8040.0,4.67,-4.42,10.29,False,PRICE|SHARE_VOLUME|AVG_DOLLAR_VOLUME|MEDIAN_DOLLAR_VOLUME,Sentage Holdings Inc. - Class A Ordinary Shares,NASDAQ
IPM,1.89,6376.0,12028.0,8618.0,3.66,-0.39,4.92,False,PRICE|SHARE_VOLUME|AVG_DOLLAR_VOLUME|MEDIAN_DOLLAR_VOLUME,Intelligent Protection Management Corp.  - Common Stock,NASDAQ
JBK,25.32,440.0,11238.0,0.0,0.07,-1.56,1.39,False,SHARE_VOLUME|AVG_DOLLAR_VOLUME|MEDIAN_DOLLAR_VOLUME|LOW_DAILY_RANGE,Lehman ABS 3.50 3.50% Adjustable Corp Backed Tr Certs GS Cap I,NYSE
QSEA,10.64,1050.0,11158.0,0.0,0.05,-0.09,0.28,False,SHARE_VOLUME|AVG_DOLLAR_VOLUME|MEDIAN_DOLLAR_VOLUME|LOW_DAILY_RANGE,Quartzsea Acquisition Corporation - Ordinary Shares,NASDAQ
TGE,0.89,12085.0,11139.0,10890.0,3.85,0.16,3.46,False,PRICE|SHARE_VOLUME|AVG_DOLLAR_VOLUME|MEDIAN_DOLLAR_VOLUME,The Generation Essentials Group Class A Ordinary Shares,NYSE
ILAG,2.79,3240.0,10624.0,1948.0,2.54,-15.45,14.48,False,PRICE|SHARE_VOLUME|AVG_DOLLAR_VOLUME|MEDIAN_DOLLAR_VOLUME,Intelligent Living Application Group Inc. - Ordinary Shares,NASDAQ
IBAC,10.92,968.0,10563.0,3810.0,0.23,0.35,0.83,False,SHARE_VOLUME|AVG_DOLLAR_VOLUME|MEDIAN_DOLLAR_VOLUME|LOW_DAILY_RANGE,IB Acquisition Corp. - Common Stock,NASDAQ
MBIO,0.51,19612.0,10554.0,10187.0,4.03,-10.54,4.52,False,PRICE|SHARE_VOLUME|AVG_DOLLAR_VOLUME|MEDIAN_DOLLAR_VOLUME,"Mustang Bio, Inc. - Common Stock",NASDAQ
MGLD,0.96,9901.0,9879.0,6311.0,4.04,-6.76,8.0,False,PRICE|SHARE_VOLUME|AVG_DOLLAR_VOLUME|MEDIAN_DOLLAR_VOLUME,"The Marygold Companies, Inc. Common Stock",NYSE American
BRBI,11.2,945.0,9653.0,4437.0,0.73,22.61,7.72,False,SHARE_VOLUME|AVG_DOLLAR_VOLUME|MEDIAN_DOLLAR_VOLUME|LOW_DAILY_RANGE,BRBI BR Partners S.A. - ADSs,NASDAQ
BMHL,5.53,1665.0,9652.0,4424.0,4.12,-5.31,4.34,False,SHARE_VOLUME|AVG_DOLLAR_VOLUME|MEDIAN_DOLLAR_VOLUME,Bluemount Holdings Limited - Class B Ordinary Shares,NASDAQ
CCAQ,10.7,910.0,9636.0,0.0,0.22,1.71,0.95,False,SHARE_VOLUME|AVG_DOLLAR_VOLUME|MEDIAN_DOLLAR_VOLUME|LOW_DAILY_RANGE,Collective Acquisition Corp. - Class A ordinary shares,NASDAQ
BTOC,0.27,32237.0,9264.0,7815.0,8.53,-2.4,5.9,False,PRICE|SHARE_VOLUME|AVG_DOLLAR_VOLUME|MEDIAN_DOLLAR_VOLUME,Armlogi Holding Corp. - common stock,NASDAQ
DLPN,1.03,8127.0,9147.0,9077.0,5.02,-9.64,7.02,False,PRICE|SHARE_VOLUME|AVG_DOLLAR_VOLUME|MEDIAN_DOLLAR_VOLUME,"Dolphin Entertainment, Inc. - Common Stock",NASDAQ
DTSQ,11.5,805.0,9141.0,1702.0,0.15,2.13,0.88,False,SHARE_VOLUME|AVG_DOLLAR_VOLUME|MEDIAN_DOLLAR_VOLUME|LOW_DAILY_RANGE,DT Cloud Star Acquisition Corporation - Ordinary Shares,NASDAQ
GJH,9.45,905.0,8519.0,1890.0,0.4,0.0,1.74,False,SHARE_VOLUME|AVG_DOLLAR_VOLUME|MEDIAN_DOLLAR_VOLUME|LOW_DAILY_RANGE,Synthetic Fixed-Income Securities Inc 6.375% (STRATS) Cl A-1,NYSE
NCEW,17.56,461.0,8141.0,3543.0,0.88,1.44,9.79,False,SHARE_VOLUME|AVG_DOLLAR_VOLUME|MEDIAN_DOLLAR_VOLUME|LOW_DAILY_RANGE,New Century Logistics (BVI) Limited - Ordinary Shares,NASDAQ
KBSX,1.15,7426.0,7866.0,5001.0,6.49,15.0,18.37,False,PRICE|SHARE_VOLUME|AVG_DOLLAR_VOLUME|MEDIAN_DOLLAR_VOLUME,FST Corp. - Ordinary Shares,NASDAQ
GJR,24.56,321.0,7865.0,0.0,0.1,-0.28,1.4,False,SHARE_VOLUME|AVG_DOLLAR_VOLUME|MEDIAN_DOLLAR_VOLUME|LOW_DAILY_RANGE,"Synthetic Fixed-Income Securities, Inc. STRATS Trust for Procter&Gamble Securities, Series 2006-1",NYSE
WTF,2.68,2764.0,7458.0,5774.0,5.07,-7.9,7.63,False,PRICE|SHARE_VOLUME|AVG_DOLLAR_VOLUME|MEDIAN_DOLLAR_VOLUME,Waton Financial Limited - Ordinary Shares,NASDAQ
HBNB,5.14,1408.0,7196.0,4504.0,1.99,-5.78,5.26,False,SHARE_VOLUME|AVG_DOLLAR_VOLUME|MEDIAN_DOLLAR_VOLUME|LOW_DAILY_RANGE,Hotel101 Global Holdings Corp. - Class A Ordinary Shares,NASDAQ
INAC,10.35,670.0,6934.0,0.0,0.0,0.39,0.39,False,SHARE_VOLUME|AVG_DOLLAR_VOLUME|MEDIAN_DOLLAR_VOLUME|LOW_DAILY_RANGE,Indigo Acquisition Corp. - Ordinary Shares,NASDAQ
LCCC,10.52,650.0,6835.0,0.0,0.01,0.29,0.67,False,SHARE_VOLUME|AVG_DOLLAR_VOLUME|MEDIAN_DOLLAR_VOLUME|LOW_DAILY_RANGE,Lakeshore Acquisition III Corp. - Ordinary Shares,NASDAQ
MDBH,2.67,2355.0,6718.0,5736.0,4.16,-9.21,6.99,False,PRICE|SHARE_VOLUME|AVG_DOLLAR_VOLUME|MEDIAN_DOLLAR_VOLUME,"MDB Capital Holdings, LLC - Class A common ",NASDAQ
BRIA,1.42,4376.0,6180.0,4355.0,10.04,4.4,9.92,False,PRICE|SHARE_VOLUME|AVG_DOLLAR_VOLUME|MEDIAN_DOLLAR_VOLUME,BrilliA Inc Class A Ordinary Shares,NYSE American
BGLC,1.45,4184.0,6169.0,3541.0,5.01,-5.84,8.78,False,PRICE|SHARE_VOLUME|AVG_DOLLAR_VOLUME|MEDIAN_DOLLAR_VOLUME,BioNexus Gene Lab Corp - Common stock,NASDAQ
EDTK,0.95,6566.0,6167.0,3407.0,3.66,8.57,11.11,False,PRICE|SHARE_VOLUME|AVG_DOLLAR_VOLUME|MEDIAN_DOLLAR_VOLUME,Skillful Craftsman Education Technology Limited - Ordinary Share,NASDAQ
GIGM,1.33,4108.0,5728.0,2649.0,3.99,-6.99,5.93,False,PRICE|SHARE_VOLUME|AVG_DOLLAR_VOLUME|MEDIAN_DOLLAR_VOLUME,GigaMedia Limited - Ordinary Shares,NASDAQ
HTLM,1.78,3205.0,5696.0,5522.0,2.93,-5.82,7.57,False,PRICE|SHARE_VOLUME|AVG_DOLLAR_VOLUME|MEDIAN_DOLLAR_VOLUME,HomesToLife Ltd - Ordinary Shares,NASDAQ
YHGJ,2.65,1953.0,5658.0,3119.0,3.54,-22.06,15.67,False,PRICE|SHARE_VOLUME|AVG_DOLLAR_VOLUME|MEDIAN_DOLLAR_VOLUME,Yunhong Green CTI Ltd. - Common Stock,NASDAQ
BKHA,11.99,465.0,5509.0,1197.0,0.07,1.35,1.04,False,SHARE_VOLUME|AVG_DOLLAR_VOLUME|MEDIAN_DOLLAR_VOLUME|LOW_DAILY_RANGE,Black Hawk Acquisition Corporation - Class A Ordinary Shares,NASDAQ
BON,1.1,4793.0,5447.0,4845.0,4.43,-3.93,11.21,False,PRICE|SHARE_VOLUME|AVG_DOLLAR_VOLUME|MEDIAN_DOLLAR_VOLUME,Bon Natural Life Limited - Class A Ordinary Shares,NASDAQ
CTAA,9.95,535.0,5345.0,0.0,0.06,0.4,0.4,False,SHARE_VOLUME|AVG_DOLLAR_VOLUME|MEDIAN_DOLLAR_VOLUME|LOW_DAILY_RANGE,ClearThink 1 Acquisition Corp. - Class A Ordinary Shares,NASDAQ
SBXD,10.87,476.0,5179.0,543.0,0.17,0.46,3.42,False,SHARE_VOLUME|AVG_DOLLAR_VOLUME|MEDIAN_DOLLAR_VOLUME|LOW_DAILY_RANGE,SilverBox Corp IV Class A Ordinary Shares,NYSE
RECT,1.31,4101.0,5111.0,3446.0,3.88,14.96,19.13,False,PRICE|SHARE_VOLUME|AVG_DOLLAR_VOLUME|MEDIAN_DOLLAR_VOLUME,Rectitude Holdings Ltd - Ordinary Shares,NASDAQ
FEBO,0.73,7063.0,5071.0,1503.0,4.26,-6.04,5.0,False,PRICE|SHARE_VOLUME|AVG_DOLLAR_VOLUME|MEDIAN_DOLLAR_VOLUME,Fenbo Holdings Limited - Class A Ordinary Shares,NASDAQ
IFBD,0.98,4904.0,4706.0,2244.0,7.93,-2.0,13.52,False,PRICE|SHARE_VOLUME|AVG_DOLLAR_VOLUME|MEDIAN_DOLLAR_VOLUME,"Infobird Co., Ltd - Ordinary Shares",NASDAQ
VECA,10.03,405.0,4060.0,0.0,0.0,0.3,0.6,False,SHARE_VOLUME|AVG_DOLLAR_VOLUME|MEDIAN_DOLLAR_VOLUME|LOW_DAILY_RANGE,Vernal Capital Acquisition Corp. Ordinary Shares,NYSE
TRSG,1.43,2565.0,3676.0,1054.0,4.14,-1.51,6.47,False,PRICE|SHARE_VOLUME|AVG_DOLLAR_VOLUME|MEDIAN_DOLLAR_VOLUME,Tungray Technologies Inc - Class A Ordinary Shares,NASDAQ
PFAI,2.81,1105.0,3134.0,2421.0,5.18,-1.78,18.26,False,PRICE|SHARE_VOLUME|AVG_DOLLAR_VOLUME|MEDIAN_DOLLAR_VOLUME,Pinnacle Food Group Limited - Class A Common Shares,NASDAQ
QETA,11.85,225.0,2661.0,0.0,0.2,0.94,0.94,False,SHARE_VOLUME|AVG_DOLLAR_VOLUME|MEDIAN_DOLLAR_VOLUME|LOW_DAILY_RANGE,Quetta Acquisition Corporation - Common Stock,NASDAQ
YIBO,1.15,1810.0,2238.0,1560.0,2.5,-11.54,11.97,False,PRICE|SHARE_VOLUME|AVG_DOLLAR_VOLUME|MEDIAN_DOLLAR_VOLUME,Planet Image International Limited - Class A Ordinary Shares,NASDAQ
CAPN,11.23,185.0,2074.0,0.0,0.01,1.17,0.63,False,SHARE_VOLUME|AVG_DOLLAR_VOLUME|MEDIAN_DOLLAR_VOLUME|LOW_DAILY_RANGE,Cayson Acquisition Corp - Ordinary Shares,NASDAQ
LPAA,10.76,190.0,2044.0,0.0,0.0,0.19,0.74,False,SHARE_VOLUME|AVG_DOLLAR_VOLUME|MEDIAN_DOLLAR_VOLUME|LOW_DAILY_RANGE,Launch One Acquisition Corp. - Class A Ordinary Shares,NASDAQ
CCZ,64.67,30.0,1970.0,0.0,0.0,2.16,4.48,False,SHARE_VOLUME|AVG_DOLLAR_VOLUME|MEDIAN_DOLLAR_VOLUME|LOW_DAILY_RANGE,Comcast Holdings ZONES,NYSE
ALF,10.89,175.0,1903.0,0.0,0.01,0.46,0.28,False,SHARE_VOLUME|AVG_DOLLAR_VOLUME|MEDIAN_DOLLAR_VOLUME|LOW_DAILY_RANGE,Centurion Acquisition Corp. - Class A Ordinary Shares,NASDAQ
BIO-B,365.08,5.0,1825.0,0.0,0.0,8.33,8.33,False,SHARE_VOLUME|AVG_DOLLAR_VOLUME|MEDIAN_DOLLAR_VOLUME|LOW_DAILY_RANGE,"Bio-Rad Laboratories, Inc. Class B  Common Stock",NYSE
IOR,18.5,85.0,1592.0,0.0,0.3,-7.59,2.78,False,SHARE_VOLUME|AVG_DOLLAR_VOLUME|MEDIAN_DOLLAR_VOLUME|LOW_DAILY_RANGE,"Income Opportunity Realty Investors, Inc. Common Stock",NYSE American
TULP,3.4,415.0,1390.0,0.0,1.94,-1.73,6.73,False,PRICE|SHARE_VOLUME|AVG_DOLLAR_VOLUME|MEDIAN_DOLLAR_VOLUME|LOW_DAILY_RANGE,"Bloomia Holdings, Inc. - Common Stock",NASDAQ
NOEM,10.68,115.0,1229.0,0.0,0.01,-0.09,2.81,False,SHARE_VOLUME|AVG_DOLLAR_VOLUME|MEDIAN_DOLLAR_VOLUME|LOW_DAILY_RANGE,CO2 Energy Transition Corp. - Common Stock,NASDAQ
PLUT,2.55,243.0,638.0,0.0,0.36,-6.42,6.45,False,PRICE|SHARE_VOLUME|AVG_DOLLAR_VOLUME|MEDIAN_DOLLAR_VOLUME|LOW_DAILY_RANGE,Plutus Financial Group Limited - Ordinary Shares,NASDAQ
EFTY,15.02,0.0,0.0,0.0,0.0,0.0,0.0,False,SHARE_VOLUME|AVG_DOLLAR_VOLUME|MEDIAN_DOLLAR_VOLUME|LOW_DAILY_RANGE,"Etoiles Capital Group Co., Ltd. - Class A Ordinary Shares",NASDAQ
HCHL,3.96,0.0,0.0,0.0,0.0,0.0,0.0,False,PRICE|SHARE_VOLUME|AVG_DOLLAR_VOLUME|MEDIAN_DOLLAR_VOLUME|LOW_DAILY_RANGE,Happy City Holdings Limited - Class A Ordinary shares,NASDAQ
LAWR,3.75,0.0,0.0,0.0,0.0,0.0,0.0,False,PRICE|SHARE_VOLUME|AVG_DOLLAR_VOLUME|MEDIAN_DOLLAR_VOLUME|LOW_DAILY_RANGE,"Robot Consulting Co., Ltd. - ADS",NASDAQ
MAGH,6.76,0.0,0.0,0.0,0.0,0.0,0.0,False,SHARE_VOLUME|AVG_DOLLAR_VOLUME|MEDIAN_DOLLAR_VOLUME|LOW_DAILY_RANGE,Magnitude International Ltd - Ordinary Shares,NASDAQ
MAMK,13.0,0.0,0.0,0.0,0.0,0.0,0.0,False,SHARE_VOLUME|AVG_DOLLAR_VOLUME|MEDIAN_DOLLAR_VOLUME|LOW_DAILY_RANGE,MaxsMaking Inc. - Class A Ordinary Shares,NASDAQ
MCTA,29.35,0.0,0.0,0.0,0.0,0.0,0.0,False,SHARE_VOLUME|AVG_DOLLAR_VOLUME|MEDIAN_DOLLAR_VOLUME|LOW_DAILY_RANGE,Charming Medical Limited - Class A Ordinary Shares,NASDAQ
OST,1.7,0.0,0.0,0.0,0.0,0.0,0.0,False,PRICE|SHARE_VOLUME|AVG_DOLLAR_VOLUME|MEDIAN_DOLLAR_VOLUME|LOW_DAILY_RANGE,"Ostin Technology Group Co., Ltd. - Class A Ordinary Shares",NASDAQ
PC,9.4,0.0,0.0,0.0,0.0,0.0,0.0,False,SHARE_VOLUME|AVG_DOLLAR_VOLUME|MEDIAN_DOLLAR_VOLUME|LOW_DAILY_RANGE,Premium Catering (Holdings) Limited - Ordinary Shares,NASDAQ
PLTS,17.5,0.0,0.0,0.0,0.0,0.0,0.0,False,SHARE_VOLUME|AVG_DOLLAR_VOLUME|MEDIAN_DOLLAR_VOLUME|LOW_DAILY_RANGE,Platinum Analytics Cayman Limited - Class A Ordinary Shares,NASDAQ
UCFI,5.51,0.0,0.0,0.0,0.0,0.0,0.0,False,SHARE_VOLUME|AVG_DOLLAR_VOLUME|MEDIAN_DOLLAR_VOLUME|LOW_DAILY_RANGE,CN Healthy Food Tech Group Corp. - Common Stock,NASDAQ
