ticker,price,stage,technical_stage,pattern,formation_score,technical_score,risk_score,decision,market_regime_state,market_regime_score,market_regime_reason,rs20_vs_spy,rsi14,rvol,max_up_day_30d_pct,ten_pct_up_days_30d,explosive_move_30d,atr_pct,avg_dollar_volume,ema20,ema50,ema200,daily_support,daily_resistance,weekly_support,weekly_resistance,monthly_support,monthly_resistance,entry_trigger,entry_model,entry_condition,entry_buffer_pct,retest_reference,retest_distance_pct,retest_quality_score,retest_quality_reasons,ema20_slope5_pct,support_touch_count,higher_low,bullish_close,stop,stop_basis,stop_anchor,stop_anchor_distance_pct,risk_pct,swing5_low,swing10_low,target_5,target_8,target_10,rr_to_8pct,next_higher_resistance,runway_to_next_resistance_pct,runway_ok,min_runway_required_pct,effective_target,effective_target_pct,effective_rr,effective_rr_ok,min_effective_rr_required,distance_to_20d_high_pct,extension_above_20d_high_pct,avg_share_volume20,median_dollar_volume20,adr20_pct,liquidity_gate_passed,volatility_gate_passed,company_name,stage_rank,rank_score,theme,theme_etf,theme_score,theme_state,theme_bonus,theme_match_confidence,theme_match_source,theme_match_reason,sector_regime_ok,catalyst_score,catalyst_status,catalyst_type,catalyst_bias,catalyst_headline,catalyst_provider,catalyst_age_hours,catalyst_relevance,catalyst_fresh,news_freshness_status,catalyst_materiality,rejected_news_count,earnings_days,negative_catalyst_risk,final_score,final_decision,live_status,live_session_date,live_bar_at_et,live_bar_high,live_bar_low,live_price,session_high,session_low,live_vwap,live_above_vwap,opening_range_high,opening_range_low,live_above_or_high,intraday_rvol,volume_vs_9ma,opening_30m_rvol,opening_volume_spike_2x,quote_bid,quote_ask,bid_ask_spread_pct,spread_gate_passed,spread_gate_source,live_trigger_reached,live_retest_touched,live_confirmation_score,premarket_price,premarket_gap_pct,premarket_volume,premarket_status,live_trade_action,market_hunt_score,universal_10pct_gate
NOW,146.01,FORMING,FORMING,"20/50 uptrend, rising EMA50, compressed below 20d resistance, tight range, volume contraction",58,82,35,WATCHLIST,WEAK,32.0,price<EMA20; EMA20>EMA50; EMA20 falling,26.08,63.0,0.53,10.04,1,True,5.08,2210054616.0,134.41,124.64,125.09,117.84,149.6,89.39,149.6,81.24,149.6,150.19,RESISTANCE_BREAKOUT,BREAKOUT,0.4,,,0,,,0,False,False,141.18,ATR_FALLBACK,139.07,7.41,6.0,130.39,130.39,157.7,162.21,165.21,1.33,,,False,5.0,162.21,8.0,1.33,False,2.5,2.46,0.0,16243855.0,1979945210.0,4.2,True,True,"ServiceNow, Inc. Common Stock",3,69.6,Cloud Computing,SKYY,98.1,LEADING,5.77,1.0,STATIC_CONSTITUENT,verified theme membership,True,38,ACTIVE,FRESH NEWS,NEUTRAL,ServiceNow Exec Amit Zavery Reveals How Firms Can Gain ROI from AI,NYSE,2.2,COMPANY_NAME,True,FRESH_24H,LOW,8,43.1,False,83.0,WATCHLIST,LIVE,2026-09-15,2026-09-15T13:15:00-04:00,146.14,145.91,145.99,147.57,139.0,144.01,True,141.87,139.0,True,1.05,0.27,0.44,False,146.19,146.29,0.068,True,QUOTE,False,False,50,138.66,-2.55,0.0,AVAILABLE,WATCH / NOT ARMED,88.0,True
CTVA,84.61,FORMING,FORMING,"20/50 uptrend, rising EMA50, near EMA50 support, bull flag/pullback, volume contraction, low-volume pullback",64,88,20,WATCHLIST,WEAK,32.0,price<EMA20; EMA20>EMA50; EMA20 falling,13.58,54.9,0.38,3.88,0,False,2.96,397010480.0,83.89,82.72,78.39,76.31,90.87,74.35,90.87,74.26,90.78,91.07,RESISTANCE_BREAKOUT,BREAKOUT,0.22,,,0,,,0,False,False,86.86,ATR_FALLBACK,87.31,4.13,4.62,82.36,82.36,95.62,98.36,100.18,1.73,,,False,5.0,98.36,8.0,1.73,False,2.5,7.4,0.0,4715228.0,366312825.0,2.83,True,True,"Corteva, Inc. Common Stock ",3,73.8,UNCLASSIFIED,,0.0,NONE,0.0,0.0,NONE,,True,30,ACTIVE,FRESH NEWS,NEUTRAL,Corteva Board Approves Seed Business Spinoff as Vylor,InvestorsHub,27.7,COMPANY_NAME,True,FRESH_72H,LOW,6,49.1,False,79.8,WATCHLIST,LIVE,2026-09-15,2026-09-15T13:15:00-04:00,84.73,84.56,84.63,84.86,81.2,82.49,True,82.5,81.2,True,1.41,0.31,1.48,False,84.16,84.24,0.095,True,QUOTE,False,False,70,82.54,0.0,0.0,AVAILABLE,WAIT / LIVE CONFIRMATION,86.8,False
CF,135.49,FORMING,FORMING,"20/50 uptrend, rising EMA50, tight range, bull flag/pullback, volume contraction, low-volume pullback",68,92,35,WATCHLIST,WEAK,32.0,price<EMA20; EMA20>EMA50; EMA20 falling,17.06,61.1,0.33,6.24,0,False,4.23,341713521.0,130.75,125.06,111.67,118.93,141.66,100.18,141.66,99.49,140.66,142.12,RESISTANCE_BREAKOUT,BREAKOUT,0.32,,,0,,,0,False,False,133.59,ATR_FALLBACK,133.52,6.05,6.0,130.32,126.72,149.22,153.49,156.33,1.33,,,False,5.0,153.49,8.0,1.33,False,2.5,4.55,0.0,2604616.0,308958913.0,3.95,True,True,"CF Industries Holdings, Inc. Common Stock",3,76.7,UNCLASSIFIED,,0.0,NONE,0.0,0.0,NONE,,True,20,HISTORICAL / CONTEXT,HISTORICAL NEWS,NEUTRAL,CF Industries Stock Touches New Record on Fertilizer Supply Crunch,The Wall Street Journal,308.5,COMPANY_NAME,False,HISTORICAL,LOW,8,50.1,False,80.7,WATCHLIST,LIVE,2026-09-15,2026-09-15T13:15:00-04:00,135.49,135.41,135.49,135.53,130.09,133.44,True,133.26,130.09,True,0.78,0.43,0.5,False,134.79,134.87,0.059,True,QUOTE,False,False,50,131.24,0.0,0.0,AVAILABLE,WAIT / ACTIVE CATALYST REQUIRED,85.7,False
WMG,28.9,FORMING,FORMING,"20/50 uptrend, rising EMA50, near EMA200 pivot, compressed below 20d resistance, tight range",70,94,35,WATCHLIST,WEAK,32.0,price<EMA20; EMA20>EMA50; EMA20 falling,12.43,56.7,0.94,4.23,0,False,2.94,46927921.0,28.04,27.77,28.65,26.02,29.67,24.33,29.67,23.04,34.97,29.74,RESISTANCE_BREAKOUT,BREAKOUT,0.23,,,0,,,0,False,False,27.95,EMA20,28.04,5.69,6.0,27.71,27.71,31.22,32.12,32.71,1.33,34.97,17.58,True,5.0,32.12,8.0,1.33,False,2.5,2.66,0.0,1677722.0,44129118.0,2.66,True,True,Warner Music Group Corp. - Class A Common Stock,3,76.1,UNCLASSIFIED,,0.0,NONE,0.0,0.0,NONE,,True,20,HISTORICAL / CONTEXT,HISTORICAL NEWS,NEUTRAL,"Warner Music Group (WMG) Beat Expectations, Is The Stock Still Cheap?",Simply Wall St.,322.2,COMPANY_NAME,False,HISTORICAL,LOW,3,65.1,False,80.1,WATCHLIST,LIVE,2026-09-15,2026-09-15T13:15:00-04:00,28.93,28.88,28.93,29.01,28.43,28.79,True,29.01,28.48,False,1.43,0.47,1.37,False,20.67,36.74,,False,NONE,False,False,45,28.77,-1.62,0.0,AVAILABLE,WAIT / ACTIVE CATALYST REQUIRED,84.6,False
COIN,178.63,FORMING,FORMING,"20/50 uptrend, rising EMA50, tight range, bull flag/pullback, volume contraction, low-volume pullback",68,86,35,WATCHLIST,WEAK,32.0,price<EMA20; EMA20>EMA50; EMA20 falling,20.68,46.4,0.66,10.14,1,True,6.55,1832604073.0,176.44,170.9,198.45,146.02,195.85,139.11,195.85,139.11,222.35,196.79,RESISTANCE_BREAKOUT,BREAKOUT,0.48,,,0,,,0,False,False,184.98,ATR_FALLBACK,179.24,8.92,6.0,170.39,170.39,206.63,212.53,216.46,1.33,222.35,12.99,True,5.0,212.53,8.0,1.33,False,2.5,9.64,0.0,10210682.0,1636177491.0,5.65,True,True,"Coinbase Global, Inc. - Class A Common Stock",3,74.2,UNCLASSIFIED,,0.0,NONE,0.0,0.0,NONE,,True,38,ACTIVE,FRESH NEWS,NEUTRAL,Circle Internet Sinks 8% as ARK Trims Its Stake Before the Senate Clarity Act Vote; Coinbase and Bitmine Drop 5%,24/7 Wall St.,0.6,COMPANY_NAME,True,FRESH_24H,LOW,6,44.1,False,81.8,WATCHLIST,LIVE,2026-09-15,2026-09-15T13:15:00-04:00,179.11,178.52,179.01,184.13,176.28,179.67,False,184.13,178.75,False,1.34,0.5,1.33,False,178.25,191.64,,True,LIQUIDITY_PROXY,False,False,20,183.61,-3.92,0.0,AVAILABLE,WAIT / LIVE CONFIRMATION,83.8,True
BMNR,23.97,FORMING,FORMING,"20/50 uptrend, rising EMA50, near EMA200 pivot, tight range, bull flag/pullback, volume contraction",70,88,35,WATCHLIST,WEAK,32.0,price<EMA20; EMA20>EMA50; EMA20 falling,30.0,47.2,0.49,14.7,2,True,7.55,1113549870.0,23.48,21.11,24.66,18.26,26.97,12.8,26.97,12.8,26.91,27.11,RESISTANCE_BREAKOUT,BREAKOUT,0.54,,,0,,,0,False,False,25.49,ATR_FALLBACK,24.4,10.01,6.0,23.36,22.81,28.47,29.28,29.83,1.33,,,False,5.0,29.28,8.0,1.33,False,2.5,12.52,0.0,46529945.0,1149684181.0,6.54,True,True,"BitMine Immersion Technologies, Inc. Common Stock",3,76.0,UNCLASSIFIED,,0.0,NONE,0.0,0.55,SUMMARY_KEYWORD,gas,True,38,ACTIVE,FRESH NEWS,NEUTRAL,Circle Internet Sinks 8% as ARK Trims Its Stake Before the Senate Clarity Act Vote; Coinbase and Bitmine Drop 5%,24/7 Wall St.,0.6,COMPANY_NAME,True,FRESH_24H,LOW,7,66.1,False,83.6,WATCHLIST,LIVE,2026-09-15,2026-09-15T13:15:00-04:00,24.07,23.94,24.07,24.71,23.76,24.26,False,24.71,24.05,False,0.81,0.52,0.9,False,24.22,24.23,0.041,True,QUOTE,False,False,0,24.68,-3.97,0.0,AVAILABLE,WAIT / LIVE CONFIRMATION,83.6,True
BGC,12.19,FORMING,FORMING,"20/50 uptrend, rising EMA50, compressed below 20d resistance, tight range, bull flag/pullback",66,90,35,WATCHLIST,WEAK,32.0,price<EMA20; EMA20>EMA50; EMA20 falling,11.5,63.6,0.4,8.92,0,False,2.92,31990786.0,11.89,11.56,10.7,10.74,12.51,10.11,12.87,8.88,12.87,12.54,RESISTANCE_BREAKOUT,BREAKOUT,0.23,,,0,,,0,False,False,11.83,EMA20,11.89,5.16,5.67,11.85,11.59,13.17,13.54,13.79,1.41,12.87,2.62,False,5.0,12.87,2.62,0.46,False,2.5,2.58,0.0,2697042.0,29503601.0,3.04,True,True,"BGC Group, Inc. - Class A Common Stock",3,72.2,UNCLASSIFIED,,0.0,NONE,0.0,0.55,SUMMARY_KEYWORD,oil,True,22,WEAK,CONTEXT NEWS,NEUTRAL,Can Fenics AI Boost BGC's Trading Efficiency and Operating Leverage?,Zacks,99.1,TICKER_IN_TITLE,False,CONTEXT_7D,LOW,2,50.8,False,76.6,WATCHLIST,LIVE,2026-09-15,2026-09-15T13:15:00-04:00,12.19,12.18,12.19,12.23,11.79,12.11,True,12.08,11.79,True,1.67,0.31,0.97,False,10.32,13.87,,False,NONE,False,False,70,,,,NO PREMARKET DATA,WAIT / ACTIVE CATALYST REQUIRED,83.6,False
ARE,53.06,FORMING,FORMING,"20/50 uptrend, rising EMA50, near EMA200 pivot, compressed below 20d resistance, volume contraction",66,90,35,WATCHLIST,WEAK,32.0,price<EMA20; EMA20>EMA50; EMA20 falling,15.06,50.8,0.26,10.27,1,True,3.02,96426889.0,51.41,50.79,52.94,45.78,54.71,45.78,55.74,38.9,55.74,54.84,RESISTANCE_BREAKOUT,BREAKOUT,0.23,,,0,,,0,False,False,51.55,EMA20,51.41,6.26,6.0,49.23,49.23,57.58,59.23,60.32,1.33,55.74,1.64,False,5.0,55.74,1.64,0.27,False,2.5,3.11,0.0,1862302.0,87378670.0,3.58,True,True,"Alexandria Real Estate Equities, Inc. Common Stock",3,74.0,UNCLASSIFIED,,0.0,NONE,0.0,0.0,NONE,,True,22,WEAK,CONTEXT NEWS,NEUTRAL,"Alexandria Real Estate Chief Accounting Officer Sells 10,000 Shares",Motley Fool,135.5,COMPANY_NAME,False,CONTEXT_7D,LOW,1,41.1,False,78.4,WATCHLIST,LIVE,2026-09-15,2026-09-15T13:15:00-04:00,53.07,53.04,53.07,53.1,51.43,52.32,True,51.89,51.43,True,1.08,0.37,0.58,False,53.01,53.08,0.132,True,QUOTE,False,False,50,,,,NO PREMARKET DATA,WAIT / ACTIVE CATALYST REQUIRED,83.4,True
GEN,31.38,FORMING,FORMING,"20/50 uptrend, rising EMA50, compressed below 20d resistance, tight range, volume contraction",58,82,35,WATCHLIST,WEAK,32.0,price<EMA20; EMA20>EMA50; EMA20 falling,16.49,64.2,0.36,3.81,0,False,2.82,164799859.0,29.98,28.41,25.79,27.01,31.65,22.36,31.65,17.61,31.29,31.72,RESISTANCE_BREAKOUT,BREAKOUT,0.22,,,0,,,0,False,False,29.82,EMA20,29.98,5.5,6.0,29.55,29.55,33.31,34.26,34.89,1.33,,,False,5.0,34.26,8.0,1.33,False,2.5,0.88,0.0,5503628.0,166103538.0,2.72,True,True,Gen Digital Inc. - Common Stock,3,67.9,Cybersecurity,HACK,100.0,LEADING,6.0,1.0,STATIC_CONSTITUENT,verified theme membership,True,20,HISTORICAL / CONTEXT,HISTORICAL NEWS,NEUTRAL,Gen Digital Inc's Dividend Analysis,GuruFocus.com,702.2,COMPANY_NAME,False,HISTORICAL,LOW,3,51.1,False,77.9,WATCHLIST,LIVE,2026-09-15,2026-09-15T13:15:00-04:00,31.41,31.35,31.4,31.41,30.67,31.01,True,31.37,30.88,True,0.94,0.77,0.52,False,31.38,32.74,4.242,False,NONE,False,False,50,31.2,-0.67,0.0,AVAILABLE,WAIT / ACTIVE CATALYST REQUIRED,82.9,False
RRC,42.08,FORMING,FORMING,"20/50 uptrend, rising EMA50, compressed below 20d resistance, tight range",60,80,20,WATCHLIST,WEAK,32.0,price<EMA20; EMA20>EMA50; EMA20 falling,9.18,61.6,0.58,5.25,0,False,2.52,90965817.0,41.21,40.25,39.07,39.24,42.96,34.79,42.96,34.79,48.07,43.04,RESISTANCE_BREAKOUT,BREAKOUT,0.2,,,0,,,0,False,False,41.02,EMA20,41.21,4.25,4.69,40.76,40.76,45.19,46.49,47.35,1.71,48.07,11.68,True,5.0,46.49,8.0,1.71,False,2.5,2.1,0.0,2202577.0,92535665.0,2.37,True,True,Range Resources Corporation Common Stock,3,65.6,Energy,XLE,100.0,LEADING,5.7,0.95,INDUSTRY,oil & gas e&p -> oil & gas e&p,True,20,HISTORICAL / CONTEXT,HISTORICAL NEWS,NEUTRAL,Unpacking Q2 Earnings: Range Resources (NYSE:RRC) In The Context Of Other Upstream Natural Gas E&P Stocks,StockStory,448.9,COMPANY_NAME,False,HISTORICAL,LOW,9,42.1,False,75.3,WATCHLIST,LIVE,2026-09-15,2026-09-15T13:15:00-04:00,42.1,42.07,42.08,42.12,41.15,41.62,True,41.62,41.15,True,1.66,0.24,1.78,False,42.06,42.07,0.024,True,QUOTE,False,False,70,40.95,0.17,0.0,AVAILABLE,WAIT / ACTIVE CATALYST REQUIRED,82.3,False
AI,10.98,FORMING,FORMING,"20/50 uptrend, rising EMA50, near EMA200 pivot, compressed below 20d resistance, tight range, volume contraction",68,92,35,WATCHLIST,WEAK,32.0,price<EMA20; EMA20>EMA50; EMA20 falling,15.25,65.5,0.45,6.49,0,False,4.86,56026483.0,10.44,10.05,11.01,9.48,11.38,7.91,11.09,7.68,11.82,11.42,RESISTANCE_BREAKOUT,BREAKOUT,0.38,,,0,,,0,False,False,10.73,ATR_FALLBACK,10.62,7.01,6.0,10.06,10.06,11.99,12.33,12.56,1.33,11.82,3.52,False,5.0,11.82,3.52,0.59,False,2.5,3.57,0.0,5346396.0,50415616.0,4.52,True,True,"C3.ai, Inc. Class A Common Stock",3,75.8,Infrastructure,PAVE,33.9,WEAK,0.0,0.75,INDUSTRY_KEYWORD,infrastructure,False,20,WEAK,NONE,NEUTRAL,,,,NO VERIFIED NEWS,False,NO NEWS,NONE,12,85.1,False,79.8,WATCHLIST,LIVE,2026-09-15,2026-09-15T13:15:00-04:00,10.99,10.98,10.99,11.12,10.74,10.92,True,11.12,10.85,False,1.02,0.37,1.29,False,11.03,11.04,0.091,True,QUOTE,False,False,25,10.95,-1.79,0.0,AVAILABLE,WAIT / ACTIVE CATALYST REQUIRED,82.3,False
TEAM,193.18,FORMING,FORMING,"20/50 uptrend, rising EMA50, compressed below 20d resistance, tight range, volume contraction",58,82,35,WATCHLIST,WEAK,32.0,price<EMA20; EMA20>EMA50; EMA20 falling,24.03,67.0,0.3,35.31,2,True,5.19,686949840.0,176.29,148.99,122.75,158.58,198.6,74.41,198.6,56.01,197.3,199.4,RESISTANCE_BREAKOUT,BREAKOUT,0.4,,,0,,,0,False,False,187.44,ATR_FALLBACK,184.37,7.54,6.0,174.21,174.21,209.37,215.35,219.34,1.33,,,False,5.0,215.35,8.0,1.33,False,2.5,2.81,0.0,3804912.0,672166984.0,4.93,True,True,Atlassian Corporation  - Class A Common Stock,3,69.6,UNCLASSIFIED,,0.0,NONE,0.0,0.55,SUMMARY_KEYWORD,cloud platform,True,38,ACTIVE,FRESH NEWS,NEUTRAL,Atlassian vs. ServiceNow: Which Cloud Software Stock Has an Edge?,Zacks,3.3,COMPANY_NAME,True,FRESH_24H,LOW,1,44.1,False,77.2,WATCHLIST,LIVE,2026-09-15,2026-09-15T13:15:00-04:00,193.28,192.97,192.97,194.01,187.01,190.56,True,192.16,187.01,True,0.79,0.59,1.13,False,176.21,200.0,,True,LIQUIDITY_PROXY,False,False,50,189.14,-1.59,0.0,AVAILABLE,WATCH / NOT ARMED,82.2,True
ZETA,31.24,FORMING,FORMING,"20/50 uptrend, rising EMA50, tight range, bull flag/pullback, volume contraction, low-volume pullback",68,92,35,WATCHLIST,WEAK,32.0,price<EMA20; EMA20>EMA50; EMA20 falling,10.37,65.4,0.27,11.58,1,True,4.78,194538287.0,29.83,26.95,21.98,27.11,32.81,17.77,32.81,14.36,31.05,32.93,RESISTANCE_BREAKOUT,BREAKOUT,0.36,,,0,,,0,False,False,30.95,ATR_FALLBACK,30.69,6.8,6.0,29.68,29.68,34.58,35.56,36.22,1.33,,,False,5.0,35.56,8.0,1.33,False,2.5,5.04,0.0,6415647.0,159387817.0,4.48,True,True,Zeta Global Holdings Corp. Class A Common Stock,3,73.3,Infrastructure,PAVE,33.9,WEAK,0.0,0.75,INDUSTRY_KEYWORD,infrastructure,False,30,ACTIVE,FRESH NEWS,NEUTRAL,"Zeta Global (ZETA): Buy, Sell, or Hold Post Q2 Earnings?",StockStory,27.2,COMPANY_NAME,True,FRESH_72H,LOW,5,49.1,False,79.3,WATCHLIST,LIVE,2026-09-15,2026-09-15T13:15:00-04:00,31.26,31.23,31.26,31.89,30.37,31.21,True,31.89,30.37,False,0.91,0.14,0.88,False,31.28,31.31,0.096,True,QUOTE,False,False,25,30.43,-1.2,0.0,AVAILABLE,WAIT / LIVE CONFIRMATION,81.8,True
CRM,260.8,FORMING,FORMING,"20/50 uptrend, rising EMA50, compressed below 20d resistance, tight range, volume contraction",58,76,55,WATCHLIST,WEAK,32.0,price<EMA20; EMA20>EMA50; EMA20 falling,38.59,77.4,0.27,22.58,1,True,4.78,3904566263.0,238.41,213.7,203.1,193.23,268.27,146.32,268.27,146.32,263.53,269.27,RESISTANCE_BREAKOUT,BREAKOUT,0.37,,,0,,,0,False,False,253.11,ATR_FALLBACK,250.56,6.95,6.0,241.75,241.75,282.73,290.81,296.19,1.33,,,False,5.0,290.81,8.0,1.33,False,2.5,2.87,0.0,16200237.0,2977827490.0,3.74,True,True,"Salesforce, Inc. Common Stock",3,62.8,Cloud Computing,SKYY,98.1,LEADING,5.77,1.0,STATIC_CONSTITUENT,verified theme membership,True,38,ACTIVE,FRESH NEWS,NEUTRAL,Salesforce Slips as Dreamforce Puts Its $3.9 Billion AI Engine on Trial,GuruFocus.com,1.7,COMPANY_NAME,True,FRESH_24H,LOW,5,78.1,False,76.2,WATCHLIST,LIVE,2026-09-15,2026-09-15T13:15:00-04:00,260.92,260.69,260.84,262.33,255.6,259.03,True,260.27,255.6,True,0.9,0.64,0.64,False,260.74,260.94,0.077,True,QUOTE,False,False,50,256.2,-1.14,0.0,AVAILABLE,WATCH / NOT ARMED,81.2,True
PR,24.44,FORMING,FORMING,"20/50 uptrend, rising EMA50, compressed below 20d resistance, tight range, volume contraction",58,82,35,WATCHLIST,WEAK,32.0,price<EMA20; EMA20>EMA50; EMA20 falling,12.22,63.5,0.45,5.36,0,False,2.6,220711729.0,23.26,22.06,19.08,22.15,24.51,17.9,24.2,17.8,24.09,24.56,RESISTANCE_BREAKOUT,BREAKOUT,0.21,,,0,,,0,False,False,23.14,EMA20,23.26,5.3,5.77,23.25,22.96,25.79,26.53,27.02,1.39,,,False,5.0,26.53,8.0,1.39,False,2.5,0.29,0.0,9419971.0,214899077.0,2.48,True,True,Permian Resources Corporation Class A Common Stock,3,65.8,Energy,XLE,100.0,LEADING,5.7,0.95,INDUSTRY,oil & gas e&p -> oil & gas e&p,True,20,HISTORICAL / CONTEXT,HISTORICAL NEWS,NEUTRAL,Permian Resources (PR) Up 17.1% Since Last Earnings Report: Can It Continue?,Zacks,265.8,COMPANY_NAME,False,HISTORICAL,LOW,5,50.1,False,75.5,WATCHLIST,LIVE,2026-09-15,2026-09-15T13:15:00-04:00,24.44,24.42,24.43,24.5,23.9,24.29,True,24.31,23.9,True,1.11,0.99,0.75,False,24.44,24.44,0.0,True,QUOTE,False,False,50,23.76,0.0,0.0,AVAILABLE,WAIT / ACTIVE CATALYST REQUIRED,80.5,False
SRPT,20.76,FORMING,FORMING,"20/50 uptrend, rising EMA50, tight range, bull flag/pullback, volume contraction, low-volume pullback",60,84,35,WATCHLIST,WEAK,32.0,price<EMA20; EMA20>EMA50; EMA20 falling,16.22,58.1,0.27,10.95,1,True,7.96,64270629.0,20.45,19.22,18.83,17.88,23.62,14.75,23.62,14.68,23.85,23.75,RESISTANCE_BREAKOUT,BREAKOUT,0.56,,,0,,,0,False,False,22.33,ATR_FALLBACK,21.27,10.43,6.0,19.51,19.51,24.94,25.65,26.13,1.33,23.85,0.41,False,5.0,23.85,0.41,0.07,False,2.5,13.78,0.0,3070008.0,55913777.0,6.62,True,True,"Sarepta Therapeutics, Inc. - Common Stock",3,69.5,Biotechnology,XBI,54.3,NEUTRAL,0.49,0.95,INDUSTRY,biotechnology -> biotechnology,True,38,ACTIVE,FRESH NEWS,NEUTRAL,"Sarepta Sees ELEVIDYS Demand Stabilizing as FSHD, DM1 Readouts Near",MarketBeat,12.3,COMPANY_NAME,True,FRESH_24H,LOW,8,50.1,False,77.6,WATCHLIST,LIVE,2026-09-15,2026-09-15T13:15:00-04:00,20.76,20.75,20.75,21.06,20.29,20.69,True,21.0,20.29,False,0.98,0.09,0.5,False,15.08,26.24,,False,NONE,False,False,25,20.75,-0.81,0.0,AVAILABLE,WAIT / QUOTE SPREAD UNAVAILABLE,80.1,True
IQV,270.49,FORMING,FORMING,"20/50 uptrend, rising EMA50, compressed below 20d resistance, tight range, volume contraction",58,82,35,WATCHLIST,WEAK,32.0,price<EMA20; EMA20>EMA50; EMA20 falling,14.15,61.4,0.5,3.85,0,False,2.61,335795060.0,257.98,239.72,208.22,239.98,271.8,163.35,271.8,154.5,265.25,272.37,RESISTANCE_BREAKOUT,BREAKOUT,0.21,,,0,,,0,False,False,256.71,EMA20,257.98,5.28,5.75,252.53,252.53,285.98,294.15,299.6,1.39,,,False,5.0,294.15,8.0,1.39,False,2.5,0.48,0.0,1289268.0,328012001.0,2.71,True,True,"IQVIA Holdings, Inc. Common Stock",3,66.7,UNCLASSIFIED,,0.0,NONE,0.0,0.55,SUMMARY_KEYWORD,genomic,True,38,ACTIVE,FRESH NEWS,NEUTRAL,A Strong Rebound Case of IQVIA Holdings (IQV),Insider Monkey,3.3,COMPANY_NAME,True,FRESH_24H,LOW,7,48.8,False,74.3,WATCHLIST,LIVE,2026-09-15,2026-09-15T13:15:00-04:00,270.49,270.49,270.49,272.35,262.95,269.94,True,269.23,262.95,True,1.01,0.0,1.1,False,270.89,271.38,0.181,True,QUOTE,False,False,50,,,,NO PREMARKET DATA,WATCH / NOT ARMED,79.3,False
MOS,25.15,FORMING,FORMING,"20/50 uptrend, rising EMA50, bull flag/pullback, volume contraction, low-volume pullback",58,82,35,WATCHLIST,WEAK,32.0,price<EMA20; EMA20>EMA50; EMA20 falling,21.49,59.8,0.63,5.16,0,False,4.14,197902913.0,24.52,23.55,24.58,20.87,26.73,20.25,26.73,19.63,31.66,26.82,RESISTANCE_BREAKOUT,BREAKOUT,0.31,,,0,,,0,False,False,25.21,ATR_FALLBACK,25.25,5.83,6.0,24.47,23.22,28.16,28.96,29.5,1.33,31.66,18.05,True,5.0,28.96,8.0,1.33,False,2.5,6.3,0.0,8107829.0,194127397.0,4.11,True,True,Mosaic Company (The) Common Stock,3,69.6,UNCLASSIFIED,,0.0,NONE,0.0,0.0,NONE,,True,22,WEAK,CONTEXT NEWS,NEUTRAL,The Mosaic Co's Dividend Analysis,GuruFocus.com,126.1,COMPANY_NAME,False,CONTEXT_7D,LOW,4,49.1,False,74.0,WATCHLIST,LIVE,2026-09-15,2026-09-15T13:15:00-04:00,25.18,25.15,25.15,25.26,24.61,24.94,True,25.26,24.75,False,1.67,0.4,0.98,False,25.06,25.13,0.279,True,QUOTE,False,False,45,25.05,0.0,0.0,AVAILABLE,WAIT / ACTIVE CATALYST REQUIRED,78.5,False
ABBV,263.16,FORMING,FORMING,"20/50 uptrend, rising EMA50, compressed below 20d resistance, tight range, volume contraction",66,80,20,WATCHLIST,WEAK,32.0,price<EMA20; EMA20>EMA50; EMA20 falling,7.15,47.0,0.39,3.43,0,False,2.23,1090245496.0,257.33,251.82,232.15,246.77,266.97,220.37,267.47,189.4,267.47,267.44,RESISTANCE_BREAKOUT,BREAKOUT,0.18,,,0,,,0,False,False,256.27,EMA20,257.33,3.78,4.17,246.77,246.77,280.81,288.83,294.18,1.92,267.47,0.01,False,5.0,267.47,0.01,0.0,False,2.5,1.45,0.0,4203348.0,1107152640.0,2.07,True,True,AbbVie Inc. Common Stock,3,65.8,UNCLASSIFIED,,0.0,NONE,0.0,0.0,NONE,,True,38,ACTIVE,FRESH NEWS,NEUTRAL,"AbbVie Maps Post-HUMIRA Growth With Apogee Deal, Immunology Pipeline",MarketBeat,1.3,COMPANY_NAME,True,FRESH_24H,LOW,8,43.8,False,73.4,WATCHLIST,LIVE,2026-09-15,2026-09-15T13:15:00-04:00,263.21,262.87,262.87,264.81,257.8,261.78,True,260.44,257.8,True,0.95,0.5,0.59,False,263.32,263.43,0.042,True,QUOTE,False,False,50,,,,NO PREMARKET DATA,WAIT / LIVE CONFIRMATION,78.4,False
SG,6.91,FORMING,FORMING,"above EMA50, rising EMA50, near EMA50 support, near EMA200 pivot, bull flag/pullback",56,80,35,WATCHLIST,WEAK,32.0,price<EMA20; EMA20>EMA50; EMA20 falling,19.46,50.1,0.45,10.31,1,True,5.81,31876242.0,6.77,6.83,7.06,5.76,7.4,5.0,9.49,4.49,10.63,7.43,RESISTANCE_BREAKOUT,BREAKOUT,0.43,,,0,,,0,False,False,6.99,ATR_FALLBACK,6.83,8.09,6.0,6.58,6.38,7.8,8.03,8.18,1.33,9.49,27.69,True,5.0,8.03,8.0,1.33,False,2.5,7.17,0.0,4703958.0,29894839.0,5.75,True,True,"Sweetgreen, Inc. Class A Common Stock",3,67.7,UNCLASSIFIED,,0.0,NONE,0.0,0.0,NONE,,True,38,ACTIVE,FRESH NEWS,NEUTRAL,"Sweetgreen, Inc. (SG) Gains As Market Dips: What You Should Know",Zacks,19.3,COMPANY_NAME,True,FRESH_24H,LOW,8,51.1,False,75.3,WATCHLIST,LIVE,2026-09-15,2026-09-15T13:15:00-04:00,6.91,6.89,6.91,7.25,6.88,6.99,False,7.25,7.07,False,1.02,0.26,0.38,False,6.91,6.92,0.145,True,QUOTE,False,False,0,7.25,0.0,0.0,AVAILABLE,WATCH / NOT ARMED,75.3,True
WFC,88.89,FORMING,FORMING,"20/50 uptrend, rising EMA50, near EMA50 support, compressed below 20d resistance, tight range",66,82,20,WATCHLIST,WEAK,32.0,price<EMA20; EMA20>EMA50; EMA20 falling,3.57,65.8,0.65,2.56,0,False,2.33,1091869885.0,87.99,86.53,83.85,83.48,91.16,82.05,91.16,72.36,89.66,91.33,RESISTANCE_BREAKOUT,BREAKOUT,0.18,,,0,,,0,False,False,87.62,EMA20,87.99,3.65,4.06,87.2,85.88,95.89,98.63,100.46,1.97,,,False,5.0,98.63,8.0,1.97,False,2.5,2.55,0.0,12505784.0,1078904910.0,2.15,True,True,Wells Fargo & Company Common Stock,3,65.3,UNCLASSIFIED,,0.0,NONE,0.0,0.0,NONE,,True,38,ACTIVE,FRESH NEWS,NEUTRAL,Wells Fargo Delivers Stark Warning as S&P 500 Could Drop 10%,GuruFocus.com,2.1,COMPANY_NAME,True,FRESH_24H,LOW,5,27.8,False,72.9,WATCHLIST,NOT CHECKED,,,,,,,,,False,,,False,,,,False,,,,False,NONE,False,False,0,,,,NOT CHECKED,NO LIVE SIGNAL,72.9,False
PSKY,11.02,FORMING,FORMING,"20/50 uptrend, rising EMA50, near EMA200 pivot, compressed below 20d resistance, tight range",62,82,35,WATCHLIST,WEAK,32.0,price<EMA20; EMA20>EMA50; EMA20 falling,9.18,56.4,0.61,4.95,0,False,3.87,107325268.0,10.51,10.11,11.3,10.13,11.21,7.62,11.21,7.62,13.96,11.24,RESISTANCE_BREAKOUT,BREAKOUT,0.3,,,0,,,0,False,False,10.57,EMA20,10.51,6.54,6.0,10.17,10.17,11.81,12.14,12.37,1.33,13.96,24.16,True,5.0,12.14,8.0,1.33,False,2.5,1.77,0.0,10070083.0,105794609.0,3.76,True,True,Paramount Skydance Corporation - Class B Common Stock,3,65.0,UNCLASSIFIED,,0.0,NONE,0.0,0.0,NONE,,True,38,ACTIVE,FRESH NEWS,NEUTRAL,Paramount Skydance Corp's Dividend Analysis,GuruFocus.com,6.1,COMPANY_NAME,True,FRESH_24H,LOW,7,55.1,False,72.6,WATCHLIST,NOT CHECKED,,,,,,,,,False,,,False,,,,False,,,,False,NONE,False,False,0,,,,NOT CHECKED,NO LIVE SIGNAL,72.6,False
OKE,96.37,FORMING,FORMING,"20/50 uptrend, rising EMA50, compressed below 20d resistance, tight range, volume contraction, low-volume pullback",70,80,35,WATCHLIST,WEAK,32.0,price<EMA20; EMA20>EMA50; EMA20 falling,3.13,70.1,0.32,4.54,0,False,2.67,310782508.0,95.13,92.75,85.15,91.13,99.85,83.16,99.85,79.34,97.9,100.06,RESISTANCE_BREAKOUT,BREAKOUT,0.21,,,0,,,0,False,False,94.66,EMA20,95.13,4.93,5.39,94.96,94.08,105.06,108.06,110.06,1.48,,,False,5.0,108.06,8.0,1.48,False,2.5,3.61,0.0,3254679.0,290039045.0,2.54,True,True,"ONEOK, Inc. Common Stock",3,62.3,Energy,XLE,100.0,LEADING,5.7,0.95,INDUSTRY,oil & gas midstream -> oil & gas midstream,True,22,WEAK,CONTEXT NEWS,NEUTRAL,Why the Market Dipped But Oneok Inc. (OKE) Gained Today,Zacks,163.0,COMPANY_NAME,False,CONTEXT_7D,LOW,5,42.1,False,72.4,WATCHLIST,NOT CHECKED,,,,,,,,,False,,,False,,,,False,,,,False,NONE,False,False,0,,,,NOT CHECKED,NO LIVE SIGNAL,72.4,False
CDNA,53.57,FORMING,FORMING,"20/50 uptrend, rising EMA50, compressed below 20d resistance, tight range, volume contraction",58,82,35,WATCHLIST,WEAK,32.0,price<EMA20; EMA20>EMA50; EMA20 falling,17.52,61.6,0.33,6.95,0,False,4.4,55467157.0,49.45,43.72,29.39,44.8,53.67,24.5,53.67,15.56,53.67,53.86,RESISTANCE_BREAKOUT,BREAKOUT,0.35,,,0,,,0,False,False,50.63,ATR_FALLBACK,50.32,6.57,6.0,48.64,46.69,56.55,58.17,59.25,1.33,,,False,5.0,58.17,8.0,1.33,False,2.5,0.2,0.0,1116455.0,57520170.0,4.76,True,True,"CareDx, Inc. - Common Stock",3,68.4,UNCLASSIFIED,,0.0,NONE,0.0,0.0,NONE,,True,20,HISTORICAL / CONTEXT,HISTORICAL NEWS,NEUTRAL,Are Medical Stocks Lagging  CareDx (CDNA) This Year?,Zacks,171.6,COMPANY_NAME,False,HISTORICAL,LOW,4,49.1,False,72.4,WATCHLIST,NOT CHECKED,,,,,,,,,False,,,False,,,,False,,,,False,NONE,False,False,0,,,,NOT CHECKED,NO LIVE SIGNAL,72.4,False
PM,194.34,FORMING,FORMING,"20/50 uptrend, rising EMA50, compressed below 20d resistance, tight range",60,80,20,WATCHLIST,WEAK,32.0,price<EMA20; EMA20>EMA50; EMA20 falling,7.35,50.7,0.38,2.19,0,False,2.35,770877693.0,189.48,187.55,176.02,181.01,196.66,170.87,207.76,150.38,207.76,197.02,RESISTANCE_BREAKOUT,BREAKOUT,0.19,,,0,,,0,False,False,188.65,EMA20,189.48,3.83,4.25,181.01,181.01,206.88,212.79,216.73,1.88,207.76,5.45,True,5.0,207.76,5.45,1.28,False,2.5,1.19,0.0,4069793.0,763784179.0,2.14,True,True,Philip Morris International Inc Common Stock,3,64.7,UNCLASSIFIED,,0.0,NONE,0.0,0.0,NONE,,True,38,ACTIVE,FRESH NEWS,NEUTRAL,"Q2 Earnings Highlights: Philip Morris (NYSE:PM) Vs The Rest Of The Beverages, Alcohol, and Tobacco Stocks",StockStory,1.3,COMPANY_NAME,True,FRESH_24H,LOW,6,35.8,False,72.3,WATCHLIST,NOT CHECKED,,,,,,,,,False,,,False,,,,False,,,,False,NONE,False,False,0,,,,NOT CHECKED,NO LIVE SIGNAL,72.3,False
TDS,37.85,FORMING,FORMING,"20/50 uptrend, rising EMA50, near EMA200 pivot, compressed below 20d resistance, bull flag/pullback",66,84,40,WATCHLIST,WEAK,32.0,price<EMA20; EMA20>EMA50; EMA20 falling,11.69,81.2,0.45,6.69,0,False,2.79,40273306.0,36.12,35.91,38.69,32.64,38.41,31.51,40.11,31.51,49.07,38.49,RESISTANCE_BREAKOUT,BREAKOUT,0.22,,,0,,,0,False,False,36.83,SWING5,37.02,3.83,4.32,37.02,33.08,40.42,41.57,42.34,1.85,40.11,4.2,False,5.0,40.11,4.2,0.97,False,2.5,1.47,0.0,1123682.0,40264113.0,2.9,True,True,"Telephone and Data Systems, Inc. Common Shares",3,67.6,UNCLASSIFIED,,0.0,NONE,0.0,0.0,NONE,,True,20,HISTORICAL / CONTEXT,HISTORICAL NEWS,NEUTRAL,Fiber Growth Collides With Legacy Revenue Pressure At Telephone & Data Systems (TDS),Insider Monkey,677.9,COMPANY_NAME,False,HISTORICAL,LOW,3,54.8,False,71.6,WATCHLIST,NOT CHECKED,,,,,,,,,False,,,False,,,,False,,,,False,NONE,False,False,0,,,,NOT CHECKED,NO LIVE SIGNAL,71.6,False
AMLX,32.93,FORMING,FORMING,"20/50 uptrend, rising EMA50, tight range, bull flag/pullback, volume contraction, low-volume pullback",60,78,35,WATCHLIST,WEAK,32.0,price<EMA20; EMA20>EMA50; EMA20 falling,55.69,28.5,0.16,63.84,2,True,5.28,135338990.0,32.34,27.67,19.34,28.0,41.14,15.71,41.14,12.44,41.14,41.28,RESISTANCE_BREAKOUT,BREAKOUT,0.34,,,0,,,0,False,False,38.8,ATR_FALLBACK,38.67,6.32,6.0,31.37,31.37,43.34,44.58,45.41,1.33,,,False,5.0,44.58,8.0,1.33,False,2.5,24.93,0.0,3741284.0,65782619.0,6.35,True,True,"Amylyx Pharmaceuticals, Inc. - Common Stock",3,67.4,UNCLASSIFIED,,0.0,NONE,0.0,0.55,SUMMARY_KEYWORD,nuclear,True,20,HISTORICAL / CONTEXT,HISTORICAL NEWS,NEUTRAL,Is GLP-1 Stock Amylyx Still a Buy After Skyrocketing 247%?,Motley Fool,339.5,COMPANY_NAME,False,HISTORICAL,LOW,2,50.8,False,71.4,WATCHLIST,NOT CHECKED,,,,,,,,,False,,,False,,,,False,,,,False,NONE,False,False,0,,,,NOT CHECKED,NO LIVE SIGNAL,71.4,True
TRGP,288.02,FORMING,FORMING,"above EMA50, rising EMA50, near EMA50 support, tight range, volume contraction, low-volume pullback",60,80,35,WATCHLIST,WEAK,32.0,price<EMA20; EMA20>EMA50; EMA20 falling,5.66,51.4,0.22,7.13,0,False,2.37,347059609.0,288.59,280.97,245.07,284.0,307.94,254.83,307.94,228.16,307.94,308.49,RESISTANCE_BREAKOUT,BREAKOUT,0.18,,,0,,,0,False,False,289.98,EMA20,288.59,6.45,6.0,286.0,286.0,323.91,333.16,339.33,1.33,,,False,5.0,333.16,8.0,1.33,False,2.5,6.91,0.0,1178929.0,296720873.0,2.55,True,True,"Targa Resources, Inc. Common Stock",3,61.6,Energy,XLE,100.0,LEADING,5.7,0.95,INDUSTRY,oil & gas midstream -> oil & gas midstream,True,20,HISTORICAL / CONTEXT,HISTORICAL NEWS,NEUTRAL,Targa Resources (TRGP) vs. ExxonMobil (XOM): Which Stock Is the Better Energy Bet?,Insider Monkey,429.2,COMPANY_NAME,False,HISTORICAL,LOW,5,50.8,False,71.3,WATCHLIST,NOT CHECKED,,,,,,,,,False,,,False,,,,False,,,,False,NONE,False,False,0,,,,NOT CHECKED,NO LIVE SIGNAL,71.3,False
BOX,35.12,FORMING,FORMING,"20/50 uptrend, rising EMA50, compressed below 20d resistance, tight range, volume contraction",58,82,35,WATCHLIST,WEAK,32.0,price<EMA20; EMA20>EMA50; EMA20 falling,10.78,61.4,0.37,4.36,0,False,3.5,99759576.0,34.12,32.25,29.22,32.33,36.34,24.07,36.34,21.34,36.34,36.44,RESISTANCE_BREAKOUT,BREAKOUT,0.27,,,0,,,0,False,False,34.25,EMA20,34.12,6.37,6.0,33.65,33.65,38.26,39.35,40.08,1.33,,,False,5.0,39.35,8.0,1.33,False,2.5,3.49,0.0,2910506.0,82188406.0,2.97,True,True,"Box, Inc. Class A Common Stock",3,65.0,Infrastructure,PAVE,33.9,WEAK,0.0,0.75,INDUSTRY_KEYWORD,infrastructure,False,30,ACTIVE,FRESH NEWS,NEUTRAL,"Box's CEO Sells 15,000 Company Shares Worth Over $500,000 After the Stock Hit a 52-Week High",Motley Fool,37.0,TICKER_IN_TITLE,True,FRESH_72H,LOW,0,77.1,False,71.0,WATCHLIST,NOT CHECKED,,,,,,,,,False,,,False,,,,False,,,,False,NONE,False,False,0,,,,NOT CHECKED,NO LIVE SIGNAL,71.0,False
NOG,27.12,FORMING,FORMING,"20/50 uptrend, rising EMA50, compressed below 20d resistance, tight range, volume contraction",58,78,35,WATCHLIST,WEAK,32.0,price<EMA20; EMA20>EMA50; EMA20 falling,8.25,57.7,0.34,8.75,0,False,2.99,52246070.0,25.76,24.17,23.27,25.27,27.35,17.18,27.35,17.18,29.99,27.41,RESISTANCE_BREAKOUT,BREAKOUT,0.24,,,0,,,0,False,False,25.77,EMA20,25.76,6.04,6.0,25.55,25.41,28.79,29.61,30.16,1.33,29.99,9.41,True,5.0,29.61,8.0,1.33,False,2.5,0.85,0.0,1985899.0,49677796.0,2.93,True,True,"Northern Oil and Gas, Inc. Common Stock",3,61.2,Energy,XLE,100.0,LEADING,5.7,0.95,INDUSTRY,oil & gas e&p -> oil & gas e&p,True,20,HISTORICAL / CONTEXT,HISTORICAL NEWS,NEUTRAL,Northern Oil And Gas (NOG) Stock Looks Reasonable Even After An 89% Gain,Simply Wall St.,451.0,COMPANY_NAME,False,HISTORICAL,LOW,2,55.1,False,70.9,WATCHLIST,NOT CHECKED,,,,,,,,,False,,,False,,,,False,,,,False,NONE,False,False,0,,,,NOT CHECKED,NO LIVE SIGNAL,70.9,False
UMC,21.69,FORMING,FORMING,"20/50 uptrend, rising EMA50, bull flag/pullback, volume contraction, low-volume pullback",58,82,35,WATCHLIST,WEAK,32.0,price<EMA20; EMA20>EMA50; EMA20 falling,13.11,64.0,0.42,10.38,1,True,3.97,222194828.0,20.77,20.3,15.91,17.88,22.72,16.54,28.46,8.15,28.46,22.79,RESISTANCE_BREAKOUT,BREAKOUT,0.3,,,0,,,0,False,False,21.43,SWING5,21.58,5.3,5.98,21.58,19.45,23.93,24.61,25.07,1.34,28.46,24.88,True,5.0,24.61,8.0,1.34,False,2.5,4.72,0.0,11050044.0,202971621.0,2.99,True,True,United Microelectronics Corporation (NEW) Common Stock,3,66.2,Semiconductors,SMH,26.7,WEAK,0.0,0.95,INDUSTRY,semiconductors -> semiconductors,False,22,WEAK,CONTEXT NEWS,NEUTRAL,United Microelectronics Sales Jump 30% in August. UMC Stock Has More Room to Run.,Barchart,142.9,COMPANY_NAME,False,CONTEXT_7D,LOW,8,42.8,False,70.6,WATCHLIST,NOT CHECKED,,,,,,,,,False,,,False,,,,False,,,,False,NONE,False,False,0,,,,NOT CHECKED,NO LIVE SIGNAL,70.6,True
TSLA,359.35,FORMING,FORMING,"above EMA50, rising EMA50, near EMA50 support, tight range, volume contraction, low-volume pullback",60,80,35,WATCHLIST,WEAK,32.0,price<EMA20; EMA20>EMA50; EMA20 falling,7.93,53.8,0.49,5.51,0,False,3.88,13812798411.0,357.01,359.26,387.24,331.12,384.04,297.38,432.86,297.38,453.4,385.16,RESISTANCE_BREAKOUT,BREAKOUT,0.29,,,0,,,0,False,False,362.05,ATR_FALLBACK,364.24,5.43,6.0,355.75,347.15,404.41,415.97,423.67,1.33,432.86,12.39,True,5.0,415.97,8.0,1.33,False,2.5,6.87,0.0,38524062.0,11804320799.0,3.41,True,True,"Tesla, Inc.  - Common Stock",3,62.7,UNCLASSIFIED,,0.0,NONE,0.0,0.55,SUMMARY_KEYWORD,energy,True,38,ACTIVE,FRESH NEWS,NEUTRAL,"Musk hints (again) at possible SpaceX, Tesla merger",Yahoo Finance,3.5,COMPANY_NAME,True,FRESH_24H,LOW,8,36.1,False,70.3,WATCHLIST,NOT CHECKED,,,,,,,,,False,,,False,,,,False,,,,False,NONE,False,False,0,,,,NOT CHECKED,NO LIVE SIGNAL,70.3,False
HAL,35.81,FORMING,FORMING,"20/50 uptrend, rising EMA50, near EMA50 support, volume contraction, low-volume pullback",58,78,35,WATCHLIST,WEAK,32.0,price<EMA20; EMA20>EMA50; EMA20 falling,5.6,63.2,0.39,5.49,0,False,3.34,382254627.0,35.64,35.2,33.72,32.88,38.06,30.84,38.06,30.84,43.2,38.16,RESISTANCE_BREAKOUT,BREAKOUT,0.25,,,0,,,0,False,False,36.15,ATR_FALLBACK,36.36,4.7,5.26,34.62,34.62,40.06,41.21,41.97,1.52,43.2,13.23,True,5.0,41.21,8.0,1.52,False,2.5,6.3,0.0,10685060.0,351810098.0,2.97,True,True,Halliburton Company Common Stock,3,59.9,Oil Services,OIH,57.3,NEUTRAL,0.83,0.95,INDUSTRY,oil & gas equipment & services -> oil & gas equipment & services,True,48,STRONG,NEWS,BULLISH,Halliburton (HAL) Could Be 19% Undervalued After Its Cronos Contract Win,Simply Wall St.,2.0,COMPANY_NAME,True,FRESH_24H,MEDIUM,8,34.8,False,70.3,WATCHLIST + CATALYST,NOT CHECKED,,,,,,,,,False,,,False,,,,False,,,,False,NONE,False,False,0,,,,NOT CHECKED,NO LIVE SIGNAL,70.3,False
NOV,21.02,FORMING,FORMING,"20/50 uptrend, rising EMA50, compressed below 20d resistance, tight range, volume contraction, low-volume pullback",70,82,35,WATCHLIST,WEAK,32.0,price<EMA20; EMA20>EMA50; EMA20 falling,-0.25,66.3,0.34,5.34,0,False,3.22,61896289.0,20.87,20.4,18.68,19.34,21.84,17.66,21.84,17.59,21.59,21.89,RESISTANCE_BREAKOUT,BREAKOUT,0.25,,,0,,,0,False,False,20.75,EMA20,20.87,4.65,5.21,20.23,20.23,22.99,23.64,24.08,1.54,,,False,5.0,23.64,8.0,1.54,False,2.5,3.89,0.0,2986396.0,61472510.0,3.26,True,True,NOV Inc. Common Stock,3,61.9,Oil Services,OIH,57.3,NEUTRAL,0.83,0.95,INDUSTRY,oil & gas equipment & services -> oil & gas equipment & services,True,38,ACTIVE,FRESH NEWS,NEUTRAL,Q2 Earnings Outperformers: NOV (NYSE:NOV) And The Rest Of The Oilfield Services Stocks,StockStory,1.4,TICKER_IN_TITLE,True,FRESH_24H,LOW,7,41.1,False,70.3,WATCHLIST,NOT CHECKED,,,,,,,,,False,,,False,,,,False,,,,False,NONE,False,False,0,,,,NOT CHECKED,NO LIVE SIGNAL,70.3,False
TRMB,59.1,FORMING,FORMING,"20/50 uptrend, rising EMA50, near EMA50 support, tight range, volume contraction, low-volume pullback",68,82,35,WATCHLIST,WEAK,32.0,price<EMA20; EMA20>EMA50; EMA20 falling,8.15,48.6,0.19,3.97,0,False,2.74,214650938.0,58.6,57.66,62.99,55.99,62.0,48.46,62.0,47.92,70.82,62.13,RESISTANCE_BREAKOUT,BREAKOUT,0.21,,,0,,,0,False,False,58.4,EMA20,58.6,5.68,6.0,56.62,56.62,65.24,67.1,68.34,1.33,70.82,13.99,True,5.0,67.1,8.0,1.33,False,2.5,4.91,0.0,3607448.0,149752023.0,2.65,True,True,Trimble Inc. - Common Stock,3,65.7,UNCLASSIFIED,,0.0,NONE,0.0,0.55,SUMMARY_KEYWORD,engineering,True,22,WEAK,CONTEXT NEWS,NEUTRAL,Why Is Trimble (TRMB) Down 1.2% Since Last Earnings Report?,Zacks,97.8,COMPANY_NAME,False,CONTEXT_7D,LOW,5,49.8,False,70.1,WATCHLIST,NOT CHECKED,,,,,,,,,False,,,False,,,,False,,,,False,NONE,False,False,0,,,,NOT CHECKED,NO LIVE SIGNAL,70.1,False
DOX,63.42,FORMING,FORMING,"20/50 uptrend, rising EMA50, near EMA200 pivot, compressed below 20d resistance, volume contraction",58,82,35,WATCHLIST,WEAK,32.0,price<EMA20; EMA20>EMA50; EMA20 falling,12.81,55.9,0.22,6.93,0,False,2.45,63070162.0,61.14,59.23,63.95,57.51,64.39,49.25,64.32,49.25,68.96,64.51,RESISTANCE_BREAKOUT,BREAKOUT,0.19,,,0,,,0,False,False,60.86,EMA20,61.14,5.23,5.67,58.89,58.89,67.74,69.68,70.97,1.41,68.96,6.89,True,5.0,68.96,6.89,1.22,False,2.5,1.52,0.0,1022878.0,61745012.0,2.31,True,True,Amdocs Limited - Ordinary Shares,3,66.1,Infrastructure,PAVE,33.9,WEAK,0.0,0.75,INDUSTRY_KEYWORD,infrastructure,False,20,HISTORICAL / CONTEXT,HISTORICAL NEWS,NEUTRAL,Why Is Amdocs (DOX) Up 7% Since Last Earnings Report?,Zacks,265.8,COMPANY_NAME,False,HISTORICAL,LOW,3,56.1,False,70.1,WATCHLIST,NOT CHECKED,,,,,,,,,False,,,False,,,,False,,,,False,NONE,False,False,0,,,,NOT CHECKED,NO LIVE SIGNAL,70.1,False
FANG,212.43,FORMING,FORMING,"20/50 uptrend, rising EMA50, compressed below 20d resistance, tight range, volume contraction",58,72,35,WATCHLIST,WEAK,32.0,price<EMA20; EMA20>EMA50; EMA20 falling,5.0,72.7,0.39,5.81,0,False,2.59,383788933.0,203.21,199.12,182.03,196.65,216.9,169.17,216.9,168.69,216.9,217.34,RESISTANCE_BREAKOUT,BREAKOUT,0.2,,,0,,,0,False,False,204.3,EMA20,203.21,6.5,6.0,198.41,197.73,228.21,234.73,239.07,1.33,,,False,5.0,234.73,8.0,1.33,False,2.5,2.11,0.0,1882960.0,375518699.0,2.61,True,True,"Diamondback Energy, Inc. - Common Stock",3,55.6,Energy,XLE,100.0,LEADING,5.7,0.95,INDUSTRY,oil & gas e&p -> oil & gas e&p,True,38,ACTIVE,FRESH NEWS,NEUTRAL,Bloom Energy vs. Diamondback Energy: Which Industrials Stock Is a Better Buy in 2026?,Motley Fool,2.7,COMPANY_NAME,True,FRESH_24H,LOW,7,48.1,False,68.9,WATCHLIST,NOT CHECKED,,,,,,,,,False,,,False,,,,False,,,,False,NONE,False,False,0,,,,NOT CHECKED,NO LIVE SIGNAL,68.9,False
VTRS,16.63,FORMING,FORMING,"20/50 uptrend, rising EMA50, near EMA50 support, compressed below 20d resistance, tight range",66,80,20,WATCHLIST,WEAK,32.0,price<EMA20; EMA20>EMA50; EMA20 falling,5.26,48.2,0.31,2.77,0,False,2.58,117614572.0,16.6,16.51,14.76,15.92,17.28,14.96,18.25,12.68,18.25,17.31,RESISTANCE_BREAKOUT,BREAKOUT,0.2,,,0,,,0,False,False,16.53,EMA20,16.6,4.11,4.55,16.15,16.12,18.18,18.7,19.05,1.76,18.25,5.42,True,5.0,18.25,5.42,1.19,False,2.5,3.91,0.0,7102268.0,108853659.0,2.35,True,True,Viatris Inc. - Common Stock,3,64.8,UNCLASSIFIED,,0.0,NONE,0.0,0.55,SUMMARY_KEYWORD,gas,True,20,HISTORICAL / CONTEXT,HISTORICAL NEWS,NEUTRAL,"Zacks Industry Outlook Highlights Amphastar Pharmaceuticals, Sandoz and Viatris",Zacks,362.1,COMPANY_NAME,False,HISTORICAL,LOW,8,50.8,False,68.8,WATCHLIST,NOT CHECKED,,,,,,,,,False,,,False,,,,False,,,,False,NONE,False,False,0,,,,NOT CHECKED,NO LIVE SIGNAL,68.8,False
AMT,177.06,FORMING,ARMED,"20/50 uptrend, rising EMA50, near EMA50 support, near EMA200 pivot, compressed below 20d resistance, tight range, effective R/R 1.92 < 2.50",76,74,20,WATCHLIST,WEAK,32.0,price<EMA20; EMA20>EMA50; EMA20 falling,4.83,47.1,0.47,2.82,0,False,2.4,344224508.0,175.37,174.38,176.2,171.73,180.98,160.06,180.98,160.06,194.23,181.32,RESISTANCE_BREAKOUT,BREAKOUT,0.19,,,0,,,0,False,False,174.6,EMA20,175.37,3.28,3.7,171.75,171.73,190.39,195.83,199.45,2.16,194.23,7.12,True,5.0,194.23,7.12,1.92,False,2.5,2.21,0.0,1959460.0,344459553.0,2.1,True,True,American Tower Corporation (REIT) Common Stock,3,62.7,UNCLASSIFIED,,0.0,NONE,0.0,0.0,NONE,,True,30,ACTIVE,FRESH NEWS,NEUTRAL,"American Tower Sees 5G, AI and CoreSite Demand Fueling Growth",MarketBeat,65.3,COMPANY_NAME,True,FRESH_72H,LOW,4,41.8,False,68.7,WATCHLIST,NOT CHECKED,,,,,,,,,False,,,False,,,,False,,,,False,NONE,False,False,0,,,,NOT CHECKED,NO LIVE SIGNAL,68.7,False
KBR,36.96,FORMING,FORMING,"above EMA50, rising EMA50, near EMA50 support, near EMA200 pivot, tight range, volume contraction",70,80,35,WATCHLIST,WEAK,32.0,price<EMA20; EMA20>EMA50; EMA20 falling,0.44,41.9,0.33,3.41,0,False,2.53,39688474.0,37.08,36.78,38.2,35.75,38.95,31.61,38.95,29.8,41.88,39.02,RESISTANCE_BREAKOUT,BREAKOUT,0.19,,,0,,,0,False,False,36.91,EMA20,37.08,4.99,5.42,35.75,35.75,40.98,42.15,42.93,1.48,41.88,7.31,True,5.0,41.88,7.31,1.35,False,2.5,5.4,0.0,1061262.0,38010175.0,2.42,True,True,"KBR, Inc. Common Stock",3,61.0,Infrastructure,PAVE,33.9,WEAK,0.0,0.95,INDUSTRY,engineering & construction -> engineering & construction,False,38,ACTIVE,NEWS,BULLISH,Should New National Security RF Contract Shape the Spin-Off Path for KBR (KBR) Investors?,Simply Wall St.,27.1,TICKER_IN_TITLE,True,FRESH_72H,MEDIUM,4,36.8,False,68.6,WATCHLIST,NOT CHECKED,,,,,,,,,False,,,False,,,,False,,,,False,NONE,False,False,0,,,,NOT CHECKED,NO LIVE SIGNAL,68.6,False
MDT,94.43,FORMING,FORMING,"20/50 uptrend, rising EMA50, compressed below 20d resistance, tight range, volume contraction",58,78,20,WATCHLIST,WEAK,32.0,price<EMA20; EMA20>EMA50; EMA20 falling,6.26,61.0,0.34,3.12,0,False,2.56,713755378.0,91.77,88.83,87.48,89.94,95.41,77.6,95.41,72.65,97.09,95.6,RESISTANCE_BREAKOUT,BREAKOUT,0.2,,,0,,,0,False,False,91.34,EMA20,91.77,4.01,4.46,90.26,90.04,100.38,103.25,105.16,1.79,97.09,1.56,False,5.0,97.09,1.56,0.35,False,2.5,1.03,0.0,7738522.0,657636942.0,2.28,True,True,Medtronic plc. Ordinary Shares,3,62.4,UNCLASSIFIED,,0.0,NONE,0.0,0.55,SUMMARY_KEYWORD,gas,True,30,ACTIVE,FRESH NEWS,NEUTRAL,Medtronic begins final steps to separate MiniMed,MedTech Dive,29.7,COMPANY_NAME,True,FRESH_72H,LOW,7,62.8,False,68.4,WATCHLIST,NOT CHECKED,,,,,,,,,False,,,False,,,,False,,,,False,NONE,False,False,0,,,,NOT CHECKED,NO LIVE SIGNAL,68.4,False
DE,686.64,FORMING,ARMED,"20/50 uptrend, rising EMA50, compressed below 20d resistance, tight range, bull flag/pullback, volume contraction, runway unknown",76,70,55,WATCHLIST,WEAK,32.0,price<EMA20; EMA20>EMA50; EMA20 falling,16.48,72.1,0.32,6.94,0,False,2.43,910937574.0,661.04,634.3,577.95,579.31,705.88,576.45,705.88,513.82,660.7,707.22,RESISTANCE_BREAKOUT,BREAKOUT,0.19,,,0,,,0,False,False,664.99,SWING5,668.0,5.55,5.97,668.0,641.13,742.58,763.79,777.94,1.34,,,False,5.0,763.79,8.0,1.34,False,2.5,2.8,0.0,1393372.0,779128618.0,2.97,True,True,Deere & Company Common Stock,3,60.7,Infrastructure,PAVE,33.9,WEAK,0.0,0.75,INDUSTRY_KEYWORD,construction,False,38,ACTIVE,FRESH NEWS,NEUTRAL,Q2 Earnings Outperformers: Deere (NYSE:DE) And The Rest Of The Agricultural Machinery Stocks,StockStory,22.2,COMPANY_NAME,True,FRESH_24H,LOW,7,70.8,False,68.3,WATCHLIST,NOT CHECKED,,,,,,,,,False,,,False,,,,False,,,,False,NONE,False,False,0,,,,NOT CHECKED,NO LIVE SIGNAL,68.3,False
VNT,32.25,FORMING,FORMING,"above EMA50, rising EMA50, near EMA50 support, near EMA200 pivot, tight range, volume contraction",70,80,20,WATCHLIST,WEAK,32.0,price<EMA20; EMA20>EMA50; EMA20 falling,1.86,41.9,0.32,4.94,0,False,2.43,39295955.0,32.46,32.15,34.17,31.11,33.92,28.13,36.55,27.21,41.03,33.99,RESISTANCE_BREAKOUT,BREAKOUT,0.19,,,0,,,0,False,False,32.31,EMA20,32.46,4.5,4.92,31.11,31.11,35.69,36.71,37.39,1.63,36.55,7.55,True,5.0,36.55,7.55,1.53,False,2.5,5.19,0.0,1204699.0,38704019.0,2.25,True,True,Vontier Corporation Common Stock ,3,63.9,UNCLASSIFIED,,0.0,NONE,0.0,0.55,SUMMARY_KEYWORD,petroleum,True,22,WEAK,CONTEXT NEWS,NEUTRAL,VNT or SYM: Which Is the Better Value Stock Right Now?,Zacks,97.6,TICKER_IN_TITLE,False,CONTEXT_7D,LOW,3,43.8,False,68.3,WATCHLIST,NOT CHECKED,,,,,,,,,False,,,False,,,,False,,,,False,NONE,False,False,0,,,,NOT CHECKED,NO LIVE SIGNAL,68.3,False
SAP,217.91,FORMING,FORMING,"20/50 uptrend, rising EMA50, compressed below 20d resistance, tight range, volume contraction",58,78,35,WATCHLIST,WEAK,32.0,price<EMA20; EMA20>EMA50; EMA20 falling,6.87,50.8,0.34,5.78,0,False,3.05,477854760.0,211.01,198.84,197.49,203.74,223.28,144.97,223.28,144.97,223.28,223.81,RESISTANCE_BREAKOUT,BREAKOUT,0.24,,,0,,,0,False,False,210.38,EMA20,211.01,5.72,6.0,203.74,203.74,235.0,241.72,246.19,1.33,,,False,5.0,241.72,8.0,1.33,False,2.5,2.46,0.0,2224330.0,503926243.0,2.17,True,True,SAP  SE ADS,3,60.5,UNCLASSIFIED,,0.0,NONE,0.0,0.0,NONE,,True,38,ACTIVE,FRESH NEWS,NEUTRAL,Does Expanded Partner Focus On SAP Customer Experience Alter The Bull Case For SAP (XTRA:SAP)?,Simply Wall St.,12.8,TICKER_IN_TITLE,True,FRESH_24H,LOW,7,36.1,False,68.1,WATCHLIST,NOT CHECKED,,,,,,,,,False,,,False,,,,False,,,,False,NONE,False,False,0,,,,NOT CHECKED,NO LIVE SIGNAL,68.1,False
NWSA,30.4,FORMING,FORMING,"20/50 uptrend, rising EMA50, compressed below 20d resistance, tight range, volume contraction",66,80,35,WATCHLIST,WEAK,32.0,price<EMA20; EMA20>EMA50; EMA20 falling,8.29,44.7,0.27,3.8,0,False,2.09,107762771.0,29.93,28.97,27.27,28.81,31.55,24.27,31.55,23.36,31.55,31.6,RESISTANCE_BREAKOUT,BREAKOUT,0.16,,,0,,,0,False,False,29.82,EMA20,29.93,5.29,5.66,29.07,29.07,33.18,34.13,34.77,1.41,,,False,5.0,34.13,8.0,1.41,False,2.5,3.81,0.0,3560462.0,106019440.0,2.03,True,True,News Corporation - Class A Common Stock,3,64.1,UNCLASSIFIED,,0.0,NONE,0.0,0.55,SUMMARY_KEYWORD,energy,True,20,HISTORICAL / CONTEXT,HISTORICAL NEWS,NEUTRAL,News (NWSA) Stock Looks Above Fair Value As Earnings Beat Lifts Shares,Simply Wall St.,241.0,COMPANY_NAME,False,HISTORICAL,LOW,4,51.1,False,68.1,WATCHLIST,NOT CHECKED,,,,,,,,,False,,,False,,,,False,,,,False,NONE,False,False,0,,,,NOT CHECKED,NO LIVE SIGNAL,68.1,False
GILD,145.93,FORMING,FORMING,"20/50 uptrend, rising EMA50, tight range, volume contraction, low-volume pullback",62,76,35,WATCHLIST,WEAK,32.0,price<EMA20; EMA20>EMA50; EMA20 falling,7.07,43.4,0.31,3.25,0,False,2.26,768435360.0,145.15,140.39,132.61,139.54,152.55,123.0,152.55,120.6,149.62,152.81,RESISTANCE_BREAKOUT,BREAKOUT,0.17,,,0,,,0,False,False,144.55,EMA20,145.15,5.02,5.41,143.5,143.18,160.45,165.04,168.1,1.48,,,False,5.0,165.04,8.0,1.48,False,2.5,4.54,0.0,5228348.0,762602379.0,2.23,True,True,"Gilead Sciences, Inc. - Common Stock",3,60.1,UNCLASSIFIED,,0.0,NONE,0.0,0.0,NONE,,True,38,ACTIVE,FRESH NEWS,NEUTRAL,Gilead Sciences Inc's Dividend Analysis,GuruFocus.com,6.3,COMPANY_NAME,True,FRESH_24H,LOW,2,44.1,False,67.7,WATCHLIST,NOT CHECKED,,,,,,,,,False,,,False,,,,False,,,,False,NONE,False,False,0,,,,NOT CHECKED,NO LIVE SIGNAL,67.7,False
G,36.38,FORMING,FORMING,"20/50 uptrend, rising EMA50, near EMA200 pivot, volume contraction",58,76,20,WATCHLIST,WEAK,32.0,price<EMA20; EMA20>EMA50; EMA20 falling,10.58,45.9,0.2,5.05,0,False,3.02,88127595.0,35.92,34.68,35.83,34.09,38.64,26.71,38.64,26.71,41.1,38.73,RESISTANCE_BREAKOUT,BREAKOUT,0.23,,,0,,,0,False,False,36.88,ATR_FALLBACK,37.08,4.26,4.77,34.18,34.18,40.66,41.83,42.6,1.68,41.1,6.13,True,5.0,41.1,6.13,1.29,False,2.5,6.2,0.0,2413790.0,75059445.0,2.83,True,True,Genpact Limited Common Stock,3,63.3,UNCLASSIFIED,,0.0,NONE,0.0,0.55,SUMMARY_KEYWORD,engineering,True,22,WEAK,CONTEXT NEWS,NEUTRAL,Genpact Ltd's Dividend Analysis,GuruFocus.com,126.1,COMPANY_NAME,False,CONTEXT_7D,LOW,6,51.1,False,67.7,WATCHLIST,NOT CHECKED,,,,,,,,,False,,,False,,,,False,,,,False,NONE,False,False,0,,,,NOT CHECKED,NO LIVE SIGNAL,67.7,False
EXEL,56.24,FORMING,FORMING,"20/50 uptrend, rising EMA50, near EMA50 support, volume contraction, low-volume pullback",58,72,35,WATCHLIST,WEAK,32.0,price<EMA20; EMA20>EMA50; EMA20 falling,9.51,47.9,0.3,4.12,0,False,2.75,111042057.0,56.22,54.93,49.3,52.11,59.72,49.97,59.72,39.71,57.57,59.84,RESISTANCE_BREAKOUT,BREAKOUT,0.21,,,0,,,0,False,False,56.25,EMA20,56.22,6.06,6.0,54.55,53.43,62.84,64.63,65.83,1.33,,,False,5.0,64.63,8.0,1.33,False,2.5,6.2,0.0,1975364.0,105083745.0,2.62,True,True,"Exelixis, Inc. - Common Stock",3,57.9,Biotechnology,XBI,54.3,NEUTRAL,0.49,0.95,INDUSTRY,biotechnology -> biotechnology,True,46,STRONG,NEWS,BULLISH,Exelixis Eyes Zanza Launch as CABOMETYX Growth Faces NET Ramp Hurdle,MarketBeat,6.2,COMPANY_NAME,True,FRESH_24H,MEDIUM,4,42.1,False,67.6,WATCHLIST + CATALYST,NOT CHECKED,,,,,,,,,False,,,False,,,,False,,,,False,NONE,False,False,0,,,,NOT CHECKED,NO LIVE SIGNAL,67.6,False
BILL,50.32,FORMING,FORMING,"20/50 uptrend, rising EMA50, compressed below 20d resistance, tight range, volume contraction",58,78,35,WATCHLIST,WEAK,32.0,price<EMA20; EMA20>EMA50; EMA20 falling,5.78,58.2,0.33,5.36,0,False,3.68,101533385.0,48.47,46.29,44.4,46.2,50.89,31.47,52.6,31.41,52.6,51.04,RESISTANCE_BREAKOUT,BREAKOUT,0.29,,,0,,,0,False,False,48.13,EMA20,48.47,5.04,5.69,46.94,46.94,53.59,55.12,56.14,1.41,52.6,3.06,False,5.0,52.6,3.06,0.54,False,2.5,1.13,0.0,2093905.0,90474192.0,3.68,True,True,"BILL Holdings, Inc. Common Stock",3,59.9,UNCLASSIFIED,,0.0,NONE,0.0,0.55,SUMMARY_KEYWORD,artificial intelligence,True,38,ACTIVE,FRESH NEWS,NEUTRAL,"Zacks.com featured highlights include Halozyme Therapeutics, Avnet, BILL and Venture Global",Zacks,2.6,COMPANY_NAME,True,FRESH_24H,LOW,3,51.1,False,67.5,WATCHLIST,NOT CHECKED,,,,,,,,,False,,,False,,,,False,,,,False,NONE,False,False,0,,,,NOT CHECKED,NO LIVE SIGNAL,67.5,False
AUGO,84.82,FORMING,FORMING,"20/50 uptrend, rising EMA50, tight range, bull flag/pullback",58,76,35,WATCHLIST,WEAK,32.0,price<EMA20; EMA20>EMA50; EMA20 falling,11.02,40.0,0.63,13.79,3,True,5.27,87450427.0,83.09,76.29,66.22,74.09,90.64,47.61,90.64,47.61,108.18,91.0,RESISTANCE_BREAKOUT,BREAKOUT,0.39,,,0,,,0,False,False,85.54,ATR_FALLBACK,84.29,7.37,6.0,82.22,78.59,95.55,98.28,100.1,1.33,108.18,18.88,True,5.0,98.28,8.0,1.33,False,2.5,6.86,0.0,1023097.0,78289343.0,4.63,True,True,Aura Minerals Inc. - Common Shares,3,61.3,Gold Miners,GDX,64.2,STRONG,1.62,0.95,INDUSTRY,gold -> gold,True,20,HISTORICAL / CONTEXT,HISTORICAL NEWS,NEUTRAL,Aura Minerals (AUGO) Q2 2026 Earnings Call Transcript,Motley Fool,809.8,COMPANY_NAME,False,HISTORICAL,LOW,2,51.1,False,66.9,WATCHLIST,NOT CHECKED,,,,,,,,,False,,,False,,,,False,,,,False,NONE,False,False,0,,,,NOT CHECKED,NO LIVE SIGNAL,66.9,True
SIRI,29.67,FORMING,FORMING,"20/50 uptrend, rising EMA50, near EMA50 support, compressed below 20d resistance, volume contraction",62,78,20,WATCHLIST,WEAK,32.0,price<EMA20; EMA20>EMA50; EMA20 falling,3.88,58.2,0.32,7.53,0,False,2.54,92776523.0,29.01,28.92,26.15,27.51,30.15,27.14,32.37,20.88,32.37,30.21,RESISTANCE_BREAKOUT,BREAKOUT,0.2,,,0,,,0,False,False,28.87,EMA20,29.01,3.98,4.43,28.37,27.51,31.72,32.63,33.23,1.81,32.37,7.13,True,5.0,32.37,7.13,1.61,False,2.5,1.62,0.0,3218608.0,90593391.0,2.17,True,True,SiriusXM Holdings Inc. - Common Stock,3,62.0,UNCLASSIFIED,,0.0,NONE,0.0,0.0,NONE,,True,22,WEAK,CONTEXT NEWS,NEUTRAL,Sirius XM (SIRI) Advances While Market Declines: Some Information for Investors,Zacks,115.0,TICKER_IN_TITLE,False,CONTEXT_7D,LOW,5,50.8,False,66.4,WATCHLIST,NOT CHECKED,,,,,,,,,False,,,False,,,,False,,,,False,NONE,False,False,0,,,,NOT CHECKED,NO LIVE SIGNAL,66.4,False
AGI,35.13,FORMING,FORMING,"above EMA50, rising EMA50, near EMA50 support, near EMA200 pivot, tight range, volume contraction",62,76,35,WATCHLIST,WEAK,32.0,price<EMA20; EMA20>EMA50; EMA20 falling,5.49,33.3,0.43,8.73,0,False,3.84,131926473.0,35.68,34.71,36.63,32.8,39.07,27.02,39.07,27.02,55.24,39.18,RESISTANCE_BREAKOUT,BREAKOUT,0.28,,,0,,,0,False,False,36.91,ATR_FALLBACK,37.15,5.16,5.78,34.68,34.68,41.13,42.31,43.09,1.38,55.24,41.0,True,5.0,42.31,8.0,1.38,False,2.5,11.21,0.0,3594958.0,105750058.0,3.2,True,True,Alamos Gold Inc. Class A Common Shares,3,59.3,Gold Miners,GDX,64.2,STRONG,1.62,0.95,INDUSTRY,gold -> gold,True,20,HISTORICAL / CONTEXT,HISTORICAL NEWS,NEUTRAL,AGI (NYSE:AGI) Stock Looks Below Fair Value With Earnings Stronger Than Market Read,Simply Wall St.,293.1,TICKER_IN_TITLE,False,HISTORICAL,LOW,8,43.1,False,64.9,WATCHLIST,NOT CHECKED,,,,,,,,,False,,,False,,,,False,,,,False,NONE,False,False,0,,,,NOT CHECKED,NO LIVE SIGNAL,64.9,False
PEGA,38.36,DISCOVER,DISCOVER,"20/50 uptrend, rising EMA50, near EMA200 pivot, compressed below 20d resistance",52,76,35,WATCHLIST,WEAK,32.0,price<EMA20; EMA20>EMA50; EMA20 falling,22.35,69.7,0.37,6.83,0,False,3.82,74337801.0,35.73,34.2,39.82,32.18,38.96,25.04,38.96,25.04,48.18,39.08,RESISTANCE_BREAKOUT,BREAKOUT,0.3,,,0,,,0,False,False,36.73,ATR_FALLBACK,36.88,5.63,6.0,34.64,34.64,41.03,42.2,42.99,1.33,48.18,23.3,True,5.0,42.2,8.0,1.33,False,2.5,1.56,0.0,2070950.0,69340997.0,3.52,True,True,Pegasystems Inc. - Common Stock,2,64.6,UNCLASSIFIED,,0.0,NONE,0.0,0.55,SUMMARY_KEYWORD,gas,True,0,NOT CHECKED,NONE,NEUTRAL,,,,NOT CHECKED,False,NOT CHECKED,NONE,0,,False,64.6,WATCHLIST,NOT CHECKED,,,,,,,,,False,,,False,,,,False,,,,False,NONE,False,False,0,,,,NOT CHECKED,NO LIVE SIGNAL,64.6,False
QGEN,43.01,FORMING,FORMING,"20/50 uptrend, rising EMA50, near EMA50 support, tight range, volume contraction, low-volume pullback",68,78,35,WATCHLIST,WEAK,32.0,price<EMA20; EMA20>EMA50; EMA20 falling,2.99,45.3,0.27,5.15,0,False,2.38,108377208.0,42.84,41.97,41.84,41.42,45.53,35.96,45.53,32.24,49.27,45.61,RESISTANCE_BREAKOUT,BREAKOUT,0.18,,,0,,,0,False,False,42.88,EMA20,42.84,6.07,6.0,41.74,41.74,47.89,49.26,50.17,1.33,49.27,8.01,True,5.0,49.26,8.0,1.33,False,2.5,5.86,0.0,2505414.0,76388268.0,2.56,True,True,Qiagen N.V. Common Shares,3,60.5,UNCLASSIFIED,,0.0,NONE,0.0,0.55,SUMMARY_KEYWORD,genomic,True,20,HISTORICAL / CONTEXT,HISTORICAL NEWS,NEUTRAL,"Qiagen (QGEN) Beat Q2 Estimates And Reaffirmed Outlook, Is It Still Below Fair Value?",Simply Wall St.,236.2,COMPANY_NAME,False,HISTORICAL,LOW,4,50.1,False,64.5,WATCHLIST,NOT CHECKED,,,,,,,,,False,,,False,,,,False,,,,False,NONE,False,False,0,,,,NOT CHECKED,NO LIVE SIGNAL,64.5,False
TGTX,53.39,FORMING,FORMING,"above EMA50, rising EMA50, near EMA50 support, bull flag/pullback, volume contraction, low-volume pullback",56,74,35,WATCHLIST,WEAK,32.0,price<EMA20; EMA20>EMA50; EMA20 falling,10.37,40.8,0.32,7.34,0,False,3.9,96761542.0,54.18,52.5,43.31,48.98,58.47,45.37,59.3,26.76,59.3,58.64,RESISTANCE_BREAKOUT,BREAKOUT,0.28,,,0,,,0,False,False,55.14,ATR_FALLBACK,55.52,5.32,5.96,53.19,52.11,61.57,63.33,64.5,1.34,59.3,1.13,False,5.0,59.3,1.13,0.19,False,2.5,9.51,0.0,1771560.0,74717430.0,4.49,True,True,"TG Therapeutics, Inc. - Common Stock",3,59.2,Biotechnology,XBI,54.3,NEUTRAL,0.49,0.95,INDUSTRY,biotechnology -> biotechnology,True,20,HISTORICAL / CONTEXT,HISTORICAL NEWS,NEUTRAL,Kymera Therapeutics (KYMR) Up 10.2% Since Last Earnings Report: Can It Continue?,Zacks,265.8,COMPANY_NAME,False,HISTORICAL,LOW,0,47.8,False,63.7,WATCHLIST,NOT CHECKED,,,,,,,,,False,,,False,,,,False,,,,False,NONE,False,False,0,,,,NOT CHECKED,NO LIVE SIGNAL,63.7,False
NWS,33.69,FORMING,FORMING,"20/50 uptrend, rising EMA50, tight range, volume contraction, low-volume pullback",62,76,35,WATCHLIST,WEAK,32.0,price<EMA20; EMA20>EMA50; EMA20 falling,5.44,36.4,0.43,3.52,0,False,2.14,35496276.0,33.58,32.71,30.9,32.49,35.65,27.7,35.65,25.73,35.65,35.71,RESISTANCE_BREAKOUT,BREAKOUT,0.16,,,0,,,0,False,False,33.57,EMA20,33.58,5.96,6.0,32.49,32.49,37.5,38.57,39.28,1.33,,,False,5.0,38.57,8.0,1.33,False,2.5,5.81,0.0,1040835.0,32258682.0,2.12,True,True,News Corporation - Class B Common Stock,3,59.3,UNCLASSIFIED,,0.0,NONE,0.0,0.55,SUMMARY_KEYWORD,energy,True,20,HISTORICAL / CONTEXT,HISTORICAL NEWS,NEUTRAL,News (NWSA) Stock Looks Above Fair Value As Earnings Beat Lifts Shares,Simply Wall St.,241.1,COMPANY_NAME,False,HISTORICAL,LOW,4,51.1,False,63.3,WATCHLIST,NOT CHECKED,,,,,,,,,False,,,False,,,,False,,,,False,NONE,False,False,0,,,,NOT CHECKED,NO LIVE SIGNAL,63.3,False
MSTR,131.15,DISCOVER,DISCOVER,"20/50 uptrend, rising EMA50, bull flag/pullback, volume contraction, low-volume pullback",50,74,35,WATCHLIST,WEAK,32.0,price<EMA20; EMA20>EMA50; EMA20 falling,36.29,52.3,0.35,17.56,3,True,7.12,3515639367.0,126.02,118.34,151.89,92.45,144.92,81.81,144.92,81.81,197.0,145.67,RESISTANCE_BREAKOUT,BREAKOUT,0.52,,,0,,,0,False,False,136.93,ATR_FALLBACK,131.66,9.62,6.0,126.91,121.38,152.95,157.32,160.23,1.33,197.0,35.24,True,5.0,157.32,8.0,1.33,False,2.5,10.5,0.0,27934265.0,3002326494.0,6.26,True,True,Strategy Inc - Class A Common Stock,2,62.8,UNCLASSIFIED,,0.0,NONE,0.0,0.0,NONE,,True,0,NOT CHECKED,NONE,NEUTRAL,,,,NOT CHECKED,False,NOT CHECKED,NONE,0,,False,62.8,WATCHLIST,NOT CHECKED,,,,,,,,,False,,,False,,,,False,,,,False,NONE,False,False,0,,,,NOT CHECKED,NO LIVE SIGNAL,62.8,True
AGCO,125.19,DISCOVER,DISCOVER,"20/50 uptrend, rising EMA50, bull flag/pullback, volume contraction, low-volume pullback",50,74,35,WATCHLIST,WEAK,32.0,price<EMA20; EMA20>EMA50; EMA20 falling,27.54,67.0,0.32,6.02,0,False,4.05,147439578.0,118.86,114.86,113.84,98.22,135.17,98.22,135.17,98.22,136.35,135.58,RESISTANCE_BREAKOUT,BREAKOUT,0.3,,,0,,,0,False,False,127.44,ATR_FALLBACK,127.97,5.61,6.0,118.84,115.43,142.35,146.42,149.13,1.33,136.35,0.57,False,5.0,136.35,0.57,0.09,False,2.5,7.97,0.0,1252348.0,126876608.0,3.82,True,True,AGCO Corporation Common Stock,2,62.8,Infrastructure,PAVE,33.9,WEAK,0.0,0.75,INDUSTRY_KEYWORD,construction,False,0,NOT CHECKED,NONE,NEUTRAL,,,,NOT CHECKED,False,NOT CHECKED,NONE,0,,False,62.8,WATCHLIST,NOT CHECKED,,,,,,,,,False,,,False,,,,False,,,,False,NONE,False,False,0,,,,NOT CHECKED,NO LIVE SIGNAL,62.8,False
SBET,8.4,DISCOVER,DISCOVER,"20/50 uptrend, rising EMA50, bull flag/pullback, volume contraction, low-volume pullback",50,74,35,WATCHLIST,WEAK,32.0,price<EMA20; EMA20>EMA50; EMA20 falling,31.0,50.4,0.4,12.56,2,True,7.27,80099373.0,8.19,7.35,8.22,6.16,9.49,4.46,9.49,4.46,9.06,9.54,RESISTANCE_BREAKOUT,BREAKOUT,0.51,,,0,,,0,False,False,8.97,ATR_FALLBACK,8.62,9.59,6.0,8.33,7.89,10.02,10.3,10.49,1.33,,,False,5.0,10.3,8.0,1.33,False,2.5,13.03,0.0,9758102.0,66497760.0,6.29,True,True,"Sharplink, Inc. - Common Stock",2,62.8,UNCLASSIFIED,,0.0,NONE,0.0,0.0,NONE,,True,0,NOT CHECKED,NONE,NEUTRAL,,,,NOT CHECKED,False,NOT CHECKED,NONE,0,,False,62.8,WATCHLIST,NOT CHECKED,,,,,,,,,False,,,False,,,,False,,,,False,NONE,False,False,0,,,,NOT CHECKED,NO LIVE SIGNAL,62.8,True
NTR,79.13,DISCOVER,DISCOVER,"20/50 uptrend, rising EMA50, bull flag/pullback",48,72,20,WATCHLIST,WEAK,32.0,price<EMA20; EMA20>EMA50; EMA20 falling,17.9,68.1,0.3,3.72,0,False,2.91,201875488.0,76.22,72.52,68.06,68.79,82.55,59.18,82.55,59.18,83.98,82.73,RESISTANCE_BREAKOUT,BREAKOUT,0.22,,,0,,,0,False,False,78.86,ATR_FALLBACK,79.27,4.18,4.68,76.8,74.35,86.87,89.35,91.01,1.71,83.98,1.51,False,5.0,83.98,1.51,0.32,False,2.5,4.32,0.0,2643935.0,224448985.0,2.71,True,True,Nutrien Ltd. Common Shares,2,62.4,UNCLASSIFIED,,0.0,NONE,0.0,0.0,NONE,,True,0,NOT CHECKED,NONE,NEUTRAL,,,,NOT CHECKED,False,NOT CHECKED,NONE,0,,False,62.4,WATCHLIST,NOT CHECKED,,,,,,,,,False,,,False,,,,False,,,,False,NONE,False,False,0,,,,NOT CHECKED,NO LIVE SIGNAL,62.4,False
DAR,66.41,FORMING,FORMING,"20/50 uptrend, rising EMA50, tight range, volume contraction, low-volume pullback",62,78,35,WATCHLIST,WEAK,32.0,price<EMA20; EMA20>EMA50; EMA20 falling,0.16,61.7,0.35,5.76,0,False,3.88,170272890.0,65.31,63.39,55.06,58.96,69.98,50.89,69.98,50.89,69.98,70.19,RESISTANCE_BREAKOUT,BREAKOUT,0.29,,,0,,,0,False,False,65.97,ATR_FALLBACK,66.32,5.51,6.0,64.82,61.35,73.7,75.8,77.2,1.33,,,False,5.0,75.8,8.0,1.33,False,2.5,5.38,0.0,2602237.0,143960124.0,4.25,True,True,Darling Ingredients Inc. Common Stock,3,57.9,UNCLASSIFIED,,0.0,NONE,0.0,0.55,SUMMARY_KEYWORD,oil,True,22,WEAK,CONTEXT NEWS,NEUTRAL,"Darling Ingredients CEO Sells 5,000 Shares",Motley Fool,120.5,COMPANY_NAME,False,CONTEXT_7D,LOW,11,43.8,False,62.3,WATCHLIST,NOT CHECKED,,,,,,,,,False,,,False,,,,False,,,,False,NONE,False,False,0,,,,NOT CHECKED,NO LIVE SIGNAL,62.3,False
OPCH,23.64,FORMING,FORMING,"above EMA50, rising EMA50, near EMA50 support, compressed below 20d resistance, tight range",58,74,20,WATCHLIST,WEAK,32.0,price<EMA20; EMA20>EMA50; EMA20 falling,3.18,50.0,0.77,2.98,0,False,2.18,38003746.0,23.7,23.33,25.29,22.97,24.52,20.68,24.96,18.01,32.34,24.56,RESISTANCE_BREAKOUT,BREAKOUT,0.17,,,0,,,0,False,False,23.61,EMA20,23.7,3.51,3.88,23.25,23.25,25.79,26.53,27.02,2.06,24.96,1.62,False,5.0,24.96,1.62,0.42,False,2.5,3.72,0.0,1602004.0,37274026.0,2.25,True,True,"Option Care Health, Inc. - Common Stock",3,58.3,UNCLASSIFIED,,0.0,NONE,0.0,0.55,SUMMARY_KEYWORD,gas,True,20,HISTORICAL / CONTEXT,HISTORICAL NEWS,NEUTRAL,Should Value Investors Buy Option Care Health (OPCH) Stock?,Zacks,195.6,COMPANY_NAME,False,HISTORICAL,LOW,6,43.8,False,62.3,WATCHLIST,NOT CHECKED,,,,,,,,,False,,,False,,,,False,,,,False,NONE,False,False,0,,,,NOT CHECKED,NO LIVE SIGNAL,62.3,False
HCA,423.52,FORMING,FORMING,"20/50 uptrend, rising EMA50, near EMA200 pivot, compressed below 20d resistance",60,74,35,WATCHLIST,WEAK,32.0,price<EMA20; EMA20>EMA50; EMA20 falling,6.61,46.3,0.35,5.64,0,False,3.18,547186867.0,415.89,410.62,427.41,396.0,436.5,353.99,436.5,353.99,554.58,437.58,RESISTANCE_BREAKOUT,BREAKOUT,0.25,,,0,,,0,False,False,413.46,EMA20,415.89,4.96,5.51,396.0,396.0,459.46,472.58,481.34,1.45,554.58,26.74,True,5.0,472.58,8.0,1.45,False,2.5,3.06,0.0,1312283.0,560267747.0,3.11,True,True,"HCA Healthcare, Inc. Common Stock",3,58.2,UNCLASSIFIED,,0.0,NONE,0.0,0.0,NONE,,True,20,HISTORICAL / CONTEXT,HISTORICAL NEWS,NEUTRAL,"HCA Healthcare Delivers Consistent Message Around H2 Cadence Expectations, RBC Says",MT Newswires,169.6,COMPANY_NAME,False,HISTORICAL,LOW,4,37.8,False,62.2,WATCHLIST,NOT CHECKED,,,,,,,,,False,,,False,,,,False,,,,False,NONE,False,False,0,,,,NOT CHECKED,NO LIVE SIGNAL,62.2,False
GFL,42.63,FORMING,FORMING,"20/50 uptrend, rising EMA50, compressed below 20d resistance, tight range",60,76,35,WATCHLIST,WEAK,32.0,price<EMA20; EMA20>EMA50; EMA20 falling,4.65,59.7,0.37,4.39,0,False,2.76,95138985.0,42.09,41.0,41.06,40.49,44.0,34.58,44.0,33.32,45.52,44.09,RESISTANCE_BREAKOUT,BREAKOUT,0.21,,,0,,,0,False,False,41.88,EMA20,42.09,4.54,5.02,41.38,41.38,46.3,47.62,48.5,1.59,45.52,3.24,False,5.0,45.52,3.24,0.65,False,2.5,3.21,0.0,2252978.0,86507616.0,2.94,True,True,"GFL Environmental Inc. Subordinate voting shares, no par value",3,58.5,UNCLASSIFIED,,0.0,NONE,0.0,0.0,NONE,,True,18,WEAK,CONTEXT NEWS,BEARISH,GFL (GFL) Closes the SECURE Waste Infrastructure Acquisition With 75M New Shares and a US$1B Term Loan. Can Scale Offset Dilution and Leverage?,Insider Monkey,120.5,TICKER_IN_TITLE,False,CONTEXT_7D,HIGH,3,50.1,False,62.1,WATCHLIST,NOT CHECKED,,,,,,,,,False,,,False,,,,False,,,,False,NONE,False,False,0,,,,NOT CHECKED,NO LIVE SIGNAL,62.1,False
CAI,28.05,DISCOVER,DISCOVER,"20/50 uptrend, rising EMA50, compressed below 20d resistance, volume contraction",48,72,35,WATCHLIST,WEAK,32.0,price<EMA20; EMA20>EMA50; EMA20 falling,31.71,50.2,1.07,21.58,2,True,4.8,129398942.0,24.59,22.17,21.9,20.78,28.32,15.11,28.32,14.19,28.32,28.43,RESISTANCE_BREAKOUT,BREAKOUT,0.38,,,0,,,0,False,False,26.72,ATR_FALLBACK,26.41,7.1,6.0,23.2,23.2,29.85,30.7,31.27,1.33,,,False,5.0,30.7,8.0,1.33,False,2.5,0.96,0.0,5085249.0,127103609.0,5.61,True,True,"Caris Life Sciences, Inc. - Common Stock",2,61.2,Biotechnology,XBI,54.3,NEUTRAL,0.49,0.95,INDUSTRY,biotechnology -> biotechnology,True,0,NOT CHECKED,NONE,NEUTRAL,,,,NOT CHECKED,False,NOT CHECKED,NONE,0,,False,61.7,WATCHLIST,NOT CHECKED,,,,,,,,,False,,,False,,,,False,,,,False,NONE,False,False,0,,,,NOT CHECKED,NO LIVE SIGNAL,61.7,True
IOVA,9.19,DISCOVER,DISCOVER,"20/50 uptrend, rising EMA50, compressed below 20d resistance, volume contraction",48,72,35,WATCHLIST,WEAK,32.0,price<EMA20; EMA20>EMA50; EMA20 falling,31.53,61.1,0.39,43.09,3,True,4.73,120309599.0,8.18,6.89,4.62,6.93,9.41,3.76,9.36,3.18,9.36,9.44,RESISTANCE_BREAKOUT,BREAKOUT,0.37,,,0,,,0,False,False,8.88,ATR_FALLBACK,8.79,6.91,6.0,8.04,7.66,9.92,10.2,10.39,1.33,,,False,5.0,10.2,8.0,1.33,False,2.5,2.34,0.0,14210112.0,99735335.0,6.46,True,True,"Iovance Biotherapeutics, Inc. - Common Stock",2,61.2,Biotechnology,XBI,54.3,NEUTRAL,0.52,1.0,STATIC_CONSTITUENT,verified theme membership,True,0,NOT CHECKED,NONE,NEUTRAL,,,,NOT CHECKED,False,NOT CHECKED,NONE,0,,False,61.7,WATCHLIST,NOT CHECKED,,,,,,,,,False,,,False,,,,False,,,,False,NONE,False,False,0,,,,NOT CHECKED,NO LIVE SIGNAL,61.7,True
XP,19.55,DISCOVER,DISCOVER,"20/50 uptrend, rising EMA50, bull flag/pullback",48,72,35,WATCHLIST,WEAK,32.0,price<EMA20; EMA20>EMA50; EMA20 falling,26.52,67.2,0.31,6.78,0,False,3.99,128287221.0,18.67,17.72,17.7,15.53,20.75,15.14,20.75,14.8,21.7,20.81,RESISTANCE_BREAKOUT,BREAKOUT,0.3,,,0,,,0,False,False,19.56,ATR_FALLBACK,19.64,5.62,6.0,18.79,18.11,21.85,22.48,22.89,1.33,21.7,4.26,False,5.0,21.7,4.26,0.71,False,2.5,6.17,0.0,6900980.0,104036239.0,4.01,True,True,XP Inc. - Class A Common Stock,2,61.2,UNCLASSIFIED,,0.0,NONE,0.0,0.55,SUMMARY_KEYWORD,infrastructure,True,0,NOT CHECKED,NONE,NEUTRAL,,,,NOT CHECKED,False,NOT CHECKED,NONE,0,,False,61.2,WATCHLIST,NOT CHECKED,,,,,,,,,False,,,False,,,,False,,,,False,NONE,False,False,0,,,,NOT CHECKED,NO LIVE SIGNAL,61.2,False
EPAM,125.48,DISCOVER,DISCOVER,"20/50 uptrend, rising EMA50, near EMA200 pivot, compressed below 20d resistance",52,70,35,WATCHLIST,WEAK,32.0,price<EMA20; EMA20>EMA50; EMA20 falling,29.12,71.1,0.34,7.1,0,False,3.81,130255531.0,114.33,107.33,123.32,99.47,126.5,73.06,121.53,73.06,148.34,126.88,RESISTANCE_BREAKOUT,BREAKOUT,0.3,,,0,,,0,False,False,119.27,ATR_FALLBACK,119.71,5.65,6.0,111.24,111.24,133.23,137.03,139.57,1.33,148.34,16.91,True,5.0,137.03,8.0,1.33,False,2.5,0.81,0.0,1147276.0,120976248.0,3.95,True,True,"EPAM Systems, Inc. Common Stock",2,60.6,UNCLASSIFIED,,0.0,NONE,0.0,0.55,SUMMARY_KEYWORD,cybersecurity,True,0,NOT CHECKED,NONE,NEUTRAL,,,,NOT CHECKED,False,NOT CHECKED,NONE,0,,False,60.6,WATCHLIST,NOT CHECKED,,,,,,,,,False,,,False,,,,False,,,,False,NONE,False,False,0,,,,NOT CHECKED,NO LIVE SIGNAL,60.6,False
TMO,638.66,DISCOVER,DISCOVER,"20/50 uptrend, rising EMA50, compressed below 20d resistance, tight range",52,76,35,WATCHLIST,WEAK,32.0,price<EMA20; EMA20>EMA50; EMA20 falling,11.1,54.7,0.73,4.16,0,False,2.32,1050586981.0,610.42,583.77,536.59,584.86,647.0,458.91,647.0,434.83,647.0,648.19,RESISTANCE_BREAKOUT,BREAKOUT,0.18,,,0,,,0,False,False,609.3,EMA20,610.42,5.83,6.0,594.82,594.82,680.6,700.04,713.01,1.33,,,False,5.0,700.04,8.0,1.33,False,2.5,1.31,0.0,1704642.0,981576647.0,2.51,True,True,Thermo Fisher Scientific Inc Common Stock,2,60.1,UNCLASSIFIED,,0.0,NONE,0.0,0.0,NONE,,True,0,NOT CHECKED,NONE,NEUTRAL,,,,NOT CHECKED,False,NOT CHECKED,NONE,0,,False,60.1,WATCHLIST,NOT CHECKED,,,,,,,,,False,,,False,,,,False,,,,False,NONE,False,False,0,,,,NOT CHECKED,NO LIVE SIGNAL,60.1,False
MTCH,43.07,DISCOVER,DISCOVER,"20/50 uptrend, rising EMA50, compressed below 20d resistance, volume contraction",48,72,35,WATCHLIST,WEAK,32.0,price<EMA20; EMA20>EMA50; EMA20 falling,17.74,56.0,0.31,3.95,0,False,2.69,125804287.0,41.39,39.8,36.38,37.26,43.72,34.13,43.47,29.36,42.49,43.81,RESISTANCE_BREAKOUT,BREAKOUT,0.21,,,0,,,0,False,False,41.18,EMA20,41.39,5.52,6.0,40.11,40.11,46.0,47.32,48.19,1.33,,,False,5.0,47.32,8.0,1.33,False,2.5,1.51,0.0,3035729.0,127065810.0,2.79,True,True,"Match Group, Inc. - Common Stock",2,60.0,UNCLASSIFIED,,0.0,NONE,0.0,0.0,NONE,,True,0,NOT CHECKED,NONE,NEUTRAL,,,,NOT CHECKED,False,NOT CHECKED,NONE,0,,False,60.0,WATCHLIST,NOT CHECKED,,,,,,,,,False,,,False,,,,False,,,,False,NONE,False,False,0,,,,NOT CHECKED,NO LIVE SIGNAL,60.0,False
PSNL,16.13,DISCOVER,DISCOVER,"above EMA50, rising EMA50, tight range, bull flag/pullback, volume contraction, low-volume pullback",52,70,35,WATCHLIST,WEAK,32.0,price<EMA20; EMA20>EMA50; EMA20 falling,18.15,33.1,0.27,13.66,1,True,3.66,62939712.0,16.18,14.78,10.93,13.68,18.89,9.65,18.89,4.95,18.89,18.94,RESISTANCE_BREAKOUT,BREAKOUT,0.25,,,0,,,0,False,False,17.95,ATR_FALLBACK,18.05,4.68,5.24,16.0,16.0,19.88,20.45,20.83,1.53,,,False,5.0,20.45,8.0,1.53,False,2.5,17.11,0.0,3735790.0,44510700.0,4.39,True,True,"Personalis, Inc. - Common Stock",2,59.7,UNCLASSIFIED,,0.0,NONE,0.0,0.0,NONE,,True,0,NOT CHECKED,NONE,NEUTRAL,,,,NOT CHECKED,False,NOT CHECKED,NONE,0,,False,59.7,WATCHLIST,NOT CHECKED,,,,,,,,,False,,,False,,,,False,,,,False,NONE,False,False,0,,,,NOT CHECKED,NO LIVE SIGNAL,59.7,True
ANF,137.62,DISCOVER,DISCOVER,"20/50 uptrend, rising EMA50, tight range, volume contraction, low-volume pullback",46,70,35,WATCHLIST,WEAK,32.0,price<EMA20; EMA20>EMA50; EMA20 falling,32.89,66.0,0.22,35.67,1,True,6.64,345393696.0,134.95,119.17,99.64,100.43,155.22,83.98,155.22,69.68,154.58,155.95,RESISTANCE_BREAKOUT,BREAKOUT,0.47,,,0,,,0,False,False,146.59,ATR_FALLBACK,142.24,8.79,6.0,140.52,136.17,163.75,168.43,171.55,1.33,,,False,5.0,168.43,8.0,1.33,False,2.5,12.79,0.0,2464115.0,220709229.0,4.89,True,True,Abercrombie & Fitch Company Common Stock,2,59.4,UNCLASSIFIED,,0.0,NONE,0.0,0.0,NONE,,True,0,NOT CHECKED,NONE,NEUTRAL,,,,NOT CHECKED,False,NOT CHECKED,NONE,0,,False,59.4,WATCHLIST,NOT CHECKED,,,,,,,,,False,,,False,,,,False,,,,False,NONE,False,False,0,,,,NOT CHECKED,NO LIVE SIGNAL,59.4,True
CTSH,64.36,DISCOVER,DISCOVER,"20/50 uptrend, rising EMA50, compressed below 20d resistance, volume contraction",48,72,35,WATCHLIST,WEAK,32.0,price<EMA20; EMA20>EMA50; EMA20 falling,16.38,53.5,0.34,6.83,0,False,3.3,330158973.0,60.94,57.13,58.73,56.76,65.42,36.86,65.42,36.86,66.12,65.59,RESISTANCE_BREAKOUT,BREAKOUT,0.26,,,0,,,0,False,False,62.02,ATR_FALLBACK,62.4,4.86,5.45,57.89,57.89,68.87,70.84,72.15,1.47,66.12,0.81,False,5.0,66.12,0.81,0.15,False,2.5,1.65,0.0,5319432.0,347755469.0,3.15,True,True,Cognizant Technology Solutions Corporation - Class A Common Stock,2,59.3,UNCLASSIFIED,,0.0,NONE,0.0,0.0,NONE,,True,0,NOT CHECKED,NONE,NEUTRAL,,,,NOT CHECKED,False,NOT CHECKED,NONE,0,,False,59.3,WATCHLIST,NOT CHECKED,,,,,,,,,False,,,False,,,,False,,,,False,NONE,False,False,0,,,,NOT CHECKED,NO LIVE SIGNAL,59.3,False
DK,77.5,DISCOVER,DISCOVER,"20/50 uptrend, rising EMA50, compressed below 20d resistance, tight range",52,70,35,WATCHLIST,WEAK,32.0,price<EMA20; EMA20>EMA50; EMA20 falling,17.34,71.8,0.32,11.6,1,True,5.64,133597277.0,72.08,65.98,50.04,63.13,79.15,40.74,78.43,36.68,75.24,79.5,RESISTANCE_BREAKOUT,BREAKOUT,0.44,,,0,,,0,False,False,74.73,ATR_FALLBACK,72.94,8.25,6.0,73.3,69.14,83.47,85.86,87.45,1.33,,,False,5.0,85.86,8.0,1.33,False,2.5,2.13,0.0,1845807.0,119356934.0,5.79,True,True,"Delek US Holdings, Inc. Common Stock",2,59.3,UNCLASSIFIED,,0.0,NONE,0.0,0.0,NONE,,True,0,NOT CHECKED,NONE,NEUTRAL,,,,NOT CHECKED,False,NOT CHECKED,NONE,0,,False,59.3,WATCHLIST,NOT CHECKED,,,,,,,,,False,,,False,,,,False,,,,False,NONE,False,False,0,,,,NOT CHECKED,NO LIVE SIGNAL,59.3,True
ASST,27.65,DISCOVER,DISCOVER,"20/50 uptrend, rising EMA50, bull flag/pullback, volume contraction, low-volume pullback",50,68,35,WATCHLIST,WEAK,32.0,price<EMA20; EMA20>EMA50; EMA20 falling,111.5,73.8,0.53,15.08,4,True,7.94,244523735.0,23.51,19.01,25.4,12.7,29.6,10.53,29.04,7.66,24.48,29.78,RESISTANCE_BREAKOUT,BREAKOUT,0.59,,,0,,,0,False,False,27.99,ATR_FALLBACK,26.48,11.06,6.0,25.6,21.95,31.26,32.16,32.75,1.33,,,False,5.0,32.16,8.0,1.33,False,2.5,7.05,0.0,10556452.0,245510503.0,8.67,True,True,"Strive, Inc. - Class A Common Stock",2,59.0,UNCLASSIFIED,,0.0,NONE,0.0,0.0,NONE,,True,0,NOT CHECKED,NONE,NEUTRAL,,,,NOT CHECKED,False,NOT CHECKED,NONE,0,,False,59.0,WATCHLIST,NOT CHECKED,,,,,,,,,False,,,False,,,,False,,,,False,NONE,False,False,0,,,,NOT CHECKED,NO LIVE SIGNAL,59.0,True
SMMT,17.18,DISCOVER,DISCOVER,"20/50 uptrend, rising EMA50, bull flag/pullback, volume contraction, low-volume pullback",50,68,35,WATCHLIST,WEAK,32.0,price<EMA20; EMA20>EMA50; EMA20 falling,36.49,70.2,0.53,17.33,1,True,6.22,92541414.0,15.83,15.1,16.29,12.22,18.83,12.07,18.32,12.07,29.23,18.92,RESISTANCE_BREAKOUT,BREAKOUT,0.45,,,0,,,0,False,False,17.78,ATR_FALLBACK,17.31,8.48,6.0,16.8,13.37,19.86,20.43,20.81,1.33,29.23,54.53,True,5.0,20.43,8.0,1.33,False,2.5,9.57,0.0,6073459.0,74456404.0,5.56,True,True,Summit Therapeutics Inc.  - Common Stock,2,59.0,UNCLASSIFIED,,0.0,NONE,0.0,0.0,NONE,,True,0,NOT CHECKED,NONE,NEUTRAL,,,,NOT CHECKED,False,NOT CHECKED,NONE,0,,False,59.0,WATCHLIST,NOT CHECKED,,,,,,,,,False,,,False,,,,False,,,,False,NONE,False,False,0,,,,NOT CHECKED,NO LIVE SIGNAL,59.0,True
NCNO,22.28,DISCOVER,DISCOVER,"20/50 uptrend, rising EMA50, bull flag/pullback, volume contraction, low-volume pullback",50,74,35,WATCHLIST,WEAK,32.0,price<EMA20; EMA20>EMA50; EMA20 falling,12.16,58.9,0.38,8.74,0,False,4.71,59069804.0,21.64,20.13,20.03,19.14,24.09,14.15,24.09,13.8,23.83,24.17,RESISTANCE_BREAKOUT,BREAKOUT,0.35,,,0,,,0,False,False,22.72,ATR_FALLBACK,22.6,6.51,6.0,20.79,20.79,25.38,26.11,26.59,1.33,,,False,5.0,26.11,8.0,1.33,False,2.5,8.12,0.0,2702908.0,51066411.0,4.07,True,True,"nCino, Inc. - Common Stock",2,58.9,UNCLASSIFIED,,0.0,NONE,0.0,0.0,NONE,,True,0,NOT CHECKED,NONE,NEUTRAL,,,,NOT CHECKED,False,NOT CHECKED,NONE,0,,False,58.9,WATCHLIST,NOT CHECKED,,,,,,,,,False,,,False,,,,False,,,,False,NONE,False,False,0,,,,NOT CHECKED,NO LIVE SIGNAL,58.9,False
SPOT,558.27,DISCOVER,DISCOVER,"20/50 uptrend, rising EMA50, compressed below 20d resistance, volume contraction",48,72,35,WATCHLIST,WEAK,32.0,price<EMA20; EMA20>EMA50; EMA20 falling,15.39,52.0,0.38,5.81,0,False,3.41,823374102.0,534.63,516.72,526.57,499.31,576.0,438.7,576.0,411.24,570.64,577.52,RESISTANCE_BREAKOUT,BREAKOUT,0.26,,,0,,,0,False,False,545.53,ATR_FALLBACK,548.95,4.95,5.54,507.83,507.83,606.4,623.73,635.28,1.44,,,False,5.0,623.73,8.0,1.44,False,2.5,3.18,0.0,1529552.0,761863228.0,3.32,True,True,Spotify Technology S.A. Ordinary Shares,2,58.8,UNCLASSIFIED,,0.0,NONE,0.0,0.0,NONE,,True,0,NOT CHECKED,NONE,NEUTRAL,,,,NOT CHECKED,False,NOT CHECKED,NONE,0,,False,58.8,WATCHLIST,NOT CHECKED,,,,,,,,,False,,,False,,,,False,,,,False,NONE,False,False,0,,,,NOT CHECKED,NO LIVE SIGNAL,58.8,False
EQT,53.41,FORMING,FORMING,"rising EMA50, near EMA50 support, near EMA200 pivot, tight range, volume contraction, low-volume pullback",60,70,40,WATCHLIST,WEAK,32.0,price<EMA20; EMA20>EMA50; EMA20 falling,2.78,45.4,0.49,4.62,0,False,2.76,327659484.0,54.2,53.73,54.43,52.57,56.52,47.79,56.52,47.79,67.84,56.64,RESISTANCE_BREAKOUT,BREAKOUT,0.21,,,0,,,0,False,False,53.93,EMA20,54.2,4.3,4.77,53.0,53.0,59.47,61.17,62.3,1.68,67.84,19.77,True,5.0,61.17,8.0,1.68,False,2.5,5.82,0.0,6019607.0,330158903.0,2.54,True,True,EQT Corporation Common Stock,3,52.9,Energy,XLE,100.0,LEADING,5.7,0.95,INDUSTRY,oil & gas e&p -> oil & gas e&p,True,0,NOT CHECKED,NONE,NEUTRAL,,,,NOT CHECKED,False,NOT CHECKED,NONE,0,,False,58.6,WATCHLIST,NOT CHECKED,,,,,,,,,False,,,False,,,,False,,,,False,NONE,False,False,0,,,,NOT CHECKED,NO LIVE SIGNAL,58.6,False
ROIV,39.63,DISCOVER,DISCOVER,"20/50 uptrend, rising EMA50, bull flag/pullback, volume contraction, low-volume pullback",50,74,35,WATCHLIST,WEAK,32.0,price<EMA20; EMA20>EMA50; EMA20 falling,11.39,60.8,0.41,18.75,1,True,4.49,325894474.0,37.87,35.97,29.65,33.43,42.5,30.7,42.5,25.95,37.97,42.64,RESISTANCE_BREAKOUT,BREAKOUT,0.33,,,0,,,0,False,False,40.08,ATR_FALLBACK,39.97,6.26,6.0,38.41,33.43,44.77,46.05,46.91,1.33,,,False,5.0,46.05,8.0,1.33,False,2.5,7.23,0.0,8710344.0,230279358.0,3.59,True,True,Roivant Sciences Ltd. - Common Shares,2,58.5,UNCLASSIFIED,,0.0,NONE,0.0,0.0,NONE,,True,0,NOT CHECKED,NONE,NEUTRAL,,,,NOT CHECKED,False,NOT CHECKED,NONE,0,,False,58.5,WATCHLIST,NOT CHECKED,,,,,,,,,False,,,False,,,,False,,,,False,NONE,False,False,0,,,,NOT CHECKED,NO LIVE SIGNAL,58.5,True
GDDY,104.12,DISCOVER,DISCOVER,"20/50 uptrend, rising EMA50, compressed below 20d resistance, volume contraction",48,72,35,WATCHLIST,WEAK,32.0,price<EMA20; EMA20>EMA50; EMA20 falling,14.75,56.2,0.39,9.45,0,False,3.95,164361820.0,98.34,94.98,99.1,91.6,106.0,73.1,106.0,71.59,106.0,106.33,RESISTANCE_BREAKOUT,BREAKOUT,0.31,,,0,,,0,False,False,99.95,ATR_FALLBACK,100.16,5.8,6.0,91.6,91.6,111.65,114.84,116.96,1.33,,,False,5.0,114.84,8.0,1.33,False,2.5,1.81,0.0,1671242.0,157876372.0,3.56,True,True,GoDaddy Inc. Class A Common Stock,2,58.5,UNCLASSIFIED,,0.0,NONE,0.0,0.0,NONE,,True,0,NOT CHECKED,NONE,NEUTRAL,,,,NOT CHECKED,False,NOT CHECKED,NONE,0,,False,58.5,WATCHLIST,NOT CHECKED,,,,,,,,,False,,,False,,,,False,,,,False,NONE,False,False,0,,,,NOT CHECKED,NO LIVE SIGNAL,58.5,False
GLOB,40.74,DISCOVER,DISCOVER,"20/50 uptrend, rising EMA50, compressed below 20d resistance, volume contraction",48,72,35,WATCHLIST,WEAK,32.0,price<EMA20; EMA20>EMA50; EMA20 falling,14.38,52.2,0.34,7.26,0,False,4.47,43738563.0,38.69,37.72,43.68,35.84,41.49,27.56,41.65,27.56,53.9,41.64,RESISTANCE_BREAKOUT,BREAKOUT,0.35,,,0,,,0,False,False,39.14,ATR_FALLBACK,38.9,6.56,6.0,35.84,35.84,43.72,44.97,45.8,1.33,41.65,0.03,False,5.0,41.65,0.03,0.01,False,2.5,1.84,0.0,1121830.0,37163622.0,4.31,True,True,Globant S.A. Common Shares,2,58.3,UNCLASSIFIED,,0.0,NONE,0.0,0.0,NONE,,True,0,NOT CHECKED,NONE,NEUTRAL,,,,NOT CHECKED,False,NOT CHECKED,NONE,0,,False,58.3,WATCHLIST,NOT CHECKED,,,,,,,,,False,,,False,,,,False,,,,False,NONE,False,False,0,,,,NOT CHECKED,NO LIVE SIGNAL,58.3,False
CNQ,51.64,DISCOVER,DISCOVER,"20/50 uptrend, rising EMA50, compressed below 20d resistance, tight range",52,72,20,WATCHLIST,WEAK,32.0,price<EMA20; EMA20>EMA50; EMA20 falling,7.78,64.9,0.42,3.82,0,False,2.59,339055536.0,49.78,47.74,42.73,48.18,51.84,38.48,51.84,38.48,51.02,51.95,RESISTANCE_BREAKOUT,BREAKOUT,0.21,,,0,,,0,False,False,49.54,EMA20,49.78,4.18,4.65,49.3,48.97,54.55,56.11,57.15,1.72,,,False,5.0,56.11,8.0,1.72,False,2.5,0.4,0.0,6762252.0,324626269.0,2.18,True,True,Canadian Natural Resources Limited Common Stock,2,58.1,UNCLASSIFIED,,0.0,NONE,0.0,0.0,NONE,,True,0,NOT CHECKED,NONE,NEUTRAL,,,,NOT CHECKED,False,NOT CHECKED,NONE,0,,False,58.1,WATCHLIST,NOT CHECKED,,,,,,,,,False,,,False,,,,False,,,,False,NONE,False,False,0,,,,NOT CHECKED,NO LIVE SIGNAL,58.1,False
OVV,67.09,DISCOVER,DISCOVER,"20/50 uptrend, rising EMA50, compressed below 20d resistance, tight range",52,72,20,WATCHLIST,WEAK,32.0,price<EMA20; EMA20>EMA50; EMA20 falling,7.1,62.4,0.35,7.08,0,False,2.77,210713851.0,64.69,62.44,54.75,62.79,67.51,51.86,67.51,49.9,67.44,67.66,RESISTANCE_BREAKOUT,BREAKOUT,0.22,,,0,,,0,False,False,64.35,EMA20,64.69,4.39,4.88,62.79,62.79,71.04,73.07,74.42,1.64,,,False,5.0,73.07,8.0,1.64,False,2.5,0.63,0.0,3228505.0,184799564.0,2.48,True,True,Ovintiv Inc. (DE),2,57.8,UNCLASSIFIED,,0.0,NONE,0.0,0.0,NONE,,True,0,NOT CHECKED,NONE,NEUTRAL,,,,NOT CHECKED,False,NOT CHECKED,NONE,0,,False,57.8,WATCHLIST,NOT CHECKED,,,,,,,,,False,,,False,,,,False,,,,False,NONE,False,False,0,,,,NOT CHECKED,NO LIVE SIGNAL,57.8,False
EOG,153.26,DISCOVER,DISCOVER,"20/50 uptrend, rising EMA50, compressed below 20d resistance, tight range",52,72,20,WATCHLIST,WEAK,32.0,price<EMA20; EMA20>EMA50; EMA20 falling,6.89,65.2,0.49,5.55,0,False,2.28,417319170.0,146.95,143.74,132.06,142.76,153.67,126.36,153.67,122.31,153.67,153.95,RESISTANCE_BREAKOUT,BREAKOUT,0.18,,,0,,,0,False,False,146.32,EMA20,146.95,4.55,4.95,144.34,142.82,161.65,166.26,169.34,1.61,,,False,5.0,166.26,8.0,1.61,False,2.5,0.27,0.0,2826304.0,397408004.0,2.09,True,True,"EOG Resources, Inc. Common Stock",2,57.6,UNCLASSIFIED,,0.0,NONE,0.0,0.0,NONE,,True,0,NOT CHECKED,NONE,NEUTRAL,,,,NOT CHECKED,False,NOT CHECKED,NONE,0,,False,57.6,WATCHLIST,NOT CHECKED,,,,,,,,,False,,,False,,,,False,,,,False,NONE,False,False,0,,,,NOT CHECKED,NO LIVE SIGNAL,57.6,False
PTEN,12.85,DISCOVER,DISCOVER,"20/50 uptrend, rising EMA50, tight range, volume contraction, low-volume pullback",54,74,35,WATCHLIST,WEAK,32.0,price<EMA20; EMA20>EMA50; EMA20 falling,7.98,68.2,0.32,11.35,1,True,4.55,94027268.0,12.28,11.49,9.72,10.95,13.39,8.43,13.39,8.34,12.86,13.44,RESISTANCE_BREAKOUT,BREAKOUT,0.35,,,0,,,0,False,False,12.63,ATR_FALLBACK,12.56,6.53,6.0,12.31,12.19,14.11,14.51,14.78,1.33,,,False,5.0,14.51,8.0,1.33,False,2.5,4.24,0.0,7580236.0,98631034.0,4.08,True,True,"Patterson-UTI Energy, Inc. - Common Stock",2,57.6,UNCLASSIFIED,,0.0,NONE,0.0,0.0,NONE,,True,0,NOT CHECKED,NONE,NEUTRAL,,,,NOT CHECKED,False,NOT CHECKED,NONE,0,,False,57.6,WATCHLIST,NOT CHECKED,,,,,,,,,False,,,False,,,,False,,,,False,NONE,False,False,0,,,,NOT CHECKED,NO LIVE SIGNAL,57.6,True
FTNT,172.54,DISCOVER,DISCOVER,"20/50 uptrend, rising EMA50, compressed below 20d resistance, volume contraction",48,72,35,WATCHLIST,WEAK,32.0,price<EMA20; EMA20>EMA50; EMA20 falling,12.73,63.2,0.41,9.67,0,False,4.66,659960843.0,160.9,156.17,124.16,148.25,173.89,143.47,173.89,76.01,173.89,174.53,RESISTANCE_BREAKOUT,BREAKOUT,0.37,,,0,,,0,False,False,164.06,ATR_FALLBACK,162.46,6.92,6.0,152.0,151.8,183.26,188.5,191.99,1.33,,,False,5.0,188.5,8.0,1.33,False,2.5,0.79,0.0,4113227.0,572856287.0,4.12,True,True,"Fortinet, Inc. - Common Stock",2,57.5,UNCLASSIFIED,,0.0,NONE,0.0,0.0,NONE,,True,0,NOT CHECKED,NONE,NEUTRAL,,,,NOT CHECKED,False,NOT CHECKED,NONE,0,,False,57.5,WATCHLIST,NOT CHECKED,,,,,,,,,False,,,False,,,,False,,,,False,NONE,False,False,0,,,,NOT CHECKED,NO LIVE SIGNAL,57.5,False
HOOD,110.54,DISCOVER,DISCOVER,"20/50 uptrend, rising EMA50, bull flag/pullback, volume contraction, low-volume pullback",50,68,35,WATCHLIST,WEAK,32.0,price<EMA20; EMA20>EMA50; EMA20 falling,16.88,48.5,0.59,16.57,2,True,5.61,2459622937.0,109.4,103.61,99.26,91.44,125.25,83.68,125.25,63.51,120.05,125.75,RESISTANCE_BREAKOUT,BREAKOUT,0.4,,,0,,,0,False,False,118.2,ATR_FALLBACK,116.44,7.4,6.0,111.02,100.68,132.03,135.81,138.32,1.33,,,False,5.0,135.81,8.0,1.33,False,2.5,13.3,0.0,22380609.0,2187689393.0,5.68,True,True,"Robinhood Markets, Inc. - Class A Common Stock",2,57.4,UNCLASSIFIED,,0.0,NONE,0.0,0.0,NONE,,True,0,NOT CHECKED,NONE,NEUTRAL,,,,NOT CHECKED,False,NOT CHECKED,NONE,0,,False,57.4,WATCHLIST,NOT CHECKED,,,,,,,,,False,,,False,,,,False,,,,False,NONE,False,False,0,,,,NOT CHECKED,NO LIVE SIGNAL,57.4,True
UNM,95.38,DISCOVER,DISCOVER,"20/50 uptrend, rising EMA50, compressed below 20d resistance, tight range",52,72,20,WATCHLIST,WEAK,32.0,price<EMA20; EMA20>EMA50; EMA20 falling,6.25,68.1,0.91,4.06,0,False,2.23,129033810.0,92.97,90.63,83.19,86.54,96.77,82.12,96.77,68.21,94.55,96.94,RESISTANCE_BREAKOUT,BREAKOUT,0.18,,,0,,,0,False,False,92.59,EMA20,92.97,4.09,4.49,92.78,91.24,101.79,104.7,106.63,1.78,,,False,5.0,104.7,8.0,1.78,False,2.5,1.46,0.0,1393660.0,122586504.0,2.22,True,True,Unum Group Common Stock,2,57.3,UNCLASSIFIED,,0.0,NONE,0.0,0.0,NONE,,True,0,NOT CHECKED,NONE,NEUTRAL,,,,NOT CHECKED,False,NOT CHECKED,NONE,0,,False,57.3,WATCHLIST,NOT CHECKED,,,,,,,,,False,,,False,,,,False,,,,False,NONE,False,False,0,,,,NOT CHECKED,NO LIVE SIGNAL,57.3,False
CNH,14.23,DISCOVER,DISCOVER,"20/50 uptrend, rising EMA50, compressed below 20d resistance, volume contraction",48,66,35,WATCHLIST,WEAK,32.0,price<EMA20; EMA20>EMA50; EMA20 falling,40.36,74.5,0.45,9.2,0,False,4.38,320233271.0,12.79,11.81,10.99,10.03,14.46,9.97,14.46,9.72,12.25,14.51,RESISTANCE_BREAKOUT,BREAKOUT,0.34,,,0,,,0,False,False,13.64,ATR_FALLBACK,13.58,6.44,6.0,13.28,11.69,15.24,15.67,15.96,1.33,,,False,5.0,15.67,8.0,1.33,False,2.5,1.58,0.0,25499092.0,240113630.0,4.72,True,True,CNH Industrial N.V. Common Shares,2,57.2,UNCLASSIFIED,,0.0,NONE,0.0,0.0,NONE,,True,0,NOT CHECKED,NONE,NEUTRAL,,,,NOT CHECKED,False,NOT CHECKED,NONE,0,,False,57.2,WATCHLIST,NOT CHECKED,,,,,,,,,False,,,False,,,,False,,,,False,NONE,False,False,0,,,,NOT CHECKED,NO LIVE SIGNAL,57.2,False
MNDY,97.4,DISCOVER,DISCOVER,"20/50 uptrend, rising EMA50, near EMA200 pivot",44,68,35,WATCHLIST,WEAK,32.0,price<EMA20; EMA20>EMA50; EMA20 falling,18.91,54.1,0.4,10.67,1,True,5.63,106664384.0,91.31,88.1,100.64,79.2,102.0,66.85,102.0,57.5,102.0,102.44,RESISTANCE_BREAKOUT,BREAKOUT,0.43,,,0,,,0,False,False,96.29,ATR_FALLBACK,94.22,8.02,6.0,79.2,79.2,107.56,110.63,112.68,1.33,,,False,5.0,110.63,8.0,1.33,False,2.5,4.72,0.0,1157444.0,104477974.0,5.16,True,True,monday.com Ltd. - Ordinary Shares,2,57.2,UNCLASSIFIED,,0.0,NONE,0.0,0.0,NONE,,True,0,NOT CHECKED,NONE,NEUTRAL,,,,NOT CHECKED,False,NOT CHECKED,NONE,0,,False,57.2,WATCHLIST,NOT CHECKED,,,,,,,,,False,,,False,,,,False,,,,False,NONE,False,False,0,,,,NOT CHECKED,NO LIVE SIGNAL,57.2,True
HNGE,94.75,DISCOVER,DISCOVER,"20/50 uptrend, rising EMA50, compressed below 20d resistance, tight range",52,72,35,WATCHLIST,WEAK,32.0,price<EMA20; EMA20>EMA50; EMA20 falling,9.86,57.6,0.25,11.55,1,True,4.78,164785899.0,90.21,84.8,66.15,84.23,95.57,67.86,95.57,34.64,95.57,95.93,RESISTANCE_BREAKOUT,BREAKOUT,0.38,,,0,,,0,False,False,90.18,EMA20,90.21,5.97,6.0,86.29,85.75,100.73,103.61,105.53,1.33,,,False,5.0,103.61,8.0,1.33,False,2.5,0.87,0.0,1823292.0,154257521.0,4.98,True,True,"Hinge Health, Inc. Class A Common Stock",2,56.9,UNCLASSIFIED,,0.0,NONE,0.0,0.0,NONE,,True,0,NOT CHECKED,NONE,NEUTRAL,,,,NOT CHECKED,False,NOT CHECKED,NONE,0,,False,56.9,WATCHLIST,NOT CHECKED,,,,,,,,,False,,,False,,,,False,,,,False,NONE,False,False,0,,,,NOT CHECKED,NO LIVE SIGNAL,56.9,True
BBY,93.34,DISCOVER,DISCOVER,"20/50 uptrend, rising EMA50, compressed below 20d resistance, volume contraction",48,72,35,WATCHLIST,WEAK,32.0,price<EMA20; EMA20>EMA50; EMA20 falling,11.27,63.4,0.36,5.29,0,False,4.16,365884967.0,88.0,84.44,74.85,76.7,94.92,72.52,91.37,54.38,91.27,95.23,RESISTANCE_BREAKOUT,BREAKOUT,0.33,,,0,,,0,False,False,89.52,ATR_FALLBACK,89.4,6.12,6.0,86.77,79.02,99.99,102.85,104.75,1.33,,,False,5.0,102.85,8.0,1.33,False,2.5,1.69,0.0,4220621.0,332129733.0,3.79,True,True,"Best Buy Co., Inc. Common Stock",2,56.8,UNCLASSIFIED,,0.0,NONE,0.0,0.0,NONE,,True,0,NOT CHECKED,NONE,NEUTRAL,,,,NOT CHECKED,False,NOT CHECKED,NONE,0,,False,56.8,WATCHLIST,NOT CHECKED,,,,,,,,,False,,,False,,,,False,,,,False,NONE,False,False,0,,,,NOT CHECKED,NO LIVE SIGNAL,56.8,False
AR,39.16,DISCOVER,DISCOVER,"20/50 uptrend, rising EMA50, compressed below 20d resistance, tight range",52,72,35,WATCHLIST,WEAK,32.0,price<EMA20; EMA20>EMA50; EMA20 falling,9.61,61.7,0.52,6.8,0,False,2.66,120941392.0,38.39,37.28,36.11,36.64,40.21,32.58,40.21,32.58,45.75,40.29,RESISTANCE_BREAKOUT,BREAKOUT,0.21,,,0,,,0,False,False,38.21,EMA20,38.39,4.71,5.18,37.96,37.96,42.31,43.52,44.32,1.54,45.75,13.54,True,5.0,43.52,8.0,1.54,False,2.5,2.68,0.0,3137684.0,118595328.0,2.47,True,True,Antero Resources Corporation Common Stock,2,56.8,UNCLASSIFIED,,0.0,NONE,0.0,0.0,NONE,,True,0,NOT CHECKED,NONE,NEUTRAL,,,,NOT CHECKED,False,NOT CHECKED,NONE,0,,False,56.8,WATCHLIST,NOT CHECKED,,,,,,,,,False,,,False,,,,False,,,,False,NONE,False,False,0,,,,NOT CHECKED,NO LIVE SIGNAL,56.8,False
BG,121.98,DISCOVER,DISCOVER,"20/50 uptrend, rising EMA50, tight range",52,72,35,WATCHLIST,WEAK,32.0,price<EMA20; EMA20>EMA50; EMA20 falling,8.85,67.4,0.29,4.36,0,False,3.78,186216423.0,118.77,116.57,111.42,106.57,127.47,102.17,127.47,102.17,134.02,127.84,RESISTANCE_BREAKOUT,BREAKOUT,0.29,,,0,,,0,False,False,120.17,SWING5,120.05,6.09,6.0,120.05,109.82,134.23,138.07,140.62,1.33,134.02,4.84,False,5.0,134.02,4.84,0.81,False,2.5,4.5,0.0,1576952.0,182187589.0,3.71,True,True,Bunge Limited Common Shares,2,56.4,UNCLASSIFIED,,0.0,NONE,0.0,0.0,NONE,,True,0,NOT CHECKED,NONE,NEUTRAL,,,,NOT CHECKED,False,NOT CHECKED,NONE,0,,False,56.4,WATCHLIST,NOT CHECKED,,,,,,,,,False,,,False,,,,False,,,,False,NONE,False,False,0,,,,NOT CHECKED,NO LIVE SIGNAL,56.4,False
CNXC,29.71,DISCOVER,DISCOVER,"20/50 uptrend, rising EMA50, near EMA200 pivot, volume contraction",42,66,35,WATCHLIST,WEAK,32.0,price<EMA20; EMA20>EMA50; EMA20 falling,29.37,59.8,0.27,8.66,0,False,7.06,35708166.0,28.38,26.92,30.27,22.43,33.84,18.81,33.84,18.81,34.23,34.01,RESISTANCE_BREAKOUT,BREAKOUT,0.5,,,0,,,0,False,False,31.97,ATR_FALLBACK,30.86,9.26,6.0,26.13,26.13,35.71,36.73,37.41,1.33,34.23,0.67,False,5.0,34.23,0.67,0.11,False,2.5,13.9,0.0,1257436.0,31316033.0,6.71,True,True,Concentrix Corporation - Common Stock,2,56.0,UNCLASSIFIED,,0.0,NONE,0.0,0.0,NONE,,True,0,NOT CHECKED,NONE,NEUTRAL,,,,NOT CHECKED,False,NOT CHECKED,NONE,0,,False,56.0,WATCHLIST,NOT CHECKED,,,,,,,,,False,,,False,,,,False,,,,False,NONE,False,False,0,,,,NOT CHECKED,NO LIVE SIGNAL,56.0,False
CRK,14.61,DISCOVER,DISCOVER,"20/50 uptrend, rising EMA50, near EMA50 support, volume contraction, low-volume pullback",50,70,35,WATCHLIST,WEAK,32.0,price<EMA20; EMA20>EMA50; EMA20 falling,9.85,53.8,0.25,11.02,1,True,4.95,39978076.0,14.6,14.32,16.21,13.44,16.12,12.12,16.12,12.12,23.44,16.18,RESISTANCE_BREAKOUT,BREAKOUT,0.36,,,0,,,0,False,False,15.21,ATR_FALLBACK,15.09,6.71,6.0,14.28,14.28,16.99,17.47,17.8,1.33,23.44,44.89,True,5.0,17.47,8.0,1.33,False,2.5,10.34,0.0,2678623.0,32162639.0,4.26,True,True,"Comstock Resources, Inc. Common Stock",2,55.2,UNCLASSIFIED,,0.0,NONE,0.0,0.0,NONE,,True,0,NOT CHECKED,NONE,NEUTRAL,,,,NOT CHECKED,False,NOT CHECKED,NONE,0,,False,55.2,WATCHLIST,NOT CHECKED,,,,,,,,,False,,,False,,,,False,,,,False,NONE,False,False,0,,,,NOT CHECKED,NO LIVE SIGNAL,55.2,True
SHC,18.88,FORMING,FORMING,"20/50 uptrend, rising EMA50, tight range, volume contraction, low-volume pullback",62,72,35,WATCHLIST,WEAK,32.0,price<EMA20; EMA20>EMA50; EMA20 falling,2.43,37.9,0.33,5.17,0,False,2.04,35575808.0,18.73,18.31,17.07,18.01,19.73,15.6,19.79,13.09,19.79,19.76,RESISTANCE_BREAKOUT,BREAKOUT,0.16,,,0,,,0,False,False,18.66,EMA20,18.73,5.21,5.56,18.01,18.01,20.75,21.34,21.74,1.44,19.79,0.14,False,5.0,19.79,0.14,0.02,False,2.5,4.53,0.0,1876395.0,35168960.0,2.2,True,True,Sotera Health Company - Common Stock,3,55.2,UNCLASSIFIED,,0.0,NONE,0.0,0.0,NONE,,True,0,NOT CHECKED,NONE,NEUTRAL,,,,NOT CHECKED,False,NOT CHECKED,NONE,0,,False,55.2,WATCHLIST,NOT CHECKED,,,,,,,,,False,,,False,,,,False,,,,False,NONE,False,False,0,,,,NOT CHECKED,NO LIVE SIGNAL,55.2,False
CE,46.37,DISCOVER,DISCOVER,"near EMA50 support, near EMA200 pivot, compressed below 20d resistance, tight range",50,70,20,WATCHLIST,WEAK,32.0,price<EMA20; EMA20>EMA50; EMA20 falling,5.09,58.0,0.38,5.73,0,False,3.64,65299886.0,45.3,46.33,49.15,43.9,47.84,41.11,50.95,41.11,70.65,47.98,RESISTANCE_BREAKOUT,BREAKOUT,0.28,,,0,,,0,False,False,46.02,EMA50,46.33,3.44,4.07,44.05,43.99,50.37,51.81,52.77,1.96,50.95,6.19,True,5.0,50.95,6.19,1.52,False,2.5,3.17,0.0,1439574.0,57942522.0,3.61,True,True,Celanese Corporation Common Stock,2,55.0,UNCLASSIFIED,,0.0,NONE,0.0,0.0,NONE,,True,0,NOT CHECKED,NONE,NEUTRAL,,,,NOT CHECKED,False,NOT CHECKED,NONE,0,,False,55.0,WATCHLIST,NOT CHECKED,,,,,,,,,False,,,False,,,,False,,,,False,NONE,False,False,0,,,,NOT CHECKED,NO LIVE SIGNAL,55.0,False
GM,85.51,FORMING,FORMING,"above EMA50, rising EMA50, near EMA50 support, compressed below 20d resistance, tight range",58,68,20,WATCHLIST,WEAK,32.0,price<EMA20; EMA20>EMA50; EMA20 falling,3.59,49.6,0.49,2.82,0,False,2.62,492396616.0,85.87,84.47,78.47,82.86,88.18,74.07,91.66,70.13,91.66,88.36,RESISTANCE_BREAKOUT,BREAKOUT,0.2,,,0,,,0,False,False,85.46,EMA20,85.87,2.82,3.27,82.86,82.86,92.77,95.43,97.19,2.44,91.66,3.74,False,5.0,91.66,3.74,1.14,False,2.5,3.12,0.0,5731778.0,471222649.0,2.54,True,True,General Motors Company Common Stock,3,54.6,UNCLASSIFIED,,0.0,NONE,0.0,0.0,NONE,,True,0,NOT CHECKED,NONE,NEUTRAL,,,,NOT CHECKED,False,NOT CHECKED,NONE,0,,False,54.6,WATCHLIST,NOT CHECKED,,,,,,,,,False,,,False,,,,False,,,,False,NONE,False,False,0,,,,NOT CHECKED,NO LIVE SIGNAL,54.6,False
BWIN,32.49,DISCOVER,DISCOVER,"20/50 uptrend, rising EMA50, compressed below 20d resistance, 20d volume expansion",50,70,35,WATCHLIST,WEAK,32.0,price<EMA20; EMA20>EMA50; EMA20 falling,7.62,57.7,2.51,7.93,0,False,3.75,70471201.0,30.42,28.82,25.75,27.74,32.59,22.65,32.59,16.84,32.59,32.69,RESISTANCE_BREAKOUT,BREAKOUT,0.3,,,0,,,0,False,False,30.73,ATR_FALLBACK,30.86,5.6,6.0,27.74,27.74,34.32,35.3,35.96,1.33,,,False,5.0,35.3,8.0,1.33,False,2.5,0.31,0.0,2238015.0,27813335.0,3.51,True,True,"The Baldwin Insurance Group, Inc. - Class A Common Stock",2,54.1,UNCLASSIFIED,,0.0,NONE,0.0,0.0,NONE,,True,0,NOT CHECKED,NONE,NEUTRAL,,,,NOT CHECKED,False,NOT CHECKED,NONE,0,,False,54.1,WATCHLIST,NOT CHECKED,,,,,,,,,False,,,False,,,,False,,,,False,NONE,False,False,0,,,,NOT CHECKED,NO LIVE SIGNAL,54.1,False
PSX,265.06,DISCOVER,DISCOVER,"20/50 uptrend, rising EMA50, compressed below 20d resistance, tight range",52,70,55,WATCHLIST,WEAK,32.0,price<EMA20; EMA20>EMA50; EMA20 falling,12.8,81.1,0.44,5.69,0,False,2.84,662445392.0,248.72,227.98,184.09,233.55,265.43,163.94,265.43,151.67,250.66,266.03,RESISTANCE_BREAKOUT,BREAKOUT,0.23,,,0,,,0,False,False,252.05,SWING5,253.41,4.74,5.25,253.41,243.15,279.33,287.32,292.64,1.52,,,False,5.0,287.32,8.0,1.52,False,2.5,0.14,0.0,2653959.0,660027900.0,2.7,True,True,Phillips 66 Common Stock,2,54.0,UNCLASSIFIED,,0.0,NONE,0.0,0.0,NONE,,True,0,NOT CHECKED,NONE,NEUTRAL,,,,NOT CHECKED,False,NOT CHECKED,NONE,0,,False,54.0,WATCHLIST,NOT CHECKED,,,,,,,,,False,,,False,,,,False,,,,False,NONE,False,False,0,,,,NOT CHECKED,NO LIVE SIGNAL,54.0,False
PK,15.2,FORMING,FORMING,"above EMA50, rising EMA50, near EMA50 support, tight range, volume contraction, low-volume pullback",60,70,35,WATCHLIST,WEAK,32.0,price<EMA20; EMA20>EMA50; EMA20 falling,3.39,32.4,0.28,3.56,0,False,2.68,54262281.0,15.31,14.91,12.87,14.92,16.2,13.66,16.2,9.76,16.2,16.23,RESISTANCE_BREAKOUT,BREAKOUT,0.2,,,0,,,0,False,False,15.26,EMA20,15.31,5.67,6.0,14.92,14.92,17.04,17.53,17.86,1.33,,,False,5.0,17.53,8.0,1.33,False,2.5,6.54,0.0,3494635.0,53802663.0,2.57,True,True,Park Hotels & Resorts Inc. Common Stock ,3,53.9,UNCLASSIFIED,,0.0,NONE,0.0,0.0,NONE,,True,0,NOT CHECKED,NONE,NEUTRAL,,,,NOT CHECKED,False,NOT CHECKED,NONE,0,,False,53.9,WATCHLIST,NOT CHECKED,,,,,,,,,False,,,False,,,,False,,,,False,NONE,False,False,0,,,,NOT CHECKED,NO LIVE SIGNAL,53.9,False
VEEV,270.52,DISCOVER,DISCOVER,"20/50 uptrend, rising EMA50, tight range, volume contraction",42,66,35,WATCHLIST,WEAK,32.0,price<EMA20; EMA20>EMA50; EMA20 falling,15.53,62.1,0.31,15.2,1,True,4.52,466184938.0,260.56,236.19,214.72,238.93,296.24,151.15,296.24,148.05,296.24,297.22,RESISTANCE_BREAKOUT,BREAKOUT,0.33,,,0,,,0,False,False,279.39,ATR_FALLBACK,278.86,6.18,6.0,258.19,258.19,312.08,321.0,326.94,1.33,,,False,5.0,321.0,8.0,1.33,False,2.5,9.51,0.0,1739377.0,365700287.0,3.24,True,True,Veeva Systems Inc. Class A Common Stock,2,53.8,UNCLASSIFIED,,0.0,NONE,0.0,0.0,NONE,,True,0,NOT CHECKED,NONE,NEUTRAL,,,,NOT CHECKED,False,NOT CHECKED,NONE,0,,False,53.8,WATCHLIST,NOT CHECKED,,,,,,,,,False,,,False,,,,False,,,,False,NONE,False,False,0,,,,NOT CHECKED,NO LIVE SIGNAL,53.8,True
DG,125.79,DISCOVER,DISCOVER,"above EMA50, rising EMA50, near EMA50 support, volume contraction, low-volume pullback",50,70,35,WATCHLIST,WEAK,32.0,price<EMA20; EMA20>EMA50; EMA20 falling,6.78,54.4,0.43,3.68,0,False,3.72,332305570.0,126.01,123.52,120.2,117.51,134.13,111.18,134.13,99.06,155.35,134.5,RESISTANCE_BREAKOUT,BREAKOUT,0.28,,,0,,,0,False,False,126.43,EMA20,126.01,6.32,6.0,122.4,122.4,141.23,145.26,147.95,1.33,155.35,15.5,True,5.0,145.26,8.0,1.33,False,2.5,6.63,0.0,2639250.0,277259148.0,3.26,True,True,Dollar General Corporation Common Stock,2,53.6,UNCLASSIFIED,,0.0,NONE,0.0,0.0,NONE,,True,0,NOT CHECKED,NONE,NEUTRAL,,,,NOT CHECKED,False,NOT CHECKED,NONE,0,,False,53.6,WATCHLIST,NOT CHECKED,,,,,,,,,False,,,False,,,,False,,,,False,NONE,False,False,0,,,,NOT CHECKED,NO LIVE SIGNAL,53.6,False
CNC,67.44,DISCOVER,DISCOVER,"20/50 uptrend, rising EMA50, compressed below 20d resistance",50,70,35,WATCHLIST,WEAK,32.0,price<EMA20; EMA20>EMA50; EMA20 falling,6.73,57.4,0.27,4.56,0,False,3.53,253399411.0,66.04,64.72,53.87,61.81,69.63,56.67,69.36,31.63,69.36,69.82,RESISTANCE_BREAKOUT,BREAKOUT,0.27,,,0,,,0,False,False,65.63,EMA20,66.04,5.41,6.0,61.81,61.81,73.31,75.41,76.8,1.33,,,False,5.0,75.41,8.0,1.33,False,2.5,3.25,0.0,3862075.0,239740897.0,2.86,True,True,Centene Corporation Common Stock,2,53.6,UNCLASSIFIED,,0.0,NONE,0.0,0.0,NONE,,True,0,NOT CHECKED,NONE,NEUTRAL,,,,NOT CHECKED,False,NOT CHECKED,NONE,0,,False,53.6,WATCHLIST,NOT CHECKED,,,,,,,,,False,,,False,,,,False,,,,False,NONE,False,False,0,,,,NOT CHECKED,NO LIVE SIGNAL,53.6,False
AAPL,329.83,FORMING,FORMING,"20/50 uptrend, rising EMA50, compressed below 20d resistance, tight range",60,80,35,WATCHLIST,WEAK,32.0,price<EMA20; EMA20>EMA50; EMA20 falling,9.96,67.1,0.36,3.56,0,False,2.37,13385169965.0,321.25,315.29,290.01,305.74,336.22,273.51,344.27,245.07,344.27,336.84,RESISTANCE_BREAKOUT,BREAKOUT,0.19,,,0,,,0,False,False,319.85,EMA20,321.25,4.63,5.05,309.9,309.9,353.69,363.79,370.53,1.59,344.27,2.21,False,5.0,344.27,2.21,0.44,False,2.5,1.94,0.0,41923606.0,12711809151.0,2.27,True,True,Apple Inc. - Common Stock,3,63.7,UNCLASSIFIED,,0.0,NONE,0.0,0.0,NONE,,True,24,NEGATIVE RISK,NEGATIVE NEWS,BEARISH,Apple Stock Slips After India Escalates iPhone Repair Investigation,GuruFocus.com,1.6,COMPANY_NAME,True,FRESH_24H,HIGH,7,44.1,True,53.5,WATCHLIST,NOT CHECKED,,,,,,,,,False,,,False,,,,False,,,,False,NONE,False,False,0,,,,NOT CHECKED,NO LIVE SIGNAL,53.5,False
EL,97.54,DISCOVER,DISCOVER,"above EMA50, rising EMA50, bull flag/pullback, volume contraction, low-volume pullback",42,60,20,WATCHLIST,WEAK,32.0,price<EMA20; EMA20>EMA50; EMA20 falling,18.08,33.8,0.19,16.3,1,True,3.16,387050955.0,97.78,92.84,89.46,83.57,108.01,76.57,108.01,65.74,108.01,108.26,RESISTANCE_BREAKOUT,BREAKOUT,0.23,,,0,,,0,False,False,103.08,ATR_FALLBACK,103.63,4.27,4.79,95.92,95.92,113.67,116.92,119.09,1.67,,,False,5.0,116.92,8.0,1.67,False,2.5,10.73,0.0,3871688.0,322768333.0,3.26,True,True,"Estee Lauder Companies, Inc. (The) Common Stock",2,53.4,UNCLASSIFIED,,0.0,NONE,0.0,0.0,NONE,,True,0,NOT CHECKED,NONE,NEUTRAL,,,,NOT CHECKED,False,NOT CHECKED,NONE,0,,False,53.4,WATCHLIST,NOT CHECKED,,,,,,,,,False,,,False,,,,False,,,,False,NONE,False,False,0,,,,NOT CHECKED,NO LIVE SIGNAL,53.4,True
TEVA,39.22,DISCOVER,DISCOVER,"20/50 uptrend, rising EMA50, compressed below 20d resistance, volume contraction",48,68,35,WATCHLIST,WEAK,32.0,price<EMA20; EMA20>EMA50; EMA20 falling,9.58,56.6,0.6,4.39,0,False,3.05,176899843.0,36.97,35.75,32.02,35.42,39.22,29.6,38.37,27.93,38.37,39.32,RESISTANCE_BREAKOUT,BREAKOUT,0.24,,,0,,,0,False,False,36.96,EMA20,36.97,5.96,6.0,35.42,35.42,41.28,42.46,43.25,1.33,,,False,5.0,42.46,8.0,1.33,False,2.5,0.01,0.0,4764514.0,167893132.0,2.91,True,True,Teva Pharmaceutical Industries Limited Ordinary Shares,2,53.3,UNCLASSIFIED,,0.0,NONE,0.0,0.0,NONE,,True,0,NOT CHECKED,NONE,NEUTRAL,,,,NOT CHECKED,False,NOT CHECKED,NONE,0,,False,53.3,WATCHLIST,NOT CHECKED,,,,,,,,,False,,,False,,,,False,,,,False,NONE,False,False,0,,,,NOT CHECKED,NO LIVE SIGNAL,53.3,False
LNC,43.51,FORMING,FORMING,"above EMA50, rising EMA50, near EMA50 support, tight range, volume contraction, low-volume pullback",60,72,35,WATCHLIST,WEAK,32.0,price<EMA20; EMA20>EMA50; EMA20 falling,-0.57,55.3,0.29,3.49,0,False,2.74,76224761.0,43.74,42.58,39.58,41.93,45.93,34.88,47.67,31.4,47.67,46.03,RESISTANCE_BREAKOUT,BREAKOUT,0.21,,,0,,,0,False,False,43.52,EMA20,43.74,4.98,5.44,42.93,42.43,48.33,49.71,50.63,1.47,47.67,3.57,False,5.0,47.67,3.57,0.66,False,2.5,5.91,0.0,1752972.0,75522161.0,2.75,True,True,Lincoln National Corporation Common Stock,3,53.3,UNCLASSIFIED,,0.0,NONE,0.0,0.0,NONE,,True,0,NOT CHECKED,NONE,NEUTRAL,,,,NOT CHECKED,False,NOT CHECKED,NONE,0,,False,53.3,WATCHLIST,NOT CHECKED,,,,,,,,,False,,,False,,,,False,,,,False,NONE,False,False,0,,,,NOT CHECKED,NO LIVE SIGNAL,53.3,False
GEO,31.17,FORMING,FORMING,"above EMA50, rising EMA50, near EMA50 support, tight range, volume contraction, low-volume pullback",60,70,35,WATCHLIST,WEAK,32.0,price<EMA20; EMA20>EMA50; EMA20 falling,2.09,41.9,0.19,3.56,0,False,3.5,66597411.0,31.39,30.45,24.74,30.04,33.15,28.49,33.15,13.28,33.15,33.24,RESISTANCE_BREAKOUT,BREAKOUT,0.26,,,0,,,0,False,False,31.24,EMA20,31.39,5.57,6.0,30.63,30.04,34.9,35.9,36.56,1.33,,,False,5.0,35.9,8.0,1.33,False,2.5,6.35,0.0,2110972.0,62531132.0,3.36,True,True,Geo Group Inc (The) REIT,3,53.3,UNCLASSIFIED,,0.0,NONE,0.0,0.0,NONE,,True,0,NOT CHECKED,NONE,NEUTRAL,,,,NOT CHECKED,False,NOT CHECKED,NONE,0,,False,53.3,WATCHLIST,NOT CHECKED,,,,,,,,,False,,,False,,,,False,,,,False,NONE,False,False,0,,,,NOT CHECKED,NO LIVE SIGNAL,53.3,False
PPC,29.91,DISCOVER,DISCOVER,"above EMA50, rising EMA50, near EMA50 support, tight range, volume contraction, low-volume pullback",52,66,20,WATCHLIST,WEAK,32.0,price<EMA20; EMA20>EMA50; EMA20 falling,5.99,24.2,0.28,9.79,0,False,2.97,44245572.0,30.22,29.78,33.1,28.41,32.85,25.9,32.85,25.9,43.06,32.92,RESISTANCE_BREAKOUT,BREAKOUT,0.22,,,0,,,0,False,False,31.43,ATR_FALLBACK,31.59,4.05,4.54,29.58,29.58,34.57,35.55,36.21,1.76,43.06,30.8,True,5.0,35.55,8.0,1.76,False,2.5,9.83,0.0,1432272.0,40093821.0,3.37,True,True,Pilgrim's Pride Corporation - Common Stock,2,53.3,UNCLASSIFIED,,0.0,NONE,0.0,0.0,NONE,,True,0,NOT CHECKED,NONE,NEUTRAL,,,,NOT CHECKED,False,NOT CHECKED,NONE,0,,False,53.3,WATCHLIST,NOT CHECKED,,,,,,,,,False,,,False,,,,False,,,,False,NONE,False,False,0,,,,NOT CHECKED,NO LIVE SIGNAL,53.3,False
IT,201.21,DISCOVER,DISCOVER,"20/50 uptrend, rising EMA50, compressed below 20d resistance",42,66,35,WATCHLIST,WEAK,32.0,price<EMA20; EMA20>EMA50; EMA20 falling,14.32,53.2,0.48,22.61,1,True,4.3,208500134.0,185.7,175.24,179.01,166.01,203.03,124.25,203.03,124.25,203.03,203.72,RESISTANCE_BREAKOUT,BREAKOUT,0.34,,,0,,,0,False,False,191.5,ATR_FALLBACK,190.74,6.37,6.0,166.01,166.01,213.91,220.02,224.09,1.33,,,False,5.0,220.02,8.0,1.33,False,2.5,0.9,0.0,1099066.0,204127255.0,4.28,True,True,"Gartner, Inc. Common Stock",2,53.2,UNCLASSIFIED,,0.0,NONE,0.0,0.0,NONE,,True,0,NOT CHECKED,NONE,NEUTRAL,,,,NOT CHECKED,False,NOT CHECKED,NONE,0,,False,53.2,WATCHLIST,NOT CHECKED,,,,,,,,,False,,,False,,,,False,,,,False,NONE,False,False,0,,,,NOT CHECKED,NO LIVE SIGNAL,53.2,True
KD,13.64,DISCOVER,DISCOVER,"20/50 uptrend, rising EMA50, compressed below 20d resistance, volume contraction",48,68,35,WATCHLIST,WEAK,32.0,price<EMA20; EMA20>EMA50; EMA20 falling,9.22,57.9,0.35,6.57,0,False,4.02,44270486.0,13.12,12.93,16.16,12.23,13.73,10.36,14.71,10.36,14.94,13.77,RESISTANCE_BREAKOUT,BREAKOUT,0.32,,,0,,,0,False,False,13.02,EMA20,13.12,4.69,5.41,12.41,12.41,14.46,14.87,15.15,1.48,14.71,6.84,True,5.0,14.71,6.84,1.26,False,2.5,0.66,0.0,3426260.0,43598349.0,4.11,True,True,"Kyndryl Holdings, Inc. Common Stock",2,53.2,UNCLASSIFIED,,0.0,NONE,0.0,0.0,NONE,,True,0,NOT CHECKED,NONE,NEUTRAL,,,,NOT CHECKED,False,NOT CHECKED,NONE,0,,False,53.2,WATCHLIST,NOT CHECKED,,,,,,,,,False,,,False,,,,False,,,,False,NONE,False,False,0,,,,NOT CHECKED,NO LIVE SIGNAL,53.2,False
DHR,208.15,FORMING,FORMING,"20/50 uptrend, rising EMA50, near EMA50 support, tight range",58,68,35,WATCHLIST,WEAK,32.0,price<EMA20; EMA20>EMA50; EMA20 falling,4.75,38.3,0.59,5.97,0,False,2.56,671933512.0,206.68,202.56,197.88,199.09,220.67,165.75,220.67,160.6,220.67,221.1,RESISTANCE_BREAKOUT,BREAKOUT,0.19,,,0,,,0,False,False,207.83,EMA20,206.68,6.52,6.0,199.09,199.09,232.15,238.78,243.21,1.33,,,False,5.0,238.78,8.0,1.33,False,2.5,6.01,0.0,3196764.0,618702321.0,2.66,True,True,Danaher Corporation Common Stock,3,52.9,UNCLASSIFIED,,0.0,NONE,0.0,0.55,SUMMARY_KEYWORD,genomic,True,0,NOT CHECKED,NONE,NEUTRAL,,,,NOT CHECKED,False,NOT CHECKED,NONE,0,,False,52.9,WATCHLIST,NOT CHECKED,,,,,,,,,False,,,False,,,,False,,,,False,NONE,False,False,0,,,,NOT CHECKED,NO LIVE SIGNAL,52.9,False
HALO,106.68,DISCOVER,DISCOVER,"20/50 uptrend, rising EMA50, tight range, volume contraction, low-volume pullback",54,68,35,WATCHLIST,WEAK,32.0,price<EMA20; EMA20>EMA50; EMA20 falling,5.59,41.4,0.24,20.24,1,True,2.28,158750104.0,105.54,96.57,80.31,102.39,111.15,68.27,111.15,61.33,109.66,111.34,RESISTANCE_BREAKOUT,BREAKOUT,0.18,,,0,,,0,False,False,105.63,SWING5,106.07,4.74,5.13,106.07,103.47,116.91,120.25,122.48,1.56,,,False,5.0,120.25,8.0,1.56,False,2.5,4.19,0.0,1474096.0,171048832.0,2.21,True,True,"Halozyme Therapeutics, Inc. - Common Stock",2,52.5,UNCLASSIFIED,,0.0,NONE,0.0,0.0,NONE,,True,0,NOT CHECKED,NONE,NEUTRAL,,,,NOT CHECKED,False,NOT CHECKED,NONE,0,,False,52.5,WATCHLIST,NOT CHECKED,,,,,,,,,False,,,False,,,,False,,,,False,NONE,False,False,0,,,,NOT CHECKED,NO LIVE SIGNAL,52.5,True
OR,35.51,DISCOVER,DISCOVER,"above EMA50, rising EMA50, near EMA50 support, near EMA200 pivot, volume contraction, low-volume pullback",52,66,35,WATCHLIST,WEAK,32.0,price<EMA20; EMA20>EMA50; EMA20 falling,8.57,30.8,0.43,8.02,0,False,3.58,38004808.0,35.88,34.62,35.64,32.21,39.13,27.54,39.13,27.54,47.64,39.23,RESISTANCE_BREAKOUT,BREAKOUT,0.26,,,0,,,0,False,False,37.1,ATR_FALLBACK,37.33,4.86,5.44,34.62,34.62,41.19,42.37,43.15,1.47,47.64,21.43,True,5.0,42.37,8.0,1.47,False,2.5,10.19,0.0,1038816.0,34097535.0,3.25,True,True,OR Royalties Inc. Common Shares,2,52.3,UNCLASSIFIED,,0.0,NONE,0.0,0.0,NONE,,True,0,NOT CHECKED,NONE,NEUTRAL,,,,NOT CHECKED,False,NOT CHECKED,NONE,0,,False,52.3,WATCHLIST,NOT CHECKED,,,,,,,,,False,,,False,,,,False,,,,False,NONE,False,False,0,,,,NOT CHECKED,NO LIVE SIGNAL,52.3,False
MRNA,144.37,DISCOVER,DISCOVER,"20/50 uptrend, rising EMA50, tight range, volume contraction",42,60,35,WATCHLIST,WEAK,32.0,price<EMA20; EMA20>EMA50; EMA20 falling,126.0,39.5,0.12,176.97,2,True,7.22,5247185233.0,131.91,105.1,65.61,62.13,176.66,52.66,176.66,43.68,176.66,177.49,RESISTANCE_BREAKOUT,BREAKOUT,0.47,,,0,,,0,False,False,166.84,ATR_FALLBACK,161.86,8.81,6.0,130.38,130.38,186.37,191.69,195.24,1.33,,,False,5.0,191.69,8.0,1.33,False,2.5,22.37,0.0,34525667.0,2552054061.0,9.83,True,True,"Moderna, Inc. - Common Stock",2,52.2,UNCLASSIFIED,,0.0,NONE,0.0,0.0,NONE,,True,0,NOT CHECKED,NONE,NEUTRAL,,,,NOT CHECKED,False,NOT CHECKED,NONE,0,,False,52.2,WATCHLIST,NOT CHECKED,,,,,,,,,False,,,False,,,,False,,,,False,NONE,False,False,0,,,,NOT CHECKED,NO LIVE SIGNAL,52.2,True
TEM,66.54,DISCOVER,DISCOVER,"20/50 uptrend, rising EMA50, tight range, volume contraction",42,60,35,WATCHLIST,WEAK,32.0,price<EMA20; EMA20>EMA50; EMA20 falling,30.88,46.0,0.5,24.09,2,True,6.28,524985514.0,61.68,57.93,59.02,49.35,72.96,40.77,72.96,40.77,72.96,73.29,RESISTANCE_BREAKOUT,BREAKOUT,0.46,,,0,,,0,False,False,68.9,ATR_FALLBACK,67.02,8.55,6.0,57.72,57.72,76.96,79.16,80.62,1.33,,,False,5.0,79.16,8.0,1.33,False,2.5,9.65,0.0,8102026.0,373437521.0,7.4,True,True,"Tempus AI, Inc. - Class A Common Stock",2,52.2,UNCLASSIFIED,,0.0,NONE,0.0,0.0,NONE,,True,0,NOT CHECKED,NONE,NEUTRAL,,,,NOT CHECKED,False,NOT CHECKED,NONE,0,,False,52.2,WATCHLIST,NOT CHECKED,,,,,,,,,False,,,False,,,,False,,,,False,NONE,False,False,0,,,,NOT CHECKED,NO LIVE SIGNAL,52.2,True
SBLK,31.25,DISCOVER,DISCOVER,"20/50 uptrend, rising EMA50, volume contraction, low-volume pullback",44,64,20,WATCHLIST,WEAK,32.0,price<EMA20; EMA20>EMA50; EMA20 falling,9.09,50.9,0.55,4.6,0,False,2.97,48944866.0,30.5,28.83,24.64,28.72,32.88,23.15,32.88,20.45,31.25,32.95,RESISTANCE_BREAKOUT,BREAKOUT,0.23,,,0,,,0,False,False,31.39,ATR_FALLBACK,31.56,4.23,4.74,30.35,30.28,34.6,35.59,36.25,1.69,,,False,5.0,35.59,8.0,1.69,False,2.5,5.22,0.0,1593126.0,46275051.0,2.61,True,True,Star Bulk Carriers Corp. - Common Shares,2,51.9,UNCLASSIFIED,,0.0,NONE,0.0,0.0,NONE,,True,0,NOT CHECKED,NONE,NEUTRAL,,,,NOT CHECKED,False,NOT CHECKED,NONE,0,,False,51.9,WATCHLIST,NOT CHECKED,,,,,,,,,False,,,False,,,,False,,,,False,NONE,False,False,0,,,,NOT CHECKED,NO LIVE SIGNAL,51.9,False
CDW,151.9,DISCOVER,DISCOVER,"20/50 uptrend, rising EMA50, volume contraction",40,64,35,WATCHLIST,WEAK,32.0,price<EMA20; EMA20>EMA50; EMA20 falling,14.83,60.5,0.22,7.85,0,False,4.22,239045875.0,146.15,141.05,136.11,130.1,158.05,112.46,158.05,96.09,154.15,158.56,RESISTANCE_BREAKOUT,BREAKOUT,0.32,,,0,,,0,False,False,149.05,ATR_FALLBACK,148.94,6.07,6.0,140.91,140.91,166.49,171.25,174.42,1.33,,,False,5.0,171.25,8.0,1.33,False,2.5,4.05,0.0,1657123.0,249648129.0,4.48,True,True,CDW Corporation - Common Stock,2,51.8,UNCLASSIFIED,,0.0,NONE,0.0,0.0,NONE,,True,0,NOT CHECKED,NONE,NEUTRAL,,,,NOT CHECKED,False,NOT CHECKED,NONE,0,,False,51.8,WATCHLIST,NOT CHECKED,,,,,,,,,False,,,False,,,,False,,,,False,NONE,False,False,0,,,,NOT CHECKED,NO LIVE SIGNAL,51.8,False
SIG,100.97,DISCOVER,DISCOVER,"20/50 uptrend, rising EMA50, compressed below 20d resistance",42,60,35,WATCHLIST,WEAK,32.0,price<EMA20; EMA20>EMA50; EMA20 falling,19.28,70.7,0.4,23.96,1,True,4.54,93905084.0,91.04,89.28,89.03,79.01,103.49,79.01,103.49,71.34,100.41,103.86,RESISTANCE_BREAKOUT,BREAKOUT,0.35,,,0,,,0,False,False,97.63,ATR_FALLBACK,96.98,6.62,6.0,80.0,80.0,109.05,112.17,114.24,1.33,,,False,5.0,112.17,8.0,1.33,False,2.5,2.5,0.0,1033565.0,64180321.0,3.97,True,True,Signet Jewelers Limited Common Shares,2,51.8,UNCLASSIFIED,,0.0,NONE,0.0,0.0,NONE,,True,0,NOT CHECKED,NONE,NEUTRAL,,,,NOT CHECKED,False,NOT CHECKED,NONE,0,,False,51.8,WATCHLIST,NOT CHECKED,,,,,,,,,False,,,False,,,,False,,,,False,NONE,False,False,0,,,,NOT CHECKED,NO LIVE SIGNAL,51.8,True
BE,261.76,DISCOVER,DISCOVER,"20/50 uptrend, rising EMA50, bull flag/pullback",40,64,35,WATCHLIST,WEAK,32.0,price<EMA20; EMA20>EMA50; EMA20 falling,14.77,65.5,0.52,12.29,1,True,6.5,3025766855.0,241.01,235.28,201.43,185.93,283.83,157.33,351.28,116.5,351.28,285.19,RESISTANCE_BREAKOUT,BREAKOUT,0.48,,,0,,,0,False,False,268.08,ATR_FALLBACK,259.66,8.95,6.0,249.05,197.5,299.45,308.01,313.71,1.33,351.28,23.17,True,5.0,308.01,8.0,1.33,False,2.5,8.43,0.0,12915840.0,2796793195.0,6.37,True,True,Bloom Energy Corporation Class A Common Stock,2,51.7,UNCLASSIFIED,,0.0,NONE,0.0,0.0,NONE,,True,0,NOT CHECKED,NONE,NEUTRAL,,,,NOT CHECKED,False,NOT CHECKED,NONE,0,,False,51.7,WATCHLIST,NOT CHECKED,,,,,,,,,False,,,False,,,,False,,,,False,NONE,False,False,0,,,,NOT CHECKED,NO LIVE SIGNAL,51.7,True
KNTK,54.26,DISCOVER,DISCOVER,"20/50 uptrend, rising EMA50, tight range",52,68,35,WATCHLIST,WEAK,32.0,price<EMA20; EMA20>EMA50; EMA20 falling,4.44,50.2,0.44,4.25,0,False,2.7,54603620.0,53.97,52.1,46.45,53.3,56.92,45.71,56.92,42.14,56.1,57.04,RESISTANCE_BREAKOUT,BREAKOUT,0.21,,,0,,,0,False,False,53.71,EMA20,53.97,5.37,5.84,53.92,53.3,59.89,61.6,62.74,1.37,,,False,5.0,61.6,8.0,1.37,False,2.5,4.9,0.0,1000461.0,54253886.0,2.58,True,True,Kinetik Holdings Inc. Class A Common Stock,2,51.6,UNCLASSIFIED,,0.0,NONE,0.0,0.0,NONE,,True,0,NOT CHECKED,NONE,NEUTRAL,,,,NOT CHECKED,False,NOT CHECKED,NONE,0,,False,51.6,WATCHLIST,NOT CHECKED,,,,,,,,,False,,,False,,,,False,,,,False,NONE,False,False,0,,,,NOT CHECKED,NO LIVE SIGNAL,51.6,False
HOG,27.68,DISCOVER,DISCOVER,"20/50 uptrend, rising EMA50, volume contraction, low-volume pullback",52,68,35,WATCHLIST,WEAK,32.0,price<EMA20; EMA20>EMA50; EMA20 falling,4.43,51.5,0.28,7.24,0,False,3.25,44230593.0,27.4,26.7,24.86,26.22,28.86,23.99,28.86,16.96,28.77,28.93,RESISTANCE_BREAKOUT,BREAKOUT,0.25,,,0,,,0,False,False,27.24,EMA20,27.4,5.29,5.85,26.22,26.22,30.38,31.25,31.83,1.37,,,False,5.0,31.25,8.0,1.37,False,2.5,4.26,0.0,1599654.0,42667783.0,2.99,True,True,"Harley-Davidson, Inc. Common Stock",2,51.6,UNCLASSIFIED,,0.0,NONE,0.0,0.0,NONE,,True,0,NOT CHECKED,NONE,NEUTRAL,,,,NOT CHECKED,False,NOT CHECKED,NONE,0,,False,51.6,WATCHLIST,NOT CHECKED,,,,,,,,,False,,,False,,,,False,,,,False,NONE,False,False,0,,,,NOT CHECKED,NO LIVE SIGNAL,51.6,False
MARA,11.27,DISCOVER,DISCOVER,"rising EMA50, near EMA50 support, bull flag/pullback, volume contraction, low-volume pullback",46,64,55,WATCHLIST,WEAK,32.0,price<EMA20; EMA20>EMA50; EMA20 falling,17.92,46.0,0.53,15.54,2,True,7.22,555131618.0,11.22,11.37,12.02,8.68,12.47,8.68,16.43,7.63,16.43,12.54,RESISTANCE_BREAKOUT,BREAKOUT,0.52,,,0,,,0,False,False,11.78,ATR_FALLBACK,11.32,9.73,6.0,10.96,9.99,13.16,13.54,13.79,1.33,16.43,31.07,True,5.0,13.54,8.0,1.33,False,2.5,10.7,0.0,49832751.0,506689978.0,7.73,True,True,"MARA Holdings, Inc. - Common Stock",2,51.5,UNCLASSIFIED,,0.0,NONE,0.0,0.0,NONE,,True,0,NOT CHECKED,NONE,NEUTRAL,,,,NOT CHECKED,False,NOT CHECKED,NONE,0,,False,51.5,WATCHLIST,NOT CHECKED,,,,,,,,,False,,,False,,,,False,,,,False,NONE,False,False,0,,,,NOT CHECKED,NO LIVE SIGNAL,51.5,True
NET,333.38,DISCOVER,DISCOVER,"20/50 uptrend, rising EMA50, compressed below 20d resistance",42,66,35,WATCHLIST,WEAK,32.0,price<EMA20; EMA20>EMA50; EMA20 falling,10.62,67.0,0.55,10.51,1,True,5.22,885656245.0,301.13,285.73,244.07,269.3,334.6,212.32,332.22,164.05,332.22,335.99,RESISTANCE_BREAKOUT,BREAKOUT,0.42,,,0,,,0,False,False,315.83,ATR_FALLBACK,309.91,7.76,6.0,271.72,269.3,352.79,362.87,369.59,1.33,,,False,5.0,362.87,8.0,1.33,False,2.5,0.37,0.0,2973536.0,848128256.0,5.21,True,True,"Cloudflare, Inc. Class A Common Stock",2,51.4,UNCLASSIFIED,,0.0,NONE,0.0,0.0,NONE,,True,0,NOT CHECKED,NONE,NEUTRAL,,,,NOT CHECKED,False,NOT CHECKED,NONE,0,,False,51.4,WATCHLIST,NOT CHECKED,,,,,,,,,False,,,False,,,,False,,,,False,NONE,False,False,0,,,,NOT CHECKED,NO LIVE SIGNAL,51.4,True
CVS,94.9,DISCOVER,DISCOVER,"near EMA50 support, compressed below 20d resistance, tight range, volume contraction, low-volume pullback",50,66,20,WATCHLIST,WEAK,32.0,price<EMA20; EMA20>EMA50; EMA20 falling,2.97,58.3,0.39,3.93,0,False,2.24,532344690.0,95.78,96.91,88.96,92.35,98.5,92.35,110.0,68.48,110.0,98.67,RESISTANCE_BREAKOUT,BREAKOUT,0.17,,,0,,,0,False,False,96.52,EMA50,96.91,1.79,2.17,92.79,92.79,103.6,106.56,108.54,3.68,110.0,11.48,True,5.0,106.56,8.0,3.68,True,2.5,3.79,0.0,5610988.0,492537912.0,2.01,True,True,CVS Health Corporation Common Stock,2,51.4,UNCLASSIFIED,,0.0,NONE,0.0,0.0,NONE,,True,0,NOT CHECKED,NONE,NEUTRAL,,,,NOT CHECKED,False,NOT CHECKED,NONE,0,,False,51.4,WATCHLIST,NOT CHECKED,,,,,,,,,False,,,False,,,,False,,,,False,NONE,False,False,0,,,,NOT CHECKED,NO LIVE SIGNAL,51.4,False
ZIM,29.4,DISCOVER,DISCOVER,"20/50 uptrend, rising EMA50, compressed below 20d resistance, volume contraction, low-volume pullback",52,68,35,WATCHLIST,WEAK,32.0,price<EMA20; EMA20>EMA50; EMA20 falling,4.07,59.5,0.21,6.13,0,False,2.62,47782273.0,28.37,27.17,24.16,26.51,30.4,23.28,30.4,22.93,29.56,30.46,RESISTANCE_BREAKOUT,BREAKOUT,0.2,,,0,,,0,False,False,28.71,SWING5,28.85,5.29,5.75,28.85,26.85,31.98,32.9,33.51,1.39,,,False,5.0,32.9,8.0,1.39,False,2.5,3.4,0.0,1682171.0,37019729.0,2.68,True,True,ZIM Integrated Shipping Services Ltd. Ordinary Shares,2,51.4,UNCLASSIFIED,,0.0,NONE,0.0,0.0,NONE,,True,0,NOT CHECKED,NONE,NEUTRAL,,,,NOT CHECKED,False,NOT CHECKED,NONE,0,,False,51.4,WATCHLIST,NOT CHECKED,,,,,,,,,False,,,False,,,,False,,,,False,NONE,False,False,0,,,,NOT CHECKED,NO LIVE SIGNAL,51.4,False
EXE,94.72,DISCOVER,DISCOVER,"above EMA50, rising EMA50, near EMA50 support, near EMA200 pivot",50,66,20,WATCHLIST,WEAK,32.0,price<EMA20; EMA20>EMA50; EMA20 falling,2.61,50.2,0.51,5.08,0,False,2.58,233374984.0,96.09,94.64,96.57,93.08,100.14,84.48,100.14,84.48,113.44,100.34,RESISTANCE_BREAKOUT,BREAKOUT,0.19,,,0,,,0,False,False,95.66,EMA20,96.09,4.23,4.66,93.08,93.08,105.35,108.36,110.37,1.72,113.44,13.06,True,5.0,108.36,8.0,1.72,False,2.5,5.72,0.0,2412608.0,214901765.0,2.39,True,True,Expand Energy Corporation - Common Stock,2,51.2,UNCLASSIFIED,,0.0,NONE,0.0,0.0,NONE,,True,0,NOT CHECKED,NONE,NEUTRAL,,,,NOT CHECKED,False,NOT CHECKED,NONE,0,,False,51.2,WATCHLIST,NOT CHECKED,,,,,,,,,False,,,False,,,,False,,,,False,NONE,False,False,0,,,,NOT CHECKED,NO LIVE SIGNAL,51.2,False
LYB,65.0,DISCOVER,DISCOVER,"20/50 uptrend, rising EMA50, tight range",52,68,35,WATCHLIST,WEAK,32.0,price<EMA20; EMA20>EMA50; EMA20 falling,3.48,60.0,0.34,5.14,0,False,3.35,204783885.0,63.89,62.86,60.03,61.48,68.42,51.45,68.42,51.45,82.22,68.6,RESISTANCE_BREAKOUT,BREAKOUT,0.25,,,0,,,0,False,False,64.94,ATR_FALLBACK,65.33,4.76,5.33,62.41,62.41,72.03,74.09,75.46,1.5,82.22,19.86,True,5.0,74.09,8.0,1.5,False,2.5,5.27,0.0,3172029.0,201061655.0,3.12,True,True,LyondellBasell Industries NV Ordinary Shares Class A (Netherlands),2,51.1,UNCLASSIFIED,,0.0,NONE,0.0,0.0,NONE,,True,0,NOT CHECKED,NONE,NEUTRAL,,,,NOT CHECKED,False,NOT CHECKED,NONE,0,,False,51.1,WATCHLIST,NOT CHECKED,,,,,,,,,False,,,False,,,,False,,,,False,NONE,False,False,0,,,,NOT CHECKED,NO LIVE SIGNAL,51.1,False
FA,21.92,DISCOVER,DISCOVER,"20/50 uptrend, rising EMA50, compressed below 20d resistance",42,66,35,WATCHLIST,WEAK,32.0,price<EMA20; EMA20>EMA50; EMA20 falling,10.01,62.9,0.35,17.32,1,True,3.65,27020732.0,21.07,20.34,16.95,19.9,22.35,15.82,25.15,10.28,25.15,22.42,RESISTANCE_BREAKOUT,BREAKOUT,0.29,,,0,,,0,False,False,21.07,EMA20,21.07,6.04,6.0,20.14,19.9,23.54,24.21,24.66,1.33,25.15,12.18,True,5.0,24.21,8.0,1.33,False,2.5,1.98,0.0,1294088.0,27844112.0,3.4,True,True,First Advantage Corporation - Common Stock,2,51.1,UNCLASSIFIED,,0.0,NONE,0.0,0.0,NONE,,True,0,NOT CHECKED,NONE,NEUTRAL,,,,NOT CHECKED,False,NOT CHECKED,NONE,0,,False,51.1,WATCHLIST,NOT CHECKED,,,,,,,,,False,,,False,,,,False,,,,False,NONE,False,False,0,,,,NOT CHECKED,NO LIVE SIGNAL,51.1,True
ILMN,223.29,DISCOVER,DISCOVER,"20/50 uptrend, rising EMA50, compressed below 20d resistance",42,60,35,WATCHLIST,WEAK,32.0,price<EMA20; EMA20>EMA50; EMA20 falling,17.63,48.9,0.75,8.87,0,False,3.92,401798153.0,210.31,199.76,161.34,187.54,231.81,158.91,231.81,115.31,231.81,232.51,RESISTANCE_BREAKOUT,BREAKOUT,0.3,,,0,,,0,False,False,218.56,ATR_FALLBACK,219.39,5.64,6.0,200.01,200.01,244.14,251.11,255.76,1.33,,,False,5.0,251.11,8.0,1.33,False,2.5,3.82,0.0,1876507.0,385835417.0,4.38,True,True,"Illumina, Inc. - Common Stock",2,51.0,UNCLASSIFIED,,0.0,NONE,0.0,0.0,NONE,,True,0,NOT CHECKED,NONE,NEUTRAL,,,,NOT CHECKED,False,NOT CHECKED,NONE,0,,False,51.0,WATCHLIST,NOT CHECKED,,,,,,,,,False,,,False,,,,False,,,,False,NONE,False,False,0,,,,NOT CHECKED,NO LIVE SIGNAL,51.0,False
RMD,233.14,DISCOVER,DISCOVER,"20/50 uptrend, rising EMA50, compressed below 20d resistance, volume contraction",48,62,20,WATCHLIST,WEAK,32.0,price<EMA20; EMA20>EMA50; EMA20 falling,8.13,45.9,0.45,4.85,0,False,2.85,294884528.0,225.9,219.98,225.72,215.8,242.4,186.71,242.4,179.75,258.71,242.93,RESISTANCE_BREAKOUT,BREAKOUT,0.22,,,0,,,0,False,False,231.77,ATR_FALLBACK,232.97,4.1,4.59,215.8,215.8,255.08,262.37,267.22,1.74,258.71,6.49,True,5.0,258.71,6.49,1.41,False,2.5,3.97,0.0,1282939.0,281249118.0,2.63,True,True,ResMed Inc. Common Stock,2,51.0,UNCLASSIFIED,,0.0,NONE,0.0,0.0,NONE,,True,0,NOT CHECKED,NONE,NEUTRAL,,,,NOT CHECKED,False,NOT CHECKED,NONE,0,,False,51.0,WATCHLIST,NOT CHECKED,,,,,,,,,False,,,False,,,,False,,,,False,NONE,False,False,0,,,,NOT CHECKED,NO LIVE SIGNAL,51.0,False
AVAH,14.09,DISCOVER,DISCOVER,"20/50 uptrend, rising EMA50, volume contraction",40,64,35,WATCHLIST,WEAK,32.0,price<EMA20; EMA20>EMA50; EMA20 falling,13.02,58.1,0.59,24.75,1,True,3.73,45615094.0,13.25,11.65,9.24,12.23,14.69,7.76,14.54,5.93,14.0,14.74,RESISTANCE_BREAKOUT,BREAKOUT,0.29,,,0,,,0,False,False,13.85,ATR_FALLBACK,13.95,5.35,6.0,13.38,12.97,15.47,15.92,16.21,1.33,,,False,5.0,15.92,8.0,1.33,False,2.5,4.33,0.0,3372312.0,38270025.0,4.06,True,True,Aveanna Healthcare Holdings Inc. - Common Stock,2,50.9,UNCLASSIFIED,,0.0,NONE,0.0,0.0,NONE,,True,0,NOT CHECKED,NONE,NEUTRAL,,,,NOT CHECKED,False,NOT CHECKED,NONE,0,,False,50.9,WATCHLIST,NOT CHECKED,,,,,,,,,False,,,False,,,,False,,,,False,NONE,False,False,0,,,,NOT CHECKED,NO LIVE SIGNAL,50.9,True
OLLI,75.32,DISCOVER,DISCOVER,"above EMA50, near EMA50 support, tight range, volume contraction, low-volume pullback",52,68,35,WATCHLIST,WEAK,32.0,price<EMA20; EMA20>EMA50; EMA20 falling,2.54,51.3,0.3,4.71,0,False,4.76,132220291.0,74.61,74.85,89.9,70.02,79.53,60.29,81.8,60.29,112.0,79.81,RESISTANCE_BREAKOUT,BREAKOUT,0.36,,,0,,,0,False,False,75.02,EMA50,74.85,6.22,6.0,71.28,70.02,83.8,86.2,87.79,1.33,81.8,2.49,False,5.0,81.8,2.49,0.42,False,2.5,5.59,0.0,1772581.0,106346824.0,4.52,True,True,"Ollie's Bargain Outlet Holdings, Inc. - Common Stock",2,50.6,UNCLASSIFIED,,0.0,NONE,0.0,0.0,NONE,,True,0,NOT CHECKED,NONE,NEUTRAL,,,,NOT CHECKED,False,NOT CHECKED,NONE,0,,False,50.6,WATCHLIST,NOT CHECKED,,,,,,,,,False,,,False,,,,False,,,,False,NONE,False,False,0,,,,NOT CHECKED,NO LIVE SIGNAL,50.6,False
TRI,104.36,DISCOVER,DISCOVER,"20/50 uptrend, rising EMA50, near EMA200 pivot, volume contraction",50,64,35,WATCHLIST,WEAK,32.0,price<EMA20; EMA20>EMA50; EMA20 falling,8.07,50.0,0.35,8.7,0,False,4.19,173405968.0,102.62,99.42,104.18,95.66,112.77,75.78,112.77,75.78,112.72,113.12,RESISTANCE_BREAKOUT,BREAKOUT,0.31,,,0,,,0,False,False,106.33,ATR_FALLBACK,106.56,5.8,6.0,95.66,95.66,118.78,122.17,124.43,1.33,,,False,5.0,122.17,8.0,1.33,False,2.5,8.06,0.0,1674432.0,150625259.0,3.54,True,True,Thomson Reuters Corp - Common Shares,2,50.4,UNCLASSIFIED,,0.0,NONE,0.0,0.0,NONE,,True,0,NOT CHECKED,NONE,NEUTRAL,,,,NOT CHECKED,False,NOT CHECKED,NONE,0,,False,50.4,WATCHLIST,NOT CHECKED,,,,,,,,,False,,,False,,,,False,,,,False,NONE,False,False,0,,,,NOT CHECKED,NO LIVE SIGNAL,50.4,False
TGT,155.29,DISCOVER,DISCOVER,"above EMA50, rising EMA50, near EMA50 support, tight range, volume contraction, low-volume pullback",52,62,20,WATCHLIST,WEAK,32.0,price<EMA20; EMA20>EMA50; EMA20 falling,4.86,34.8,0.37,4.54,0,False,2.45,702125237.0,158.36,151.06,127.13,146.21,170.75,123.75,170.75,109.37,170.75,171.05,RESISTANCE_BREAKOUT,BREAKOUT,0.18,,,0,,,0,False,False,164.67,ATR_FALLBACK,165.35,3.33,3.73,154.35,154.35,179.61,184.74,188.16,2.14,,,False,5.0,184.74,8.0,2.14,False,2.5,9.96,0.0,4347753.0,611930654.0,2.87,True,True,Target Corporation Common Stock,2,50.1,UNCLASSIFIED,,0.0,NONE,0.0,0.0,NONE,,True,0,NOT CHECKED,NONE,NEUTRAL,,,,NOT CHECKED,False,NOT CHECKED,NONE,0,,False,50.1,WATCHLIST,NOT CHECKED,,,,,,,,,False,,,False,,,,False,,,,False,NONE,False,False,0,,,,NOT CHECKED,NO LIVE SIGNAL,50.1,False
NUE,257.44,FORMING,FORMING,"20/50 uptrend, rising EMA50, near EMA50 support, volume contraction, low-volume pullback",58,70,35,WATCHLIST,WEAK,32.0,price<EMA20; EMA20>EMA50; EMA20 falling,-3.56,60.8,0.24,4.88,0,False,2.74,343544668.0,256.5,252.15,215.93,238.62,271.72,214.61,280.11,154.23,280.11,272.28,RESISTANCE_BREAKOUT,BREAKOUT,0.21,,,0,,,0,False,False,255.95,EMA20,256.5,5.8,6.0,252.01,246.0,285.9,294.07,299.51,1.33,280.11,2.87,False,5.0,280.11,2.87,0.48,False,2.5,5.99,0.0,1364252.0,278447903.0,3.38,True,True,Nucor Corporation Common Stock,3,50.1,UNCLASSIFIED,,0.0,NONE,0.0,0.55,SUMMARY_KEYWORD,gas,True,0,NOT CHECKED,NONE,NEUTRAL,,,,NOT CHECKED,False,NOT CHECKED,NONE,0,,False,50.1,WATCHLIST,NOT CHECKED,,,,,,,,,False,,,False,,,,False,,,,False,NONE,False,False,0,,,,NOT CHECKED,NO LIVE SIGNAL,50.1,False
SNAP,5.9,DISCOVER,DISCOVER,"20/50 uptrend, rising EMA50, compressed below 20d resistance",42,60,35,WATCHLIST,WEAK,32.0,price<EMA20; EMA20>EMA50; EMA20 falling,15.93,49.6,0.73,14.88,1,True,5.33,185882120.0,5.5,5.31,5.74,5.03,6.04,4.27,6.04,3.81,6.36,6.07,RESISTANCE_BREAKOUT,BREAKOUT,0.42,,,0,,,0,False,False,5.7,ATR_FALLBACK,5.59,7.78,6.0,5.19,5.19,6.37,6.55,6.67,1.33,6.36,4.78,False,5.0,6.36,4.78,0.8,False,2.5,2.37,0.0,33809589.0,165941638.0,5.4,True,True,Snap Inc. Class A Common Stock,2,50.1,UNCLASSIFIED,,0.0,NONE,0.0,0.0,NONE,,True,0,NOT CHECKED,NONE,NEUTRAL,,,,NOT CHECKED,False,NOT CHECKED,NONE,0,,False,50.1,WATCHLIST,NOT CHECKED,,,,,,,,,False,,,False,,,,False,,,,False,NONE,False,False,0,,,,NOT CHECKED,NO LIVE SIGNAL,50.1,True
NTNX,68.43,DISCOVER,DISCOVER,"20/50 uptrend, rising EMA50, tight range, volume contraction, low-volume pullback",46,66,35,WATCHLIST,WEAK,32.0,price<EMA20; EMA20>EMA50; EMA20 falling,6.25,56.3,0.26,6.81,0,False,3.67,177462770.0,66.45,62.31,56.03,64.74,74.42,45.17,74.42,34.01,74.42,74.62,RESISTANCE_BREAKOUT,BREAKOUT,0.27,,,0,,,0,False,False,70.4,ATR_FALLBACK,70.85,5.05,5.65,65.25,65.25,78.35,80.59,82.08,1.41,,,False,5.0,80.59,8.0,1.41,False,2.5,8.75,0.0,2632877.0,159518480.0,3.14,True,True,"Nutanix, Inc. - Class A Common Stock",2,50.0,UNCLASSIFIED,,0.0,NONE,0.0,0.0,NONE,,True,0,NOT CHECKED,NONE,NEUTRAL,,,,NOT CHECKED,False,NOT CHECKED,NONE,0,,False,50.0,WATCHLIST,NOT CHECKED,,,,,,,,,False,,,False,,,,False,,,,False,NONE,False,False,0,,,,NOT CHECKED,NO LIVE SIGNAL,50.0,False
HTFL,49.06,DISCOVER,DISCOVER,"20/50 uptrend, rising EMA50, volume contraction",40,58,35,WATCHLIST,WEAK,32.0,price<EMA20; EMA20>EMA50; EMA20 falling,19.0,47.2,0.3,35.7,1,True,5.03,96585050.0,46.16,39.85,32.87,40.67,51.78,23.87,51.78,20.41,51.19,51.98,RESISTANCE_BREAKOUT,BREAKOUT,0.38,,,0,,,0,False,False,48.86,ATR_FALLBACK,48.27,7.13,6.0,45.41,45.41,54.57,56.13,57.17,1.33,,,False,5.0,56.13,8.0,1.33,False,2.5,5.54,0.0,2002025.0,87423832.0,5.32,True,True,"Heartflow, Inc. - Common Stock",2,50.0,UNCLASSIFIED,,0.0,NONE,0.0,0.0,NONE,,True,0,NOT CHECKED,NONE,NEUTRAL,,,,NOT CHECKED,False,NOT CHECKED,NONE,0,,False,50.0,WATCHLIST,NOT CHECKED,,,,,,,,,False,,,False,,,,False,,,,False,NONE,False,False,0,,,,NOT CHECKED,NO LIVE SIGNAL,50.0,True
ALLE,154.05,FORMING,FORMING,"above EMA50, rising EMA50, near EMA50 support, near EMA200 pivot, tight range, volume contraction",62,68,35,WATCHLIST,WEAK,32.0,price<EMA20; EMA20>EMA50; EMA20 falling,-2.94,37.4,0.27,2.53,0,False,2.24,203372338.0,156.15,153.68,152.14,150.69,166.63,128.69,170.87,124.49,170.87,166.91,RESISTANCE_BREAKOUT,BREAKOUT,0.17,,,0,,,0,False,False,156.89,EMA20,156.15,6.45,6.0,150.69,150.69,175.25,180.26,183.6,1.33,170.87,2.37,False,5.0,170.87,2.37,0.4,False,2.5,8.17,0.0,1296591.0,159125804.0,2.19,True,True,Allegion plc Ordinary Shares,3,49.9,UNCLASSIFIED,,0.0,NONE,0.0,0.0,NONE,,True,0,NOT CHECKED,NONE,NEUTRAL,,,,NOT CHECKED,False,NOT CHECKED,NONE,0,,False,49.9,WATCHLIST,NOT CHECKED,,,,,,,,,False,,,False,,,,False,,,,False,NONE,False,False,0,,,,NOT CHECKED,NO LIVE SIGNAL,49.9,False
DNOW,16.0,DISCOVER,DISCOVER,"20/50 uptrend, rising EMA50, compressed below 20d resistance, tight range",52,68,35,WATCHLIST,WEAK,32.0,price<EMA20; EMA20>EMA50; EMA20 falling,1.09,54.3,1.09,8.23,0,False,2.95,33097038.0,15.77,15.17,14.2,15.29,16.55,12.43,17.2,10.94,17.2,16.59,RESISTANCE_BREAKOUT,BREAKOUT,0.23,,,0,,,0,False,False,15.69,EMA20,15.77,4.91,5.42,15.29,15.29,17.42,17.91,18.25,1.48,17.2,3.69,False,5.0,17.2,3.69,0.68,False,2.5,3.69,0.0,2091551.0,33212713.0,2.72,True,True,DNOW Inc. Common Stock,2,49.9,UNCLASSIFIED,,0.0,NONE,0.0,0.0,NONE,,True,0,NOT CHECKED,NONE,NEUTRAL,,,,NOT CHECKED,False,NOT CHECKED,NONE,0,,False,49.9,WATCHLIST,NOT CHECKED,,,,,,,,,False,,,False,,,,False,,,,False,NONE,False,False,0,,,,NOT CHECKED,NO LIVE SIGNAL,49.9,False
QRVO,116.97,DISCOVER,DISCOVER,"20/50 uptrend, rising EMA50, compressed below 20d resistance",42,60,55,WATCHLIST,WEAK,32.0,price<EMA20; EMA20>EMA50; EMA20 falling,23.82,76.1,0.91,8.33,0,False,4.05,114047013.0,103.28,98.0,91.3,91.86,120.52,81.39,120.52,74.92,109.49,120.9,RESISTANCE_BREAKOUT,BREAKOUT,0.31,,,0,,,0,False,False,113.65,ATR_FALLBACK,113.78,5.88,6.0,102.35,93.67,126.94,130.57,132.99,1.33,,,False,5.0,130.57,8.0,1.33,False,2.5,3.03,0.0,1105181.0,92952162.0,3.83,True,True,"Qorvo, Inc. - Common Stock",2,49.2,UNCLASSIFIED,,0.0,NONE,0.0,0.0,NONE,,True,0,NOT CHECKED,NONE,NEUTRAL,,,,NOT CHECKED,False,NOT CHECKED,NONE,0,,False,49.2,WATCHLIST,NOT CHECKED,,,,,,,,,False,,,False,,,,False,,,,False,NONE,False,False,0,,,,NOT CHECKED,NO LIVE SIGNAL,49.2,False
CLMT,57.18,DISCOVER,DISCOVER,"20/50 uptrend, rising EMA50, compressed below 20d resistance",42,60,55,WATCHLIST,WEAK,32.0,price<EMA20; EMA20>EMA50; EMA20 falling,20.29,82.9,0.42,15.17,1,True,4.17,58681841.0,52.09,46.96,35.27,45.73,58.4,31.7,58.4,26.41,51.5,58.59,RESISTANCE_BREAKOUT,BREAKOUT,0.33,,,0,,,0,False,False,55.08,ATR_FALLBACK,55.01,6.11,6.0,53.45,46.53,61.52,63.28,64.45,1.33,,,False,5.0,63.28,8.0,1.33,False,2.5,2.13,0.0,1133394.0,57046601.0,4.46,True,True,"Calumet, Inc - Common Stock",2,49.2,UNCLASSIFIED,,0.0,NONE,0.0,0.0,NONE,,True,0,NOT CHECKED,NONE,NEUTRAL,,,,NOT CHECKED,False,NOT CHECKED,NONE,0,,False,49.2,WATCHLIST,NOT CHECKED,,,,,,,,,False,,,False,,,,False,,,,False,NONE,False,False,0,,,,NOT CHECKED,NO LIVE SIGNAL,49.2,True
CVI,51.79,DISCOVER,DISCOVER,"20/50 uptrend, rising EMA50, compressed below 20d resistance",42,60,55,WATCHLIST,WEAK,32.0,price<EMA20; EMA20>EMA50; EMA20 falling,44.23,92.1,0.37,10.27,1,True,5.01,46146243.0,43.72,38.8,33.24,35.7,52.4,25.97,52.4,24.16,43.47,52.61,RESISTANCE_BREAKOUT,BREAKOUT,0.4,,,0,,,0,False,False,49.45,ATR_FALLBACK,48.71,7.4,6.0,44.88,40.22,55.24,56.82,57.87,1.33,,,False,5.0,56.82,8.0,1.33,False,2.5,1.18,0.0,1064869.0,44496506.0,5.43,True,True,CVR Energy Inc. Common Stock,2,49.2,UNCLASSIFIED,,0.0,NONE,0.0,0.0,NONE,,True,0,NOT CHECKED,NONE,NEUTRAL,,,,NOT CHECKED,False,NOT CHECKED,NONE,0,,False,49.2,WATCHLIST,NOT CHECKED,,,,,,,,,False,,,False,,,,False,,,,False,NONE,False,False,0,,,,NOT CHECKED,NO LIVE SIGNAL,49.2,True
MRK,143.91,DISCOVER,DISCOVER,"above EMA50, rising EMA50, tight range, volume contraction, low-volume pullback",46,60,20,WATCHLIST,WEAK,32.0,price<EMA20; EMA20>EMA50; EMA20 falling,7.87,23.4,0.29,12.6,1,True,2.26,1619643600.0,145.41,138.48,119.62,134.88,156.92,113.0,156.92,107.13,156.92,157.18,RESISTANCE_BREAKOUT,BREAKOUT,0.17,,,0,,,0,False,False,151.73,ATR_FALLBACK,152.31,3.1,3.47,143.68,143.68,165.04,169.75,172.9,2.31,,,False,5.0,169.75,8.0,2.31,False,2.5,9.04,0.0,10839447.0,1340487548.0,2.35,True,True,"Merck & Company, Inc. Common Stock (new)",2,49.1,UNCLASSIFIED,,0.0,NONE,0.0,0.0,NONE,,True,0,NOT CHECKED,NONE,NEUTRAL,,,,NOT CHECKED,False,NOT CHECKED,NONE,0,,False,49.1,WATCHLIST,NOT CHECKED,,,,,,,,,False,,,False,,,,False,,,,False,NONE,False,False,0,,,,NOT CHECKED,NO LIVE SIGNAL,49.1,True
RBRK,101.61,DISCOVER,DISCOVER,"20/50 uptrend, rising EMA50, tight range, volume contraction",50,66,35,WATCHLIST,WEAK,32.0,price<EMA20; EMA20>EMA50; EMA20 falling,2.61,57.1,0.48,15.64,2,True,6.51,350851149.0,93.29,88.23,75.3,85.78,107.91,67.31,107.91,42.25,107.91,108.44,RESISTANCE_BREAKOUT,BREAKOUT,0.49,,,0,,,0,False,False,101.93,ATR_FALLBACK,98.52,9.15,6.0,85.78,85.78,113.86,117.11,119.28,1.33,,,False,5.0,117.11,8.0,1.33,False,2.5,6.21,0.0,3672697.0,279528013.0,6.05,True,True,"Rubrik, Inc. Class A Common Stock",2,49.0,UNCLASSIFIED,,0.0,NONE,0.0,0.0,NONE,,True,0,NOT CHECKED,NONE,NEUTRAL,,,,NOT CHECKED,False,NOT CHECKED,NONE,0,,False,49.0,WATCHLIST,NOT CHECKED,,,,,,,,,False,,,False,,,,False,,,,False,NONE,False,False,0,,,,NOT CHECKED,NO LIVE SIGNAL,49.0,True
SGHC,13.65,DISCOVER,DISCOVER,"rising EMA50, near EMA50 support, tight range, volume contraction, low-volume pullback",50,64,40,WATCHLIST,WEAK,32.0,price<EMA20; EMA20>EMA50; EMA20 falling,6.78,43.3,0.34,5.11,0,False,2.93,29679609.0,13.75,13.71,12.78,12.78,14.32,12.74,15.86,9.95,15.86,14.36,RESISTANCE_BREAKOUT,BREAKOUT,0.22,,,0,,,0,False,False,13.68,EMA20,13.75,4.24,4.74,13.55,13.31,15.07,15.51,15.79,1.69,15.86,10.47,True,5.0,15.51,8.0,1.69,False,2.5,4.95,0.0,2161502.0,29745504.0,2.92,True,True,Super Group (SGHC) Limited Ordinary Shares,2,49.0,UNCLASSIFIED,,0.0,NONE,0.0,0.0,NONE,,True,0,NOT CHECKED,NONE,NEUTRAL,,,,NOT CHECKED,False,NOT CHECKED,NONE,0,,False,49.0,WATCHLIST,NOT CHECKED,,,,,,,,,False,,,False,,,,False,,,,False,NONE,False,False,0,,,,NOT CHECKED,NO LIVE SIGNAL,49.0,False
NFLX,78.29,DISCOVER,DISCOVER,"above EMA50, rising EMA50, near EMA50 support, volume contraction, low-volume pullback",50,64,35,WATCHLIST,WEAK,32.0,price<EMA20; EMA20>EMA50; EMA20 falling,5.01,40.2,0.55,5.43,0,False,2.85,2114199897.0,78.53,78.03,87.26,75.03,83.6,65.08,83.6,65.08,108.95,83.78,RESISTANCE_BREAKOUT,BREAKOUT,0.21,,,0,,,0,False,False,78.75,EMA20,78.53,6.27,6.0,75.03,75.03,87.97,90.48,92.16,1.33,108.95,30.05,True,5.0,90.48,8.0,1.33,False,2.5,6.78,0.0,26540153.0,2077106520.0,2.6,True,True,"Netflix, Inc. - Common Stock",2,48.9,UNCLASSIFIED,,0.0,NONE,0.0,0.0,NONE,,True,0,NOT CHECKED,NONE,NEUTRAL,,,,NOT CHECKED,False,NOT CHECKED,NONE,0,,False,48.9,WATCHLIST,NOT CHECKED,,,,,,,,,False,,,False,,,,False,,,,False,NONE,False,False,0,,,,NOT CHECKED,NO LIVE SIGNAL,48.9,False
CVE,33.97,DISCOVER,DISCOVER,"20/50 uptrend, rising EMA50, compressed below 20d resistance, tight range",52,66,55,WATCHLIST,WEAK,32.0,price<EMA20; EMA20>EMA50; EMA20 falling,7.77,78.2,0.44,4.64,0,False,2.74,210465249.0,32.41,30.72,25.98,30.13,34.16,24.24,34.16,21.85,33.4,34.23,RESISTANCE_BREAKOUT,BREAKOUT,0.22,,,0,,,0,False,False,32.35,SWING5,32.52,5.01,5.5,32.52,31.65,35.95,36.97,37.66,1.45,,,False,5.0,36.97,8.0,1.45,False,2.5,0.54,0.0,6475965.0,184462381.0,2.56,True,True,Cenovus Energy Inc Common Stock,2,48.9,UNCLASSIFIED,,0.0,NONE,0.0,0.0,NONE,,True,0,NOT CHECKED,NONE,NEUTRAL,,,,NOT CHECKED,False,NOT CHECKED,NONE,0,,False,48.9,WATCHLIST,NOT CHECKED,,,,,,,,,False,,,False,,,,False,,,,False,NONE,False,False,0,,,,NOT CHECKED,NO LIVE SIGNAL,48.9,False
EBAY,108.25,DISCOVER,DISCOVER,"above EMA50, near EMA50 support, compressed below 20d resistance",40,60,20,WATCHLIST,WEAK,32.0,price<EMA20; EMA20>EMA50; EMA20 falling,9.6,55.3,0.31,3.59,0,False,3.17,449241289.0,105.96,106.87,101.46,99.85,110.63,99.85,117.77,84.74,118.62,110.9,RESISTANCE_BREAKOUT,BREAKOUT,0.25,,,0,,,0,False,False,106.25,EMA50,106.87,3.64,4.2,99.85,99.85,116.45,119.78,122.0,1.91,117.77,6.19,True,5.0,117.77,6.19,1.48,False,2.5,2.19,0.0,4292535.0,408895600.0,2.92,True,True,eBay Inc. - Common Stock,2,48.8,UNCLASSIFIED,,0.0,NONE,0.0,0.0,NONE,,True,0,NOT CHECKED,NONE,NEUTRAL,,,,NOT CHECKED,False,NOT CHECKED,NONE,0,,False,48.8,WATCHLIST,NOT CHECKED,,,,,,,,,False,,,False,,,,False,,,,False,NONE,False,False,0,,,,NOT CHECKED,NO LIVE SIGNAL,48.8,False
DINO,111.38,DISCOVER,DISCOVER,"20/50 uptrend, rising EMA50, compressed below 20d resistance",42,60,55,WATCHLIST,WEAK,32.0,price<EMA20; EMA20>EMA50; EMA20 falling,19.28,90.0,0.55,4.96,0,False,3.77,233058700.0,102.39,93.22,72.63,91.38,112.17,63.43,112.17,49.66,102.98,112.51,RESISTANCE_BREAKOUT,BREAKOUT,0.3,,,0,,,0,False,False,105.76,SWING5,105.23,6.47,6.0,105.23,98.5,118.13,121.51,123.76,1.33,,,False,5.0,121.51,8.0,1.33,False,2.5,0.71,0.0,2286406.0,225567853.0,3.8,True,True,HF Sinclair Corporation Common Stock,2,48.8,UNCLASSIFIED,,0.0,NONE,0.0,0.0,NONE,,True,0,NOT CHECKED,NONE,NEUTRAL,,,,NOT CHECKED,False,NOT CHECKED,NONE,0,,False,48.8,WATCHLIST,NOT CHECKED,,,,,,,,,False,,,False,,,,False,,,,False,NONE,False,False,0,,,,NOT CHECKED,NO LIVE SIGNAL,48.8,False
HPQ,34.03,REJECT,REJECT,"20/50 uptrend, rising EMA50",34,58,35,NO TRADE,WEAK,32.0,price<EMA20; EMA20>EMA50; EMA20 falling,18.9,67.8,0.47,8.4,0,False,5.39,498954208.0,31.47,28.9,24.75,26.47,36.23,21.46,36.23,17.62,31.88,36.38,RESISTANCE_BREAKOUT,BREAKOUT,0.41,,,0,,,0,False,False,34.19,ATR_FALLBACK,33.62,7.57,6.0,30.59,29.34,38.2,39.29,40.01,1.33,,,False,5.0,39.29,8.0,1.33,False,2.5,6.46,0.0,16027378.0,462985553.0,4.71,True,True,HP Inc. Common Stock,0,48.7,UNCLASSIFIED,,0.0,NONE,0.0,0.0,NONE,,True,0,NOT CHECKED,NONE,NEUTRAL,,,,NOT CHECKED,False,NOT CHECKED,NONE,0,,False,48.7,NO TRADE,NOT CHECKED,,,,,,,,,False,,,False,,,,False,,,,False,NONE,False,False,0,,,,NOT CHECKED,NO LIVE SIGNAL,48.7,False
META,664.85,DISCOVER,DISCOVER,"20/50 uptrend, rising EMA50, compressed below 20d resistance",42,60,55,WATCHLIST,WEAK,32.0,price<EMA20; EMA20>EMA50; EMA20 falling,18.88,83.2,0.58,6.55,0,False,3.38,10818538317.0,613.9,602.41,627.89,537.27,668.6,524.49,686.08,519.78,690.88,670.4,RESISTANCE_BREAKOUT,BREAKOUT,0.27,,,0,,,0,False,False,632.61,ATR_FALLBACK,636.66,5.03,5.64,609.74,556.1,703.92,724.03,737.44,1.42,686.08,2.34,False,5.0,686.08,2.34,0.41,False,2.5,0.56,0.0,18087462.0,9543048076.0,2.98,True,True,"Meta Platforms, Inc. - Class A Common Stock",2,48.6,UNCLASSIFIED,,0.0,NONE,0.0,0.0,NONE,,True,0,NOT CHECKED,NONE,NEUTRAL,,,,NOT CHECKED,False,NOT CHECKED,NONE,0,,False,48.6,WATCHLIST,NOT CHECKED,,,,,,,,,False,,,False,,,,False,,,,False,NONE,False,False,0,,,,NOT CHECKED,NO LIVE SIGNAL,48.6,False
DHT,22.08,DISCOVER,DISCOVER,"20/50 uptrend, rising EMA50, compressed below 20d resistance",42,60,55,WATCHLIST,WEAK,32.0,price<EMA20; EMA20>EMA50; EMA20 falling,18.88,79.4,0.94,5.62,0,False,3.23,70901599.0,20.34,18.91,16.11,18.25,22.28,15.32,22.28,14.98,20.62,22.34,RESISTANCE_BREAKOUT,BREAKOUT,0.26,,,0,,,0,False,False,21.14,ATR_FALLBACK,21.27,4.79,5.36,20.57,19.41,23.45,24.12,24.57,1.49,,,False,5.0,24.12,8.0,1.49,False,2.5,0.88,0.0,3488655.0,69994846.0,3.25,True,True,"DHT Holdings, Inc.",2,48.6,UNCLASSIFIED,,0.0,NONE,0.0,0.0,NONE,,True,0,NOT CHECKED,NONE,NEUTRAL,,,,NOT CHECKED,False,NOT CHECKED,NONE,0,,False,48.6,WATCHLIST,NOT CHECKED,,,,,,,,,False,,,False,,,,False,,,,False,NONE,False,False,0,,,,NOT CHECKED,NO LIVE SIGNAL,48.6,False
VRNS,47.75,DISCOVER,DISCOVER,"20/50 uptrend, rising EMA50, compressed below 20d resistance",42,60,35,WATCHLIST,WEAK,32.0,price<EMA20; EMA20>EMA50; EMA20 falling,12.64,71.2,0.42,10.41,1,True,4.33,78137856.0,44.92,42.87,38.61,39.88,48.21,32.04,49.54,19.7,49.54,48.38,RESISTANCE_BREAKOUT,BREAKOUT,0.34,,,0,,,0,False,False,45.47,ATR_FALLBACK,45.28,6.4,6.0,44.17,40.89,50.79,52.25,53.21,1.33,49.54,2.41,False,5.0,49.54,2.41,0.4,False,2.5,0.96,0.0,1739287.0,65626805.0,4.09,True,True,"Varonis Systems, Inc. - Common Stock",2,48.5,UNCLASSIFIED,,0.0,NONE,0.0,0.0,NONE,,True,0,NOT CHECKED,NONE,NEUTRAL,,,,NOT CHECKED,False,NOT CHECKED,NONE,0,,False,48.5,WATCHLIST,NOT CHECKED,,,,,,,,,False,,,False,,,,False,,,,False,NONE,False,False,0,,,,NOT CHECKED,NO LIVE SIGNAL,48.5,True
COP,141.01,DISCOVER,DISCOVER,"20/50 uptrend, rising EMA50, tight range, volume contraction",42,60,35,WATCHLIST,WEAK,32.0,price<EMA20; EMA20>EMA50; EMA20 falling,12.57,71.8,0.5,4.61,0,False,2.2,830170390.0,133.47,126.63,114.07,128.0,139.82,102.01,138.89,102.01,135.88,141.01,RESISTANCE_BREAKOUT,BREAKOUT,0.85,,,0,,,0,False,False,133.58,SWING5,134.14,4.87,5.27,134.14,131.1,148.06,152.29,155.11,1.52,,,False,5.0,152.29,8.0,1.52,False,2.5,-0.84,0.85,6190663.0,781939294.0,2.03,True,True,ConocoPhillips Common Stock,2,48.4,UNCLASSIFIED,,0.0,NONE,0.0,0.0,NONE,,True,0,NOT CHECKED,NONE,NEUTRAL,,,,NOT CHECKED,False,NOT CHECKED,NONE,0,,False,48.4,WATCHLIST,NOT CHECKED,,,,,,,,,False,,,False,,,,False,,,,False,NONE,False,False,0,,,,NOT CHECKED,NO LIVE SIGNAL,48.4,False
ELV,419.33,DISCOVER,DISCOVER,"20/50 uptrend, rising EMA50, compressed below 20d resistance",42,62,35,WATCHLIST,WEAK,32.0,price<EMA20; EMA20>EMA50; EMA20 falling,9.95,62.7,0.66,5.41,0,False,2.66,407817013.0,405.16,397.06,365.55,389.11,427.17,361.41,434.35,270.87,434.35,428.06,RESISTANCE_BREAKOUT,BREAKOUT,0.21,,,0,,,0,False,False,403.15,EMA20,405.16,5.35,5.82,389.7,389.11,449.47,462.31,470.87,1.37,434.35,1.47,False,5.0,434.35,1.47,0.25,False,2.5,1.87,0.0,1008162.0,411325636.0,2.29,True,True,"Elevance Health, Inc. Common Stock",2,48.4,UNCLASSIFIED,,0.0,NONE,0.0,0.0,NONE,,True,0,NOT CHECKED,NONE,NEUTRAL,,,,NOT CHECKED,False,NOT CHECKED,NONE,0,,False,48.4,WATCHLIST,NOT CHECKED,,,,,,,,,False,,,False,,,,False,,,,False,NONE,False,False,0,,,,NOT CHECKED,NO LIVE SIGNAL,48.4,False
HUBS,250.0,REJECT,REJECT,"20/50 uptrend, rising EMA50",34,58,35,NO TRADE,WEAK,32.0,price<EMA20; EMA20>EMA50; EMA20 falling,18.21,55.6,0.36,14.46,2,True,5.11,295879081.0,239.91,231.26,269.7,217.68,265.0,169.63,265.0,169.63,297.0,266.02,RESISTANCE_BREAKOUT,BREAKOUT,0.39,,,0,,,0,False,False,250.06,ATR_FALLBACK,246.87,7.2,6.0,222.0,222.0,279.32,287.3,292.62,1.33,297.0,11.65,True,5.0,287.3,8.0,1.33,False,2.5,6.0,0.0,1219699.0,307529030.0,4.64,True,True,"HubSpot, Inc. Common Stock",0,48.4,UNCLASSIFIED,,0.0,NONE,0.0,0.0,NONE,,True,0,NOT CHECKED,NONE,NEUTRAL,,,,NOT CHECKED,False,NOT CHECKED,NONE,0,,False,48.4,NO TRADE,NOT CHECKED,,,,,,,,,False,,,False,,,,False,,,,False,NONE,False,False,0,,,,NOT CHECKED,NO LIVE SIGNAL,48.4,True
DOCS,26.38,DISCOVER,DISCOVER,"20/50 uptrend, rising EMA50, compressed below 20d resistance",42,62,35,WATCHLIST,WEAK,32.0,price<EMA20; EMA20>EMA50; EMA20 falling,9.61,59.9,0.4,32.62,1,True,3.89,65571381.0,25.42,24.32,31.13,23.95,27.32,19.75,40.0,17.15,40.0,27.4,RESISTANCE_BREAKOUT,BREAKOUT,0.3,,,0,,,0,False,False,25.76,ATR_FALLBACK,25.86,5.62,6.0,23.95,23.95,28.77,29.59,30.14,1.33,40.0,45.97,True,5.0,29.59,8.0,1.33,False,2.5,3.56,0.0,2557914.0,64982750.0,3.59,True,True,"Doximity, Inc. Class A Common Stock",2,48.3,UNCLASSIFIED,,0.0,NONE,0.0,0.0,NONE,,True,0,NOT CHECKED,NONE,NEUTRAL,,,,NOT CHECKED,False,NOT CHECKED,NONE,0,,False,48.3,WATCHLIST,NOT CHECKED,,,,,,,,,False,,,False,,,,False,,,,False,NONE,False,False,0,,,,NOT CHECKED,NO LIVE SIGNAL,48.3,True
TWLO,244.58,DISCOVER,DISCOVER,"20/50 uptrend, rising EMA50, tight range, volume contraction",42,62,35,WATCHLIST,WEAK,32.0,price<EMA20; EMA20>EMA50; EMA20 falling,9.01,61.9,0.53,24.89,1,True,4.19,371758513.0,230.2,220.03,177.35,215.79,243.98,179.2,258.35,112.99,258.35,244.8,RESISTANCE_BREAKOUT,BREAKOUT,0.34,,,0,,,0,False,False,230.11,EMA20,230.2,5.96,6.0,221.86,221.86,257.04,264.38,269.28,1.33,258.35,5.54,True,5.0,258.35,5.54,0.92,False,2.5,-0.25,0.25,1614618.0,344751380.0,4.07,True,True,Twilio Inc. Class A Common Stock,2,48.0,UNCLASSIFIED,,0.0,NONE,0.0,0.0,NONE,,True,0,NOT CHECKED,NONE,NEUTRAL,,,,NOT CHECKED,False,NOT CHECKED,NONE,0,,False,48.0,WATCHLIST,NOT CHECKED,,,,,,,,,False,,,False,,,,False,,,,False,NONE,False,False,0,,,,NOT CHECKED,NO LIVE SIGNAL,48.0,True
TWST,136.38,DISCOVER,DISCOVER,"20/50 uptrend, rising EMA50, tight range, volume contraction",42,60,35,WATCHLIST,WEAK,32.0,price<EMA20; EMA20>EMA50; EMA20 falling,11.65,34.8,0.41,22.64,2,True,6.31,220495506.0,130.16,117.08,77.56,115.28,155.44,80.59,155.44,41.52,155.44,156.13,RESISTANCE_BREAKOUT,BREAKOUT,0.44,,,0,,,0,False,False,146.76,ATR_FALLBACK,143.21,8.27,6.0,120.19,120.19,163.94,168.62,171.74,1.33,,,False,5.0,168.62,8.0,1.33,False,2.5,13.97,0.0,1614830.0,212561282.0,6.78,True,True,Twist Bioscience Corporation - Common Stock,2,48.0,UNCLASSIFIED,,0.0,NONE,0.0,0.0,NONE,,True,0,NOT CHECKED,NONE,NEUTRAL,,,,NOT CHECKED,False,NOT CHECKED,NONE,0,,False,48.0,WATCHLIST,NOT CHECKED,,,,,,,,,False,,,False,,,,False,,,,False,NONE,False,False,0,,,,NOT CHECKED,NO LIVE SIGNAL,48.0,True
KMX,60.37,DISCOVER,DISCOVER,"above EMA50, rising EMA50, tight range, volume contraction, low-volume pullback",46,60,20,WATCHLIST,WEAK,32.0,price<EMA20; EMA20>EMA50; EMA20 falling,5.17,32.9,0.49,3.56,0,False,2.61,94770593.0,60.93,58.29,51.17,57.25,65.28,49.37,65.28,35.17,65.28,65.41,RESISTANCE_BREAKOUT,BREAKOUT,0.19,,,0,,,0,False,False,62.76,ATR_FALLBACK,63.04,3.62,4.05,59.0,59.0,68.68,70.64,71.95,1.97,,,False,5.0,70.64,8.0,1.97,False,2.5,8.13,0.0,1541296.0,92390268.0,2.81,True,True,CarMax Inc,2,47.8,UNCLASSIFIED,,0.0,NONE,0.0,0.0,NONE,,True,0,NOT CHECKED,NONE,NEUTRAL,,,,NOT CHECKED,False,NOT CHECKED,NONE,0,,False,47.8,WATCHLIST,NOT CHECKED,,,,,,,,,False,,,False,,,,False,,,,False,NONE,False,False,0,,,,NOT CHECKED,NO LIVE SIGNAL,47.8,False
CTRE,38.55,DISCOVER,DISCOVER,"near EMA50 support, near EMA200 pivot, tight range, volume contraction, low-volume pullback",52,62,20,WATCHLIST,WEAK,32.0,price<EMA20; EMA20>EMA50; EMA20 falling,0.22,36.4,0.71,2.52,0,False,2.31,85937378.0,39.25,39.72,38.46,37.88,40.27,36.44,43.62,34.93,43.62,40.34,RESISTANCE_BREAKOUT,BREAKOUT,0.18,,,0,,,0,False,False,39.56,EMA50,39.72,1.54,1.94,37.88,37.88,42.36,43.57,44.38,4.13,43.62,8.13,True,5.0,43.57,8.0,4.13,True,2.5,4.46,0.0,2182065.0,68922868.0,2.05,True,True,"CareTrust REIT, Inc. Common Stock",2,47.8,UNCLASSIFIED,,0.0,NONE,0.0,0.0,NONE,,True,0,NOT CHECKED,NONE,NEUTRAL,,,,NOT CHECKED,False,NOT CHECKED,NONE,0,,False,47.8,WATCHLIST,NOT CHECKED,,,,,,,,,False,,,False,,,,False,,,,False,NONE,False,False,0,,,,NOT CHECKED,NO LIVE SIGNAL,47.8,False
WPM,148.73,DISCOVER,DISCOVER,"above EMA50, rising EMA50, bull flag/pullback, volume contraction, low-volume pullback",42,60,35,WATCHLIST,WEAK,32.0,price<EMA20; EMA20>EMA50; EMA20 falling,11.04,35.6,0.28,11.1,1,True,3.98,354032379.0,148.77,138.32,127.88,131.59,163.9,101.46,163.9,101.46,165.03,164.37,RESISTANCE_BREAKOUT,BREAKOUT,0.29,,,0,,,0,False,False,154.51,ATR_FALLBACK,155.49,5.4,6.0,147.39,144.03,172.59,177.52,180.81,1.33,165.03,0.4,False,5.0,165.03,0.4,0.07,False,2.5,10.2,0.0,2319266.0,332662984.0,3.25,True,True,Wheaton Precious Metals Corp Common Shares (Canada),2,47.7,UNCLASSIFIED,,0.0,NONE,0.0,0.0,NONE,,True,0,NOT CHECKED,NONE,NEUTRAL,,,,NOT CHECKED,False,NOT CHECKED,NONE,0,,False,47.7,WATCHLIST,NOT CHECKED,,,,,,,,,False,,,False,,,,False,,,,False,NONE,False,False,0,,,,NOT CHECKED,NO LIVE SIGNAL,47.7,True
PRGO,13.7,DISCOVER,DISCOVER,"above EMA50, rising EMA50, bull flag/pullback, volume contraction, low-volume pullback",42,60,35,WATCHLIST,WEAK,32.0,price<EMA20; EMA20>EMA50; EMA20 falling,11.13,43.7,0.23,23.1,1,True,4.11,33814018.0,13.74,12.7,12.72,12.54,15.0,9.21,15.0,8.81,14.7,15.05,RESISTANCE_BREAKOUT,BREAKOUT,0.3,,,0,,,0,False,False,14.14,ATR_FALLBACK,14.2,5.62,6.0,13.5,13.5,15.8,16.25,16.55,1.33,,,False,5.0,16.25,8.0,1.33,False,2.5,9.45,0.0,2395402.0,35664949.0,3.9,True,True,Perrigo Company plc Ordinary Shares,2,47.7,UNCLASSIFIED,,0.0,NONE,0.0,0.0,NONE,,True,0,NOT CHECKED,NONE,NEUTRAL,,,,NOT CHECKED,False,NOT CHECKED,NONE,0,,False,47.7,WATCHLIST,NOT CHECKED,,,,,,,,,False,,,False,,,,False,,,,False,NONE,False,False,0,,,,NOT CHECKED,NO LIVE SIGNAL,47.7,True
BLSH,36.56,REJECT,REJECT,"20/50 uptrend, rising EMA50, volume contraction",32,56,35,NO TRADE,WEAK,32.0,price<EMA20; EMA20>EMA50; EMA20 falling,48.5,64.7,0.34,11.57,2,True,5.89,49364562.0,32.95,30.1,34.38,23.96,39.56,20.55,37.1,20.55,48.93,39.73,RESISTANCE_BREAKOUT,BREAKOUT,0.44,,,0,,,0,False,False,37.34,ATR_FALLBACK,36.5,8.13,6.0,33.39,32.2,41.71,42.91,43.7,1.33,48.93,23.16,True,5.0,42.91,8.0,1.33,False,2.5,8.19,0.0,1512175.0,46266259.0,5.89,True,True,Bullish Ordinary Shares,0,47.6,UNCLASSIFIED,,0.0,NONE,0.0,0.0,NONE,,True,0,NOT CHECKED,NONE,NEUTRAL,,,,NOT CHECKED,False,NOT CHECKED,NONE,0,,False,47.6,NO TRADE,NOT CHECKED,,,,,,,,,False,,,False,,,,False,,,,False,NONE,False,False,0,,,,NOT CHECKED,NO LIVE SIGNAL,47.6,True
RBLX,50.7,DISCOVER,DISCOVER,"above EMA50, rising EMA50, compressed below 20d resistance, volume contraction",40,58,55,WATCHLIST,WEAK,32.0,price<EMA20; EMA20>EMA50; EMA20 falling,35.69,82.7,0.34,12.73,1,True,4.39,418584687.0,43.54,43.97,61.96,37.2,51.3,33.88,58.43,33.88,69.91,51.48,RESISTANCE_BREAKOUT,BREAKOUT,0.35,,,0,,,0,False,False,48.39,ATR_FALLBACK,48.14,6.49,6.0,43.18,38.26,54.05,55.6,56.63,1.33,58.43,13.5,True,5.0,55.6,8.0,1.33,False,2.5,1.18,0.0,10016342.0,375937054.0,4.7,True,True,Roblox Corporation Class A Common Stock,2,47.4,UNCLASSIFIED,,0.0,NONE,0.0,0.0,NONE,,True,0,NOT CHECKED,NONE,NEUTRAL,,,,NOT CHECKED,False,NOT CHECKED,NONE,0,,False,47.4,WATCHLIST,NOT CHECKED,,,,,,,,,False,,,False,,,,False,,,,False,NONE,False,False,0,,,,NOT CHECKED,NO LIVE SIGNAL,47.4,True
PGNY,27.88,REJECT,REJECT,"near EMA50 support, compressed below 20d resistance",30,54,0,NO TRADE,WEAK,32.0,price<EMA20; EMA20>EMA50; EMA20 falling,12.09,69.1,0.24,4.66,0,False,2.72,26746340.0,26.99,27.29,24.9,25.24,27.98,25.09,33.06,16.1,33.06,28.04,RESISTANCE_BREAKOUT,BREAKOUT,0.22,,,0,,,0,False,False,27.15,EMA50,27.29,2.68,3.17,25.87,25.46,29.44,30.28,30.84,2.52,33.06,17.92,True,5.0,30.28,8.0,2.52,True,2.5,0.36,0.0,1015353.0,27185545.0,2.66,True,True,"Progyny, Inc. - Common Stock",0,47.1,UNCLASSIFIED,,0.0,NONE,0.0,0.0,NONE,,True,0,NOT CHECKED,NONE,NEUTRAL,,,,NOT CHECKED,False,NOT CHECKED,NONE,0,,False,47.1,NO TRADE,NOT CHECKED,,,,,,,,,False,,,False,,,,False,,,,False,NONE,False,False,0,,,,NOT CHECKED,NO LIVE SIGNAL,47.1,False
DELL,544.65,REJECT,REJECT,"20/50 uptrend, rising EMA50",34,58,35,NO TRADE,WEAK,32.0,price<EMA20; EMA20>EMA50; EMA20 falling,15.54,65.0,0.76,15.81,2,True,6.35,4531818763.0,498.12,456.08,313.1,421.89,567.75,358.88,567.75,136.85,514.0,570.52,RESISTANCE_BREAKOUT,BREAKOUT,0.49,,,0,,,0,False,False,536.29,ATR_FALLBACK,518.62,9.1,6.0,506.25,421.89,599.04,616.16,627.57,1.33,,,False,5.0,616.16,8.0,1.33,False,2.5,4.24,0.0,9167014.0,3303215749.0,5.98,True,True,Dell Technologies Inc. Class C Common Stock ,0,47.0,UNCLASSIFIED,,0.0,NONE,0.0,0.0,NONE,,True,0,NOT CHECKED,NONE,NEUTRAL,,,,NOT CHECKED,False,NOT CHECKED,NONE,0,,False,47.0,NO TRADE,NOT CHECKED,,,,,,,,,False,,,False,,,,False,,,,False,NONE,False,False,0,,,,NOT CHECKED,NO LIVE SIGNAL,47.0,True
VLO,394.46,DISCOVER,DISCOVER,"20/50 uptrend, rising EMA50, compressed below 20d resistance",42,60,55,WATCHLIST,WEAK,32.0,price<EMA20; EMA20>EMA50; EMA20 falling,15.64,84.2,0.74,5.58,0,False,3.2,941411397.0,365.32,333.73,260.68,335.0,399.76,233.05,399.26,205.71,362.79,400.77,RESISTANCE_BREAKOUT,BREAKOUT,0.25,,,0,,,0,False,False,376.72,SWING5,375.1,6.4,6.0,375.1,351.18,420.81,432.83,440.85,1.33,,,False,5.0,432.83,8.0,1.33,False,2.5,1.34,0.0,2567642.0,866533858.0,3.01,True,True,Valero Energy Corporation Common Stock,2,47.0,UNCLASSIFIED,,0.0,NONE,0.0,0.0,NONE,,True,0,NOT CHECKED,NONE,NEUTRAL,,,,NOT CHECKED,False,NOT CHECKED,NONE,0,,False,47.0,WATCHLIST,NOT CHECKED,,,,,,,,,False,,,False,,,,False,,,,False,NONE,False,False,0,,,,NOT CHECKED,NO LIVE SIGNAL,47.0,False
TRMD,34.12,DISCOVER,DISCOVER,"20/50 uptrend, rising EMA50, 20d volume expansion",42,52,35,WATCHLIST,WEAK,32.0,price<EMA20; EMA20>EMA50; EMA20 falling,21.71,70.0,4.95,8.97,0,False,4.26,40810365.0,31.93,29.82,26.17,27.87,35.94,23.77,35.94,21.89,32.15,36.05,RESISTANCE_BREAKOUT,BREAKOUT,0.32,,,0,,,0,False,False,33.89,ATR_FALLBACK,33.87,6.05,6.0,32.13,30.08,37.86,38.94,39.66,1.33,,,False,5.0,38.94,8.0,1.33,False,2.5,5.33,0.0,1259654.0,29022462.0,3.04,True,True,TORM plc - Class A Common Stock,2,47.0,UNCLASSIFIED,,0.0,NONE,0.0,0.0,NONE,,True,0,NOT CHECKED,NONE,NEUTRAL,,,,NOT CHECKED,False,NOT CHECKED,NONE,0,,False,47.0,WATCHLIST,NOT CHECKED,,,,,,,,,False,,,False,,,,False,,,,False,NONE,False,False,0,,,,NOT CHECKED,NO LIVE SIGNAL,47.0,False
IBM,251.37,REJECT,REJECT,"above EMA50, near EMA200 pivot, compressed below 20d resistance",36,60,35,NO TRADE,WEAK,32.0,price<EMA20; EMA20>EMA50; EMA20 falling,11.87,64.8,0.36,3.96,0,False,2.63,1094809348.0,237.82,238.99,250.86,228.96,251.37,197.77,309.58,197.77,330.09,251.9,RESISTANCE_BREAKOUT,BREAKOUT,0.21,,,0,,,0,False,False,237.8,EMA50,238.99,5.12,5.6,230.2,229.1,264.49,272.05,277.09,1.43,309.58,22.9,True,5.0,272.05,8.0,1.43,False,2.5,0.0,0.0,4632846.0,1080088932.0,2.48,True,True,International Business Machines Corporation Common Stock,0,46.9,UNCLASSIFIED,,0.0,NONE,0.0,0.0,NONE,,True,0,NOT CHECKED,NONE,NEUTRAL,,,,NOT CHECKED,False,NOT CHECKED,NONE,0,,False,46.9,NO TRADE,NOT CHECKED,,,,,,,,,False,,,False,,,,False,,,,False,NONE,False,False,0,,,,NOT CHECKED,NO LIVE SIGNAL,46.9,False
MTDR,63.43,DISCOVER,DISCOVER,"20/50 uptrend, rising EMA50, compressed below 20d resistance",42,60,55,WATCHLIST,WEAK,32.0,price<EMA20; EMA20>EMA50; EMA20 falling,15.42,84.4,0.35,7.28,0,False,2.75,104141781.0,58.67,55.83,52.22,54.27,63.56,45.09,62.2,45.09,65.88,63.7,RESISTANCE_BREAKOUT,BREAKOUT,0.22,,,0,,,0,False,False,59.88,SWING5,59.54,6.53,6.0,59.54,56.81,66.88,68.8,70.07,1.33,65.88,3.43,False,5.0,65.88,3.43,0.57,False,2.5,0.2,0.0,1774102.0,99738075.0,2.72,True,True,Matador Resources Company Common Stock,2,46.9,UNCLASSIFIED,,0.0,NONE,0.0,0.0,NONE,,True,0,NOT CHECKED,NONE,NEUTRAL,,,,NOT CHECKED,False,NOT CHECKED,NONE,0,,False,46.9,WATCHLIST,NOT CHECKED,,,,,,,,,False,,,False,,,,False,,,,False,NONE,False,False,0,,,,NOT CHECKED,NO LIVE SIGNAL,46.9,False
CXW,35.24,DISCOVER,DISCOVER,"20/50 uptrend, rising EMA50, compressed below 20d resistance",42,62,35,WATCHLIST,WEAK,32.0,price<EMA20; EMA20>EMA50; EMA20 falling,6.96,63.7,0.43,4.75,0,False,3.55,55423060.0,33.82,32.03,25.8,31.01,35.3,28.5,35.3,17.15,34.86,35.4,RESISTANCE_BREAKOUT,BREAKOUT,0.28,,,0,,,0,False,False,33.59,EMA20,33.82,4.47,5.11,33.73,31.73,37.17,38.23,38.94,1.57,,,False,5.0,38.23,8.0,1.57,False,2.5,0.18,0.0,1637138.0,54614328.0,3.67,True,True,"CoreCivic, Inc. Common Stock",2,46.9,UNCLASSIFIED,,0.0,NONE,0.0,0.0,NONE,,True,0,NOT CHECKED,NONE,NEUTRAL,,,,NOT CHECKED,False,NOT CHECKED,NONE,0,,False,46.9,WATCHLIST,NOT CHECKED,,,,,,,,,False,,,False,,,,False,,,,False,NONE,False,False,0,,,,NOT CHECKED,NO LIVE SIGNAL,46.9,False
PEB,18.1,DISCOVER,DISCOVER,"above EMA50, near EMA50 support, compressed below 20d resistance, tight range",50,60,20,WATCHLIST,WEAK,32.0,price<EMA20; EMA20>EMA50; EMA20 falling,1.81,46.5,0.33,2.54,0,False,2.97,33998390.0,18.1,18.07,15.59,17.41,18.79,17.41,19.93,11.54,19.93,18.83,RESISTANCE_BREAKOUT,BREAKOUT,0.23,,,0,,,0,False,False,18.01,EMA20,18.1,3.88,4.39,17.46,17.41,19.77,20.34,20.72,1.82,19.93,5.82,True,5.0,19.93,5.82,1.33,False,2.5,3.81,0.0,1881242.0,31906471.0,2.79,True,True,Pebblebrook Hotel Trust Common Shares of Beneficial Interest,2,46.9,UNCLASSIFIED,,0.0,NONE,0.0,0.0,NONE,,True,0,NOT CHECKED,NONE,NEUTRAL,,,,NOT CHECKED,False,NOT CHECKED,NONE,0,,False,46.9,WATCHLIST,NOT CHECKED,,,,,,,,,False,,,False,,,,False,,,,False,NONE,False,False,0,,,,NOT CHECKED,NO LIVE SIGNAL,46.9,False
NE,46.76,DISCOVER,DISCOVER,"20/50 uptrend, rising EMA50, compressed below 20d resistance",42,62,35,WATCHLIST,WEAK,32.0,price<EMA20; EMA20>EMA50; EMA20 falling,6.6,55.2,0.5,6.82,0,False,3.6,49237610.0,45.22,44.19,41.22,43.53,48.01,36.38,48.01,36.38,53.83,48.14,RESISTANCE_BREAKOUT,BREAKOUT,0.28,,,0,,,0,False,False,45.25,EMA20,45.22,6.06,6.0,43.53,43.53,50.55,51.99,52.95,1.33,53.83,11.81,True,5.0,51.99,8.0,1.33,False,2.5,2.67,0.0,1077814.0,50271830.0,3.33,True,True,Noble Corporation plc A Ordinary Shares,2,46.8,UNCLASSIFIED,,0.0,NONE,0.0,0.0,NONE,,True,0,NOT CHECKED,NONE,NEUTRAL,,,,NOT CHECKED,False,NOT CHECKED,NONE,0,,False,46.8,WATCHLIST,NOT CHECKED,,,,,,,,,False,,,False,,,,False,,,,False,NONE,False,False,0,,,,NOT CHECKED,NO LIVE SIGNAL,46.8,False
ACN,197.25,REJECT,REJECT,"20/50 uptrend, rising EMA50, volume contraction",32,56,35,NO TRADE,WEAK,32.0,price<EMA20; EMA20>EMA50; EMA20 falling,18.07,58.6,0.46,6.04,0,False,3.28,849587714.0,183.87,174.92,189.17,170.43,195.47,116.75,195.32,116.75,214.19,197.25,RESISTANCE_BREAKOUT,BREAKOUT,0.91,,,0,,,0,False,False,186.38,ATR_FALLBACK,187.55,4.92,5.51,175.49,175.49,207.11,213.03,216.98,1.45,214.19,8.59,True,5.0,213.03,8.0,1.45,False,2.5,-0.9,0.91,4589943.0,846081970.0,3.29,True,True,Accenture plc Class A Ordinary Shares (Ireland),0,46.6,UNCLASSIFIED,,0.0,NONE,0.0,0.0,NONE,,True,0,NOT CHECKED,NONE,NEUTRAL,,,,NOT CHECKED,False,NOT CHECKED,NONE,0,,False,46.6,NO TRADE,NOT CHECKED,,,,,,,,,False,,,False,,,,False,,,,False,NONE,False,False,0,,,,NOT CHECKED,NO LIVE SIGNAL,46.6,False
DT,55.23,REJECT,REJECT,"20/50 uptrend, rising EMA50, volume contraction",32,56,35,NO TRADE,WEAK,32.0,price<EMA20; EMA20>EMA50; EMA20 falling,18.03,64.1,0.51,11.27,1,True,3.47,329412893.0,51.37,48.57,44.26,47.5,54.83,39.65,54.83,31.64,54.83,55.23,RESISTANCE_BREAKOUT,BREAKOUT,0.72,,,0,,,0,False,False,52.01,ATR_FALLBACK,52.36,5.2,5.83,49.56,49.56,57.99,59.65,60.75,1.37,,,False,5.0,59.65,8.0,1.37,False,2.5,-0.72,0.72,6417954.0,279981303.0,3.07,True,True,"Dynatrace, Inc. Common Stock",0,46.6,UNCLASSIFIED,,0.0,NONE,0.0,0.0,NONE,,True,0,NOT CHECKED,NONE,NEUTRAL,,,,NOT CHECKED,False,NOT CHECKED,NONE,0,,False,46.6,NO TRADE,NOT CHECKED,,,,,,,,,False,,,False,,,,False,,,,False,NONE,False,False,0,,,,NOT CHECKED,NO LIVE SIGNAL,46.6,True
VG,15.49,REJECT,REJECT,"20/50 uptrend, rising EMA50",34,58,35,NO TRADE,WEAK,32.0,price<EMA20; EMA20>EMA50; EMA20 falling,14.72,66.0,0.46,9.25,0,False,4.45,202005613.0,14.73,13.98,12.6,13.7,16.3,10.26,15.99,10.26,17.6,16.36,RESISTANCE_BREAKOUT,BREAKOUT,0.34,,,0,,,0,False,False,15.37,ATR_FALLBACK,15.32,6.32,6.0,14.53,14.26,17.17,17.66,17.99,1.33,17.6,7.59,True,5.0,17.6,7.59,1.26,False,2.5,5.2,0.0,13695246.0,197726329.0,3.97,True,True,"Venture Global, Inc. Class A common stock",0,46.6,UNCLASSIFIED,,0.0,NONE,0.0,0.0,NONE,,True,0,NOT CHECKED,NONE,NEUTRAL,,,,NOT CHECKED,False,NOT CHECKED,NONE,0,,False,46.6,NO TRADE,NOT CHECKED,,,,,,,,,False,,,False,,,,False,,,,False,NONE,False,False,0,,,,NOT CHECKED,NO LIVE SIGNAL,46.6,False
EQX,11.77,DISCOVER,DISCOVER,"above EMA50, rising EMA50, near EMA50 support, near EMA200 pivot, volume contraction, low-volume pullback",52,62,35,WATCHLIST,WEAK,32.0,price<EMA20; EMA20>EMA50; EMA20 falling,2.06,27.5,0.41,10.79,1,True,4.64,148789026.0,12.31,11.77,12.23,11.38,14.08,8.47,14.08,8.47,18.86,14.12,RESISTANCE_BREAKOUT,BREAKOUT,0.31,,,0,,,0,False,False,13.28,ATR_FALLBACK,13.3,5.8,6.0,11.72,11.72,14.83,15.25,15.54,1.33,18.86,33.54,True,5.0,15.25,8.0,1.33,False,2.5,19.63,0.0,11565940.0,145065929.0,3.48,True,True,Equinox Gold Corp. Common Shares,2,46.5,UNCLASSIFIED,,0.0,NONE,0.0,0.0,NONE,,True,0,NOT CHECKED,NONE,NEUTRAL,,,,NOT CHECKED,False,NOT CHECKED,NONE,0,,False,46.5,WATCHLIST,NOT CHECKED,,,,,,,,,False,,,False,,,,False,,,,False,NONE,False,False,0,,,,NOT CHECKED,NO LIVE SIGNAL,46.5,True
NTRA,348.76,REJECT,REJECT,"20/50 uptrend, rising EMA50, volume contraction",32,56,20,NO TRADE,WEAK,32.0,price<EMA20; EMA20>EMA50; EMA20 falling,13.03,59.4,0.84,21.37,1,True,2.92,366897576.0,325.75,301.93,246.49,310.38,343.18,219.5,343.18,181.0,343.18,348.76,RESISTANCE_BREAKOUT,BREAKOUT,1.63,,,0,,,0,False,False,331.64,ATR_FALLBACK,333.47,4.38,4.91,320.65,316.0,366.2,376.66,383.64,1.63,,,False,5.0,376.66,8.0,1.63,False,2.5,-1.6,1.63,1114966.0,351077214.0,3.19,True,True,"Natera, Inc. - Common Stock",0,46.3,UNCLASSIFIED,,0.0,NONE,0.0,0.0,NONE,,True,0,NOT CHECKED,NONE,NEUTRAL,,,,NOT CHECKED,False,NOT CHECKED,NONE,0,,False,46.3,NO TRADE,NOT CHECKED,,,,,,,,,False,,,False,,,,False,,,,False,NONE,False,False,0,,,,NOT CHECKED,NO LIVE SIGNAL,46.3,True
FIVE,237.56,DISCOVER,DISCOVER,"above EMA50, rising EMA50, near EMA50 support, tight range, volume contraction, low-volume pullback",52,62,35,WATCHLIST,WEAK,32.0,price<EMA20; EMA20>EMA50; EMA20 falling,1.61,35.7,0.38,5.89,0,False,4.52,300200667.0,243.25,231.79,208.45,234.55,263.88,173.1,263.88,173.1,263.88,264.74,RESISTANCE_BREAKOUT,BREAKOUT,0.33,,,0,,,0,False,False,248.85,ATR_FALLBACK,248.64,6.08,6.0,240.83,236.95,277.98,285.92,291.21,1.33,,,False,5.0,285.92,8.0,1.33,False,2.5,11.08,0.0,1211817.0,267333261.0,4.16,True,True,"Five Below, Inc. - Common Stock",2,46.3,UNCLASSIFIED,,0.0,NONE,0.0,0.0,NONE,,True,0,NOT CHECKED,NONE,NEUTRAL,,,,NOT CHECKED,False,NOT CHECKED,NONE,0,,False,46.3,WATCHLIST,NOT CHECKED,,,,,,,,,False,,,False,,,,False,,,,False,NONE,False,False,0,,,,NOT CHECKED,NO LIVE SIGNAL,46.3,False
WTTR,20.62,DISCOVER,DISCOVER,"20/50 uptrend, rising EMA50, tight range",52,64,35,WATCHLIST,WEAK,32.0,price<EMA20; EMA20>EMA50; EMA20 falling,-1.23,66.4,0.3,20.32,1,True,3.64,25070601.0,20.15,19.74,16.56,18.39,21.61,17.59,22.47,12.81,22.47,21.67,RESISTANCE_BREAKOUT,BREAKOUT,0.28,,,0,,,0,False,False,20.41,ATR_FALLBACK,20.54,5.2,5.82,19.89,19.11,22.75,23.4,23.84,1.37,22.47,3.71,False,5.0,22.47,3.71,0.64,False,2.5,4.78,0.0,1255302.0,25087596.0,3.71,True,True,"Select Water Solutions, Inc. Class A common stock",2,46.1,UNCLASSIFIED,,0.0,NONE,0.0,0.0,NONE,,True,0,NOT CHECKED,NONE,NEUTRAL,,,,NOT CHECKED,False,NOT CHECKED,NONE,0,,False,46.1,WATCHLIST,NOT CHECKED,,,,,,,,,False,,,False,,,,False,,,,False,NONE,False,False,0,,,,NOT CHECKED,NO LIVE SIGNAL,46.1,True
NVAX,9.32,REJECT,REJECT,"above EMA50, rising EMA50, volume contraction, low-volume pullback",36,54,35,NO TRADE,WEAK,32.0,price<EMA20; EMA20>EMA50; EMA20 falling,17.51,48.2,0.32,10.84,1,True,6.48,53610480.0,9.35,8.97,8.71,7.84,10.75,7.15,10.75,7.15,11.61,10.8,RESISTANCE_BREAKOUT,BREAKOUT,0.45,,,0,,,0,False,False,10.15,ATR_FALLBACK,9.89,8.39,6.0,9.11,9.09,11.34,11.66,11.88,1.33,11.61,7.52,True,5.0,11.61,7.52,1.25,False,2.5,15.34,0.0,5693134.0,51340618.0,6.29,True,True,"Novavax, Inc. - Common Stock",0,45.8,UNCLASSIFIED,,0.0,NONE,0.0,0.0,NONE,,True,0,NOT CHECKED,NONE,NEUTRAL,,,,NOT CHECKED,False,NOT CHECKED,NONE,0,,False,45.8,NO TRADE,NOT CHECKED,,,,,,,,,False,,,False,,,,False,,,,False,NONE,False,False,0,,,,NOT CHECKED,NO LIVE SIGNAL,45.8,True
OPLN,35.04,DISCOVER,DISCOVER,"compressed below 20d resistance, tight range, volume contraction, low-volume pullback",44,60,20,WATCHLIST,WEAK,32.0,price<EMA20; EMA20>EMA50; EMA20 falling,1.9,55.8,0.25,2.81,0,False,2.42,41574217.0,35.36,36.25,33.9,33.11,35.92,33.11,42.9,26.3,42.9,35.99,RESISTANCE_BREAKOUT,BREAKOUT,0.19,,,0,,,0,False,False,35.2,EMA20,35.36,1.76,2.18,34.44,34.44,37.79,38.87,39.59,3.67,42.9,19.21,True,5.0,38.87,8.0,3.67,True,2.5,2.5,0.0,1200746.0,36324357.0,2.47,True,True,"OPENLANE, Inc. Common Stock",2,45.8,UNCLASSIFIED,,0.0,NONE,0.0,0.0,NONE,,True,0,NOT CHECKED,NONE,NEUTRAL,,,,NOT CHECKED,False,NOT CHECKED,NONE,0,,False,45.8,WATCHLIST,NOT CHECKED,,,,,,,,,False,,,False,,,,False,,,,False,NONE,False,False,0,,,,NOT CHECKED,NO LIVE SIGNAL,45.8,False
ADPT,25.19,DISCOVER,DISCOVER,"20/50 uptrend, rising EMA50, tight range, volume contraction",50,60,35,WATCHLIST,WEAK,32.0,price<EMA20; EMA20>EMA50; EMA20 falling,3.72,38.3,0.53,6.23,0,False,3.97,40096836.0,24.69,23.42,18.87,23.53,26.87,17.13,26.87,12.0,26.87,26.95,RESISTANCE_BREAKOUT,BREAKOUT,0.3,,,0,,,0,False,False,25.33,ATR_FALLBACK,25.45,5.56,6.0,23.53,23.53,28.3,29.11,29.64,1.33,,,False,5.0,29.11,8.0,1.33,False,2.5,6.67,0.0,1598228.0,39728223.0,4.08,True,True,Adaptive Biotechnologies Corporation - Common Stock,2,45.6,UNCLASSIFIED,,0.0,NONE,0.0,0.0,NONE,,True,0,NOT CHECKED,NONE,NEUTRAL,,,,NOT CHECKED,False,NOT CHECKED,NONE,0,,False,45.6,WATCHLIST,NOT CHECKED,,,,,,,,,False,,,False,,,,False,,,,False,NONE,False,False,0,,,,NOT CHECKED,NO LIVE SIGNAL,45.6,False
FIVN,33.6,DISCOVER,DISCOVER,"20/50 uptrend, rising EMA50, volume contraction",40,60,35,WATCHLIST,WEAK,32.0,price<EMA20; EMA20>EMA50; EMA20 falling,7.51,55.2,0.73,19.81,1,True,4.96,47949040.0,32.04,29.75,24.26,30.1,35.18,18.15,35.18,13.29,35.17,35.31,RESISTANCE_BREAKOUT,BREAKOUT,0.38,,,0,,,0,False,False,33.19,ATR_FALLBACK,32.81,7.07,6.0,30.1,30.1,37.08,38.14,38.84,1.33,,,False,5.0,38.14,8.0,1.33,False,2.5,4.72,0.0,1465179.0,48782324.0,4.52,True,True,"Five9, Inc. - Common Stock",2,45.5,UNCLASSIFIED,,0.0,NONE,0.0,0.0,NONE,,True,0,NOT CHECKED,NONE,NEUTRAL,,,,NOT CHECKED,False,NOT CHECKED,NONE,0,,False,45.5,WATCHLIST,NOT CHECKED,,,,,,,,,False,,,False,,,,False,,,,False,NONE,False,False,0,,,,NOT CHECKED,NO LIVE SIGNAL,45.5,True
RNG,72.79,REJECT,REJECT,"20/50 uptrend, rising EMA50, volume contraction",32,56,35,NO TRADE,WEAK,32.0,price<EMA20; EMA20>EMA50; EMA20 falling,15.64,66.3,0.38,7.79,0,False,4.22,95341121.0,68.65,60.9,45.15,63.0,77.95,33.35,77.95,32.93,70.43,78.2,RESISTANCE_BREAKOUT,BREAKOUT,0.32,,,0,,,0,False,False,73.5,ATR_FALLBACK,73.59,5.9,6.0,67.97,67.97,82.11,84.45,86.02,1.33,,,False,5.0,84.45,8.0,1.33,False,2.5,7.09,0.0,1374400.0,97018960.0,3.99,True,True,"RingCentral, Inc. Class A Common Stock",0,45.4,UNCLASSIFIED,,0.0,NONE,0.0,0.0,NONE,,True,0,NOT CHECKED,NONE,NEUTRAL,,,,NOT CHECKED,False,NOT CHECKED,NONE,0,,False,45.4,NO TRADE,NOT CHECKED,,,,,,,,,False,,,False,,,,False,,,,False,NONE,False,False,0,,,,NOT CHECKED,NO LIVE SIGNAL,45.4,False
DLO,14.61,DISCOVER,DISCOVER,"above EMA50, rising EMA50, near EMA50 support, volume contraction, low-volume pullback",42,56,20,WATCHLIST,WEAK,32.0,price<EMA20; EMA20>EMA50; EMA20 falling,7.06,36.2,0.23,5.79,0,False,3.25,34649369.0,14.9,14.55,13.72,13.58,16.15,11.94,16.15,10.46,15.76,16.19,RESISTANCE_BREAKOUT,BREAKOUT,0.24,,,0,,,0,False,False,15.39,ATR_FALLBACK,15.47,4.41,4.93,14.37,14.37,17.0,17.48,17.81,1.62,,,False,5.0,17.48,8.0,1.62,False,2.5,10.54,0.0,2328218.0,29113428.0,3.09,True,True,DLocal Limited - Class A Common Shares,2,45.3,UNCLASSIFIED,,0.0,NONE,0.0,0.0,NONE,,True,0,NOT CHECKED,NONE,NEUTRAL,,,,NOT CHECKED,False,NOT CHECKED,NONE,0,,False,45.3,WATCHLIST,NOT CHECKED,,,,,,,,,False,,,False,,,,False,,,,False,NONE,False,False,0,,,,NOT CHECKED,NO LIVE SIGNAL,45.3,False
IOT,42.81,REJECT,REJECT,"20/50 uptrend, rising EMA50",34,58,35,NO TRADE,WEAK,32.0,price<EMA20; EMA20>EMA50; EMA20 falling,11.81,60.4,0.34,11.8,1,True,6.03,293859555.0,39.82,38.23,35.45,36.67,45.12,28.77,45.12,25.1,42.68,45.33,RESISTANCE_BREAKOUT,BREAKOUT,0.46,,,0,,,0,False,False,42.61,ATR_FALLBACK,41.45,8.54,6.0,37.31,36.67,47.59,48.95,49.86,1.33,,,False,5.0,48.95,8.0,1.33,False,2.5,5.38,0.0,7377598.0,219491116.0,5.39,True,True,Samsara Inc. Class A Common Stock,0,45.2,UNCLASSIFIED,,0.0,NONE,0.0,0.0,NONE,,True,0,NOT CHECKED,NONE,NEUTRAL,,,,NOT CHECKED,False,NOT CHECKED,NONE,0,,False,45.2,NO TRADE,NOT CHECKED,,,,,,,,,False,,,False,,,,False,,,,False,NONE,False,False,0,,,,NOT CHECKED,NO LIVE SIGNAL,45.2,True
ANET,191.03,DISCOVER,DISCOVER,"above EMA50, rising EMA50, near EMA50 support, tight range, volume contraction, low-volume pullback",52,64,35,WATCHLIST,WEAK,32.0,price<EMA20; EMA20>EMA50; EMA20 falling,-3.31,50.1,0.4,6.39,0,False,4.1,938778422.0,191.84,185.57,163.16,181.27,206.13,154.74,214.89,115.42,214.89,206.76,RESISTANCE_BREAKOUT,BREAKOUT,0.3,,,0,,,0,False,False,194.35,ATR_FALLBACK,195.02,5.68,6.0,186.11,181.27,217.09,223.3,227.43,1.33,214.89,3.93,False,5.0,214.89,3.93,0.66,False,2.5,7.9,0.0,4881873.0,880856686.0,3.45,True,True,"Arista Networks, Inc. Common Stock",2,45.1,UNCLASSIFIED,,0.0,NONE,0.0,0.0,NONE,,True,0,NOT CHECKED,NONE,NEUTRAL,,,,NOT CHECKED,False,NOT CHECKED,NONE,0,,False,45.1,WATCHLIST,NOT CHECKED,,,,,,,,,False,,,False,,,,False,,,,False,NONE,False,False,0,,,,NOT CHECKED,NO LIVE SIGNAL,45.1,False
CHRW,156.68,DISCOVER,DISCOVER,"near EMA50 support, near EMA200 pivot, compressed below 20d resistance",40,58,40,WATCHLIST,WEAK,32.0,price<EMA20; EMA20>EMA50; EMA20 falling,10.71,74.4,0.27,5.62,0,False,2.56,183041762.0,151.44,158.74,164.48,140.63,157.82,140.63,209.43,140.63,209.43,158.14,RESISTANCE_BREAKOUT,BREAKOUT,0.2,,,0,,,0,False,False,150.72,EMA20,151.44,4.24,4.69,147.45,143.4,166.05,170.79,173.95,1.7,209.43,32.43,True,5.0,170.79,8.0,1.7,False,2.5,0.73,0.0,1232698.0,164064686.0,2.5,True,True,"C.H. Robinson Worldwide, Inc. - Common Stock",2,45.1,UNCLASSIFIED,,0.0,NONE,0.0,0.0,NONE,,True,0,NOT CHECKED,NONE,NEUTRAL,,,,NOT CHECKED,False,NOT CHECKED,NONE,0,,False,45.1,WATCHLIST,NOT CHECKED,,,,,,,,,False,,,False,,,,False,,,,False,NONE,False,False,0,,,,NOT CHECKED,NO LIVE SIGNAL,45.1,False
VISN,6.62,DISCOVER,DISCOVER,"near EMA50 support, compressed below 20d resistance, tight range, volume contraction",46,62,35,WATCHLIST,WEAK,32.0,price<EMA20; EMA20>EMA50; EMA20 falling,1.69,58.2,0.32,8.32,0,False,4.24,58737846.0,6.45,6.54,6.05,6.0,6.85,5.73,7.42,4.62,7.54,6.87,RESISTANCE_BREAKOUT,BREAKOUT,0.33,,,0,,,0,False,False,6.49,EMA50,6.54,4.78,5.52,6.32,6.07,7.22,7.42,7.56,1.45,7.42,7.92,True,5.0,7.42,7.92,1.44,False,2.5,3.4,0.0,9272639.0,49240824.0,3.7,True,True,"Vistance Networks, Inc.  - Common Stock",2,45.1,UNCLASSIFIED,,0.0,NONE,0.0,0.0,NONE,,True,0,NOT CHECKED,NONE,NEUTRAL,,,,NOT CHECKED,False,NOT CHECKED,NONE,0,,False,45.1,WATCHLIST,NOT CHECKED,,,,,,,,,False,,,False,,,,False,,,,False,NONE,False,False,0,,,,NOT CHECKED,NO LIVE SIGNAL,45.1,False
BR,171.39,DISCOVER,DISCOVER,"above EMA50, rising EMA50, near EMA200 pivot, volume contraction, low-volume pullback",46,56,20,WATCHLIST,WEAK,32.0,price<EMA20; EMA20>EMA50; EMA20 falling,4.77,31.8,0.24,7.04,0,False,2.73,188729118.0,172.51,166.3,174.68,164.7,185.77,133.01,185.77,133.01,193.79,186.14,RESISTANCE_BREAKOUT,BREAKOUT,0.2,,,0,,,0,False,False,178.29,ATR_FALLBACK,179.13,3.76,4.22,164.7,164.7,195.45,201.03,204.75,1.9,193.79,4.11,False,5.0,193.79,4.11,0.97,False,2.5,8.39,0.0,1070898.0,202986478.0,2.5,True,True,"Broadridge Financial Solutions, Inc. Common Stock",2,45.0,UNCLASSIFIED,,0.0,NONE,0.0,0.0,NONE,,True,0,NOT CHECKED,NONE,NEUTRAL,,,,NOT CHECKED,False,NOT CHECKED,NONE,0,,False,45.0,WATCHLIST,NOT CHECKED,,,,,,,,,False,,,False,,,,False,,,,False,NONE,False,False,0,,,,NOT CHECKED,NO LIVE SIGNAL,45.0,False
CLF,11.64,DISCOVER,DISCOVER,"above EMA50, rising EMA50, near EMA50 support, near EMA200 pivot, volume contraction, low-volume pullback",52,64,35,WATCHLIST,WEAK,32.0,price<EMA20; EMA20>EMA50; EMA20 falling,-3.46,51.8,0.31,9.71,0,False,4.19,159152819.0,11.83,11.58,11.41,10.42,12.81,8.84,12.86,7.73,15.06,12.85,RESISTANCE_BREAKOUT,BREAKOUT,0.3,,,0,,,0,False,False,12.08,ATR_FALLBACK,12.12,5.69,6.0,11.54,11.27,13.49,13.88,14.13,1.33,12.86,0.09,False,5.0,12.86,0.09,0.01,False,2.5,10.1,0.0,13698202.0,141937537.0,5.01,True,True,Cleveland-Cliffs Inc. Common Stock,2,45.0,UNCLASSIFIED,,0.0,NONE,0.0,0.0,NONE,,True,0,NOT CHECKED,NONE,NEUTRAL,,,,NOT CHECKED,False,NOT CHECKED,NONE,0,,False,45.0,WATCHLIST,NOT CHECKED,,,,,,,,,False,,,False,,,,False,,,,False,NONE,False,False,0,,,,NOT CHECKED,NO LIVE SIGNAL,45.0,False
TENB,38.55,REJECT,REJECT,"20/50 uptrend, compressed below 20d resistance",34,58,35,NO TRADE,WEAK,32.0,price<EMA20; EMA20>EMA50; EMA20 falling,11.26,62.9,0.62,16.51,2,True,6.66,183811875.0,34.81,34.2,29.22,29.97,38.7,25.73,43.67,15.73,43.67,38.91,RESISTANCE_BREAKOUT,BREAKOUT,0.53,,,0,,,0,False,False,36.57,ATR_FALLBACK,35.05,9.9,6.0,29.97,29.97,40.85,42.02,42.8,1.33,43.67,12.25,True,5.0,42.02,8.0,1.33,False,2.5,0.39,0.0,5267440.0,113311781.0,6.1,True,True,"Tenable Holdings, Inc. - Common Stock",0,44.9,UNCLASSIFIED,,0.0,NONE,0.0,0.0,NONE,,True,0,NOT CHECKED,NONE,NEUTRAL,,,,NOT CHECKED,False,NOT CHECKED,NONE,0,,False,44.9,NO TRADE,NOT CHECKED,,,,,,,,,False,,,False,,,,False,,,,False,NONE,False,False,0,,,,NOT CHECKED,NO LIVE SIGNAL,44.9,True
BTE,5.16,REJECT,REJECT,"20/50 uptrend, rising EMA50, tight range",36,54,35,NO TRADE,WEAK,32.0,price<EMA20; EMA20>EMA50; EMA20 falling,15.54,74.0,0.67,4.78,0,False,3.24,71996289.0,4.86,4.63,4.09,4.51,5.13,3.84,5.12,3.75,5.34,5.16,RESISTANCE_BREAKOUT,BREAKOUT,0.68,,,0,,,0,False,False,4.86,SWING5,4.88,5.52,6.0,4.88,4.76,5.42,5.58,5.68,1.33,5.34,3.42,False,5.0,5.34,3.42,0.57,False,2.5,-0.68,0.68,14701261.0,69259306.0,3.06,True,True,Baytex Energy Corp Common Shares,0,44.8,UNCLASSIFIED,,0.0,NONE,0.0,0.0,NONE,,True,0,NOT CHECKED,NONE,NEUTRAL,,,,NOT CHECKED,False,NOT CHECKED,NONE,0,,False,44.8,NO TRADE,NOT CHECKED,,,,,,,,,False,,,False,,,,False,,,,False,NONE,False,False,0,,,,NOT CHECKED,NO LIVE SIGNAL,44.8,False
WMB,71.58,DISCOVER,DISCOVER,"rising EMA50, near EMA50 support, tight range, volume contraction, low-volume pullback",50,66,55,WATCHLIST,WEAK,32.0,price<EMA20; EMA20>EMA50; EMA20 falling,0.19,53.8,0.28,4.68,0,False,2.88,537729465.0,72.95,72.78,69.58,69.1,76.31,68.03,78.43,68.03,78.92,76.47,RESISTANCE_BREAKOUT,BREAKOUT,0.22,,,0,,,0,False,False,72.58,EMA20,72.95,4.6,5.09,70.89,70.89,80.29,82.59,84.12,1.57,78.43,2.56,False,5.0,78.43,2.56,0.5,False,2.5,6.6,0.0,7347183.0,511574242.0,2.9,True,True,"Williams Companies, Inc. (The) Common Stock",2,44.7,UNCLASSIFIED,,0.0,NONE,0.0,0.0,NONE,,True,0,NOT CHECKED,NONE,NEUTRAL,,,,NOT CHECKED,False,NOT CHECKED,NONE,0,,False,44.7,WATCHLIST,NOT CHECKED,,,,,,,,,False,,,False,,,,False,,,,False,NONE,False,False,0,,,,NOT CHECKED,NO LIVE SIGNAL,44.7,False
DXCM,87.08,DISCOVER,DISCOVER,"20/50 uptrend, rising EMA50, volume contraction",48,58,20,WATCHLIST,WEAK,32.0,price<EMA20; EMA20>EMA50; EMA20 falling,0.13,43.4,0.49,3.42,0,False,2.91,320069152.0,86.69,83.34,74.62,82.29,92.59,67.3,92.59,56.72,92.59,92.79,RESISTANCE_BREAKOUT,BREAKOUT,0.22,,,0,,,0,False,False,88.54,ATR_FALLBACK,89.0,4.09,4.58,82.29,82.29,97.43,100.22,102.07,1.75,,,False,5.0,100.22,8.0,1.75,False,2.5,6.33,0.0,3624818.0,286132378.0,2.69,True,True,"DexCom, Inc. - Common Stock",2,44.4,UNCLASSIFIED,,0.0,NONE,0.0,0.0,NONE,,True,0,NOT CHECKED,NONE,NEUTRAL,,,,NOT CHECKED,False,NOT CHECKED,NONE,0,,False,44.4,WATCHLIST,NOT CHECKED,,,,,,,,,False,,,False,,,,False,,,,False,NONE,False,False,0,,,,NOT CHECKED,NO LIVE SIGNAL,44.4,False
BDX,185.8,DISCOVER,DISCOVER,"20/50 uptrend, rising EMA50, compressed below 20d resistance, volume contraction",48,58,35,WATCHLIST,WEAK,32.0,price<EMA20; EMA20>EMA50; EMA20 falling,4.67,45.2,0.45,3.78,0,False,2.28,298285399.0,181.85,174.2,159.6,175.2,191.94,139.29,191.94,139.29,191.94,192.28,RESISTANCE_BREAKOUT,BREAKOUT,0.18,,,0,,,0,False,False,181.09,EMA20,181.85,5.42,5.82,175.2,175.2,201.89,207.66,211.5,1.38,,,False,5.0,207.66,8.0,1.38,False,2.5,3.3,0.0,1612841.0,278323200.0,2.16,True,True,"Becton, Dickinson and Company Common Stock",2,44.4,UNCLASSIFIED,,0.0,NONE,0.0,0.0,NONE,,True,0,NOT CHECKED,NONE,NEUTRAL,,,,NOT CHECKED,False,NOT CHECKED,NONE,0,,False,44.4,WATCHLIST,NOT CHECKED,,,,,,,,,False,,,False,,,,False,,,,False,NONE,False,False,0,,,,NOT CHECKED,NO LIVE SIGNAL,44.4,False
DAN,30.3,DISCOVER,DISCOVER,"above EMA50, rising EMA50, near EMA50 support, volume contraction, low-volume pullback",50,62,35,WATCHLIST,WEAK,32.0,price<EMA20; EMA20>EMA50; EMA20 falling,-1.32,51.0,0.32,4.92,0,False,2.92,37629548.0,30.4,29.96,29.14,29.06,32.3,24.49,32.3,24.49,39.25,32.37,RESISTANCE_BREAKOUT,BREAKOUT,0.22,,,0,,,0,False,False,30.43,EMA20,30.4,6.09,6.0,29.9,29.06,33.99,34.96,35.61,1.33,39.25,21.25,True,5.0,34.96,8.0,1.33,False,2.5,6.6,0.0,1228037.0,36916357.0,2.76,True,True,Dana Incorporated Common Stock ,2,44.4,UNCLASSIFIED,,0.0,NONE,0.0,0.0,NONE,,True,0,NOT CHECKED,NONE,NEUTRAL,,,,NOT CHECKED,False,NOT CHECKED,NONE,0,,False,44.4,WATCHLIST,NOT CHECKED,,,,,,,,,False,,,False,,,,False,,,,False,NONE,False,False,0,,,,NOT CHECKED,NO LIVE SIGNAL,44.4,False
SAIL,20.08,REJECT,REJECT,"20/50 uptrend, rising EMA50",34,58,35,NO TRADE,WEAK,32.0,price<EMA20; EMA20>EMA50; EMA20 falling,10.01,58.9,1.02,15.31,2,True,7.28,75306567.0,18.63,17.65,16.83,16.62,21.36,12.4,21.36,10.3,21.36,21.48,RESISTANCE_BREAKOUT,BREAKOUT,0.55,,,0,,,0,False,False,20.19,ATR_FALLBACK,19.29,10.21,6.0,16.62,16.62,22.56,23.2,23.63,1.33,,,False,5.0,23.2,8.0,1.33,False,2.5,6.43,0.0,3983994.0,57333562.0,5.98,True,True,"SailPoint, Inc. - Common Stock",0,44.3,UNCLASSIFIED,,0.0,NONE,0.0,0.0,NONE,,True,0,NOT CHECKED,NONE,NEUTRAL,,,,NOT CHECKED,False,NOT CHECKED,NONE,0,,False,44.3,NO TRADE,NOT CHECKED,,,,,,,,,False,,,False,,,,False,,,,False,NONE,False,False,0,,,,NOT CHECKED,NO LIVE SIGNAL,44.3,True
EXLS,36.61,DISCOVER,DISCOVER,"20/50 uptrend, rising EMA50, volume contraction",40,54,20,WATCHLIST,WEAK,32.0,price<EMA20; EMA20>EMA50; EMA20 falling,7.96,44.4,0.17,4.37,0,False,2.66,70902480.0,36.01,34.14,33.84,34.33,38.86,24.85,38.86,24.85,38.86,38.94,RESISTANCE_BREAKOUT,BREAKOUT,0.2,,,0,,,0,False,False,37.3,ATR_FALLBACK,37.48,3.75,4.2,34.33,34.33,40.88,42.05,42.83,1.9,,,False,5.0,42.05,8.0,1.9,False,2.5,6.15,0.0,1922316.0,70410071.0,2.6,True,True,"ExlService Holdings, Inc. - Common Stock",2,44.1,UNCLASSIFIED,,0.0,NONE,0.0,0.0,NONE,,True,0,NOT CHECKED,NONE,NEUTRAL,,,,NOT CHECKED,False,NOT CHECKED,NONE,0,,False,44.1,WATCHLIST,NOT CHECKED,,,,,,,,,False,,,False,,,,False,,,,False,NONE,False,False,0,,,,NOT CHECKED,NO LIVE SIGNAL,44.1,False
SLM,26.0,DISCOVER,DISCOVER,"above EMA50, rising EMA50, near EMA50 support, tight range, volume contraction, low-volume pullback",52,58,20,WATCHLIST,WEAK,32.0,price<EMA20; EMA20>EMA50; EMA20 falling,-2.21,46.9,0.35,2.98,0,False,2.65,41917745.0,26.26,25.8,24.78,25.33,27.28,22.44,28.13,17.46,28.13,27.33,RESISTANCE_BREAKOUT,BREAKOUT,0.2,,,0,,,0,False,False,26.13,EMA20,26.26,3.93,4.38,25.33,25.33,28.7,29.52,30.06,1.83,28.13,2.93,False,5.0,28.13,2.93,0.67,False,2.5,7.38,0.0,1597023.0,41990717.0,2.41,True,True,SLM Corporation - Common Stock,2,44.0,UNCLASSIFIED,,0.0,NONE,0.0,0.0,NONE,,True,0,NOT CHECKED,NONE,NEUTRAL,,,,NOT CHECKED,False,NOT CHECKED,NONE,0,,False,44.0,WATCHLIST,NOT CHECKED,,,,,,,,,False,,,False,,,,False,,,,False,NONE,False,False,0,,,,NOT CHECKED,NO LIVE SIGNAL,44.0,False
GGB,5.05,DISCOVER,DISCOVER,"20/50 uptrend, rising EMA50, compressed below 20d resistance",42,56,35,WATCHLIST,WEAK,32.0,price<EMA20; EMA20>EMA50; EMA20 falling,8.45,72.1,0.45,5.97,0,False,3.56,53068124.0,4.85,4.71,4.24,4.14,5.17,3.92,5.17,3.08,5.13,5.18,RESISTANCE_BREAKOUT,BREAKOUT,0.28,,,0,,,0,False,False,4.87,SWING5,4.86,6.26,6.0,4.86,4.57,5.44,5.6,5.7,1.33,,,False,5.0,5.6,8.0,1.33,False,2.5,2.27,0.0,11273044.0,51126421.0,3.56,True,True,Gerdau S.A. Common Stock,2,43.8,UNCLASSIFIED,,0.0,NONE,0.0,0.0,NONE,,True,0,NOT CHECKED,NONE,NEUTRAL,,,,NOT CHECKED,False,NOT CHECKED,NONE,0,,False,43.8,WATCHLIST,NOT CHECKED,,,,,,,,,False,,,False,,,,False,,,,False,NONE,False,False,0,,,,NOT CHECKED,NO LIVE SIGNAL,43.8,False
GTLB,49.87,REJECT,REJECT,"20/50 uptrend, rising EMA50, volume contraction",32,50,35,NO TRADE,WEAK,32.0,price<EMA20; EMA20>EMA50; EMA20 falling,25.09,70.5,0.25,9.98,0,False,5.44,262112438.0,45.61,40.53,35.49,40.14,55.55,25.22,55.55,18.73,46.65,55.77,RESISTANCE_BREAKOUT,BREAKOUT,0.39,,,0,,,0,False,False,52.42,ATR_FALLBACK,51.7,7.3,6.0,46.01,44.46,58.56,60.23,61.34,1.33,,,False,5.0,60.23,8.0,1.33,False,2.5,11.4,0.0,5619528.0,183913316.0,4.43,True,True,GitLab Inc. - Class A Common Stock,0,43.6,UNCLASSIFIED,,0.0,NONE,0.0,0.0,NONE,,True,0,NOT CHECKED,NONE,NEUTRAL,,,,NOT CHECKED,False,NOT CHECKED,NONE,0,,False,43.6,NO TRADE,NOT CHECKED,,,,,,,,,False,,,False,,,,False,,,,False,NONE,False,False,0,,,,NOT CHECKED,NO LIVE SIGNAL,43.6,False
DOCU,73.54,REJECT,REJECT,"20/50 uptrend, rising EMA50, volume contraction",32,50,35,NO TRADE,WEAK,32.0,price<EMA20; EMA20>EMA50; EMA20 falling,24.96,74.2,0.62,10.31,1,True,4.21,215473750.0,64.89,59.68,57.14,58.73,70.4,42.25,70.4,41.37,66.33,73.54,RESISTANCE_BREAKOUT,BREAKOUT,4.46,,,0,,,0,False,False,69.13,ATR_FALLBACK,68.9,6.31,6.0,63.63,63.6,77.22,79.42,80.89,1.33,,,False,5.0,79.42,8.0,1.33,False,2.5,-4.27,4.46,3323436.0,197551652.0,3.93,True,True,"DocuSign, Inc. - Common Stock",0,43.6,UNCLASSIFIED,,0.0,NONE,0.0,0.0,NONE,,True,0,NOT CHECKED,NONE,NEUTRAL,,,,NOT CHECKED,False,NOT CHECKED,NONE,0,,False,43.6,NO TRADE,NOT CHECKED,,,,,,,,,False,,,False,,,,False,,,,False,NONE,False,False,0,,,,NOT CHECKED,NO LIVE SIGNAL,43.6,True
GH,177.68,REJECT,REJECT,"20/50 uptrend, rising EMA50, volume contraction",32,56,35,NO TRADE,WEAK,32.0,price<EMA20; EMA20>EMA50; EMA20 falling,11.93,61.6,0.8,6.92,0,False,4.83,281492655.0,163.65,157.02,123.52,154.0,173.17,125.12,176.58,74.55,176.58,177.68,RESISTANCE_BREAKOUT,BREAKOUT,2.6,,,0,,,0,False,False,167.02,ATR_FALLBACK,164.82,7.24,6.0,155.78,154.0,186.56,191.89,195.45,1.33,,,False,5.0,191.89,8.0,1.33,False,2.5,-2.54,2.6,1709514.0,290294114.0,4.95,True,True,"Guardant Health, Inc. - Common Stock",0,43.5,UNCLASSIFIED,,0.0,NONE,0.0,0.0,NONE,,True,0,NOT CHECKED,NONE,NEUTRAL,,,,NOT CHECKED,False,NOT CHECKED,NONE,0,,False,43.5,NO TRADE,NOT CHECKED,,,,,,,,,False,,,False,,,,False,,,,False,NONE,False,False,0,,,,NOT CHECKED,NO LIVE SIGNAL,43.5,False
RSI,26.28,REJECT,REJECT,"tight range, volume contraction, low-volume pullback",36,56,20,NO TRADE,WEAK,32.0,price<EMA20; EMA20>EMA50; EMA20 falling,5.29,53.0,0.36,4.77,0,False,3.96,54891863.0,26.44,27.14,25.04,24.4,27.54,24.18,34.53,19.0,34.53,27.62,RESISTANCE_BREAKOUT,BREAKOUT,0.3,,,0,,,0,False,False,26.84,EMA50,27.14,1.74,2.83,25.99,25.16,29.0,29.83,30.39,2.83,34.53,25.0,True,5.0,29.83,8.0,2.83,True,2.5,4.79,0.0,2090220.0,53528014.0,4.01,True,True,"Rush Street Interactive, Inc. Class A Common Stock",0,43.2,UNCLASSIFIED,,0.0,NONE,0.0,0.0,NONE,,True,0,NOT CHECKED,NONE,NEUTRAL,,,,NOT CHECKED,False,NOT CHECKED,NONE,0,,False,43.2,NO TRADE,NOT CHECKED,,,,,,,,,False,,,False,,,,False,,,,False,NONE,False,False,0,,,,NOT CHECKED,NO LIVE SIGNAL,43.2,False
BJ,95.81,DISCOVER,DISCOVER,"20/50 uptrend, volume contraction",40,56,20,WATCHLIST,WEAK,32.0,price<EMA20; EMA20>EMA50; EMA20 falling,3.48,53.9,0.26,5.61,0,False,2.43,181379025.0,92.72,92.7,93.46,87.72,100.17,83.21,100.26,83.21,101.96,100.36,RESISTANCE_BREAKOUT,BREAKOUT,0.19,,,0,,,0,False,False,96.45,ATR_FALLBACK,96.86,3.48,3.9,87.72,87.72,105.37,108.38,110.39,2.05,101.96,1.6,False,5.0,101.96,1.6,0.41,False,2.5,4.56,0.0,1952984.0,149624774.0,2.81,True,True,"BJ's Wholesale Club Holdings, Inc. Common Stock",2,43.1,UNCLASSIFIED,,0.0,NONE,0.0,0.0,NONE,,True,0,NOT CHECKED,NONE,NEUTRAL,,,,NOT CHECKED,False,NOT CHECKED,NONE,0,,False,43.1,WATCHLIST,NOT CHECKED,,,,,,,,,False,,,False,,,,False,,,,False,NONE,False,False,0,,,,NOT CHECKED,NO LIVE SIGNAL,43.1,False
ZBH,98.06,DISCOVER,DISCOVER,"20/50 uptrend, rising EMA50, near EMA50 support",48,58,35,WATCHLIST,WEAK,32.0,price<EMA20; EMA20>EMA50; EMA20 falling,1.88,44.4,0.47,3.26,0,False,2.98,145567909.0,97.14,95.61,92.95,91.45,102.86,83.72,102.86,78.91,102.12,103.09,RESISTANCE_BREAKOUT,BREAKOUT,0.23,,,0,,,0,False,False,96.91,EMA20,97.14,5.78,6.0,91.45,91.45,108.25,111.34,113.4,1.33,,,False,5.0,111.34,8.0,1.33,False,2.5,4.9,0.0,1486530.0,133211861.0,2.63,True,True,"Zimmer Biomet Holdings, Inc. Common Stock",2,43.0,UNCLASSIFIED,,0.0,NONE,0.0,0.0,NONE,,True,0,NOT CHECKED,NONE,NEUTRAL,,,,NOT CHECKED,False,NOT CHECKED,NONE,0,,False,43.0,WATCHLIST,NOT CHECKED,,,,,,,,,False,,,False,,,,False,,,,False,NONE,False,False,0,,,,NOT CHECKED,NO LIVE SIGNAL,43.0,False
ABCL,11.53,DISCOVER,DISCOVER,"20/50 uptrend, rising EMA50, tight range, volume contraction, low-volume pullback",46,56,35,WATCHLIST,WEAK,32.0,price<EMA20; EMA20>EMA50; EMA20 falling,4.97,38.7,0.39,34.78,3,True,5.29,58209946.0,10.9,9.38,6.37,10.32,12.58,4.98,12.58,3.22,12.58,12.63,RESISTANCE_BREAKOUT,BREAKOUT,0.39,,,0,,,0,False,False,11.87,ATR_FALLBACK,11.71,7.24,6.0,10.32,10.32,13.26,13.64,13.89,1.33,,,False,5.0,13.64,8.0,1.33,False,2.5,9.11,0.0,5049354.0,51630237.0,5.77,True,True,AbCellera Biologics Inc. - Common Shares,2,42.8,UNCLASSIFIED,,0.0,NONE,0.0,0.0,NONE,,True,0,NOT CHECKED,NONE,NEUTRAL,,,,NOT CHECKED,False,NOT CHECKED,NONE,0,,False,42.8,WATCHLIST,NOT CHECKED,,,,,,,,,False,,,False,,,,False,,,,False,NONE,False,False,0,,,,NOT CHECKED,NO LIVE SIGNAL,42.8,True
FOXA,68.25,DISCOVER,DISCOVER,"20/50 uptrend, rising EMA50, compressed below 20d resistance, volume contraction",48,58,35,WATCHLIST,WEAK,32.0,price<EMA20; EMA20>EMA50; EMA20 falling,1.1,45.0,0.31,5.49,0,False,2.78,322470164.0,66.18,63.73,61.92,62.93,70.64,48.13,70.64,48.13,70.64,70.79,RESISTANCE_BREAKOUT,BREAKOUT,0.21,,,0,,,0,False,False,66.54,EMA20,66.18,6.51,6.0,62.93,62.93,74.33,76.45,77.87,1.33,,,False,5.0,76.45,8.0,1.33,False,2.5,3.5,0.0,4797611.0,319163208.0,2.49,True,True,Fox Corporation - Class A Common Stock,2,42.6,UNCLASSIFIED,,0.0,NONE,0.0,0.0,NONE,,True,0,NOT CHECKED,NONE,NEUTRAL,,,,NOT CHECKED,False,NOT CHECKED,NONE,0,,False,42.6,WATCHLIST,NOT CHECKED,,,,,,,,,False,,,False,,,,False,,,,False,NONE,False,False,0,,,,NOT CHECKED,NO LIVE SIGNAL,42.6,False
W,104.53,DISCOVER,DISCOVER,"20/50 uptrend, rising EMA50, compressed below 20d resistance",42,58,35,WATCHLIST,WEAK,32.0,price<EMA20; EMA20>EMA50; EMA20 falling,3.43,50.0,0.62,29.97,1,True,4.28,215992555.0,100.43,96.57,88.9,93.0,107.92,78.97,118.31,55.6,118.31,108.28,RESISTANCE_BREAKOUT,BREAKOUT,0.33,,,0,,,0,False,False,101.78,ATR_FALLBACK,101.56,6.2,6.0,96.49,93.0,113.69,116.94,119.11,1.33,118.31,9.26,True,5.0,116.94,8.0,1.33,False,2.5,3.24,0.0,2136281.0,211105712.0,4.11,True,True,Wayfair Inc. Class A Common Stock,2,42.6,UNCLASSIFIED,,0.0,NONE,0.0,0.0,NONE,,True,0,NOT CHECKED,NONE,NEUTRAL,,,,NOT CHECKED,False,NOT CHECKED,NONE,0,,False,42.6,WATCHLIST,NOT CHECKED,,,,,,,,,False,,,False,,,,False,,,,False,NONE,False,False,0,,,,NOT CHECKED,NO LIVE SIGNAL,42.6,True
S,23.59,REJECT,REJECT,"20/50 uptrend, rising EMA50, volume contraction",32,56,35,NO TRADE,WEAK,32.0,price<EMA20; EMA20>EMA50; EMA20 falling,10.16,64.3,0.53,14.48,2,True,5.45,180779680.0,20.9,20.03,17.54,19.07,23.05,14.4,23.95,11.81,23.95,23.59,RESISTANCE_BREAKOUT,BREAKOUT,2.39,,,0,,,0,False,False,22.18,ATR_FALLBACK,21.67,8.18,6.0,19.07,19.07,24.77,25.48,25.95,1.33,23.95,1.5,False,5.0,23.95,1.5,0.25,False,2.5,-2.33,2.39,8560166.0,124130560.0,5.02,True,True,"SentinelOne, Inc. Class A Common Stock",0,42.6,UNCLASSIFIED,,0.0,NONE,0.0,0.0,NONE,,True,0,NOT CHECKED,NONE,NEUTRAL,,,,NOT CHECKED,False,NOT CHECKED,NONE,0,,False,42.6,NO TRADE,NOT CHECKED,,,,,,,,,False,,,False,,,,False,,,,False,NONE,False,False,0,,,,NOT CHECKED,NO LIVE SIGNAL,42.6,True
CRBG,35.01,DISCOVER,DISCOVER,"20/50 uptrend, rising EMA50, compressed below 20d resistance",42,56,40,WATCHLIST,WEAK,32.0,price<EMA20; EMA20>EMA50; EMA20 falling,7.54,76.1,0.59,6.3,0,False,2.16,106181114.0,33.63,32.36,29.94,31.62,35.17,27.67,35.0,21.9,34.81,35.23,RESISTANCE_BREAKOUT,BREAKOUT,0.17,,,0,,,0,False,False,33.49,EMA20,33.63,4.55,4.94,33.48,31.96,36.99,38.05,38.75,1.62,,,False,5.0,38.05,8.0,1.62,False,2.5,0.46,0.0,3185739.0,105151154.0,2.13,True,True,Corebridge Financial Inc. Common Stock,2,42.6,UNCLASSIFIED,,0.0,NONE,0.0,0.0,NONE,,True,0,NOT CHECKED,NONE,NEUTRAL,,,,NOT CHECKED,False,NOT CHECKED,NONE,0,,False,42.6,WATCHLIST,NOT CHECKED,,,,,,,,,False,,,False,,,,False,,,,False,NONE,False,False,0,,,,NOT CHECKED,NO LIVE SIGNAL,42.6,False
FOX,60.65,DISCOVER,DISCOVER,"20/50 uptrend, rising EMA50, compressed below 20d resistance, volume contraction",48,58,35,WATCHLIST,WEAK,32.0,price<EMA20; EMA20>EMA50; EMA20 falling,1.16,44.3,0.22,6.07,0,False,2.86,61506473.0,59.01,56.91,55.53,56.21,62.62,43.86,62.62,43.86,62.62,62.76,RESISTANCE_BREAKOUT,BREAKOUT,0.22,,,0,,,0,False,False,58.99,EMA20,59.01,5.98,6.0,56.21,56.21,65.9,67.78,69.04,1.33,,,False,5.0,67.78,8.0,1.33,False,2.5,3.24,0.0,1028137.0,60260060.0,2.49,True,True,Fox Corporation - Class B Common Stock,2,42.6,UNCLASSIFIED,,0.0,NONE,0.0,0.0,NONE,,True,0,NOT CHECKED,NONE,NEUTRAL,,,,NOT CHECKED,False,NOT CHECKED,NONE,0,,False,42.6,WATCHLIST,NOT CHECKED,,,,,,,,,False,,,False,,,,False,,,,False,NONE,False,False,0,,,,NOT CHECKED,NO LIVE SIGNAL,42.6,False
PANW,379.4,DISCOVER,DISCOVER,"20/50 uptrend, rising EMA50, compressed below 20d resistance",42,58,35,WATCHLIST,WEAK,32.0,price<EMA20; EMA20>EMA50; EMA20 falling,3.0,60.4,0.58,13.09,2,True,5.71,2254101780.0,352.97,341.17,267.87,321.39,387.33,282.52,398.88,143.5,398.88,389.06,RESISTANCE_BREAKOUT,BREAKOUT,0.45,,,0,,,0,False,False,365.72,ATR_FALLBACK,356.55,8.36,6.0,325.32,321.39,408.52,420.19,427.97,1.33,398.88,2.52,False,5.0,398.88,2.52,0.42,False,2.5,2.09,0.0,6371197.0,1890023727.0,4.92,True,True,"Palo Alto Networks, Inc. - Common Stock",2,42.4,UNCLASSIFIED,,0.0,NONE,0.0,0.0,NONE,,True,0,NOT CHECKED,NONE,NEUTRAL,,,,NOT CHECKED,False,NOT CHECKED,NONE,0,,False,42.4,WATCHLIST,NOT CHECKED,,,,,,,,,False,,,False,,,,False,,,,False,NONE,False,False,0,,,,NOT CHECKED,NO LIVE SIGNAL,42.4,True
ADBE,263.47,DISCOVER,DISCOVER,"above EMA50, rising EMA50, near EMA50 support, near EMA200 pivot",42,56,35,WATCHLIST,WEAK,32.0,price<EMA20; EMA20>EMA50; EMA20 falling,5.74,44.5,0.46,5.73,0,False,4.22,1351798708.0,266.08,257.92,267.49,241.51,294.53,191.2,294.53,190.12,294.13,295.42,RESISTANCE_BREAKOUT,BREAKOUT,0.3,,,0,,,0,False,False,277.7,ATR_FALLBACK,278.72,5.65,6.0,241.51,241.51,310.19,319.05,324.96,1.33,,,False,5.0,319.05,8.0,1.33,False,2.5,11.79,0.0,5017766.0,1225956060.0,3.23,True,True,Adobe Inc. - Common Stock,2,42.4,UNCLASSIFIED,,0.0,NONE,0.0,0.0,NONE,,True,0,NOT CHECKED,NONE,NEUTRAL,,,,NOT CHECKED,False,NOT CHECKED,NONE,0,,False,42.4,WATCHLIST,NOT CHECKED,,,,,,,,,False,,,False,,,,False,,,,False,NONE,False,False,0,,,,NOT CHECKED,NO LIVE SIGNAL,42.4,False
SWKS,88.67,REJECT,REJECT,"20/50 uptrend, rising EMA50",34,52,55,NO TRADE,WEAK,32.0,price<EMA20; EMA20>EMA50; EMA20 falling,32.94,75.7,1.01,11.87,1,True,5.69,502859348.0,74.76,70.25,66.67,63.06,92.3,55.43,92.3,51.48,85.18,92.7,RESISTANCE_BREAKOUT,BREAKOUT,0.44,,,0,,,0,False,False,87.14,ATR_FALLBACK,85.14,8.16,6.0,73.5,64.65,97.34,100.12,101.97,1.33,,,False,5.0,100.12,8.0,1.33,False,2.5,4.1,0.0,6824725.0,371509993.0,5.66,True,True,"Skyworks Solutions, Inc. - Common Stock",0,42.4,UNCLASSIFIED,,0.0,NONE,0.0,0.0,NONE,,True,0,NOT CHECKED,NONE,NEUTRAL,,,,NOT CHECKED,False,NOT CHECKED,NONE,0,,False,42.4,NO TRADE,NOT CHECKED,,,,,,,,,False,,,False,,,,False,,,,False,NONE,False,False,0,,,,NOT CHECKED,NO LIVE SIGNAL,42.4,True
RIVN,15.81,DISCOVER,DISCOVER,"near EMA50 support, near EMA200 pivot, tight range, volume contraction, low-volume pullback",44,58,55,WATCHLIST,WEAK,32.0,price<EMA20; EMA20>EMA50; EMA20 falling,8.38,37.0,0.68,6.43,0,False,4.05,319100071.0,16.0,16.1,15.84,14.4,17.16,14.35,20.2,12.65,20.2,17.21,RESISTANCE_BREAKOUT,BREAKOUT,0.3,,,0,,,0,False,False,16.17,EMA50,16.1,6.42,6.0,15.56,15.37,18.07,18.58,18.93,1.33,20.2,17.4,True,5.0,18.58,8.0,1.33,False,2.5,8.47,0.0,19855718.0,287117121.0,3.88,True,True,"Rivian Automotive, Inc. - Class A Common Stock",2,42.4,UNCLASSIFIED,,0.0,NONE,0.0,0.0,NONE,,True,0,NOT CHECKED,NONE,NEUTRAL,,,,NOT CHECKED,False,NOT CHECKED,NONE,0,,False,42.4,WATCHLIST,NOT CHECKED,,,,,,,,,False,,,False,,,,False,,,,False,NONE,False,False,0,,,,NOT CHECKED,NO LIVE SIGNAL,42.4,False
RVTY,138.24,REJECT,REJECT,"20/50 uptrend, rising EMA50",26,50,35,NO TRADE,WEAK,32.0,price<EMA20; EMA20>EMA50; EMA20 falling,21.02,66.9,0.75,7.59,0,False,3.14,209713931.0,125.76,119.17,104.88,113.69,133.0,97.33,133.0,81.17,130.07,138.24,RESISTANCE_BREAKOUT,BREAKOUT,3.94,,,0,,,0,False,False,130.94,ATR_FALLBACK,131.72,4.72,5.28,120.9,120.9,145.15,149.3,152.06,1.51,,,False,5.0,149.3,8.0,1.51,False,2.5,-3.79,3.94,1657571.0,204109325.0,3.3,True,True,"Revvity, Inc. Common Stock",0,42.4,UNCLASSIFIED,,0.0,NONE,0.0,0.0,NONE,,True,0,NOT CHECKED,NONE,NEUTRAL,,,,NOT CHECKED,False,NOT CHECKED,NONE,0,,False,42.4,NO TRADE,NOT CHECKED,,,,,,,,,False,,,False,,,,False,,,,False,NONE,False,False,0,,,,NOT CHECKED,NO LIVE SIGNAL,42.4,False
IAG,19.46,DISCOVER,DISCOVER,"above EMA50, rising EMA50, tight range, volume contraction, low-volume pullback",46,56,35,WATCHLIST,WEAK,32.0,price<EMA20; EMA20>EMA50; EMA20 falling,4.18,31.2,0.39,14.29,1,True,4.23,96012472.0,19.81,18.57,17.12,18.09,22.32,13.62,22.32,13.62,24.87,22.39,RESISTANCE_BREAKOUT,BREAKOUT,0.3,,,0,,,0,False,False,21.04,ATR_FALLBACK,21.15,5.52,6.0,19.47,19.25,23.51,24.18,24.62,1.33,24.87,11.1,True,5.0,24.18,8.0,1.33,False,2.5,14.7,0.0,4681126.0,84671954.0,3.6,True,True,Iamgold Corporation Ordinary Shares,2,42.4,UNCLASSIFIED,,0.0,NONE,0.0,0.0,NONE,,True,0,NOT CHECKED,NONE,NEUTRAL,,,,NOT CHECKED,False,NOT CHECKED,NONE,0,,False,42.4,WATCHLIST,NOT CHECKED,,,,,,,,,False,,,False,,,,False,,,,False,NONE,False,False,0,,,,NOT CHECKED,NO LIVE SIGNAL,42.4,True
HMY,19.43,DISCOVER,DISCOVER,"above EMA50, rising EMA50, near EMA50 support, tight range, volume contraction, low-volume pullback",52,58,35,WATCHLIST,WEAK,32.0,price<EMA20; EMA20>EMA50; EMA20 falling,-0.97,29.6,0.33,9.39,0,False,4.6,84189340.0,20.09,18.98,17.68,19.02,23.69,14.19,23.69,12.78,23.69,23.76,RESISTANCE_BREAKOUT,BREAKOUT,0.3,,,0,,,0,False,False,22.34,ATR_FALLBACK,22.42,5.64,6.0,19.3,19.02,24.95,25.66,26.14,1.33,,,False,5.0,25.66,8.0,1.33,False,2.5,21.92,0.0,4029866.0,84775650.0,3.04,True,True,Harmony Gold Mining Company Limited,2,42.4,UNCLASSIFIED,,0.0,NONE,0.0,0.0,NONE,,True,0,NOT CHECKED,NONE,NEUTRAL,,,,NOT CHECKED,False,NOT CHECKED,NONE,0,,False,42.4,WATCHLIST,NOT CHECKED,,,,,,,,,False,,,False,,,,False,,,,False,NONE,False,False,0,,,,NOT CHECKED,NO LIVE SIGNAL,42.4,False
DUOL,153.28,REJECT,REJECT,"20/50 uptrend, rising EMA50",26,50,35,NO TRADE,WEAK,32.0,price<EMA20; EMA20>EMA50; EMA20 falling,19.79,55.9,0.59,7.28,0,False,5.15,171569364.0,146.59,139.07,148.91,134.07,167.38,112.02,167.38,87.89,151.0,168.01,RESISTANCE_BREAKOUT,BREAKOUT,0.38,,,0,,,0,False,False,157.93,ATR_FALLBACK,156.16,7.05,6.0,137.3,137.3,176.41,181.45,184.81,1.33,,,False,5.0,181.45,8.0,1.33,False,2.5,9.2,0.0,1154916.0,155924894.0,4.72,True,True,"Duolingo, Inc. - Class A Common Stock",0,42.3,UNCLASSIFIED,,0.0,NONE,0.0,0.0,NONE,,True,0,NOT CHECKED,NONE,NEUTRAL,,,,NOT CHECKED,False,NOT CHECKED,NONE,0,,False,42.3,NO TRADE,NOT CHECKED,,,,,,,,,False,,,False,,,,False,,,,False,NONE,False,False,0,,,,NOT CHECKED,NO LIVE SIGNAL,42.3,False
FMC,11.52,REJECT,REJECT,"rising EMA50, near EMA50 support, volume contraction, low-volume pullback",32,56,55,NO TRADE,WEAK,32.0,price<EMA20; EMA20>EMA50; EMA20 falling,15.14,52.8,0.38,12.21,1,True,6.07,33118201.0,11.64,11.52,15.12,10.0,13.46,9.95,13.46,9.95,18.16,13.52,RESISTANCE_BREAKOUT,BREAKOUT,0.42,,,0,,,0,False,False,12.7,ATR_FALLBACK,12.47,7.75,6.0,10.98,10.98,14.19,14.6,14.87,1.33,18.16,34.38,True,5.0,14.6,8.0,1.33,False,2.5,16.89,0.0,2808284.0,28794868.0,5.27,True,True,FMC Corporation Common Stock,0,42.1,UNCLASSIFIED,,0.0,NONE,0.0,0.0,NONE,,True,0,NOT CHECKED,NONE,NEUTRAL,,,,NOT CHECKED,False,NOT CHECKED,NONE,0,,False,42.1,NO TRADE,NOT CHECKED,,,,,,,,,False,,,False,,,,False,,,,False,NONE,False,False,0,,,,NOT CHECKED,NO LIVE SIGNAL,42.1,True
FLUT,100.53,DISCOVER,DISCOVER,"near EMA50 support, tight range, volume contraction, low-volume pullback",42,56,40,WATCHLIST,WEAK,32.0,price<EMA20; EMA20>EMA50; EMA20 falling,6.32,47.5,0.28,7.13,0,False,4.01,225292601.0,100.09,101.24,133.1,92.84,104.84,89.71,117.22,89.71,119.44,105.16,RESISTANCE_BREAKOUT,BREAKOUT,0.31,,,0,,,0,False,False,100.52,EMA50,101.24,3.73,4.42,97.0,96.56,110.42,113.58,115.68,1.81,117.22,11.47,True,5.0,113.58,8.0,1.81,False,2.5,4.29,0.0,2259046.0,187708213.0,4.04,True,True,Flutter Entertainment plc Ordinary Shares,2,42.0,UNCLASSIFIED,,0.0,NONE,0.0,0.0,NONE,,True,0,NOT CHECKED,NONE,NEUTRAL,,,,NOT CHECKED,False,NOT CHECKED,NONE,0,,False,42.0,WATCHLIST,NOT CHECKED,,,,,,,,,False,,,False,,,,False,,,,False,NONE,False,False,0,,,,NOT CHECKED,NO LIVE SIGNAL,42.0,False
RIG,5.87,DISCOVER,DISCOVER,"20/50 uptrend, rising EMA50",42,58,35,WATCHLIST,WEAK,32.0,price<EMA20; EMA20>EMA50; EMA20 falling,2.03,52.9,0.88,8.75,0,False,4.54,223110517.0,5.74,5.67,5.41,5.44,6.27,4.8,6.27,4.8,7.66,6.29,RESISTANCE_BREAKOUT,BREAKOUT,0.34,,,0,,,0,False,False,5.91,ATR_FALLBACK,5.89,6.35,6.0,5.44,5.44,6.61,6.79,6.92,1.33,7.66,21.76,True,5.0,6.79,8.0,1.33,False,2.5,6.81,0.0,38290291.0,223925355.0,3.96,True,True,Transocean Ltd (Switzerland) Common Stock,2,41.9,UNCLASSIFIED,,0.0,NONE,0.0,0.0,NONE,,True,0,NOT CHECKED,NONE,NEUTRAL,,,,NOT CHECKED,False,NOT CHECKED,NONE,0,,False,41.9,WATCHLIST,NOT CHECKED,,,,,,,,,False,,,False,,,,False,,,,False,NONE,False,False,0,,,,NOT CHECKED,NO LIVE SIGNAL,41.9,False
VAL,87.12,DISCOVER,DISCOVER,"20/50 uptrend, rising EMA50",42,58,35,WATCHLIST,WEAK,32.0,price<EMA20; EMA20>EMA50; EMA20 falling,2.07,52.4,0.8,8.59,0,False,4.43,93053106.0,85.4,84.35,79.59,80.79,93.16,71.47,93.16,71.47,114.12,93.47,RESISTANCE_BREAKOUT,BREAKOUT,0.33,,,0,,,0,False,False,87.86,ATR_FALLBACK,87.68,6.19,6.0,80.79,80.79,98.14,100.95,102.82,1.33,114.12,22.09,True,5.0,100.95,8.0,1.33,False,2.5,6.93,0.0,1075460.0,97095621.0,3.9,True,True,Valaris Limited Common Shares,2,41.9,UNCLASSIFIED,,0.0,NONE,0.0,0.0,NONE,,True,0,NOT CHECKED,NONE,NEUTRAL,,,,NOT CHECKED,False,NOT CHECKED,NONE,0,,False,41.9,WATCHLIST,NOT CHECKED,,,,,,,,,False,,,False,,,,False,,,,False,NONE,False,False,0,,,,NOT CHECKED,NO LIVE SIGNAL,41.9,False
CLBT,11.4,REJECT,REJECT,"tight range, bull flag/pullback, volume contraction, low-volume pullback",34,58,55,NO TRADE,WEAK,32.0,price<EMA20; EMA20>EMA50; EMA20 falling,11.22,51.6,0.63,5.77,0,False,4.0,34899878.0,11.89,12.8,14.33,10.32,12.43,9.58,17.05,9.58,17.05,12.47,RESISTANCE_BREAKOUT,BREAKOUT,0.29,,,0,,,0,False,False,11.8,EMA20,11.89,4.65,5.31,11.05,11.05,13.09,13.46,13.71,1.51,17.05,36.77,True,5.0,13.46,8.0,1.51,False,2.5,9.04,0.0,3052363.0,29679022.0,3.98,True,True,Cellebrite DI Ltd. - Ordinary Shares,0,41.9,UNCLASSIFIED,,0.0,NONE,0.0,0.0,NONE,,True,0,NOT CHECKED,NONE,NEUTRAL,,,,NOT CHECKED,False,NOT CHECKED,NONE,0,,False,41.9,NO TRADE,NOT CHECKED,,,,,,,,,False,,,False,,,,False,,,,False,NONE,False,False,0,,,,NOT CHECKED,NO LIVE SIGNAL,41.9,False
EMBJ,74.9,DISCOVER,DISCOVER,"20/50 uptrend, rising EMA50, tight range",44,56,20,WATCHLIST,WEAK,32.0,price<EMA20; EMA20>EMA50; EMA20 falling,-0.89,51.5,0.6,3.6,0,False,2.7,84828781.0,73.93,71.17,65.82,71.29,79.53,59.41,79.76,53.37,79.76,79.69,RESISTANCE_BREAKOUT,BREAKOUT,0.2,,,0,,,0,False,False,76.29,ATR_FALLBACK,76.65,3.81,4.27,72.37,71.29,83.68,86.07,87.66,1.87,79.76,0.09,False,5.0,79.76,0.09,0.02,False,2.5,6.18,0.0,1138408.0,89902073.0,2.66,True,True,Embraer S.A. Common Stock,2,41.8,UNCLASSIFIED,,0.0,NONE,0.0,0.0,NONE,,True,0,NOT CHECKED,NONE,NEUTRAL,,,,NOT CHECKED,False,NOT CHECKED,NONE,0,,False,41.8,WATCHLIST,NOT CHECKED,,,,,,,,,False,,,False,,,,False,,,,False,NONE,False,False,0,,,,NOT CHECKED,NO LIVE SIGNAL,41.8,False
OTEX,23.84,DISCOVER,DISCOVER,"20/50 uptrend, near EMA50 support, volume contraction",46,56,35,WATCHLIST,WEAK,32.0,price<EMA20; EMA20>EMA50; EMA20 falling,2.79,48.3,0.24,5.39,0,False,3.2,31457983.0,23.77,23.67,25.42,22.33,25.28,19.56,26.53,19.54,26.53,25.34,RESISTANCE_BREAKOUT,BREAKOUT,0.24,,,0,,,0,False,False,23.82,EMA20,23.77,6.19,6.0,22.33,22.33,26.61,27.37,27.88,1.33,26.53,4.67,False,5.0,26.53,4.67,0.78,False,2.5,6.05,0.0,1314998.0,31146434.0,2.64,True,True,Open Text Corporation - Common Shares,2,41.7,UNCLASSIFIED,,0.0,NONE,0.0,0.0,NONE,,True,0,NOT CHECKED,NONE,NEUTRAL,,,,NOT CHECKED,False,NOT CHECKED,NONE,0,,False,41.7,WATCHLIST,NOT CHECKED,,,,,,,,,False,,,False,,,,False,,,,False,NONE,False,False,0,,,,NOT CHECKED,NO LIVE SIGNAL,41.7,False
RVMD,202.54,DISCOVER,DISCOVER,"above EMA50, rising EMA50, near EMA50 support, tight range, volume contraction, low-volume pullback",52,58,35,WATCHLIST,WEAK,32.0,price<EMA20; EMA20>EMA50; EMA20 falling,-2.44,40.1,0.34,6.03,0,False,4.13,354227687.0,206.29,197.1,146.87,197.81,224.31,162.15,224.31,91.52,224.31,224.98,RESISTANCE_BREAKOUT,BREAKOUT,0.3,,,0,,,0,False,False,211.48,ATR_FALLBACK,212.43,5.58,6.0,197.81,197.81,236.23,242.98,247.48,1.33,,,False,5.0,242.98,8.0,1.33,False,2.5,10.75,0.0,1679552.0,311080090.0,3.72,True,True,"Revolution Medicines, Inc. - Common Stock",2,41.6,UNCLASSIFIED,,0.0,NONE,0.0,0.0,NONE,,True,0,NOT CHECKED,NONE,NEUTRAL,,,,NOT CHECKED,False,NOT CHECKED,NONE,0,,False,41.6,WATCHLIST,NOT CHECKED,,,,,,,,,False,,,False,,,,False,,,,False,NONE,False,False,0,,,,NOT CHECKED,NO LIVE SIGNAL,41.6,False
SJM,121.03,DISCOVER,DISCOVER,"above EMA50, rising EMA50, near EMA50 support, volume contraction, low-volume pullback",42,52,20,WATCHLIST,WEAK,32.0,price<EMA20; EMA20>EMA50; EMA20 falling,4.74,38.5,0.29,4.34,0,False,2.98,173855015.0,123.98,120.16,108.93,118.42,135.89,106.11,135.89,86.47,135.89,136.18,RESISTANCE_BREAKOUT,BREAKOUT,0.21,,,0,,,0,False,False,130.13,ATR_FALLBACK,130.78,3.97,4.44,119.97,119.97,142.99,147.07,149.8,1.8,,,False,5.0,147.07,8.0,1.8,False,2.5,12.28,0.0,1372998.0,160779590.0,2.4,True,True,The J.M. Smucker Company Common Stock,2,41.6,UNCLASSIFIED,,0.0,NONE,0.0,0.0,NONE,,True,0,NOT CHECKED,NONE,NEUTRAL,,,,NOT CHECKED,False,NOT CHECKED,NONE,0,,False,41.6,WATCHLIST,NOT CHECKED,,,,,,,,,False,,,False,,,,False,,,,False,NONE,False,False,0,,,,NOT CHECKED,NO LIVE SIGNAL,41.6,False
WIX,83.91,REJECT,REJECT,"20/50 uptrend, rising EMA50, volume contraction",32,50,35,NO TRADE,WEAK,32.0,price<EMA20; EMA20>EMA50; EMA20 falling,15.85,47.1,0.15,17.49,2,True,6.23,119683678.0,78.51,71.31,81.55,69.27,96.8,40.16,96.8,40.16,94.83,97.22,RESISTANCE_BREAKOUT,BREAKOUT,0.43,,,0,,,0,False,False,91.38,ATR_FALLBACK,89.38,8.06,6.0,69.27,69.27,102.08,105.0,106.94,1.33,,,False,5.0,105.0,8.0,1.33,False,2.5,15.36,0.0,1464763.0,105672139.0,5.74,True,True,Wix.com Ltd. - Ordinary Shares,0,41.6,UNCLASSIFIED,,0.0,NONE,0.0,0.0,NONE,,True,0,NOT CHECKED,NONE,NEUTRAL,,,,NOT CHECKED,False,NOT CHECKED,NONE,0,,False,41.6,NO TRADE,NOT CHECKED,,,,,,,,,False,,,False,,,,False,,,,False,NONE,False,False,0,,,,NOT CHECKED,NO LIVE SIGNAL,41.6,True
AMD,502.03,DISCOVER,DISCOVER,"20/50 uptrend, rising EMA50",42,58,35,WATCHLIST,WEAK,32.0,price<EMA20; EMA20>EMA50; EMA20 falling,1.24,57.0,0.6,7.0,0,False,3.92,8453877873.0,489.05,485.43,383.56,440.5,526.79,424.03,584.73,188.22,584.73,528.36,RESISTANCE_BREAKOUT,BREAKOUT,0.3,,,0,,,0,False,False,496.66,ATR_FALLBACK,498.84,5.59,6.0,480.33,440.5,554.78,570.63,581.2,1.33,584.73,10.67,True,5.0,570.63,8.0,1.33,False,2.5,4.93,0.0,17498731.0,7710183938.0,3.42,True,True,"Advanced Micro Devices, Inc. - Common Stock",2,41.5,UNCLASSIFIED,,0.0,NONE,0.0,0.0,NONE,,True,0,NOT CHECKED,NONE,NEUTRAL,,,,NOT CHECKED,False,NOT CHECKED,NONE,0,,False,41.5,WATCHLIST,NOT CHECKED,,,,,,,,,False,,,False,,,,False,,,,False,NONE,False,False,0,,,,NOT CHECKED,NO LIVE SIGNAL,41.5,False
INTU,336.49,DISCOVER,DISCOVER,"20/50 uptrend, rising EMA50, near EMA50 support, volume contraction",46,56,35,WATCHLIST,WEAK,32.0,price<EMA20; EMA20>EMA50; EMA20 falling,2.29,39.8,0.28,7.04,0,False,4.69,1351256385.0,335.25,330.13,403.77,309.8,372.98,251.72,372.98,251.72,479.6,374.24,RESISTANCE_BREAKOUT,BREAKOUT,0.34,,,0,,,0,False,False,351.79,ATR_FALLBACK,350.59,6.32,6.0,309.8,309.8,392.95,404.18,411.67,1.33,479.6,28.15,True,5.0,404.18,8.0,1.33,False,2.5,10.84,0.0,3902533.0,1210956545.0,3.87,True,True,Intuit Inc. - Common Stock,2,41.5,UNCLASSIFIED,,0.0,NONE,0.0,0.0,NONE,,True,0,NOT CHECKED,NONE,NEUTRAL,,,,NOT CHECKED,False,NOT CHECKED,NONE,0,,False,41.5,WATCHLIST,NOT CHECKED,,,,,,,,,False,,,False,,,,False,,,,False,NONE,False,False,0,,,,NOT CHECKED,NO LIVE SIGNAL,41.5,False
LNG,273.93,DISCOVER,DISCOVER,"above EMA50, rising EMA50, near EMA50 support, volume contraction, low-volume pullback",42,52,20,WATCHLIST,WEAK,32.0,price<EMA20; EMA20>EMA50; EMA20 falling,4.65,45.4,0.28,4.32,0,False,3.01,543854637.0,278.47,270.09,249.55,270.17,299.18,224.61,299.18,223.22,299.54,299.84,RESISTANCE_BREAKOUT,BREAKOUT,0.22,,,0,,,0,False,False,285.97,ATR_FALLBACK,287.46,4.13,4.63,273.19,273.19,314.83,323.83,329.82,1.73,,,False,5.0,323.83,8.0,1.73,False,2.5,9.22,0.0,1924608.0,441425022.0,2.33,True,True,"Cheniere Energy, Inc. Common Stock",2,41.5,UNCLASSIFIED,,0.0,NONE,0.0,0.0,NONE,,True,0,NOT CHECKED,NONE,NEUTRAL,,,,NOT CHECKED,False,NOT CHECKED,NONE,0,,False,41.5,WATCHLIST,NOT CHECKED,,,,,,,,,False,,,False,,,,False,,,,False,NONE,False,False,0,,,,NOT CHECKED,NO LIVE SIGNAL,41.5,False
ESTC,86.94,REJECT,REJECT,"20/50 uptrend, rising EMA50, volume contraction, low-volume pullback",36,56,35,NO TRADE,WEAK,32.0,price<EMA20; EMA20>EMA50; EMA20 falling,6.22,55.9,0.22,19.31,2,True,6.77,272030427.0,85.6,77.84,69.34,78.79,108.0,53.04,108.0,42.05,108.0,108.47,RESISTANCE_BREAKOUT,BREAKOUT,0.44,,,0,,,0,False,False,101.96,ATR_FALLBACK,99.64,8.14,6.0,82.15,82.15,113.89,117.15,119.32,1.33,,,False,5.0,117.15,8.0,1.33,False,2.5,24.22,0.0,3022217.0,208755142.0,4.57,True,True,Elastic N.V. Ordinary Shares,0,41.5,UNCLASSIFIED,,0.0,NONE,0.0,0.0,NONE,,True,0,NOT CHECKED,NONE,NEUTRAL,,,,NOT CHECKED,False,NOT CHECKED,NONE,0,,False,41.5,NO TRADE,NOT CHECKED,,,,,,,,,False,,,False,,,,False,,,,False,NONE,False,False,0,,,,NOT CHECKED,NO LIVE SIGNAL,41.5,True
DVN,51.25,DISCOVER,DISCOVER,"20/50 uptrend, rising EMA50, compressed below 20d resistance",42,56,55,WATCHLIST,WEAK,32.0,price<EMA20; EMA20>EMA50; EMA20 falling,9.76,79.0,0.46,5.54,0,False,2.42,503413264.0,48.48,46.77,43.42,46.16,51.7,40.0,50.24,40.0,52.34,51.8,RESISTANCE_BREAKOUT,BREAKOUT,0.19,,,0,,,0,False,False,48.69,EMA20,48.48,6.4,6.0,48.13,47.45,54.39,55.94,56.98,1.33,52.34,1.04,False,5.0,52.34,1.04,0.17,False,2.5,0.88,0.0,10334912.0,483547648.0,2.23,True,True,Devon Energy Corporation Common Stock,2,41.4,UNCLASSIFIED,,0.0,NONE,0.0,0.0,NONE,,True,0,NOT CHECKED,NONE,NEUTRAL,,,,NOT CHECKED,False,NOT CHECKED,NONE,0,,False,41.4,WATCHLIST,NOT CHECKED,,,,,,,,,False,,,False,,,,False,,,,False,NONE,False,False,0,,,,NOT CHECKED,NO LIVE SIGNAL,41.4,False
ADM,86.98,DISCOVER,DISCOVER,"20/50 uptrend, rising EMA50, compressed below 20d resistance",42,56,55,WATCHLIST,WEAK,32.0,price<EMA20; EMA20>EMA50; EMA20 falling,9.71,79.0,0.26,5.09,0,False,2.98,294009206.0,83.84,81.67,74.0,75.86,88.75,71.17,88.75,64.24,87.9,88.96,RESISTANCE_BREAKOUT,BREAKOUT,0.23,,,0,,,0,False,False,83.62,SWING5,83.86,5.73,6.0,83.86,78.97,93.4,96.07,97.85,1.33,,,False,5.0,96.07,8.0,1.33,False,2.5,2.03,0.0,3542106.0,295152441.0,3.27,True,True,Archer-Daniels-Midland Company Common Stock,2,41.4,UNCLASSIFIED,,0.0,NONE,0.0,0.0,NONE,,True,0,NOT CHECKED,NONE,NEUTRAL,,,,NOT CHECKED,False,NOT CHECKED,NONE,0,,False,41.4,WATCHLIST,NOT CHECKED,,,,,,,,,False,,,False,,,,False,,,,False,NONE,False,False,0,,,,NOT CHECKED,NO LIVE SIGNAL,41.4,False
AJG,252.49,DISCOVER,DISCOVER,"above EMA50, rising EMA50, near EMA50 support, volume contraction, low-volume pullback",42,52,20,WATCHLIST,WEAK,32.0,price<EMA20; EMA20>EMA50; EMA20 falling,4.12,38.3,0.47,5.4,0,False,2.93,346492777.0,254.35,249.81,241.88,240.32,272.06,207.53,272.06,189.61,272.06,272.65,RESISTANCE_BREAKOUT,BREAKOUT,0.22,,,0,,,0,False,False,260.24,ATR_FALLBACK,261.57,4.06,4.55,240.32,240.32,286.29,294.47,299.92,1.76,,,False,5.0,294.47,8.0,1.76,False,2.5,7.75,0.0,1336992.0,332959583.0,2.72,True,True,Arthur J. Gallagher & Co. Common Stock,2,41.3,UNCLASSIFIED,,0.0,NONE,0.0,0.0,NONE,,True,0,NOT CHECKED,NONE,NEUTRAL,,,,NOT CHECKED,False,NOT CHECKED,NONE,0,,False,41.3,WATCHLIST,NOT CHECKED,,,,,,,,,False,,,False,,,,False,,,,False,NONE,False,False,0,,,,NOT CHECKED,NO LIVE SIGNAL,41.3,False
GME,21.31,REJECT,REJECT,"rising EMA50, near EMA200 pivot, compressed below 20d resistance",34,52,55,NO TRADE,WEAK,32.0,price<EMA20; EMA20>EMA50; EMA20 falling,17.81,79.1,0.29,5.29,0,False,3.31,140945160.0,19.67,20.01,21.93,17.79,21.94,17.79,23.11,17.79,26.88,22.0,RESISTANCE_BREAKOUT,BREAKOUT,0.26,,,0,,,0,False,False,20.81,ATR_FALLBACK,20.94,4.81,5.39,18.72,18.2,23.1,23.76,24.2,1.48,23.11,5.06,True,5.0,23.11,5.06,0.94,False,2.5,2.98,0.0,7354004.0,117310947.0,2.83,True,True,GameStop Corporation Common Stock,0,41.3,UNCLASSIFIED,,0.0,NONE,0.0,0.0,NONE,,True,0,NOT CHECKED,NONE,NEUTRAL,,,,NOT CHECKED,False,NOT CHECKED,NONE,0,,False,41.3,NO TRADE,NOT CHECKED,,,,,,,,,False,,,False,,,,False,,,,False,NONE,False,False,0,,,,NOT CHECKED,NO LIVE SIGNAL,41.3,False
AVTR,15.6,REJECT,REJECT,"20/50 uptrend, rising EMA50",26,50,35,NO TRADE,WEAK,32.0,price<EMA20; EMA20>EMA50; EMA20 falling,17.62,67.8,0.44,4.73,0,False,2.81,100500507.0,14.6,13.34,11.32,13.32,15.46,9.15,15.46,7.26,14.7,15.6,RESISTANCE_BREAKOUT,BREAKOUT,0.94,,,0,,,0,False,False,14.67,EMA20,14.6,6.44,6.0,14.6,14.19,16.39,16.85,17.17,1.33,,,False,5.0,16.85,8.0,1.33,False,2.5,-0.93,0.94,6850055.0,90575472.0,3.01,True,True,"Avantor, Inc. Common Stock",0,41.3,UNCLASSIFIED,,0.0,NONE,0.0,0.0,NONE,,True,0,NOT CHECKED,NONE,NEUTRAL,,,,NOT CHECKED,False,NOT CHECKED,NONE,0,,False,41.3,NO TRADE,NOT CHECKED,,,,,,,,,False,,,False,,,,False,,,,False,NONE,False,False,0,,,,NOT CHECKED,NO LIVE SIGNAL,41.3,False
BTG,5.16,DISCOVER,DISCOVER,"above EMA50, rising EMA50, tight range, volume contraction, low-volume pullback",46,56,35,WATCHLIST,WEAK,32.0,price<EMA20; EMA20>EMA50; EMA20 falling,1.64,33.3,0.34,22.98,1,True,4.31,160065832.0,5.3,4.93,4.65,4.95,5.88,3.56,5.88,3.56,6.2,5.9,RESISTANCE_BREAKOUT,BREAKOUT,0.3,,,0,,,0,False,False,5.54,ATR_FALLBACK,5.56,5.65,6.0,5.12,5.12,6.19,6.37,6.49,1.33,6.2,5.19,True,5.0,6.2,5.19,0.86,False,2.5,13.9,0.0,29075948.0,142669348.0,3.43,True,True,B2Gold Corp Common shares (Canada),2,41.2,UNCLASSIFIED,,0.0,NONE,0.0,0.0,NONE,,True,0,NOT CHECKED,NONE,NEUTRAL,,,,NOT CHECKED,False,NOT CHECKED,NONE,0,,False,41.2,WATCHLIST,NOT CHECKED,,,,,,,,,False,,,False,,,,False,,,,False,NONE,False,False,0,,,,NOT CHECKED,NO LIVE SIGNAL,41.2,True
FLR,53.91,DISCOVER,DISCOVER,"above EMA50, rising EMA50, near EMA50 support, volume contraction, low-volume pullback",42,58,35,WATCHLIST,WEAK,32.0,price<EMA20; EMA20>EMA50; EMA20 falling,0.51,59.1,0.27,16.92,1,True,3.58,119866018.0,54.07,52.72,49.02,50.65,58.35,46.77,58.35,41.6,57.93,58.5,RESISTANCE_BREAKOUT,BREAKOUT,0.26,,,0,,,0,False,False,55.26,ATR_FALLBACK,55.61,4.95,5.54,51.24,51.24,61.43,63.18,64.35,1.44,,,False,5.0,63.18,8.0,1.44,False,2.5,8.24,0.0,2208585.0,111610124.0,3.42,True,True,Fluor Corporation Common Stock,2,41.1,UNCLASSIFIED,,0.0,NONE,0.0,0.0,NONE,,True,0,NOT CHECKED,NONE,NEUTRAL,,,,NOT CHECKED,False,NOT CHECKED,NONE,0,,False,41.1,WATCHLIST,NOT CHECKED,,,,,,,,,False,,,False,,,,False,,,,False,NONE,False,False,0,,,,NOT CHECKED,NO LIVE SIGNAL,41.1,True
KR,62.17,REJECT,REJECT,"above EMA50, rising EMA50, near EMA200 pivot",28,52,35,NO TRADE,WEAK,32.0,price<EMA20; EMA20>EMA50; EMA20 falling,12.91,66.1,0.66,4.14,0,False,2.56,372286514.0,58.3,58.41,62.04,55.05,61.1,53.78,60.86,53.78,75.66,62.17,RESISTANCE_BREAKOUT,BREAKOUT,1.75,,,0,,,0,False,False,58.44,EMA50,58.41,6.04,6.0,55.65,55.65,65.28,67.14,68.39,1.33,75.66,21.7,True,5.0,67.14,8.0,1.33,False,2.5,-1.72,1.75,6423798.0,342197120.0,2.44,True,True,Kroger Company (The) Common Stock,0,40.6,UNCLASSIFIED,,0.0,NONE,0.0,0.0,NONE,,True,0,NOT CHECKED,NONE,NEUTRAL,,,,NOT CHECKED,False,NOT CHECKED,NONE,0,,False,40.6,NO TRADE,NOT CHECKED,,,,,,,,,False,,,False,,,,False,,,,False,NONE,False,False,0,,,,NOT CHECKED,NO LIVE SIGNAL,40.6,False
SYM,42.75,DISCOVER,DISCOVER,"near EMA50 support, compressed below 20d resistance, volume contraction, low-volume pullback",40,56,35,WATCHLIST,WEAK,32.0,price<EMA20; EMA20>EMA50; EMA20 falling,2.97,58.6,0.46,4.34,0,False,3.73,62316490.0,41.61,42.38,48.93,37.68,44.31,37.68,48.24,38.19,67.08,44.44,RESISTANCE_BREAKOUT,BREAKOUT,0.29,,,0,,,0,False,False,42.09,EMA50,42.38,4.64,5.28,40.3,37.68,46.66,47.99,48.88,1.51,48.24,8.56,True,5.0,47.99,8.0,1.51,False,2.5,3.65,0.0,1514222.0,60553236.0,3.66,True,True,Symbotic Inc. - Class A Common Stock,2,40.6,UNCLASSIFIED,,0.0,NONE,0.0,0.0,NONE,,True,0,NOT CHECKED,NONE,NEUTRAL,,,,NOT CHECKED,False,NOT CHECKED,NONE,0,,False,40.6,WATCHLIST,NOT CHECKED,,,,,,,,,False,,,False,,,,False,,,,False,NONE,False,False,0,,,,NOT CHECKED,NO LIVE SIGNAL,40.6,False
CHYM,33.24,REJECT,REJECT,"20/50 uptrend, rising EMA50",34,54,35,NO TRADE,WEAK,32.0,price<EMA20; EMA20>EMA50; EMA20 falling,7.72,50.6,0.4,20.56,1,True,4.36,241998922.0,32.4,28.95,23.95,30.38,35.55,16.46,35.55,15.88,34.16,35.67,RESISTANCE_BREAKOUT,BREAKOUT,0.33,,,0,,,0,False,False,33.53,ATR_FALLBACK,33.49,6.1,6.0,32.16,31.52,37.45,38.52,39.23,1.33,,,False,5.0,38.52,8.0,1.33,False,2.5,6.95,0.0,7317864.0,205313640.0,4.09,True,True,"Chime Financial, Inc. - Class A Common Stock",0,40.5,UNCLASSIFIED,,0.0,NONE,0.0,0.0,NONE,,True,0,NOT CHECKED,NONE,NEUTRAL,,,,NOT CHECKED,False,NOT CHECKED,NONE,0,,False,40.5,NO TRADE,NOT CHECKED,,,,,,,,,False,,,False,,,,False,,,,False,NONE,False,False,0,,,,NOT CHECKED,NO LIVE SIGNAL,40.5,True
ZION,67.94,DISCOVER,DISCOVER,"rising EMA50, near EMA50 support, tight range, volume contraction, low-volume pullback",50,62,55,WATCHLIST,WEAK,32.0,price<EMA20; EMA20>EMA50; EMA20 falling,-3.06,52.0,0.81,2.5,0,False,2.04,84045302.0,68.59,68.36,63.31,66.17,72.3,65.72,72.85,51.95,72.85,72.41,RESISTANCE_BREAKOUT,BREAKOUT,0.15,,,0,,,0,False,False,68.34,EMA20,68.59,5.28,5.63,67.25,66.17,76.03,78.2,79.65,1.42,72.85,0.61,False,5.0,72.85,0.61,0.11,False,2.5,6.84,0.0,1231902.0,83376703.0,2.02,True,True,Zions Bancorporation N.A. - Common Stock,2,40.5,UNCLASSIFIED,,0.0,NONE,0.0,0.0,NONE,,True,0,NOT CHECKED,NONE,NEUTRAL,,,,NOT CHECKED,False,NOT CHECKED,NONE,0,,False,40.5,WATCHLIST,NOT CHECKED,,,,,,,,,False,,,False,,,,False,,,,False,NONE,False,False,0,,,,NOT CHECKED,NO LIVE SIGNAL,40.5,False
DBX,38.03,REJECT,REJECT,"20/50 uptrend, rising EMA50",26,50,35,NO TRADE,WEAK,32.0,price<EMA20; EMA20>EMA50; EMA20 falling,15.96,65.8,0.54,6.84,0,False,3.1,119801178.0,35.12,33.17,29.6,33.31,37.39,25.06,36.37,21.69,36.37,38.03,RESISTANCE_BREAKOUT,BREAKOUT,1.71,,,0,,,0,False,False,36.05,ATR_FALLBACK,36.26,4.65,5.21,33.49,33.49,39.93,41.07,41.83,1.54,,,False,5.0,41.07,8.0,1.54,False,2.5,-1.68,1.71,3415390.0,116591864.0,2.78,True,True,"Dropbox, Inc. - Class A Common Stock",0,40.4,UNCLASSIFIED,,0.0,NONE,0.0,0.0,NONE,,True,0,NOT CHECKED,NONE,NEUTRAL,,,,NOT CHECKED,False,NOT CHECKED,NONE,0,,False,40.4,NO TRADE,NOT CHECKED,,,,,,,,,False,,,False,,,,False,,,,False,NONE,False,False,0,,,,NOT CHECKED,NO LIVE SIGNAL,40.4,False
CRWD,243.15,REJECT,REJECT,"20/50 uptrend, rising EMA50",26,50,35,NO TRADE,WEAK,32.0,price<EMA20; EMA20>EMA50; EMA20 falling,15.7,69.2,0.89,20.5,2,True,6.24,2460932928.0,213.99,202.34,160.08,181.24,239.37,165.5,233.88,90.45,233.88,243.15,RESISTANCE_BREAKOUT,BREAKOUT,1.58,,,0,,,0,False,False,228.56,ATR_FALLBACK,220.38,9.37,6.0,204.27,200.6,255.31,262.6,267.47,1.33,,,False,5.0,262.6,8.0,1.33,False,2.5,-1.56,1.58,11498752.0,1981351783.0,5.69,True,True,"CrowdStrike Holdings, Inc. - Class A Common Stock",0,40.3,UNCLASSIFIED,,0.0,NONE,0.0,0.0,NONE,,True,0,NOT CHECKED,NONE,NEUTRAL,,,,NOT CHECKED,False,NOT CHECKED,NONE,0,,False,40.3,NO TRADE,NOT CHECKED,,,,,,,,,False,,,False,,,,False,,,,False,NONE,False,False,0,,,,NOT CHECKED,NO LIVE SIGNAL,40.3,True
TTD,15.14,REJECT,REJECT,"compressed below 20d resistance, volume contraction",30,54,55,NO TRADE,WEAK,32.0,price<EMA20; EMA20>EMA50; EMA20 falling,14.97,69.9,0.49,7.93,0,False,4.2,231313211.0,14.45,15.8,23.97,12.97,15.26,12.83,20.53,12.83,32.9,15.31,RESISTANCE_BREAKOUT,BREAKOUT,0.33,,,0,,,0,False,False,14.39,EMA20,14.45,5.65,6.0,13.71,13.37,16.08,16.54,16.84,1.33,20.53,34.12,True,5.0,16.54,8.0,1.33,False,2.5,0.83,0.0,16594032.0,214059450.0,3.95,True,True,"The Trade Desk, Inc. - Class A Common Stock",0,40.3,UNCLASSIFIED,,0.0,NONE,0.0,0.0,NONE,,True,0,NOT CHECKED,NONE,NEUTRAL,,,,NOT CHECKED,False,NOT CHECKED,NONE,0,,False,40.3,NO TRADE,NOT CHECKED,,,,,,,,,False,,,False,,,,False,,,,False,NONE,False,False,0,,,,NOT CHECKED,NO LIVE SIGNAL,40.3,False
EQH,53.84,DISCOVER,DISCOVER,"20/50 uptrend, rising EMA50, compressed below 20d resistance",42,56,55,WATCHLIST,WEAK,32.0,price<EMA20; EMA20>EMA50; EMA20 falling,7.33,75.7,0.42,6.32,0,False,2.23,120852996.0,51.7,49.67,46.3,48.58,54.14,42.97,53.87,34.72,53.32,54.24,RESISTANCE_BREAKOUT,BREAKOUT,0.18,,,0,,,0,False,False,51.48,EMA20,51.7,4.68,5.08,51.45,49.06,56.95,58.57,59.66,1.58,,,False,5.0,58.57,8.0,1.58,False,2.5,0.56,0.0,2357389.0,107543382.0,2.2,True,True,"Equitable Holdings, Inc. Common Stock",2,40.2,UNCLASSIFIED,,0.0,NONE,0.0,0.0,NONE,,True,0,NOT CHECKED,NONE,NEUTRAL,,,,NOT CHECKED,False,NOT CHECKED,NONE,0,,False,40.2,WATCHLIST,NOT CHECKED,,,,,,,,,False,,,False,,,,False,,,,False,NONE,False,False,0,,,,NOT CHECKED,NO LIVE SIGNAL,40.2,False
GLNG,50.84,DISCOVER,DISCOVER,"rising EMA50, near EMA50 support, tight range, volume contraction, low-volume pullback",50,56,40,WATCHLIST,WEAK,32.0,price<EMA20; EMA20>EMA50; EMA20 falling,-0.61,44.4,0.36,2.5,0,False,2.56,60637817.0,51.64,51.13,48.08,50.24,53.56,47.03,55.23,42.47,57.22,53.66,RESISTANCE_BREAKOUT,BREAKOUT,0.19,,,0,,,0,False,False,51.41,EMA20,51.64,3.77,4.21,51.07,50.61,56.35,57.96,59.03,1.9,55.23,2.92,False,5.0,55.23,2.92,0.69,False,2.5,5.35,0.0,1169347.0,58605028.0,2.57,True,True,Golar LNG Limited - Common Shares,2,40.1,UNCLASSIFIED,,0.0,NONE,0.0,0.0,NONE,,True,0,NOT CHECKED,NONE,NEUTRAL,,,,NOT CHECKED,False,NOT CHECKED,NONE,0,,False,40.1,WATCHLIST,NOT CHECKED,,,,,,,,,False,,,False,,,,False,,,,False,NONE,False,False,0,,,,NOT CHECKED,NO LIVE SIGNAL,40.1,False
BEN,33.15,DISCOVER,DISCOVER,"rising EMA50, near EMA50 support, tight range, volume contraction, low-volume pullback",50,56,40,WATCHLIST,WEAK,32.0,price<EMA20; EMA20>EMA50; EMA20 falling,-1.03,32.3,0.33,3.52,0,False,2.3,101349108.0,33.88,33.48,29.6,32.83,35.39,31.73,36.28,22.03,36.28,35.45,RESISTANCE_BREAKOUT,BREAKOUT,0.17,,,0,,,0,False,False,33.75,EMA20,33.88,4.42,4.81,32.89,32.83,37.22,38.29,39.0,1.66,36.28,2.34,False,5.0,36.28,2.34,0.49,False,2.5,6.77,0.0,2971596.0,88428844.0,2.05,True,True,"Franklin Templeton, Inc. Common Stock",2,39.9,UNCLASSIFIED,,0.0,NONE,0.0,0.0,NONE,,True,0,NOT CHECKED,NONE,NEUTRAL,,,,NOT CHECKED,False,NOT CHECKED,NONE,0,,False,39.9,WATCHLIST,NOT CHECKED,,,,,,,,,False,,,False,,,,False,,,,False,NONE,False,False,0,,,,NOT CHECKED,NO LIVE SIGNAL,39.9,False
MT,73.25,DISCOVER,DISCOVER,"above EMA50, rising EMA50, near EMA50 support, volume contraction, low-volume pullback",42,52,20,WATCHLIST,WEAK,32.0,price<EMA20; EMA20>EMA50; EMA20 falling,1.28,48.7,0.46,4.71,0,False,2.56,99893808.0,74.24,71.6,60.89,69.29,79.68,58.41,79.68,47.16,75.93,79.83,RESISTANCE_BREAKOUT,BREAKOUT,0.19,,,0,,,0,False,False,76.67,ATR_FALLBACK,77.01,3.53,3.95,71.52,71.52,83.82,86.22,87.81,2.02,,,False,5.0,86.22,8.0,2.02,False,2.5,8.78,0.0,1346235.0,90555634.0,2.12,True,True,Arcelor Mittal NY Registry Shares NEW,2,39.8,UNCLASSIFIED,,0.0,NONE,0.0,0.0,NONE,,True,0,NOT CHECKED,NONE,NEUTRAL,,,,NOT CHECKED,False,NOT CHECKED,NONE,0,,False,39.8,WATCHLIST,NOT CHECKED,,,,,,,,,False,,,False,,,,False,,,,False,NONE,False,False,0,,,,NOT CHECKED,NO LIVE SIGNAL,39.8,False
GAP,20.43,DISCOVER,DISCOVER,"rising EMA50, near EMA50 support, tight range, volume contraction, low-volume pullback",42,58,55,WATCHLIST,WEAK,32.0,price<EMA20; EMA20>EMA50; EMA20 falling,3.29,51.6,0.16,12.94,1,True,5.41,186064992.0,21.22,20.99,22.35,19.52,25.8,17.94,25.8,17.94,27.97,25.89,RESISTANCE_BREAKOUT,BREAKOUT,0.34,,,0,,,0,False,False,24.34,ATR_FALLBACK,24.23,6.41,6.0,20.71,20.71,27.18,27.96,28.48,1.33,27.97,8.04,True,5.0,27.96,8.0,1.33,False,2.5,26.25,0.0,8634044.0,143685323.0,3.36,True,True,"Gap, Inc. (The) Common Stock",2,39.5,UNCLASSIFIED,,0.0,NONE,0.0,0.0,NONE,,True,0,NOT CHECKED,NONE,NEUTRAL,,,,NOT CHECKED,False,NOT CHECKED,NONE,0,,False,39.5,WATCHLIST,NOT CHECKED,,,,,,,,,False,,,False,,,,False,,,,False,NONE,False,False,0,,,,NOT CHECKED,NO LIVE SIGNAL,39.5,True
AEM,196.62,REJECT,REJECT,"above EMA50, rising EMA50, tight range, volume contraction, low-volume pullback",38,52,35,NO TRADE,WEAK,32.0,price<EMA20; EMA20>EMA50; EMA20 falling,6.41,29.5,0.2,11.12,1,True,3.85,619710058.0,197.67,185.87,179.74,184.21,223.93,134.08,223.93,134.08,254.05,224.54,RESISTANCE_BREAKOUT,BREAKOUT,0.27,,,0,,,0,False,False,211.81,ATR_FALLBACK,213.18,5.06,5.67,192.93,192.93,235.77,242.5,246.99,1.41,254.05,13.14,True,5.0,242.5,8.0,1.41,False,2.5,13.89,0.0,3000769.0,559134158.0,3.41,True,True,Agnico Eagle Mines Limited Common Stock,0,39.4,UNCLASSIFIED,,0.0,NONE,0.0,0.0,NONE,,True,0,NOT CHECKED,NONE,NEUTRAL,,,,NOT CHECKED,False,NOT CHECKED,NONE,0,,False,39.4,NO TRADE,NOT CHECKED,,,,,,,,,False,,,False,,,,False,,,,False,NONE,False,False,0,,,,NOT CHECKED,NO LIVE SIGNAL,39.4,True
ECHO,92.57,DISCOVER,DISCOVER,"near EMA50 support, compressed below 20d resistance, volume contraction, low-volume pullback",40,56,40,WATCHLIST,WEAK,32.0,price<EMA20; EMA20>EMA50; EMA20 falling,2.09,68.5,0.43,6.97,0,False,2.93,221776102.0,90.28,93.13,99.96,84.26,95.7,82.48,108.74,82.48,147.25,95.92,RESISTANCE_BREAKOUT,BREAKOUT,0.23,,,0,,,0,False,False,92.64,EMA50,93.13,2.91,3.42,89.13,85.28,100.71,103.59,105.51,2.34,108.74,13.37,True,5.0,103.59,8.0,2.34,False,2.5,3.38,0.0,2490308.0,201234366.0,2.89,True,True,EchoStar Corporation - Common stock,2,39.4,UNCLASSIFIED,,0.0,NONE,0.0,0.0,NONE,,True,0,NOT CHECKED,NONE,NEUTRAL,,,,NOT CHECKED,False,NOT CHECKED,NONE,0,,False,39.4,WATCHLIST,NOT CHECKED,,,,,,,,,False,,,False,,,,False,,,,False,NONE,False,False,0,,,,NOT CHECKED,NO LIVE SIGNAL,39.4,False
AVY,170.35,DISCOVER,DISCOVER,"rising EMA50, near EMA50 support, near EMA200 pivot, tight range, volume contraction, low-volume pullback",52,58,55,WATCHLIST,WEAK,32.0,price<EMA20; EMA20>EMA50; EMA20 falling,-0.96,33.8,0.14,3.07,0,False,2.4,180960197.0,172.96,170.92,168.25,166.85,184.7,153.83,186.82,150.83,192.75,185.02,RESISTANCE_BREAKOUT,BREAKOUT,0.18,,,0,,,0,False,False,173.92,EMA20,172.96,6.52,6.0,166.85,166.85,194.27,199.83,203.53,1.33,186.82,0.97,False,5.0,186.82,0.97,0.16,False,2.5,8.42,0.0,1037439.0,135221880.0,2.41,True,True,Avery Dennison Corporation Common Stock,2,39.4,UNCLASSIFIED,,0.0,NONE,0.0,0.0,NONE,,True,0,NOT CHECKED,NONE,NEUTRAL,,,,NOT CHECKED,False,NOT CHECKED,NONE,0,,False,39.4,WATCHLIST,NOT CHECKED,,,,,,,,,False,,,False,,,,False,,,,False,NONE,False,False,0,,,,NOT CHECKED,NO LIVE SIGNAL,39.4,False
BTU,26.64,DISCOVER,DISCOVER,"above EMA50, rising EMA50, near EMA50 support, near EMA200 pivot",42,52,35,WATCHLIST,WEAK,32.0,price<EMA20; EMA20>EMA50; EMA20 falling,4.84,46.2,0.68,7.76,0,False,5.05,59872332.0,27.65,26.39,26.79,24.87,30.41,20.0,30.41,20.0,40.88,30.52,RESISTANCE_BREAKOUT,BREAKOUT,0.35,,,0,,,0,False,False,28.69,ATR_FALLBACK,28.5,6.62,6.0,27.09,27.09,32.05,32.96,33.57,1.33,40.88,33.96,True,5.0,32.96,8.0,1.33,False,2.5,14.16,0.0,2124626.0,56297272.0,4.18,True,True,Peabody Energy Corporation Common Stock ,2,39.4,UNCLASSIFIED,,0.0,NONE,0.0,0.0,NONE,,True,0,NOT CHECKED,NONE,NEUTRAL,,,,NOT CHECKED,False,NOT CHECKED,NONE,0,,False,39.4,WATCHLIST,NOT CHECKED,,,,,,,,,False,,,False,,,,False,,,,False,NONE,False,False,0,,,,NOT CHECKED,NO LIVE SIGNAL,39.4,False
A,150.7,DISCOVER,DISCOVER,"20/50 uptrend, rising EMA50, volume contraction",40,50,20,WATCHLIST,WEAK,32.0,price<EMA20; EMA20>EMA50; EMA20 falling,3.54,43.2,0.25,4.7,0,False,2.99,364187320.0,148.82,144.35,133.65,141.25,163.75,125.0,163.75,108.14,163.75,164.11,RESISTANCE_BREAKOUT,BREAKOUT,0.22,,,0,,,0,False,False,156.53,ATR_FALLBACK,157.34,4.12,4.62,141.25,141.25,172.32,177.24,180.52,1.73,,,False,5.0,177.24,8.0,1.73,False,2.5,8.66,0.0,2389922.0,391249293.0,2.87,True,True,"Agilent Technologies, Inc. Common Stock",2,39.3,UNCLASSIFIED,,0.0,NONE,0.0,0.0,NONE,,True,0,NOT CHECKED,NONE,NEUTRAL,,,,NOT CHECKED,False,NOT CHECKED,NONE,0,,False,39.3,WATCHLIST,NOT CHECKED,,,,,,,,,False,,,False,,,,False,,,,False,NONE,False,False,0,,,,NOT CHECKED,NO LIVE SIGNAL,39.3,False
GPN,89.48,DISCOVER,DISCOVER,"above EMA50, rising EMA50, volume contraction, low-volume pullback",44,54,35,WATCHLIST,WEAK,32.0,price<EMA20; EMA20>EMA50; EMA20 falling,1.31,38.6,0.29,7.12,0,False,2.8,216763551.0,89.72,85.98,78.69,85.94,95.61,63.48,95.61,60.75,95.61,95.81,RESISTANCE_BREAKOUT,BREAKOUT,0.21,,,0,,,0,False,False,90.06,EMA20,89.72,6.35,6.0,85.94,85.94,100.6,103.47,105.39,1.33,,,False,5.0,103.47,8.0,1.33,False,2.5,6.85,0.0,2374118.0,210847115.0,2.64,True,True,Global Payments Inc. Common Stock,2,39.3,UNCLASSIFIED,,0.0,NONE,0.0,0.0,NONE,,True,0,NOT CHECKED,NONE,NEUTRAL,,,,NOT CHECKED,False,NOT CHECKED,NONE,0,,False,39.3,WATCHLIST,NOT CHECKED,,,,,,,,,False,,,False,,,,False,,,,False,NONE,False,False,0,,,,NOT CHECKED,NO LIVE SIGNAL,39.3,False
OSCR,32.57,REJECT,REJECT,"20/50 uptrend, rising EMA50",34,54,35,NO TRADE,WEAK,32.0,price<EMA20; EMA20>EMA50; EMA20 falling,5.26,58.0,0.39,6.43,0,False,5.24,145697314.0,31.7,30.26,23.86,29.08,34.48,25.37,34.23,10.69,33.55,34.62,RESISTANCE_BREAKOUT,BREAKOUT,0.4,,,0,,,0,False,False,32.54,ATR_FALLBACK,32.06,7.39,6.0,30.44,29.08,36.35,37.39,38.08,1.33,,,False,5.0,37.39,8.0,1.33,False,2.5,5.86,0.0,4602512.0,149142839.0,5.43,True,True,"Oscar Health, Inc. Class A Common Stock",0,39.3,UNCLASSIFIED,,0.0,NONE,0.0,0.0,NONE,,True,0,NOT CHECKED,NONE,NEUTRAL,,,,NOT CHECKED,False,NOT CHECKED,NONE,0,,False,39.3,NO TRADE,NOT CHECKED,,,,,,,,,False,,,False,,,,False,,,,False,NONE,False,False,0,,,,NOT CHECKED,NO LIVE SIGNAL,39.3,False
SU,71.67,REJECT,REJECT,"20/50 uptrend, rising EMA50, tight range",36,54,55,NO TRADE,WEAK,32.0,price<EMA20; EMA20>EMA50; EMA20 falling,10.23,78.7,0.43,4.38,0,False,2.46,288988305.0,67.54,65.24,58.6,64.15,70.84,52.95,70.25,52.95,69.38,71.67,RESISTANCE_BREAKOUT,BREAKOUT,1.17,,,0,,,0,False,False,67.37,EMA20,67.54,5.76,6.0,67.28,65.39,75.25,77.4,78.84,1.33,,,False,5.0,77.4,8.0,1.33,False,2.5,-1.16,1.17,4281810.0,212426511.0,2.29,True,True,Suncor Energy  Inc. Common Stock,0,39.2,UNCLASSIFIED,,0.0,NONE,0.0,0.0,NONE,,True,0,NOT CHECKED,NONE,NEUTRAL,,,,NOT CHECKED,False,NOT CHECKED,NONE,0,,False,39.2,NO TRADE,NOT CHECKED,,,,,,,,,False,,,False,,,,False,,,,False,NONE,False,False,0,,,,NOT CHECKED,NO LIVE SIGNAL,39.2,False
AESI,13.59,REJECT,REJECT,"above EMA50, rising EMA50, near EMA50 support",32,52,35,NO TRADE,WEAK,32.0,price<EMA20; EMA20>EMA50; EMA20 falling,8.03,62.7,0.39,7.71,0,False,5.5,38655754.0,13.2,13.32,13.31,11.77,14.72,9.53,17.18,9.35,20.13,14.78,RESISTANCE_BREAKOUT,BREAKOUT,0.41,,,0,,,0,False,False,13.89,ATR_FALLBACK,13.66,7.59,6.0,12.83,12.3,15.52,15.96,16.26,1.33,17.18,16.24,True,5.0,15.96,8.0,1.33,False,2.5,8.31,0.0,2942495.0,33869250.0,5.36,True,True,Atlas Energy Solutions Inc. Common Stock,0,39.0,UNCLASSIFIED,,0.0,NONE,0.0,0.0,NONE,,True,0,NOT CHECKED,NONE,NEUTRAL,,,,NOT CHECKED,False,NOT CHECKED,NONE,0,,False,39.0,NO TRADE,NOT CHECKED,,,,,,,,,False,,,False,,,,False,,,,False,NONE,False,False,0,,,,NOT CHECKED,NO LIVE SIGNAL,39.0,False
MGY,28.6,REJECT,REJECT,"20/50 uptrend, rising EMA50, tight range",36,50,35,NO TRADE,WEAK,32.0,price<EMA20; EMA20>EMA50; EMA20 falling,8.8,71.0,0.53,4.46,0,False,2.89,92882402.0,27.23,26.77,26.24,25.93,28.54,23.23,28.38,23.23,32.33,28.61,RESISTANCE_BREAKOUT,BREAKOUT,0.23,,,0,,,0,False,False,27.08,EMA20,27.23,4.82,5.34,27.05,26.52,30.04,30.89,31.47,1.5,32.33,13.03,True,5.0,30.89,8.0,1.5,False,2.5,-0.23,0.23,3392744.0,88600484.0,2.59,True,True,Magnolia Oil & Gas Corporation Class A Common Stock,0,38.8,UNCLASSIFIED,,0.0,NONE,0.0,0.0,NONE,,True,0,NOT CHECKED,NONE,NEUTRAL,,,,NOT CHECKED,False,NOT CHECKED,NONE,0,,False,38.8,NO TRADE,NOT CHECKED,,,,,,,,,False,,,False,,,,False,,,,False,NONE,False,False,0,,,,NOT CHECKED,NO LIVE SIGNAL,38.8,False
URBN,76.2,DISCOVER,DISCOVER,"rising EMA50, near EMA50 support, tight range, volume contraction, low-volume pullback",42,58,55,WATCHLIST,WEAK,32.0,price<EMA20; EMA20>EMA50; EMA20 falling,1.45,50.7,0.15,9.46,0,False,4.54,102325849.0,77.76,76.23,72.79,71.85,85.43,65.7,85.43,59.97,85.43,85.71,RESISTANCE_BREAKOUT,BREAKOUT,0.32,,,0,,,0,False,False,80.56,ATR_FALLBACK,80.52,6.05,6.0,74.18,74.18,89.99,92.56,94.28,1.33,,,False,5.0,92.56,8.0,1.33,False,2.5,12.11,0.0,1307116.0,81727744.0,3.73,True,True,"Urban Outfitters, Inc. - Common Stock",2,38.6,UNCLASSIFIED,,0.0,NONE,0.0,0.0,NONE,,True,0,NOT CHECKED,NONE,NEUTRAL,,,,NOT CHECKED,False,NOT CHECKED,NONE,0,,False,38.6,WATCHLIST,NOT CHECKED,,,,,,,,,False,,,False,,,,False,,,,False,NONE,False,False,0,,,,NOT CHECKED,NO LIVE SIGNAL,38.6,False
SSRM,34.84,REJECT,REJECT,"above EMA50, rising EMA50, volume contraction, low-volume pullback",36,50,35,NO TRADE,WEAK,32.0,price<EMA20; EMA20>EMA50; EMA20 falling,8.31,34.8,0.28,11.64,2,True,4.53,89678188.0,35.74,33.32,29.2,31.51,39.44,24.15,39.44,22.54,39.43,39.57,RESISTANCE_BREAKOUT,BREAKOUT,0.32,,,0,,,0,False,False,37.19,ATR_FALLBACK,37.2,5.99,6.0,34.36,34.36,41.54,42.73,43.52,1.33,,,False,5.0,42.73,8.0,1.33,False,2.5,13.2,0.0,2425399.0,85857278.0,3.74,True,True,SSR Mining Inc. - Common Stock,0,38.6,UNCLASSIFIED,,0.0,NONE,0.0,0.0,NONE,,True,0,NOT CHECKED,NONE,NEUTRAL,,,,NOT CHECKED,False,NOT CHECKED,NONE,0,,False,38.6,NO TRADE,NOT CHECKED,,,,,,,,,False,,,False,,,,False,,,,False,NONE,False,False,0,,,,NOT CHECKED,NO LIVE SIGNAL,38.6,True
C,134.9,DISCOVER,DISCOVER,"above EMA50, rising EMA50, near EMA50 support",40,52,20,WATCHLIST,WEAK,32.0,price<EMA20; EMA20>EMA50; EMA20 falling,-0.58,55.0,0.5,2.83,0,False,2.47,1135964825.0,135.62,134.63,124.44,129.61,141.27,126.14,147.04,101.02,147.21,141.54,RESISTANCE_BREAKOUT,BREAKOUT,0.19,,,0,,,0,False,False,135.02,EMA20,135.62,4.18,4.61,132.66,130.2,148.61,152.86,155.69,1.74,147.04,3.89,False,5.0,147.04,3.89,0.84,False,2.5,4.73,0.0,8441674.0,1004773115.0,2.26,True,True,"Citigroup, Inc. Common Stock",2,38.5,UNCLASSIFIED,,0.0,NONE,0.0,0.0,NONE,,True,0,NOT CHECKED,NONE,NEUTRAL,,,,NOT CHECKED,False,NOT CHECKED,NONE,0,,False,38.5,WATCHLIST,NOT CHECKED,,,,,,,,,False,,,False,,,,False,,,,False,NONE,False,False,0,,,,NOT CHECKED,NO LIVE SIGNAL,38.5,False
CMG,34.6,DISCOVER,DISCOVER,"rising EMA50, near EMA50 support, near EMA200 pivot, volume contraction, low-volume pullback",42,52,40,WATCHLIST,WEAK,32.0,price<EMA20; EMA20>EMA50; EMA20 falling,4.51,33.3,0.8,4.56,0,False,3.21,461718450.0,36.24,35.28,35.04,33.2,38.92,30.45,39.09,28.04,39.09,39.01,RESISTANCE_BREAKOUT,BREAKOUT,0.23,,,0,,,0,False,False,37.14,ATR_FALLBACK,37.34,4.27,4.78,35.66,35.66,40.96,42.13,42.91,1.67,39.09,0.21,False,5.0,39.09,0.21,0.04,False,2.5,12.49,0.0,12592840.0,409531637.0,3.11,True,True,"Chipotle Mexican Grill, Inc. Common Stock",2,38.5,UNCLASSIFIED,,0.0,NONE,0.0,0.0,NONE,,True,0,NOT CHECKED,NONE,NEUTRAL,,,,NOT CHECKED,False,NOT CHECKED,NONE,0,,False,38.5,WATCHLIST,NOT CHECKED,,,,,,,,,False,,,False,,,,False,,,,False,NONE,False,False,0,,,,NOT CHECKED,NO LIVE SIGNAL,38.5,False
AU,99.94,DISCOVER,DISCOVER,"above EMA50, rising EMA50, near EMA50 support, volume contraction, low-volume pullback",42,52,35,WATCHLIST,WEAK,32.0,price<EMA20; EMA20>EMA50; EMA20 falling,3.0,15.7,0.24,10.81,1,True,4.02,320991873.0,105.42,99.33,90.83,96.17,123.39,72.94,123.39,72.94,124.69,123.71,RESISTANCE_BREAKOUT,BREAKOUT,0.26,,,0,,,0,False,False,116.96,ATR_FALLBACK,117.68,4.87,5.46,99.32,99.32,129.9,133.61,136.08,1.47,124.69,0.79,False,5.0,124.69,0.79,0.15,False,2.5,23.46,0.0,2852422.0,279230609.0,3.28,True,True,AngloGold Ashanti PLC Ordinary Shares,2,38.4,UNCLASSIFIED,,0.0,NONE,0.0,0.0,NONE,,True,0,NOT CHECKED,NONE,NEUTRAL,,,,NOT CHECKED,False,NOT CHECKED,NONE,0,,False,38.4,WATCHLIST,NOT CHECKED,,,,,,,,,False,,,False,,,,False,,,,False,NONE,False,False,0,,,,NOT CHECKED,NO LIVE SIGNAL,38.4,True
APO,127.42,DISCOVER,DISCOVER,"rising EMA50, near EMA50 support, near EMA200 pivot, tight range, volume contraction, low-volume pullback",52,58,55,WATCHLIST,WEAK,32.0,price<EMA20; EMA20>EMA50; EMA20 falling,-2.87,36.1,0.24,6.26,0,False,2.78,309531273.0,131.05,129.56,127.5,126.49,137.83,113.55,143.72,98.72,143.72,138.11,RESISTANCE_BREAKOUT,BREAKOUT,0.21,,,0,,,0,False,False,130.41,EMA20,131.05,5.12,5.58,126.49,126.49,145.02,149.16,151.93,1.43,143.72,4.06,False,5.0,143.72,4.06,0.73,False,2.5,9.47,0.0,2343373.0,280687400.0,2.53,True,True,"Apollo Global Management, Inc. (New) Common Stock",2,38.4,UNCLASSIFIED,,0.0,NONE,0.0,0.0,NONE,,True,0,NOT CHECKED,NONE,NEUTRAL,,,,NOT CHECKED,False,NOT CHECKED,NONE,0,,False,38.4,WATCHLIST,NOT CHECKED,,,,,,,,,False,,,False,,,,False,,,,False,NONE,False,False,0,,,,NOT CHECKED,NO LIVE SIGNAL,38.4,False
BULL,8.63,REJECT,REJECT,"above EMA50, rising EMA50, volume contraction, low-volume pullback",36,50,35,NO TRADE,WEAK,32.0,price<EMA20; EMA20>EMA50; EMA20 falling,7.79,46.2,0.33,11.11,1,True,5.87,170111532.0,8.96,8.3,8.05,7.83,10.19,6.32,10.19,4.5,9.95,10.23,RESISTANCE_BREAKOUT,BREAKOUT,0.4,,,0,,,0,False,False,9.62,ATR_FALLBACK,9.47,7.43,6.0,8.86,8.84,10.74,11.05,11.25,1.33,,,False,5.0,11.05,8.0,1.33,False,2.5,18.08,0.0,18720550.0,119794060.0,5.95,True,True,Webull Corporation - Class A Ordinary Shares,0,38.3,UNCLASSIFIED,,0.0,NONE,0.0,0.0,NONE,,True,0,NOT CHECKED,NONE,NEUTRAL,,,,NOT CHECKED,False,NOT CHECKED,NONE,0,,False,38.3,NO TRADE,NOT CHECKED,,,,,,,,,False,,,False,,,,False,,,,False,NONE,False,False,0,,,,NOT CHECKED,NO LIVE SIGNAL,38.3,True
IBRX,7.97,DISCOVER,DISCOVER,"above EMA50, rising EMA50, near EMA50 support, tight range",42,52,35,WATCHLIST,WEAK,32.0,price<EMA20; EMA20>EMA50; EMA20 falling,2.59,46.3,0.48,8.05,0,False,5.23,65501833.0,7.97,7.84,6.75,7.46,8.76,6.65,9.6,6.54,10.98,8.79,RESISTANCE_BREAKOUT,BREAKOUT,0.38,,,0,,,0,False,False,8.27,ATR_FALLBACK,8.17,7.1,6.0,7.64,7.64,9.23,9.5,9.67,1.33,9.6,9.17,True,5.0,9.5,8.0,1.33,False,2.5,9.98,0.0,8141925.0,63811683.0,4.65,True,True,"ImmunityBio, Inc. - Common Stock",2,38.2,UNCLASSIFIED,,0.0,NONE,0.0,0.0,NONE,,True,0,NOT CHECKED,NONE,NEUTRAL,,,,NOT CHECKED,False,NOT CHECKED,NONE,0,,False,38.2,WATCHLIST,NOT CHECKED,,,,,,,,,False,,,False,,,,False,,,,False,NONE,False,False,0,,,,NOT CHECKED,NO LIVE SIGNAL,38.2,False
B,42.44,DISCOVER,DISCOVER,"above EMA50, rising EMA50, near EMA50 support, volume contraction, low-volume pullback",42,52,35,WATCHLIST,WEAK,32.0,price<EMA20; EMA20>EMA50; EMA20 falling,2.23,27.1,0.38,7.43,0,False,3.48,451232379.0,43.71,42.17,40.11,41.35,48.95,33.9,48.95,33.9,50.87,49.07,RESISTANCE_BREAKOUT,BREAKOUT,0.24,,,0,,,0,False,False,46.59,ATR_FALLBACK,46.86,4.51,5.05,41.88,41.88,51.52,53.0,53.98,1.58,50.87,3.67,False,5.0,50.87,3.67,0.73,False,2.5,15.33,0.0,9969186.0,403820129.0,2.82,True,True,Barrick Mining Corporation Common Shares,2,38.1,UNCLASSIFIED,,0.0,NONE,0.0,0.0,NONE,,True,0,NOT CHECKED,NONE,NEUTRAL,,,,NOT CHECKED,False,NOT CHECKED,NONE,0,,False,38.1,WATCHLIST,NOT CHECKED,,,,,,,,,False,,,False,,,,False,,,,False,NONE,False,False,0,,,,NOT CHECKED,NO LIVE SIGNAL,38.1,False
RBA,86.14,REJECT,REJECT,"compressed below 20d resistance, tight range, volume contraction",32,52,40,NO TRADE,WEAK,32.0,price<EMA20; EMA20>EMA50; EMA20 falling,7.35,54.1,0.54,4.45,0,False,2.52,150221687.0,85.66,92.66,101.68,79.75,88.34,79.75,117.04,81.71,117.04,88.52,RESISTANCE_BREAKOUT,BREAKOUT,0.2,,,0,,,0,False,False,85.27,EMA20,85.66,3.23,3.67,79.75,79.75,92.94,95.6,97.37,2.18,117.04,32.22,True,5.0,95.6,8.0,2.18,False,2.5,2.56,0.0,1778930.0,150540830.0,2.78,True,True,"RB Global, Inc. Common Stock",0,37.9,UNCLASSIFIED,,0.0,NONE,0.0,0.0,NONE,,True,0,NOT CHECKED,NONE,NEUTRAL,,,,NOT CHECKED,False,NOT CHECKED,NONE,0,,False,37.9,NO TRADE,NOT CHECKED,,,,,,,,,False,,,False,,,,False,,,,False,NONE,False,False,0,,,,NOT CHECKED,NO LIVE SIGNAL,37.9,False
TALO,18.45,REJECT,REJECT,"20/50 uptrend, rising EMA50, volume expanding",32,50,55,NO TRADE,WEAK,32.0,price<EMA20; EMA20>EMA50; EMA20 falling,14.49,81.6,1.17,8.41,0,False,3.45,30257200.0,17.07,16.11,14.13,15.98,18.44,12.84,18.44,12.38,18.44,18.49,RESISTANCE_BREAKOUT,BREAKOUT,0.28,,,0,,,0,False,False,17.42,ATR_FALLBACK,17.54,5.17,5.79,16.97,16.67,19.42,19.97,20.34,1.38,,,False,5.0,19.97,8.0,1.38,False,2.5,-0.08,0.08,1753611.0,28445761.0,3.64,True,True,"Talos Energy, Inc. Common Stock",0,37.9,UNCLASSIFIED,,0.0,NONE,0.0,0.0,NONE,,True,0,NOT CHECKED,NONE,NEUTRAL,,,,NOT CHECKED,False,NOT CHECKED,NONE,0,,False,37.9,NO TRADE,NOT CHECKED,,,,,,,,,False,,,False,,,,False,,,,False,NONE,False,False,0,,,,NOT CHECKED,NO LIVE SIGNAL,37.9,False
TMUS,181.29,DISCOVER,DISCOVER,"rising EMA50, near EMA50 support, volume contraction, low-volume pullback",40,56,55,WATCHLIST,WEAK,32.0,price<EMA20; EMA20>EMA50; EMA20 falling,3.25,51.0,0.42,3.75,0,False,2.45,702644311.0,181.06,181.39,192.7,174.65,189.87,164.71,197.72,164.71,219.62,190.23,RESISTANCE_BREAKOUT,BREAKOUT,0.19,,,0,,,0,False,False,180.6,EMA50,181.39,4.64,5.06,174.65,174.65,199.74,205.44,209.25,1.58,197.72,3.94,False,5.0,197.72,3.94,0.78,False,2.5,4.74,0.0,3872907.0,707451747.0,2.21,True,True,"T-Mobile US, Inc. - Common Stock",2,37.8,UNCLASSIFIED,,0.0,NONE,0.0,0.0,NONE,,True,0,NOT CHECKED,NONE,NEUTRAL,,,,NOT CHECKED,False,NOT CHECKED,NONE,0,,False,37.8,WATCHLIST,NOT CHECKED,,,,,,,,,False,,,False,,,,False,,,,False,NONE,False,False,0,,,,NOT CHECKED,NO LIVE SIGNAL,37.8,False
SPGI,413.45,DISCOVER,DISCOVER,"rising EMA50, near EMA50 support, near EMA200 pivot, volume contraction, low-volume pullback",42,52,40,WATCHLIST,WEAK,32.0,price<EMA20; EMA20>EMA50; EMA20 falling,2.96,41.2,0.37,4.37,0,False,2.94,783809736.0,424.85,422.14,429.35,407.44,454.92,371.0,460.98,371.0,460.98,455.89,RESISTANCE_BREAKOUT,BREAKOUT,0.21,,,0,,,0,False,False,435.48,ATR_FALLBACK,437.66,4.0,4.48,407.44,407.44,478.69,492.36,501.48,1.79,460.98,1.12,False,5.0,460.98,1.12,0.25,False,2.5,10.03,0.0,1820659.0,767845660.0,2.41,True,True,S&P Global Inc. Common Stock,2,37.7,UNCLASSIFIED,,0.0,NONE,0.0,0.0,NONE,,True,0,NOT CHECKED,NONE,NEUTRAL,,,,NOT CHECKED,False,NOT CHECKED,NONE,0,,False,37.7,WATCHLIST,NOT CHECKED,,,,,,,,,False,,,False,,,,False,,,,False,NONE,False,False,0,,,,NOT CHECKED,NO LIVE SIGNAL,37.7,False
EGO,40.02,DISCOVER,DISCOVER,"above EMA50, rising EMA50, near EMA50 support, volume contraction, low-volume pullback",42,52,35,WATCHLIST,WEAK,32.0,price<EMA20; EMA20>EMA50; EMA20 falling,1.42,26.5,0.47,13.14,1,True,4.92,121515025.0,42.33,39.18,35.18,38.49,48.29,27.04,48.29,27.04,48.29,48.45,RESISTANCE_BREAKOUT,BREAKOUT,0.33,,,0,,,0,False,False,45.54,ATR_FALLBACK,45.49,6.1,6.0,40.48,40.48,50.87,52.32,53.29,1.33,,,False,5.0,52.32,8.0,1.33,False,2.5,20.66,0.0,2758120.0,130195238.0,3.74,True,True,Eldorado Gold Corporation Ordinary Shares,2,37.7,UNCLASSIFIED,,0.0,NONE,0.0,0.0,NONE,,True,0,NOT CHECKED,NONE,NEUTRAL,,,,NOT CHECKED,False,NOT CHECKED,NONE,0,,False,37.7,WATCHLIST,NOT CHECKED,,,,,,,,,False,,,False,,,,False,,,,False,NONE,False,False,0,,,,NOT CHECKED,NO LIVE SIGNAL,37.7,True
TDC,29.8,REJECT,REJECT,"near EMA50 support, volume contraction",20,44,0,NO TRADE,WEAK,32.0,price<EMA20; EMA20>EMA50; EMA20 falling,10.27,66.0,0.44,7.17,0,False,3.26,51168702.0,28.43,29.15,28.83,26.75,29.63,25.54,37.52,23.86,37.52,29.8,RESISTANCE_BREAKOUT,BREAKOUT,0.57,,,0,,,0,False,False,28.97,EMA50,29.15,2.18,2.77,27.2,27.2,31.29,32.18,32.78,2.89,37.52,25.91,True,5.0,32.18,8.0,2.89,True,2.5,-0.57,0.57,1816906.0,47177674.0,3.03,True,True,Teradata Corporation Common Stock,0,37.7,UNCLASSIFIED,,0.0,NONE,0.0,0.0,NONE,,True,0,NOT CHECKED,NONE,NEUTRAL,,,,NOT CHECKED,False,NOT CHECKED,NONE,0,,False,37.7,NO TRADE,NOT CHECKED,,,,,,,,,False,,,False,,,,False,,,,False,NONE,False,False,0,,,,NOT CHECKED,NO LIVE SIGNAL,37.7,False
DRH,12.31,DISCOVER,DISCOVER,"above EMA50, near EMA50 support, tight range",42,52,35,WATCHLIST,WEAK,32.0,price<EMA20; EMA20>EMA50; EMA20 falling,1.58,36.2,0.28,2.42,0,False,2.41,30284635.0,12.33,12.28,10.85,11.85,12.97,11.57,13.79,9.04,13.79,12.99,RESISTANCE_BREAKOUT,BREAKOUT,0.18,,,0,,,0,False,False,12.28,EMA20,12.33,5.1,5.51,11.85,11.85,13.64,14.03,14.29,1.45,13.79,6.13,True,5.0,13.79,6.13,1.11,False,2.5,5.4,0.0,2441429.0,26679681.0,2.35,True,True,Diamondrock Hospitality Company - Common Stock,2,37.7,UNCLASSIFIED,,0.0,NONE,0.0,0.0,NONE,,True,0,NOT CHECKED,NONE,NEUTRAL,,,,NOT CHECKED,False,NOT CHECKED,NONE,0,,False,37.7,WATCHLIST,NOT CHECKED,,,,,,,,,False,,,False,,,,False,,,,False,NONE,False,False,0,,,,NOT CHECKED,NO LIVE SIGNAL,37.7,False
NTSK,17.67,REJECT,REJECT,"20/50 uptrend, rising EMA50",26,44,35,NO TRADE,WEAK,32.0,price<EMA20; EMA20>EMA50; EMA20 falling,17.86,73.3,0.99,15.65,2,True,6.62,84105713.0,14.95,13.91,13.98,13.14,17.44,8.69,16.58,7.66,16.58,17.67,RESISTANCE_BREAKOUT,BREAKOUT,1.29,,,0,,,0,False,False,16.61,ATR_FALLBACK,15.91,9.93,6.0,13.31,13.26,18.55,19.08,19.43,1.33,,,False,5.0,19.08,8.0,1.33,False,2.5,-1.27,1.29,5632441.0,81024815.0,6.65,True,True,"Netskope, Inc. - Class A Common Stock",0,37.5,UNCLASSIFIED,,0.0,NONE,0.0,0.0,NONE,,True,0,NOT CHECKED,NONE,NEUTRAL,,,,NOT CHECKED,False,NOT CHECKED,NONE,0,,False,37.5,NO TRADE,NOT CHECKED,,,,,,,,,False,,,False,,,,False,,,,False,NONE,False,False,0,,,,NOT CHECKED,NO LIVE SIGNAL,37.5,True
ASAN,9.55,REJECT,REJECT,"20/50 uptrend, rising EMA50",26,50,35,NO TRADE,WEAK,32.0,price<EMA20; EMA20>EMA50; EMA20 falling,10.12,51.1,0.33,10.15,1,True,6.44,50825800.0,9.24,8.76,8.98,8.09,10.51,6.21,10.51,5.38,10.51,10.56,RESISTANCE_BREAKOUT,BREAKOUT,0.47,,,0,,,0,False,False,9.93,ATR_FALLBACK,9.64,8.73,6.0,8.09,8.09,11.09,11.4,11.62,1.33,,,False,5.0,11.4,8.0,1.33,False,2.5,10.11,0.0,5421400.0,44515187.0,4.77,True,True,"Asana, Inc. Class A Common Stock",0,37.5,UNCLASSIFIED,,0.0,NONE,0.0,0.0,NONE,,True,0,NOT CHECKED,NONE,NEUTRAL,,,,NOT CHECKED,False,NOT CHECKED,NONE,0,,False,37.5,NO TRADE,NOT CHECKED,,,,,,,,,False,,,False,,,,False,,,,False,NONE,False,False,0,,,,NOT CHECKED,NO LIVE SIGNAL,37.5,True
LUMN,7.11,REJECT,REJECT,"rising EMA50, near EMA200 pivot, compressed below 20d resistance",34,52,55,NO TRADE,WEAK,32.0,price<EMA20; EMA20>EMA50; EMA20 falling,10.01,81.1,0.42,6.74,0,False,5.07,74062734.0,6.62,6.75,7.33,5.65,7.27,5.65,8.5,5.65,11.3,7.3,RESISTANCE_BREAKOUT,BREAKOUT,0.4,,,0,,,0,False,False,6.86,ATR_FALLBACK,6.76,7.41,6.0,6.47,5.88,7.66,7.88,8.03,1.33,8.5,16.46,True,5.0,7.88,8.0,1.33,False,2.5,2.32,0.0,11484709.0,71148604.0,5.09,True,True,"Lumen Technologies, Inc. Common Stock",0,37.4,UNCLASSIFIED,,0.0,NONE,0.0,0.0,NONE,,True,0,NOT CHECKED,NONE,NEUTRAL,,,,NOT CHECKED,False,NOT CHECKED,NONE,0,,False,37.4,NO TRADE,NOT CHECKED,,,,,,,,,False,,,False,,,,False,,,,False,NONE,False,False,0,,,,NOT CHECKED,NO LIVE SIGNAL,37.4,False
ALKT,19.99,DISCOVER,DISCOVER,"20/50 uptrend, rising EMA50",42,52,35,WATCHLIST,WEAK,32.0,price<EMA20; EMA20>EMA50; EMA20 falling,0.94,48.9,0.39,7.61,0,False,4.31,27839320.0,19.74,19.1,19.05,18.11,20.92,13.98,21.05,13.98,21.05,20.99,RESISTANCE_BREAKOUT,BREAKOUT,0.33,,,0,,,0,False,False,19.73,EMA20,19.74,5.94,6.0,18.11,18.11,22.04,22.67,23.09,1.33,21.05,0.29,False,5.0,21.05,0.29,0.05,False,2.5,4.65,0.0,1397093.0,25309062.0,3.93,True,True,"Alkami Technology, Inc. - Common Stock",2,37.4,UNCLASSIFIED,,0.0,NONE,0.0,0.0,NONE,,True,0,NOT CHECKED,NONE,NEUTRAL,,,,NOT CHECKED,False,NOT CHECKED,NONE,0,,False,37.4,WATCHLIST,NOT CHECKED,,,,,,,,,False,,,False,,,,False,,,,False,NONE,False,False,0,,,,NOT CHECKED,NO LIVE SIGNAL,37.4,False
HL,18.47,DISCOVER,DISCOVER,"above EMA50, rising EMA50, near EMA50 support, volume contraction, low-volume pullback",42,52,35,WATCHLIST,WEAK,32.0,price<EMA20; EMA20>EMA50; EMA20 falling,0.16,36.2,0.58,14.43,1,True,5.45,619898251.0,19.55,18.43,17.56,17.81,21.69,13.78,21.69,13.78,24.63,21.77,RESISTANCE_BREAKOUT,BREAKOUT,0.37,,,0,,,0,False,False,20.46,ATR_FALLBACK,20.26,6.94,6.0,18.59,18.59,22.86,23.51,23.95,1.33,24.63,13.16,True,5.0,23.51,8.0,1.33,False,2.5,17.47,0.0,30735239.0,587773834.0,4.58,True,True,Hecla Mining Company Common Stock,2,37.0,UNCLASSIFIED,,0.0,NONE,0.0,0.0,NONE,,True,0,NOT CHECKED,NONE,NEUTRAL,,,,NOT CHECKED,False,NOT CHECKED,NONE,0,,False,37.0,WATCHLIST,NOT CHECKED,,,,,,,,,False,,,False,,,,False,,,,False,NONE,False,False,0,,,,NOT CHECKED,NO LIVE SIGNAL,37.0,True
TEL,202.69,DISCOVER,DISCOVER,"near EMA50 support, near EMA200 pivot, tight range, volume contraction, low-volume pullback",44,56,40,WATCHLIST,WEAK,32.0,price<EMA20; EMA20>EMA50; EMA20 falling,-4.37,51.4,0.4,5.78,0,False,2.86,411060356.0,205.92,206.42,210.89,198.67,213.71,189.53,221.12,189.53,250.61,214.17,RESISTANCE_BREAKOUT,BREAKOUT,0.22,,,0,,,0,False,False,205.38,EMA50,206.42,3.62,4.11,200.5,199.82,224.88,231.31,235.59,1.95,221.12,3.24,False,5.0,221.12,3.24,0.79,False,2.5,7.59,0.0,2007825.0,373969528.0,2.55,True,True,TE Connectivity plc Ordinary Shares,2,37.0,UNCLASSIFIED,,0.0,NONE,0.0,0.0,NONE,,True,0,NOT CHECKED,NONE,NEUTRAL,,,,NOT CHECKED,False,NOT CHECKED,NONE,0,,False,37.0,WATCHLIST,NOT CHECKED,,,,,,,,,False,,,False,,,,False,,,,False,NONE,False,False,0,,,,NOT CHECKED,NO LIVE SIGNAL,37.0,False
PCVX,59.04,DISCOVER,DISCOVER,"above EMA50, rising EMA50, near EMA50 support, tight range",42,52,35,WATCHLIST,WEAK,32.0,price<EMA20; EMA20>EMA50; EMA20 falling,0.07,35.3,0.88,5.87,0,False,3.36,65341962.0,59.86,58.44,53.12,58.21,63.98,50.82,63.98,45.3,63.98,64.14,RESISTANCE_BREAKOUT,BREAKOUT,0.25,,,0,,,0,False,False,60.81,ATR_FALLBACK,61.17,4.63,5.19,58.21,58.21,67.35,69.27,70.55,1.54,,,False,5.0,69.27,8.0,1.54,False,2.5,8.37,0.0,1076593.0,62362220.0,3.38,True,True,"Vaxcyte, Inc. - Common Stock",2,37.0,UNCLASSIFIED,,0.0,NONE,0.0,0.0,NONE,,True,0,NOT CHECKED,NONE,NEUTRAL,,,,NOT CHECKED,False,NOT CHECKED,NONE,0,,False,37.0,WATCHLIST,NOT CHECKED,,,,,,,,,False,,,False,,,,False,,,,False,NONE,False,False,0,,,,NOT CHECKED,NO LIVE SIGNAL,37.0,False
OXY,63.27,REJECT,REJECT,"20/50 uptrend, rising EMA50, tight range",36,50,55,NO TRADE,WEAK,32.0,price<EMA20; EMA20>EMA50; EMA20 falling,9.68,86.2,0.78,4.9,0,False,2.23,431236071.0,60.19,58.19,53.56,57.28,62.98,47.55,62.24,47.55,66.83,63.27,RESISTANCE_BREAKOUT,BREAKOUT,0.46,,,0,,,0,False,False,59.94,EMA20,60.19,4.87,5.27,60.07,59.08,66.43,68.33,69.6,1.52,66.83,5.63,True,5.0,66.83,5.63,1.07,False,2.5,-0.46,0.46,7135011.0,413231934.0,2.05,True,True,Occidental Petroleum Corporation Common Stock,0,36.3,UNCLASSIFIED,,0.0,NONE,0.0,0.0,NONE,,True,0,NOT CHECKED,NONE,NEUTRAL,,,,NOT CHECKED,False,NOT CHECKED,NONE,0,,False,36.3,NO TRADE,NOT CHECKED,,,,,,,,,False,,,False,,,,False,,,,False,NONE,False,False,0,,,,NOT CHECKED,NO LIVE SIGNAL,36.3,False
LFST,12.77,REJECT,REJECT,"20/50 uptrend, rising EMA50",34,50,35,NO TRADE,WEAK,32.0,price<EMA20; EMA20>EMA50; EMA20 falling,3.78,59.0,0.39,9.78,0,False,3.64,51498585.0,12.56,11.67,8.97,11.91,13.56,8.97,13.28,6.2,12.97,13.6,RESISTANCE_BREAKOUT,BREAKOUT,0.27,,,0,,,0,False,False,12.82,ATR_FALLBACK,12.9,5.13,5.74,12.38,12.04,14.28,14.68,14.96,1.39,,,False,5.0,14.68,8.0,1.39,False,2.5,6.19,0.0,4066314.0,43569600.0,3.44,True,True,"LifeStance Health Group, Inc. - Common Stock",0,35.9,UNCLASSIFIED,,0.0,NONE,0.0,0.0,NONE,,True,0,NOT CHECKED,NONE,NEUTRAL,,,,NOT CHECKED,False,NOT CHECKED,NONE,0,,False,35.9,NO TRADE,NOT CHECKED,,,,,,,,,False,,,False,,,,False,,,,False,NONE,False,False,0,,,,NOT CHECKED,NO LIVE SIGNAL,35.9,False
DXYZ,30.53,DISCOVER,DISCOVER,"rising EMA50, near EMA50 support, near EMA200 pivot, tight range, volume contraction, low-volume pullback",52,58,55,WATCHLIST,WEAK,32.0,price<EMA20; EMA20>EMA50; EMA20 falling,-8.18,33.0,0.34,11.65,1,True,6.03,34498639.0,31.95,31.13,30.99,30.19,36.08,20.85,36.08,20.85,72.87,36.23,RESISTANCE_BREAKOUT,BREAKOUT,0.41,,,0,,,0,False,False,34.05,ATR_FALLBACK,33.46,7.63,6.0,30.24,30.19,38.04,39.13,39.85,1.33,72.87,101.15,True,5.0,39.13,8.0,1.33,False,2.5,18.18,0.0,1035968.0,32439190.0,5.45,True,True,Destiny Tech100 Inc. Common Stock,2,35.8,UNCLASSIFIED,,0.0,NONE,0.0,0.0,NONE,,True,0,NOT CHECKED,NONE,NEUTRAL,,,,NOT CHECKED,False,NOT CHECKED,NONE,0,,False,35.8,WATCHLIST,NOT CHECKED,,,,,,,,,False,,,False,,,,False,,,,False,NONE,False,False,0,,,,NOT CHECKED,NO LIVE SIGNAL,35.8,True
NEM,122.62,REJECT,REJECT,"above EMA50, rising EMA50, tight range, volume contraction, low-volume pullback",38,48,35,NO TRADE,WEAK,32.0,price<EMA20; EMA20>EMA50; EMA20 falling,4.15,32.2,0.28,7.85,0,False,3.38,1000173087.0,123.89,116.16,106.29,115.59,135.01,88.57,135.01,88.57,135.01,135.34,RESISTANCE_BREAKOUT,BREAKOUT,0.25,,,0,,,0,False,False,128.38,ATR_FALLBACK,129.12,4.59,5.14,121.61,121.3,142.11,146.17,148.87,1.56,,,False,5.0,146.17,8.0,1.56,False,2.5,10.1,0.0,7851929.0,969505564.0,2.81,True,True,Newmont Corporation,0,35.6,UNCLASSIFIED,,0.0,NONE,0.0,0.0,NONE,,True,0,NOT CHECKED,NONE,NEUTRAL,,,,NOT CHECKED,False,NOT CHECKED,NONE,0,,False,35.6,NO TRADE,NOT CHECKED,,,,,,,,,False,,,False,,,,False,,,,False,NONE,False,False,0,,,,NOT CHECKED,NO LIVE SIGNAL,35.6,False
OKTA,191.78,REJECT,REJECT,"20/50 uptrend, rising EMA50",26,44,55,NO TRADE,WEAK,32.0,price<EMA20; EMA20>EMA50; EMA20 falling,35.91,77.1,0.47,28.63,2,True,6.11,684754111.0,164.83,150.14,116.09,127.6,189.72,113.87,179.44,62.66,174.85,191.78,RESISTANCE_BREAKOUT,BREAKOUT,1.09,,,0,,,0,False,False,180.27,ATR_FALLBACK,174.2,9.17,6.0,165.74,157.73,201.37,207.12,210.96,1.33,,,False,5.0,207.12,8.0,1.33,False,2.5,-1.07,1.09,4214530.0,511086427.0,5.27,True,True,"Okta, Inc. - Class A Common Stock",0,35.6,UNCLASSIFIED,,0.0,NONE,0.0,0.0,NONE,,True,0,NOT CHECKED,NONE,NEUTRAL,,,,NOT CHECKED,False,NOT CHECKED,NONE,0,,False,35.6,NO TRADE,NOT CHECKED,,,,,,,,,False,,,False,,,,False,,,,False,NONE,False,False,0,,,,NOT CHECKED,NO LIVE SIGNAL,35.6,True
PBR,21.75,REJECT,REJECT,"20/50 uptrend, rising EMA50",26,44,55,NO TRADE,WEAK,32.0,price<EMA20; EMA20>EMA50; EMA20 falling,24.7,82.4,0.64,5.06,0,False,3.13,446337964.0,19.94,18.87,17.0,17.54,21.59,15.41,21.59,15.41,21.44,21.75,RESISTANCE_BREAKOUT,BREAKOUT,0.74,,,0,,,0,False,False,20.45,SWING5,20.55,5.52,6.0,20.55,18.95,22.84,23.49,23.93,1.33,,,False,5.0,23.49,8.0,1.33,False,2.5,-0.74,0.74,22736221.0,409896808.0,2.7,True,True,Petroleo Brasileiro S.A. Petrobras ADS,0,35.6,UNCLASSIFIED,,0.0,NONE,0.0,0.0,NONE,,True,0,NOT CHECKED,NONE,NEUTRAL,,,,NOT CHECKED,False,NOT CHECKED,NONE,0,,False,35.6,NO TRADE,NOT CHECKED,,,,,,,,,False,,,False,,,,False,,,,False,NONE,False,False,0,,,,NOT CHECKED,NO LIVE SIGNAL,35.6,False
ASO,51.7,REJECT,REJECT,"20/50 uptrend, rising EMA50",26,44,35,NO TRADE,WEAK,32.0,price<EMA20; EMA20>EMA50; EMA20 falling,14.17,71.4,0.36,14.4,1,True,4.16,105553046.0,48.36,48.08,50.18,42.02,56.88,42.02,56.88,42.02,61.45,57.05,RESISTANCE_BREAKOUT,BREAKOUT,0.3,,,0,,,0,False,False,53.63,ATR_FALLBACK,53.82,5.66,6.0,44.42,42.12,59.9,61.62,62.76,1.33,61.45,7.72,True,5.0,61.45,7.72,1.29,False,2.5,10.02,0.0,2221540.0,78916590.0,3.76,True,True,"Academy Sports and Outdoors, Inc. - Common Stock",0,35.6,UNCLASSIFIED,,0.0,NONE,0.0,0.0,NONE,,True,0,NOT CHECKED,NONE,NEUTRAL,,,,NOT CHECKED,False,NOT CHECKED,NONE,0,,False,35.6,NO TRADE,NOT CHECKED,,,,,,,,,False,,,False,,,,False,,,,False,NONE,False,False,0,,,,NOT CHECKED,NO LIVE SIGNAL,35.6,True
CRGY,15.32,REJECT,REJECT,"20/50 uptrend, rising EMA50",26,44,55,NO TRADE,WEAK,32.0,price<EMA20; EMA20>EMA50; EMA20 falling,22.79,77.6,0.59,5.53,0,False,3.13,74561906.0,13.85,12.76,11.21,12.65,15.04,9.05,14.67,9.05,14.12,15.32,RESISTANCE_BREAKOUT,BREAKOUT,1.89,,,0,,,0,False,False,14.52,ATR_FALLBACK,14.61,4.69,5.25,14.05,13.59,16.09,16.55,16.86,1.52,,,False,5.0,16.55,8.0,1.52,False,2.5,-1.86,1.89,5336576.0,80406728.0,2.96,True,True,Crescent Energy Company Class A Common Stock,0,35.6,UNCLASSIFIED,,0.0,NONE,0.0,0.0,NONE,,True,0,NOT CHECKED,NONE,NEUTRAL,,,,NOT CHECKED,False,NOT CHECKED,NONE,0,,False,35.6,NO TRADE,NOT CHECKED,,,,,,,,,False,,,False,,,,False,,,,False,NONE,False,False,0,,,,NOT CHECKED,NO LIVE SIGNAL,35.6,False
NAT,7.82,REJECT,REJECT,"20/50 uptrend, rising EMA50",26,44,55,NO TRADE,WEAK,32.0,price<EMA20; EMA20>EMA50; EMA20 falling,21.11,77.7,0.78,4.4,0,False,3.84,28832515.0,6.94,6.47,5.24,6.17,7.7,5.29,7.5,4.53,6.93,7.82,RESISTANCE_BREAKOUT,BREAKOUT,1.56,,,0,,,0,False,False,7.35,ATR_FALLBACK,7.37,5.77,6.0,6.84,6.42,8.21,8.45,8.6,1.33,,,False,5.0,8.45,8.0,1.33,False,2.5,-1.53,1.56,4181886.0,28280835.0,3.72,True,True,Nordic American Tankers Limited Common Stock,0,35.6,UNCLASSIFIED,,0.0,NONE,0.0,0.0,NONE,,True,0,NOT CHECKED,NONE,NEUTRAL,,,,NOT CHECKED,False,NOT CHECKED,NONE,0,,False,35.6,NO TRADE,NOT CHECKED,,,,,,,,,False,,,False,,,,False,,,,False,NONE,False,False,0,,,,NOT CHECKED,NO LIVE SIGNAL,35.6,False
KGC,27.97,DISCOVER,DISCOVER,"rising EMA50, near EMA50 support, near EMA200 pivot, volume contraction, low-volume pullback",42,52,55,WATCHLIST,WEAK,32.0,price<EMA20; EMA20>EMA50; EMA20 falling,3.06,24.4,0.23,10.25,1,True,4.33,250670416.0,29.43,28.27,27.96,26.96,33.48,22.26,33.48,22.26,37.63,33.58,RESISTANCE_BREAKOUT,BREAKOUT,0.29,,,0,,,0,False,False,31.56,ATR_FALLBACK,31.76,5.41,6.0,27.79,27.79,35.26,36.26,36.93,1.33,37.63,12.07,True,5.0,36.26,8.0,1.33,False,2.5,19.7,0.0,8113257.0,249214744.0,3.42,True,True,Kinross Gold Corporation Common Stock,2,35.5,UNCLASSIFIED,,0.0,NONE,0.0,0.0,NONE,,True,0,NOT CHECKED,NONE,NEUTRAL,,,,NOT CHECKED,False,NOT CHECKED,NONE,0,,False,35.5,WATCHLIST,NOT CHECKED,,,,,,,,,False,,,False,,,,False,,,,False,NONE,False,False,0,,,,NOT CHECKED,NO LIVE SIGNAL,35.5,True
PAAS,48.17,DISCOVER,DISCOVER,"rising EMA50, near EMA50 support, near EMA200 pivot, volume contraction, low-volume pullback",42,52,55,WATCHLIST,WEAK,32.0,price<EMA20; EMA20>EMA50; EMA20 falling,2.5,34.6,0.2,7.94,0,False,4.42,249268194.0,50.47,49.52,49.12,46.17,56.0,40.62,56.0,40.62,68.22,56.17,RESISTANCE_BREAKOUT,BREAKOUT,0.3,,,0,,,0,False,False,52.8,ATR_FALLBACK,52.98,5.68,6.0,47.92,47.92,58.98,60.66,61.79,1.33,68.22,21.45,True,5.0,60.66,8.0,1.33,False,2.5,16.25,0.0,4806159.0,233315490.0,3.32,True,True,Pan American Silver Corp. Common Stock,2,35.2,UNCLASSIFIED,,0.0,NONE,0.0,0.0,NONE,,True,0,NOT CHECKED,NONE,NEUTRAL,,,,NOT CHECKED,False,NOT CHECKED,NONE,0,,False,35.2,WATCHLIST,NOT CHECKED,,,,,,,,,False,,,False,,,,False,,,,False,NONE,False,False,0,,,,NOT CHECKED,NO LIVE SIGNAL,35.2,False
PBF,75.04,REJECT,REJECT,"20/50 uptrend, rising EMA50, 20d volume expansion",34,50,35,NO TRADE,WEAK,32.0,price<EMA20; EMA20>EMA50; EMA20 falling,1.99,64.5,2.15,7.42,0,False,5.85,222221130.0,73.03,66.64,49.44,63.95,82.61,36.29,82.61,35.74,75.68,82.96,RESISTANCE_BREAKOUT,BREAKOUT,0.43,,,0,,,0,False,False,77.98,ATR_FALLBACK,76.38,7.94,6.0,70.03,70.03,87.11,89.6,91.26,1.33,,,False,5.0,89.6,8.0,1.33,False,2.5,10.08,0.0,3025487.0,179705813.0,5.71,True,True,PBF Energy Inc. Class A Common Stock,0,35.0,UNCLASSIFIED,,0.0,NONE,0.0,0.0,NONE,,True,0,NOT CHECKED,NONE,NEUTRAL,,,,NOT CHECKED,False,NOT CHECKED,NONE,0,,False,35.0,NO TRADE,NOT CHECKED,,,,,,,,,False,,,False,,,,False,,,,False,NONE,False,False,0,,,,NOT CHECKED,NO LIVE SIGNAL,35.0,False
AVT,92.33,DISCOVER,DISCOVER,"20/50 uptrend, rising EMA50, near EMA50 support",40,52,35,WATCHLIST,WEAK,32.0,price<EMA20; EMA20>EMA50; EMA20 falling,-3.98,59.7,0.29,7.16,0,False,3.8,101311034.0,91.76,89.96,76.66,85.18,99.92,79.81,99.92,57.59,99.6,100.2,RESISTANCE_BREAKOUT,BREAKOUT,0.28,,,0,,,0,False,False,94.3,ATR_FALLBACK,94.94,5.25,5.88,90.68,86.36,105.21,108.22,110.22,1.36,,,False,5.0,108.22,8.0,1.36,False,2.5,8.22,0.0,1114529.0,96362921.0,3.68,True,True,"Avnet, Inc. - Common Stock",2,34.6,UNCLASSIFIED,,0.0,NONE,0.0,0.0,NONE,,True,0,NOT CHECKED,NONE,NEUTRAL,,,,NOT CHECKED,False,NOT CHECKED,NONE,0,,False,34.6,WATCHLIST,NOT CHECKED,,,,,,,,,False,,,False,,,,False,,,,False,NONE,False,False,0,,,,NOT CHECKED,NO LIVE SIGNAL,34.6,False
ABNB,168.09,DISCOVER,DISCOVER,"above EMA50, rising EMA50, near EMA50 support, volume contraction, low-volume pullback",42,48,20,WATCHLIST,WEAK,32.0,price<EMA20; EMA20>EMA50; EMA20 falling,-4.22,24.5,0.21,17.43,1,True,2.99,803832253.0,175.64,167.81,145.72,165.83,193.45,135.72,193.45,121.51,193.45,193.85,RESISTANCE_BREAKOUT,BREAKOUT,0.21,,,0,,,0,False,False,185.42,ATR_FALLBACK,186.32,3.88,4.35,165.83,165.83,203.55,209.36,213.24,1.84,,,False,5.0,209.36,8.0,1.84,False,2.5,15.09,0.0,4415758.0,813333365.0,2.61,True,True,"Airbnb, Inc. - Class A Common Stock",2,34.5,UNCLASSIFIED,,0.0,NONE,0.0,0.0,NONE,,True,0,NOT CHECKED,NONE,NEUTRAL,,,,NOT CHECKED,False,NOT CHECKED,NONE,0,,False,34.5,WATCHLIST,NOT CHECKED,,,,,,,,,False,,,False,,,,False,,,,False,NONE,False,False,0,,,,NOT CHECKED,NO LIVE SIGNAL,34.5,True
MUR,40.25,REJECT,REJECT,"20/50 uptrend, rising EMA50",26,44,55,NO TRADE,WEAK,32.0,price<EMA20; EMA20>EMA50; EMA20 falling,17.62,78.1,0.45,6.35,0,False,3.41,54840401.0,37.39,36.66,34.62,33.79,39.46,31.15,39.8,31.15,42.53,40.25,RESISTANCE_BREAKOUT,BREAKOUT,2.0,,,0,,,0,False,False,37.94,ATR_FALLBACK,38.19,5.12,5.73,37.24,35.63,42.26,43.47,44.28,1.4,42.53,5.67,True,5.0,42.53,5.67,0.99,False,2.5,-1.96,2.0,1475532.0,52967169.0,3.3,True,True,Murphy Oil Corporation Common Stock,0,34.4,UNCLASSIFIED,,0.0,NONE,0.0,0.0,NONE,,True,0,NOT CHECKED,NONE,NEUTRAL,,,,NOT CHECKED,False,NOT CHECKED,NONE,0,,False,34.4,NO TRADE,NOT CHECKED,,,,,,,,,False,,,False,,,,False,,,,False,NONE,False,False,0,,,,NOT CHECKED,NO LIVE SIGNAL,34.4,False
PLTR,175.48,REJECT,REJECT,"20/50 uptrend, rising EMA50, volume contraction",32,48,35,NO TRADE,WEAK,32.0,price<EMA20; EMA20>EMA50; EMA20 falling,3.72,52.0,0.49,29.45,2,True,4.27,4997467884.0,171.7,160.87,153.65,164.55,188.37,106.37,188.37,106.37,188.37,188.97,RESISTANCE_BREAKOUT,BREAKOUT,0.32,,,0,,,0,False,False,177.63,ATR_FALLBACK,177.72,5.95,6.0,164.55,164.55,198.42,204.09,207.87,1.33,,,False,5.0,204.09,8.0,1.33,False,2.5,7.35,0.0,28344918.0,4826062114.0,3.96,True,True,Palantir Technologies Inc. - Class A Common Stock,0,34.2,UNCLASSIFIED,,0.0,NONE,0.0,0.0,NONE,,True,0,NOT CHECKED,NONE,NEUTRAL,,,,NOT CHECKED,False,NOT CHECKED,NONE,0,,False,34.2,NO TRADE,NOT CHECKED,,,,,,,,,False,,,False,,,,False,,,,False,NONE,False,False,0,,,,NOT CHECKED,NO LIVE SIGNAL,34.2,True
BF-B,26.22,DISCOVER,DISCOVER,"near EMA50 support, near EMA200 pivot, tight range, volume contraction, low-volume pullback",44,50,40,WATCHLIST,WEAK,32.0,price<EMA20; EMA20>EMA50; EMA20 falling,-2.1,34.0,0.28,4.71,0,False,2.9,61364301.0,26.85,26.95,26.68,26.02,29.06,24.69,29.44,22.23,30.71,29.12,RESISTANCE_BREAKOUT,BREAKOUT,0.21,,,0,,,0,False,False,27.85,ATR_FALLBACK,27.98,3.92,4.39,26.08,26.02,30.58,31.45,32.04,1.82,29.44,1.08,False,5.0,29.44,1.08,0.25,False,2.5,10.84,0.0,2267663.0,61746993.0,2.66,True,True,Brown Forman Inc Class B Common Stock,2,34.2,UNCLASSIFIED,,0.0,NONE,0.0,0.0,NONE,,True,0,NOT CHECKED,NONE,NEUTRAL,,,,NOT CHECKED,False,NOT CHECKED,NONE,0,,False,34.2,WATCHLIST,NOT CHECKED,,,,,,,,,False,,,False,,,,False,,,,False,NONE,False,False,0,,,,NOT CHECKED,NO LIVE SIGNAL,34.2,False
MPC,409.97,REJECT,REJECT,"20/50 uptrend, rising EMA50",26,44,55,NO TRADE,WEAK,32.0,price<EMA20; EMA20>EMA50; EMA20 falling,16.8,89.8,0.51,7.42,0,False,3.1,884953295.0,378.25,343.56,267.35,347.67,409.5,239.34,409.11,200.85,376.56,410.52,RESISTANCE_BREAKOUT,BREAKOUT,0.25,,,0,,,0,False,False,385.89,SWING5,388.16,5.45,6.0,388.16,366.68,431.04,443.36,451.57,1.33,,,False,5.0,443.36,8.0,1.33,False,2.5,-0.11,0.11,2343669.0,816757297.0,2.92,True,True,Marathon Petroleum Corporation Common Stock,0,34.0,UNCLASSIFIED,,0.0,NONE,0.0,0.0,NONE,,True,0,NOT CHECKED,NONE,NEUTRAL,,,,NOT CHECKED,False,NOT CHECKED,NONE,0,,False,34.0,NO TRADE,NOT CHECKED,,,,,,,,,False,,,False,,,,False,,,,False,NONE,False,False,0,,,,NOT CHECKED,NO LIVE SIGNAL,34.0,False
ZS,195.87,REJECT,REJECT,"20/50 uptrend, rising EMA50",26,46,35,NO TRADE,WEAK,32.0,price<EMA20; EMA20>EMA50; EMA20 falling,8.23,63.5,0.63,16.52,1,True,5.51,574121066.0,175.44,167.03,179.42,159.2,194.12,121.72,190.97,114.62,191.25,195.87,RESISTANCE_BREAKOUT,BREAKOUT,0.9,,,0,,,0,False,False,184.12,ATR_FALLBACK,179.67,8.27,6.0,159.2,159.2,205.67,211.54,215.46,1.33,,,False,5.0,211.54,8.0,1.33,False,2.5,-0.89,0.9,3239017.0,413665610.0,5.05,True,True,"Zscaler, Inc. - Common Stock",0,34.0,UNCLASSIFIED,,0.0,NONE,0.0,0.0,NONE,,True,0,NOT CHECKED,NONE,NEUTRAL,,,,NOT CHECKED,False,NOT CHECKED,NONE,0,,False,34.0,NO TRADE,NOT CHECKED,,,,,,,,,False,,,False,,,,False,,,,False,NONE,False,False,0,,,,NOT CHECKED,NO LIVE SIGNAL,34.0,True
SLB,54.17,REJECT,REJECT,"above EMA50, rising EMA50, near EMA50 support",32,48,35,NO TRADE,WEAK,32.0,price<EMA20; EMA20>EMA50; EMA20 falling,3.12,53.4,0.43,5.28,0,False,4.09,700109326.0,55.07,53.24,48.73,51.71,60.15,44.36,60.15,43.1,60.15,60.32,RESISTANCE_BREAKOUT,BREAKOUT,0.29,,,0,,,0,False,False,56.71,ATR_FALLBACK,57.0,5.5,6.0,53.09,53.09,63.34,65.15,66.36,1.33,,,False,5.0,65.15,8.0,1.33,False,2.5,11.04,0.0,12465253.0,549238463.0,3.42,True,True,SLB Limited Common Shares,0,33.9,UNCLASSIFIED,,0.0,NONE,0.0,0.0,NONE,,True,0,NOT CHECKED,NONE,NEUTRAL,,,,NOT CHECKED,False,NOT CHECKED,NONE,0,,False,33.9,NO TRADE,NOT CHECKED,,,,,,,,,False,,,False,,,,False,,,,False,NONE,False,False,0,,,,NOT CHECKED,NO LIVE SIGNAL,33.9,False
FRSH,12.78,REJECT,REJECT,"20/50 uptrend, rising EMA50, volume contraction",32,46,35,NO TRADE,WEAK,32.0,price<EMA20; EMA20>EMA50; EMA20 falling,5.68,49.1,0.31,8.89,0,False,3.87,53650285.0,12.58,11.91,10.76,11.7,13.99,8.62,13.99,7.51,13.99,14.03,RESISTANCE_BREAKOUT,BREAKOUT,0.28,,,0,,,0,False,False,13.2,ATR_FALLBACK,13.29,5.28,5.92,11.7,11.7,14.73,15.15,15.43,1.35,,,False,5.0,15.15,8.0,1.35,False,2.5,9.47,0.0,4151561.0,52826208.0,3.32,True,True,Freshworks Inc. - Class A Common Stock,0,33.9,UNCLASSIFIED,,0.0,NONE,0.0,0.0,NONE,,True,0,NOT CHECKED,NONE,NEUTRAL,,,,NOT CHECKED,False,NOT CHECKED,NONE,0,,False,33.9,NO TRADE,NOT CHECKED,,,,,,,,,False,,,False,,,,False,,,,False,NONE,False,False,0,,,,NOT CHECKED,NO LIVE SIGNAL,33.9,False
EWTX,42.71,DISCOVER,DISCOVER,"above EMA50, rising EMA50, near EMA50 support, volume contraction, low-volume pullback",42,48,35,WATCHLIST,WEAK,32.0,price<EMA20; EMA20>EMA50; EMA20 falling,-0.99,42.5,0.37,16.48,1,True,4.43,47318292.0,43.29,42.06,34.15,40.64,46.59,35.96,48.4,26.82,48.4,46.74,RESISTANCE_BREAKOUT,BREAKOUT,0.32,,,0,,,0,False,False,43.94,ATR_FALLBACK,43.9,6.07,6.0,42.21,40.64,49.08,50.48,51.42,1.33,48.4,3.55,False,5.0,48.4,3.55,0.59,False,2.5,9.08,0.0,1080365.0,44457258.0,4.64,True,True,"Edgewise Therapeutics, Inc. - Common Stock",2,33.9,UNCLASSIFIED,,0.0,NONE,0.0,0.0,NONE,,True,0,NOT CHECKED,NONE,NEUTRAL,,,,NOT CHECKED,False,NOT CHECKED,NONE,0,,False,33.9,WATCHLIST,NOT CHECKED,,,,,,,,,False,,,False,,,,False,,,,False,NONE,False,False,0,,,,NOT CHECKED,NO LIVE SIGNAL,33.9,True
CDE,19.63,REJECT,REJECT,"above EMA50, rising EMA50, volume contraction, low-volume pullback",36,46,35,NO TRADE,WEAK,32.0,price<EMA20; EMA20>EMA50; EMA20 falling,3.68,37.0,0.56,13.07,2,True,4.93,685775603.0,20.2,19.04,18.5,18.49,22.45,13.93,22.45,13.93,27.17,22.53,RESISTANCE_BREAKOUT,BREAKOUT,0.34,,,0,,,0,False,False,21.18,ATR_FALLBACK,21.08,6.44,6.0,19.54,19.54,23.65,24.33,24.78,1.33,27.17,20.61,True,5.0,24.33,8.0,1.33,False,2.5,14.37,0.0,32862066.0,706749616.0,4.45,True,True,"Coeur Mining, Inc. Common Stock",0,33.7,UNCLASSIFIED,,0.0,NONE,0.0,0.0,NONE,,True,0,NOT CHECKED,NONE,NEUTRAL,,,,NOT CHECKED,False,NOT CHECKED,NONE,0,,False,33.7,NO TRADE,NOT CHECKED,,,,,,,,,False,,,False,,,,False,,,,False,NONE,False,False,0,,,,NOT CHECKED,NO LIVE SIGNAL,33.7,True
COLD,14.96,REJECT,REJECT,"above EMA50, near EMA50 support",32,46,35,NO TRADE,WEAK,32.0,price<EMA20; EMA20>EMA50; EMA20 falling,5.2,42.1,0.36,3.74,0,False,3.15,51184837.0,14.63,14.67,13.69,13.5,15.61,13.5,16.88,10.34,16.88,15.65,RESISTANCE_BREAKOUT,BREAKOUT,0.24,,,0,,,0,False,False,14.71,EMA50,14.67,6.23,6.0,13.5,13.5,16.43,16.9,17.21,1.33,16.88,7.88,True,5.0,16.88,7.88,1.31,False,2.5,4.34,0.0,3470955.0,49281167.0,3.09,True,True,"Americold Realty Trust, Inc. Common Stock",0,33.7,UNCLASSIFIED,,0.0,NONE,0.0,0.0,NONE,,True,0,NOT CHECKED,NONE,NEUTRAL,,,,NOT CHECKED,False,NOT CHECKED,NONE,0,,False,33.7,NO TRADE,NOT CHECKED,,,,,,,,,False,,,False,,,,False,,,,False,NONE,False,False,0,,,,NOT CHECKED,NO LIVE SIGNAL,33.7,False
BMRN,64.27,DISCOVER,DISCOVER,"above EMA50, rising EMA50, near EMA50 support, tight range",42,48,35,WATCHLIST,WEAK,32.0,price<EMA20; EMA20>EMA50; EMA20 falling,-1.53,41.9,0.49,7.95,0,False,2.47,113569538.0,65.38,63.48,58.76,63.57,69.62,54.96,70.98,49.26,70.98,69.75,RESISTANCE_BREAKOUT,BREAKOUT,0.18,,,0,,,0,False,False,65.56,EMA20,65.38,6.26,6.0,63.57,63.57,73.23,75.33,76.72,1.33,70.98,1.77,False,5.0,70.98,1.77,0.29,False,2.5,8.32,0.0,1720718.0,110928627.0,2.35,True,True,BioMarin Pharmaceutical Inc. - Common Stock,2,33.6,UNCLASSIFIED,,0.0,NONE,0.0,0.0,NONE,,True,0,NOT CHECKED,NONE,NEUTRAL,,,,NOT CHECKED,False,NOT CHECKED,NONE,0,,False,33.6,WATCHLIST,NOT CHECKED,,,,,,,,,False,,,False,,,,False,,,,False,NONE,False,False,0,,,,NOT CHECKED,NO LIVE SIGNAL,33.6,False
FROG,94.63,REJECT,REJECT,"20/50 uptrend, rising EMA50, volume contraction",32,48,35,NO TRADE,WEAK,32.0,price<EMA20; EMA20>EMA50; EMA20 falling,2.02,55.7,0.25,12.1,2,True,6.54,173072561.0,90.89,87.87,71.31,81.68,105.76,72.14,105.76,38.81,105.76,106.26,RESISTANCE_BREAKOUT,BREAKOUT,0.47,,,0,,,0,False,False,99.88,ATR_FALLBACK,96.97,8.74,6.0,81.68,81.68,111.57,114.76,116.88,1.33,,,False,5.0,114.76,8.0,1.33,False,2.5,11.76,0.0,1863717.0,164009314.0,6.03,True,True,JFrog Ltd. - Ordinary shares,0,33.4,UNCLASSIFIED,,0.0,NONE,0.0,0.0,NONE,,True,0,NOT CHECKED,NONE,NEUTRAL,,,,NOT CHECKED,False,NOT CHECKED,NONE,0,,False,33.4,NO TRADE,NOT CHECKED,,,,,,,,,False,,,False,,,,False,,,,False,NONE,False,False,0,,,,NOT CHECKED,NO LIVE SIGNAL,33.4,True
PAY,36.2,DISCOVER,DISCOVER,"above EMA50, rising EMA50, tight range, volume contraction, low-volume pullback",46,52,35,WATCHLIST,WEAK,32.0,price<EMA20; EMA20>EMA50; EMA20 falling,-8.94,35.8,0.17,29.2,1,True,4.26,41385844.0,36.7,34.75,30.42,34.65,40.69,20.11,45.31,20.11,45.31,40.81,RESISTANCE_BREAKOUT,BREAKOUT,0.3,,,0,,,0,False,False,38.36,ATR_FALLBACK,38.5,5.66,6.0,34.77,34.65,42.85,44.08,44.89,1.33,45.31,11.02,True,5.0,44.08,8.0,1.33,False,2.5,15.69,0.0,1111686.0,39124459.0,4.28,True,True,"Paymentus Holdings, Inc. Class A Common Stock",2,33.3,UNCLASSIFIED,,0.0,NONE,0.0,0.0,NONE,,True,0,NOT CHECKED,NONE,NEUTRAL,,,,NOT CHECKED,False,NOT CHECKED,NONE,0,,False,33.3,WATCHLIST,NOT CHECKED,,,,,,,,,False,,,False,,,,False,,,,False,NONE,False,False,0,,,,NOT CHECKED,NO LIVE SIGNAL,33.3,True
GO,11.58,REJECT,REJECT,"20/50 uptrend, rising EMA50, volume contraction, low-volume pullback",36,46,35,NO TRADE,WEAK,32.0,price<EMA20; EMA20>EMA50; EMA20 falling,2.81,43.0,0.17,6.19,0,False,4.6,28870302.0,11.48,10.77,10.4,10.83,12.67,8.75,12.67,5.66,12.44,12.71,RESISTANCE_BREAKOUT,BREAKOUT,0.34,,,0,,,0,False,False,11.95,ATR_FALLBACK,11.91,6.29,6.0,11.03,11.03,13.35,13.73,13.98,1.33,,,False,5.0,13.73,8.0,1.33,False,2.5,9.41,0.0,2455665.0,26991106.0,4.09,True,True,Grocery Outlet Holding Corp. - Common Stock,0,33.3,UNCLASSIFIED,,0.0,NONE,0.0,0.0,NONE,,True,0,NOT CHECKED,NONE,NEUTRAL,,,,NOT CHECKED,False,NOT CHECKED,NONE,0,,False,33.3,NO TRADE,NOT CHECKED,,,,,,,,,False,,,False,,,,False,,,,False,NONE,False,False,0,,,,NOT CHECKED,NO LIVE SIGNAL,33.3,False
TOST,32.79,DISCOVER,DISCOVER,"above EMA50, rising EMA50, near EMA50 support, volume contraction, low-volume pullback",42,48,35,WATCHLIST,WEAK,32.0,price<EMA20; EMA20>EMA50; EMA20 falling,-2.43,24.9,0.44,3.74,0,False,3.68,275296383.0,33.63,32.57,31.4,31.53,37.2,23.91,37.2,22.26,37.2,37.3,RESISTANCE_BREAKOUT,BREAKOUT,0.26,,,0,,,0,False,False,35.27,ATR_FALLBACK,35.49,4.85,5.43,31.53,31.53,39.16,40.28,41.03,1.47,,,False,5.0,40.28,8.0,1.47,False,2.5,13.45,0.0,7969787.0,268237354.0,3.28,True,True,"Toast, Inc. Class A Common Stock",2,33.1,UNCLASSIFIED,,0.0,NONE,0.0,0.0,NONE,,True,0,NOT CHECKED,NONE,NEUTRAL,,,,NOT CHECKED,False,NOT CHECKED,NONE,0,,False,33.1,WATCHLIST,NOT CHECKED,,,,,,,,,False,,,False,,,,False,,,,False,NONE,False,False,0,,,,NOT CHECKED,NO LIVE SIGNAL,33.1,False
APA,46.97,REJECT,REJECT,"20/50 uptrend, rising EMA50",26,44,55,NO TRADE,WEAK,32.0,price<EMA20; EMA20>EMA50; EMA20 falling,14.98,77.0,0.63,9.01,0,False,3.19,222365641.0,43.34,40.57,34.67,40.46,46.59,31.55,46.1,29.78,45.05,46.97,RESISTANCE_BREAKOUT,BREAKOUT,0.8,,,0,,,0,False,False,44.45,ATR_FALLBACK,44.72,4.78,5.36,43.01,42.42,49.31,50.72,51.66,1.49,,,False,5.0,50.72,8.0,1.49,False,2.5,-0.8,0.8,5095255.0,198437798.0,3.17,True,True,APA Corporation - Common Stock,0,33.0,UNCLASSIFIED,,0.0,NONE,0.0,0.0,NONE,,True,0,NOT CHECKED,NONE,NEUTRAL,,,,NOT CHECKED,False,NOT CHECKED,NONE,0,,False,33.0,NO TRADE,NOT CHECKED,,,,,,,,,False,,,False,,,,False,,,,False,NONE,False,False,0,,,,NOT CHECKED,NO LIVE SIGNAL,33.0,False
BAH,80.68,REJECT,REJECT,"20/50 uptrend, rising EMA50",26,40,20,NO TRADE,WEAK,32.0,price<EMA20; EMA20>EMA50; EMA20 falling,9.65,72.3,0.52,4.82,0,False,2.88,117274740.0,75.27,73.54,77.64,71.14,80.4,59.05,80.4,59.05,84.35,80.68,RESISTANCE_BREAKOUT,BREAKOUT,0.35,,,0,,,0,False,False,76.78,ATR_FALLBACK,77.2,4.32,4.84,71.14,71.14,84.72,87.14,88.75,1.65,84.35,4.54,False,5.0,84.35,4.54,0.94,False,2.5,-0.35,0.35,1554413.0,120409129.0,3.02,True,True,Booz Allen Hamilton Holding Corporation Common Stock,0,33.0,UNCLASSIFIED,,0.0,NONE,0.0,0.0,NONE,,True,0,NOT CHECKED,NONE,NEUTRAL,,,,NOT CHECKED,False,NOT CHECKED,NONE,0,,False,33.0,NO TRADE,NOT CHECKED,,,,,,,,,False,,,False,,,,False,,,,False,NONE,False,False,0,,,,NOT CHECKED,NO LIVE SIGNAL,33.0,False
QSR,76.59,DISCOVER,DISCOVER,"rising EMA50, near EMA50 support, tight range",40,50,55,WATCHLIST,WEAK,32.0,price<EMA20; EMA20>EMA50; EMA20 falling,1.29,33.3,0.36,3.18,0,False,2.26,206396888.0,77.78,76.63,72.93,76.03,81.88,70.56,81.88,68.82,81.88,82.02,RESISTANCE_BREAKOUT,BREAKOUT,0.17,,,0,,,0,False,False,77.47,EMA20,77.78,5.17,5.55,76.03,76.03,86.12,88.58,90.22,1.44,,,False,5.0,88.58,8.0,1.44,False,2.5,6.91,0.0,2622030.0,215750161.0,2.1,True,True,Restaurant Brands International Inc. Common Shares,2,32.9,UNCLASSIFIED,,0.0,NONE,0.0,0.0,NONE,,True,0,NOT CHECKED,NONE,NEUTRAL,,,,NOT CHECKED,False,NOT CHECKED,NONE,0,,False,32.9,WATCHLIST,NOT CHECKED,,,,,,,,,False,,,False,,,,False,,,,False,NONE,False,False,0,,,,NOT CHECKED,NO LIVE SIGNAL,32.9,False
NWL,5.68,DISCOVER,DISCOVER,"above EMA50, rising EMA50, near EMA50 support, volume contraction, low-volume pullback",42,48,35,WATCHLIST,WEAK,32.0,price<EMA20; EMA20>EMA50; EMA20 falling,-2.94,45.1,0.36,5.18,0,False,5.29,38815477.0,5.92,5.66,4.87,5.69,6.47,4.75,7.05,3.16,7.05,6.49,RESISTANCE_BREAKOUT,BREAKOUT,0.37,,,0,,,0,False,False,6.1,ATR_FALLBACK,6.04,6.93,6.0,5.72,5.72,6.82,7.01,7.14,1.33,7.05,8.55,True,5.0,7.01,8.0,1.33,False,2.5,14.01,0.0,6478866.0,35318449.0,4.68,True,True,Newell Brands Inc. - Common Stock,2,32.9,UNCLASSIFIED,,0.0,NONE,0.0,0.0,NONE,,True,0,NOT CHECKED,NONE,NEUTRAL,,,,NOT CHECKED,False,NOT CHECKED,NONE,0,,False,32.9,WATCHLIST,NOT CHECKED,,,,,,,,,False,,,False,,,,False,,,,False,NONE,False,False,0,,,,NOT CHECKED,NO LIVE SIGNAL,32.9,False
SMTC,150.1,REJECT,REJECT,"20/50 uptrend, rising EMA50, volume contraction, low-volume pullback",36,48,35,NO TRADE,WEAK,32.0,price<EMA20; EMA20>EMA50; EMA20 falling,-0.65,61.7,0.28,11.16,2,True,7.53,476241941.0,144.65,138.85,115.92,115.0,170.43,103.1,175.69,69.16,177.35,171.33,RESISTANCE_BREAKOUT,BREAKOUT,0.53,,,0,,,0,False,False,161.05,ATR_FALLBACK,154.38,9.9,6.0,146.91,124.83,179.9,185.04,188.47,1.33,175.69,2.54,False,5.0,175.69,2.54,0.42,False,2.5,13.55,0.0,3401262.0,400948833.0,7.18,True,True,Semtech Corporation - Common Stock,0,32.8,UNCLASSIFIED,,0.0,NONE,0.0,0.0,NONE,,True,0,NOT CHECKED,NONE,NEUTRAL,,,,NOT CHECKED,False,NOT CHECKED,NONE,0,,False,32.8,NO TRADE,NOT CHECKED,,,,,,,,,False,,,False,,,,False,,,,False,NONE,False,False,0,,,,NOT CHECKED,NO LIVE SIGNAL,32.8,True
MRVL,222.0,DISCOVER,DISCOVER,"above EMA50, rising EMA50, near EMA50 support, volume contraction, low-volume pullback",42,48,35,WATCHLIST,WEAK,32.0,price<EMA20; EMA20>EMA50; EMA20 falling,-3.24,41.6,0.35,12.8,1,True,5.88,5452160699.0,223.6,221.18,172.83,200.62,254.6,162.9,314.09,75.18,329.8,255.64,RESISTANCE_BREAKOUT,BREAKOUT,0.41,,,0,,,0,False,False,240.31,ATR_FALLBACK,236.08,7.65,6.0,213.63,200.62,268.43,276.1,281.21,1.33,314.09,22.86,True,5.0,276.1,8.0,1.33,False,2.5,14.68,0.0,23916994.0,4777908743.0,5.21,True,True,"Marvell Technology, Inc. - Common Stock",2,32.7,UNCLASSIFIED,,0.0,NONE,0.0,0.0,NONE,,True,0,NOT CHECKED,NONE,NEUTRAL,,,,NOT CHECKED,False,NOT CHECKED,NONE,0,,False,32.7,WATCHLIST,NOT CHECKED,,,,,,,,,False,,,False,,,,False,,,,False,NONE,False,False,0,,,,NOT CHECKED,NO LIVE SIGNAL,32.7,True
TW,102.1,DISCOVER,DISCOVER,"near EMA50 support, near EMA200 pivot, tight range, volume contraction, low-volume pullback",44,50,55,WATCHLIST,WEAK,32.0,price<EMA20; EMA20>EMA50; EMA20 falling,-0.77,35.7,0.25,2.72,0,False,2.53,122498521.0,104.24,103.89,107.33,101.0,109.66,91.3,109.66,91.3,127.35,109.86,RESISTANCE_BREAKOUT,BREAKOUT,0.19,,,0,,,0,False,False,103.78,EMA20,104.24,5.12,5.54,101.0,101.0,115.36,118.65,120.85,1.44,127.35,15.91,True,5.0,118.65,8.0,1.44,False,2.5,7.4,0.0,1162671.0,121327221.0,2.23,True,True,Tradeweb Markets Inc. - Class A Common Stock,2,32.7,UNCLASSIFIED,,0.0,NONE,0.0,0.0,NONE,,True,0,NOT CHECKED,NONE,NEUTRAL,,,,NOT CHECKED,False,NOT CHECKED,NONE,0,,False,32.7,WATCHLIST,NOT CHECKED,,,,,,,,,False,,,False,,,,False,,,,False,NONE,False,False,0,,,,NOT CHECKED,NO LIVE SIGNAL,32.7,False
HP,43.17,REJECT,REJECT,"20/50 uptrend, rising EMA50, volume contraction, low-volume pullback",36,48,35,NO TRADE,WEAK,32.0,price<EMA20; EMA20>EMA50; EMA20 falling,-0.9,53.8,0.26,12.86,2,True,4.35,52853997.0,43.13,40.57,35.1,40.85,48.17,30.23,48.17,30.23,45.0,48.32,RESISTANCE_BREAKOUT,BREAKOUT,0.31,,,0,,,0,False,False,45.42,ATR_FALLBACK,45.5,5.83,6.0,42.14,42.14,50.74,52.19,53.15,1.33,,,False,5.0,52.19,8.0,1.33,False,2.5,11.58,0.0,1202181.0,47806257.0,3.55,True,True,"Helmerich & Payne, Inc. Common Stock",0,32.7,UNCLASSIFIED,,0.0,NONE,0.0,0.0,NONE,,True,0,NOT CHECKED,NONE,NEUTRAL,,,,NOT CHECKED,False,NOT CHECKED,NONE,0,,False,32.7,NO TRADE,NOT CHECKED,,,,,,,,,False,,,False,,,,False,,,,False,NONE,False,False,0,,,,NOT CHECKED,NO LIVE SIGNAL,32.7,True
AFRM,72.26,DISCOVER,DISCOVER,"near EMA50 support, near EMA200 pivot, tight range, volume contraction, low-volume pullback",44,50,55,WATCHLIST,WEAK,32.0,price<EMA20; EMA20>EMA50; EMA20 falling,-1.01,39.8,0.28,6.7,0,False,5.76,425638437.0,73.28,73.9,71.23,66.03,90.44,66.03,90.44,42.1,90.44,90.77,RESISTANCE_BREAKOUT,BREAKOUT,0.37,,,0,,,0,False,False,85.33,ATR_FALLBACK,84.53,6.87,6.0,66.03,66.03,95.31,98.03,99.85,1.33,,,False,5.0,98.03,8.0,1.33,False,2.5,25.16,0.0,5701585.0,281978726.0,4.98,True,True,"Affirm Holdings, Inc. - Class A Common Stock",2,32.5,UNCLASSIFIED,,0.0,NONE,0.0,0.0,NONE,,True,0,NOT CHECKED,NONE,NEUTRAL,,,,NOT CHECKED,False,NOT CHECKED,NONE,0,,False,32.5,WATCHLIST,NOT CHECKED,,,,,,,,,False,,,False,,,,False,,,,False,NONE,False,False,0,,,,NOT CHECKED,NO LIVE SIGNAL,32.5,False
FSM,11.55,REJECT,REJECT,"above EMA50, rising EMA50, volume contraction, low-volume pullback",28,42,35,NO TRADE,WEAK,32.0,price<EMA20; EMA20>EMA50; EMA20 falling,9.27,38.3,0.34,11.29,1,True,4.35,59202667.0,11.73,10.83,9.93,10.43,12.94,7.92,12.94,7.92,13.85,12.98,RESISTANCE_BREAKOUT,BREAKOUT,0.31,,,0,,,0,False,False,12.2,ATR_FALLBACK,12.23,5.81,6.0,11.42,11.42,13.63,14.02,14.28,1.33,13.85,6.7,True,5.0,13.85,6.7,1.12,False,2.5,12.03,0.0,4910088.0,60972642.0,3.74,True,True,Fortuna Mining Corp. Common Shares,0,32.3,UNCLASSIFIED,,0.0,NONE,0.0,0.0,NONE,,True,0,NOT CHECKED,NONE,NEUTRAL,,,,NOT CHECKED,False,NOT CHECKED,NONE,0,,False,32.3,NO TRADE,NOT CHECKED,,,,,,,,,False,,,False,,,,False,,,,False,NONE,False,False,0,,,,NOT CHECKED,NO LIVE SIGNAL,32.3,True
SBSW,11.75,REJECT,REJECT,"above EMA50, rising EMA50, volume contraction, low-volume pullback",28,42,35,NO TRADE,WEAK,32.0,price<EMA20; EMA20>EMA50; EMA20 falling,9.14,41.7,0.44,9.75,0,False,4.9,67037879.0,12.0,11.19,11.35,10.52,13.44,7.87,13.44,7.87,16.65,13.49,RESISTANCE_BREAKOUT,BREAKOUT,0.34,,,0,,,0,False,False,12.68,ATR_FALLBACK,12.62,6.41,6.0,11.63,11.35,14.16,14.56,14.83,1.33,16.65,23.44,True,5.0,14.56,8.0,1.33,False,2.5,14.38,0.0,5476292.0,63048370.0,3.29,True,True,D/B/A Sibanye-Stillwater Limited ADS,0,32.2,UNCLASSIFIED,,0.0,NONE,0.0,0.0,NONE,,True,0,NOT CHECKED,NONE,NEUTRAL,,,,NOT CHECKED,False,NOT CHECKED,NONE,0,,False,32.2,NO TRADE,NOT CHECKED,,,,,,,,,False,,,False,,,,False,,,,False,NONE,False,False,0,,,,NOT CHECKED,NO LIVE SIGNAL,32.2,False
VRDN,21.63,DISCOVER,DISCOVER,"above EMA50, rising EMA50, near EMA50 support, near EMA200 pivot",42,48,35,WATCHLIST,WEAK,32.0,price<EMA20; EMA20>EMA50; EMA20 falling,-4.3,27.4,0.46,7.92,0,False,4.05,26982174.0,22.56,21.63,21.49,21.18,24.86,16.93,24.86,13.18,30.79,24.93,RESISTANCE_BREAKOUT,BREAKOUT,0.28,,,0,,,0,False,False,23.46,ATR_FALLBACK,23.62,5.27,5.9,21.18,21.18,26.18,26.92,27.42,1.35,30.79,23.51,True,5.0,26.92,8.0,1.35,False,2.5,14.93,0.0,1157347.0,25326104.0,3.59,True,True,"Viridian Therapeutics, Inc.  - Common Stock",2,32.2,UNCLASSIFIED,,0.0,NONE,0.0,0.0,NONE,,True,0,NOT CHECKED,NONE,NEUTRAL,,,,NOT CHECKED,False,NOT CHECKED,NONE,0,,False,32.2,WATCHLIST,NOT CHECKED,,,,,,,,,False,,,False,,,,False,,,,False,NONE,False,False,0,,,,NOT CHECKED,NO LIVE SIGNAL,32.2,False
RJF,168.83,DISCOVER,DISCOVER,"rising EMA50, near EMA50 support, tight range, volume contraction, low-volume pullback",42,48,40,WATCHLIST,WEAK,32.0,price<EMA20; EMA20>EMA50; EMA20 falling,-3.91,40.7,0.22,2.93,0,False,2.37,196662749.0,174.96,172.25,163.44,168.93,181.71,146.12,182.73,138.33,182.73,182.03,RESISTANCE_BREAKOUT,BREAKOUT,0.18,,,0,,,0,False,False,174.24,EMA20,174.96,3.89,4.28,169.85,169.85,191.13,196.59,200.23,1.87,182.73,0.38,False,5.0,182.73,0.38,0.09,False,2.5,7.7,0.0,1117107.0,197713728.0,2.11,True,True,"Raymond James Financial, Inc. Common Stock",2,31.6,UNCLASSIFIED,,0.0,NONE,0.0,0.0,NONE,,True,0,NOT CHECKED,NONE,NEUTRAL,,,,NOT CHECKED,False,NOT CHECKED,NONE,0,,False,31.6,WATCHLIST,NOT CHECKED,,,,,,,,,False,,,False,,,,False,,,,False,NONE,False,False,0,,,,NOT CHECKED,NO LIVE SIGNAL,31.6,False
ABT,102.31,DISCOVER,DISCOVER,"rising EMA50, near EMA50 support, near EMA200 pivot, volume contraction, low-volume pullback",42,48,40,WATCHLIST,WEAK,32.0,price<EMA20; EMA20>EMA50; EMA20 falling,-5.28,17.0,0.34,2.19,0,False,2.74,838291819.0,107.18,105.14,105.7,101.49,117.34,86.59,117.34,81.39,117.34,117.56,RESISTANCE_BREAKOUT,BREAKOUT,0.19,,,0,,,0,False,False,112.85,ATR_FALLBACK,113.36,3.58,4.01,101.49,101.49,123.44,126.97,129.32,2.0,,,False,5.0,126.97,8.0,2.0,False,2.5,14.69,0.0,7618579.0,828993909.0,2.25,True,True,Abbott Laboratories Common Stock,2,31.0,UNCLASSIFIED,,0.0,NONE,0.0,0.0,NONE,,True,0,NOT CHECKED,NONE,NEUTRAL,,,,NOT CHECKED,False,NOT CHECKED,NONE,0,,False,31.0,WATCHLIST,NOT CHECKED,,,,,,,,,False,,,False,,,,False,,,,False,NONE,False,False,0,,,,NOT CHECKED,NO LIVE SIGNAL,31.0,False
RLAY,18.88,DISCOVER,DISCOVER,"above EMA50, rising EMA50, near EMA50 support, tight range",42,48,35,WATCHLIST,WEAK,32.0,price<EMA20; EMA20>EMA50; EMA20 falling,-6.63,28.8,0.44,4.1,0,False,4.07,55475764.0,19.11,18.73,14.22,17.96,21.27,16.14,21.27,9.06,21.27,21.33,RESISTANCE_BREAKOUT,BREAKOUT,0.29,,,0,,,0,False,False,20.05,ATR_FALLBACK,20.18,5.41,6.0,18.1,17.96,22.4,23.04,23.46,1.33,,,False,5.0,23.04,8.0,1.33,False,2.5,12.66,0.0,2888007.0,52007089.0,4.14,True,True,"Relay Therapeutics, Inc. - Common Stock",2,31.0,UNCLASSIFIED,,0.0,NONE,0.0,0.0,NONE,,True,0,NOT CHECKED,NONE,NEUTRAL,,,,NOT CHECKED,False,NOT CHECKED,NONE,0,,False,31.0,WATCHLIST,NOT CHECKED,,,,,,,,,False,,,False,,,,False,,,,False,NONE,False,False,0,,,,NOT CHECKED,NO LIVE SIGNAL,31.0,False
BVN,33.05,DISCOVER,DISCOVER,"rising EMA50, near EMA50 support, tight range, volume contraction, low-volume pullback",42,48,55,WATCHLIST,WEAK,32.0,price<EMA20; EMA20>EMA50; EMA20 falling,-0.65,35.1,0.39,5.87,0,False,4.32,43708289.0,34.03,33.43,31.51,32.51,36.94,27.31,36.94,27.31,42.78,37.05,RESISTANCE_BREAKOUT,BREAKOUT,0.31,,,0,,,0,False,False,34.83,ATR_FALLBACK,34.91,5.78,6.0,32.51,32.51,38.91,40.02,40.76,1.33,42.78,15.45,True,5.0,40.02,8.0,1.33,False,2.5,11.77,0.0,1257257.0,37425820.0,3.87,True,True,Buenaventura Mining Company Inc.,2,31.0,UNCLASSIFIED,,0.0,NONE,0.0,0.0,NONE,,True,0,NOT CHECKED,NONE,NEUTRAL,,,,NOT CHECKED,False,NOT CHECKED,NONE,0,,False,31.0,WATCHLIST,NOT CHECKED,,,,,,,,,False,,,False,,,,False,,,,False,NONE,False,False,0,,,,NOT CHECKED,NO LIVE SIGNAL,31.0,False
APPS,11.47,REJECT,REJECT,"20/50 uptrend, rising EMA50, volume contraction, low-volume pullback",36,48,35,NO TRADE,WEAK,32.0,price<EMA20; EMA20>EMA50; EMA20 falling,-4.26,55.9,0.32,38.49,2,True,6.25,27386562.0,11.2,10.59,7.72,9.75,12.63,7.85,15.34,2.74,15.34,12.69,RESISTANCE_BREAKOUT,BREAKOUT,0.45,,,0,,,0,False,False,11.93,ATR_FALLBACK,11.61,8.47,6.0,10.45,9.75,13.32,13.7,13.96,1.33,15.34,20.91,True,5.0,13.7,8.0,1.33,False,2.5,11.51,0.0,2472199.0,28405253.0,5.9,True,True,"Digital Turbine, Inc. - Common Stock",0,31.0,UNCLASSIFIED,,0.0,NONE,0.0,0.0,NONE,,True,0,NOT CHECKED,NONE,NEUTRAL,,,,NOT CHECKED,False,NOT CHECKED,NONE,0,,False,31.0,NO TRADE,NOT CHECKED,,,,,,,,,False,,,False,,,,False,,,,False,NONE,False,False,0,,,,NOT CHECKED,NO LIVE SIGNAL,31.0,True
NTAP,190.12,REJECT,REJECT,"20/50 uptrend, rising EMA50, volume contraction, low-volume pullback",36,48,35,NO TRADE,WEAK,32.0,price<EMA20; EMA20>EMA50; EMA20 falling,-4.87,52.2,0.39,8.54,0,False,4.79,454497486.0,188.49,180.88,146.49,161.0,207.96,148.82,209.06,94.6,209.06,208.69,RESISTANCE_BREAKOUT,BREAKOUT,0.35,,,0,,,0,False,False,196.17,ATR_FALLBACK,195.03,6.55,6.0,182.23,161.0,219.12,225.38,229.56,1.33,209.06,0.18,False,5.0,209.06,0.18,0.03,False,2.5,9.38,0.0,2407915.0,417910215.0,4.33,True,True,"NetApp, Inc. - Common Stock",0,30.7,UNCLASSIFIED,,0.0,NONE,0.0,0.0,NONE,,True,0,NOT CHECKED,NONE,NEUTRAL,,,,NOT CHECKED,False,NOT CHECKED,NONE,0,,False,30.7,NO TRADE,NOT CHECKED,,,,,,,,,False,,,False,,,,False,,,,False,NONE,False,False,0,,,,NOT CHECKED,NO LIVE SIGNAL,30.7,False
AUR,6.49,REJECT,REJECT,"above EMA50, rising EMA50, volume contraction, low-volume pullback",36,48,35,NO TRADE,WEAK,32.0,price<EMA20; EMA20>EMA50; EMA20 falling,-4.93,68.1,0.35,8.03,0,False,4.55,187740373.0,6.27,6.29,5.83,5.4,6.7,5.4,7.66,3.82,8.56,6.73,RESISTANCE_BREAKOUT,BREAKOUT,0.35,,,0,,,0,False,False,6.32,SWING5,6.3,6.37,6.0,6.3,5.4,7.07,7.27,7.4,1.33,7.66,13.84,True,5.0,7.27,8.0,1.33,False,2.5,10.41,0.0,30851731.0,166472682.0,5.21,True,True,"Aurora Innovation, Inc.  - Class A Common Stock",0,30.7,UNCLASSIFIED,,0.0,NONE,0.0,0.0,NONE,,True,0,NOT CHECKED,NONE,NEUTRAL,,,,NOT CHECKED,False,NOT CHECKED,NONE,0,,False,30.7,NO TRADE,NOT CHECKED,,,,,,,,,False,,,False,,,,False,,,,False,NONE,False,False,0,,,,NOT CHECKED,NO LIVE SIGNAL,30.7,False
NESR,32.46,DISCOVER,DISCOVER,"above EMA50, rising EMA50, near EMA50 support, volume contraction, low-volume pullback",42,48,35,WATCHLIST,WEAK,32.0,price<EMA20; EMA20>EMA50; EMA20 falling,-7.25,42.8,0.31,23.33,1,True,4.08,55043433.0,33.53,31.62,24.79,31.75,36.0,23.86,36.94,18.46,36.94,36.11,RESISTANCE_BREAKOUT,BREAKOUT,0.29,,,0,,,0,False,False,33.94,ATR_FALLBACK,34.12,5.5,6.0,31.75,31.75,37.91,38.99,39.72,1.33,36.94,2.31,False,5.0,36.94,2.31,0.39,False,2.5,13.8,0.0,1620475.0,56553016.0,4.18,True,True,National Energy Services Reunited Corp - Ordinary Shares,2,30.7,UNCLASSIFIED,,0.0,NONE,0.0,0.0,NONE,,True,0,NOT CHECKED,NONE,NEUTRAL,,,,NOT CHECKED,False,NOT CHECKED,NONE,0,,False,30.7,WATCHLIST,NOT CHECKED,,,,,,,,,False,,,False,,,,False,,,,False,NONE,False,False,0,,,,NOT CHECKED,NO LIVE SIGNAL,30.7,True
NU,14.23,DISCOVER,DISCOVER,"rising EMA50, near EMA50 support, near EMA200 pivot, volume contraction, low-volume pullback",42,48,55,WATCHLIST,WEAK,32.0,price<EMA20; EMA20>EMA50; EMA20 falling,-1.47,38.4,0.43,9.33,0,False,3.78,1010339731.0,14.72,14.39,14.61,14.14,15.84,12.23,16.22,11.2,16.22,15.88,RESISTANCE_BREAKOUT,BREAKOUT,0.27,,,0,,,0,False,False,14.98,ATR_FALLBACK,15.08,5.08,5.69,14.22,14.21,16.68,17.15,17.47,1.41,16.22,2.12,False,5.0,16.22,2.12,0.37,False,2.5,11.35,0.0,68235028.0,1078105868.0,3.87,True,True,Nu Holdings Ltd. Class A Ordinary Shares,2,30.6,UNCLASSIFIED,,0.0,NONE,0.0,0.0,NONE,,True,0,NOT CHECKED,NONE,NEUTRAL,,,,NOT CHECKED,False,NOT CHECKED,NONE,0,,False,30.6,WATCHLIST,NOT CHECKED,,,,,,,,,False,,,False,,,,False,,,,False,NONE,False,False,0,,,,NOT CHECKED,NO LIVE SIGNAL,30.6,False
STT,184.04,DISCOVER,DISCOVER,"rising EMA50, near EMA50 support, tight range",40,46,40,WATCHLIST,WEAK,32.0,price<EMA20; EMA20>EMA50; EMA20 falling,-2.64,33.7,0.58,2.22,0,False,2.24,256070785.0,189.84,184.63,156.8,182.96,195.93,163.92,195.93,114.81,195.93,196.26,RESISTANCE_BREAKOUT,BREAKOUT,0.17,,,0,,,0,False,False,189.1,EMA20,189.84,3.27,3.65,186.34,186.34,206.07,211.96,215.89,2.19,,,False,5.0,211.96,8.0,2.19,False,2.5,6.46,0.0,1345145.0,240395051.0,2.11,True,True,State Street Corporation Common Stock,2,30.6,UNCLASSIFIED,,0.0,NONE,0.0,0.0,NONE,,True,0,NOT CHECKED,NONE,NEUTRAL,,,,NOT CHECKED,False,NOT CHECKED,NONE,0,,False,30.6,WATCHLIST,NOT CHECKED,,,,,,,,,False,,,False,,,,False,,,,False,NONE,False,False,0,,,,NOT CHECKED,NO LIVE SIGNAL,30.6,False
ELF,97.24,REJECT,REJECT,"above EMA50, rising EMA50, volume contraction, low-volume pullback",28,42,35,NO TRADE,WEAK,32.0,price<EMA20; EMA20>EMA50; EMA20 falling,5.85,36.8,0.36,7.72,0,False,4.57,165016343.0,99.81,91.8,86.46,92.38,110.04,61.53,110.04,48.82,109.62,110.4,RESISTANCE_BREAKOUT,BREAKOUT,0.32,,,0,,,0,False,False,103.77,ATR_FALLBACK,103.74,6.03,6.0,94.54,94.54,115.91,119.23,121.43,1.33,,,False,5.0,119.23,8.0,1.33,False,2.5,13.16,0.0,1605002.0,158508963.0,4.04,True,True,"e.l.f. Beauty, Inc. Common Stock",0,30.6,UNCLASSIFIED,,0.0,NONE,0.0,0.0,NONE,,True,0,NOT CHECKED,NONE,NEUTRAL,,,,NOT CHECKED,False,NOT CHECKED,NONE,0,,False,30.6,NO TRADE,NOT CHECKED,,,,,,,,,False,,,False,,,,False,,,,False,NONE,False,False,0,,,,NOT CHECKED,NO LIVE SIGNAL,30.6,False
CNK,34.4,DISCOVER,DISCOVER,"rising EMA50, near EMA50 support, tight range, volume contraction, low-volume pullback",42,48,40,WATCHLIST,WEAK,32.0,price<EMA20; EMA20>EMA50; EMA20 falling,-6.07,26.1,0.33,4.92,0,False,3.07,71292010.0,35.55,34.75,30.76,34.29,38.74,28.43,38.89,24.87,38.89,38.82,RESISTANCE_BREAKOUT,BREAKOUT,0.22,,,0,,,0,False,False,37.05,ATR_FALLBACK,37.24,4.08,4.57,34.29,34.29,40.76,41.93,42.7,1.75,38.89,0.17,False,5.0,38.89,0.17,0.04,False,2.5,12.61,0.0,1979632.0,62982517.0,3.04,True,True,"Cinemark Holdings Inc Cinemark Holdings, Inc. Common Stock",2,30.6,UNCLASSIFIED,,0.0,NONE,0.0,0.0,NONE,,True,0,NOT CHECKED,NONE,NEUTRAL,,,,NOT CHECKED,False,NOT CHECKED,NONE,0,,False,30.6,WATCHLIST,NOT CHECKED,,,,,,,,,False,,,False,,,,False,,,,False,NONE,False,False,0,,,,NOT CHECKED,NO LIVE SIGNAL,30.6,False
HAS,90.67,DISCOVER,DISCOVER,"rising EMA50, near EMA50 support, tight range, volume contraction, low-volume pullback",42,48,55,WATCHLIST,WEAK,32.0,price<EMA20; EMA20>EMA50; EMA20 falling,-1.87,24.5,0.27,2.7,0,False,2.28,121108218.0,92.04,90.82,87.2,87.72,98.2,74.63,98.2,74.63,98.2,98.37,RESISTANCE_BREAKOUT,BREAKOUT,0.17,,,0,,,0,False,False,92.46,EMA20,92.04,6.43,6.0,87.72,87.72,103.28,106.23,108.2,1.33,,,False,5.0,106.23,8.0,1.33,False,2.5,8.3,0.0,1301168.0,123614907.0,2.12,True,True,"Hasbro, Inc. - Common Stock",2,30.4,UNCLASSIFIED,,0.0,NONE,0.0,0.0,NONE,,True,0,NOT CHECKED,NONE,NEUTRAL,,,,NOT CHECKED,False,NOT CHECKED,NONE,0,,False,30.4,WATCHLIST,NOT CHECKED,,,,,,,,,False,,,False,,,,False,,,,False,NONE,False,False,0,,,,NOT CHECKED,NO LIVE SIGNAL,30.4,False
WDAY,193.87,REJECT,REJECT,"20/50 uptrend, rising EMA50, volume contraction",32,42,35,NO TRADE,WEAK,32.0,price<EMA20; EMA20>EMA50; EMA20 falling,3.43,49.6,0.24,17.78,1,True,4.48,704736070.0,190.57,176.36,167.23,183.54,211.83,111.5,227.49,110.36,227.49,212.53,RESISTANCE_BREAKOUT,BREAKOUT,0.33,,,0,,,0,False,False,199.77,ATR_FALLBACK,199.48,6.14,6.0,183.54,183.54,223.15,229.53,233.78,1.33,227.49,7.04,True,5.0,227.49,7.04,1.17,False,2.5,9.26,0.0,3593010.0,616583099.0,3.78,True,True,"Workday, Inc. - Class A Common Stock",0,30.2,UNCLASSIFIED,,0.0,NONE,0.0,0.0,NONE,,True,0,NOT CHECKED,NONE,NEUTRAL,,,,NOT CHECKED,False,NOT CHECKED,NONE,0,,False,30.2,NO TRADE,NOT CHECKED,,,,,,,,,False,,,False,,,,False,,,,False,NONE,False,False,0,,,,NOT CHECKED,NO LIVE SIGNAL,30.2,True
MIR,15.7,REJECT,REJECT,"rising EMA50, near EMA50 support, volume contraction, low-volume pullback",32,48,55,NO TRADE,WEAK,32.0,price<EMA20; EMA20>EMA50; EMA20 falling,1.8,59.3,0.37,7.64,0,False,4.27,52484614.0,15.76,16.04,18.87,14.23,17.32,14.11,19.55,14.11,22.37,17.37,RESISTANCE_BREAKOUT,BREAKOUT,0.31,,,0,,,0,False,False,16.33,ATR_FALLBACK,16.36,5.79,6.0,15.38,14.23,18.24,18.76,19.11,1.33,19.55,12.56,True,5.0,18.76,8.0,1.33,False,2.5,10.25,0.0,3363263.0,46598825.0,3.9,True,True,"Mirion Technologies, Inc. Class A Common Stock",0,30.2,UNCLASSIFIED,,0.0,NONE,0.0,0.0,NONE,,True,0,NOT CHECKED,NONE,NEUTRAL,,,,NOT CHECKED,False,NOT CHECKED,NONE,0,,False,30.2,NO TRADE,NOT CHECKED,,,,,,,,,False,,,False,,,,False,,,,False,NONE,False,False,0,,,,NOT CHECKED,NO LIVE SIGNAL,30.2,False
TXG,74.6,EXTENDED,EXTENDED,"20/50 uptrend, rising EMA50, volume contraction, late/extended breakout",32,36,65,NO TRADE,WEAK,32.0,price<EMA20; EMA20>EMA50; EMA20 falling,30.67,69.5,0.54,14.1,3,True,5.12,170941755.0,64.05,55.45,35.35,55.25,70.46,31.3,69.67,15.9,66.94,74.6,CONFIRMED_MARKET,BREAKOUT,0.0,,,0,,,0,False,False,70.12,ATR_FALLBACK,68.87,7.68,6.0,61.36,58.7,78.33,80.57,82.06,1.33,,,False,5.0,80.57,8.0,1.33,False,2.5,-5.55,5.88,2652373.0,163742273.0,5.9,True,True,"10x Genomics, Inc. - Common Stock",1,30.1,UNCLASSIFIED,,0.0,NONE,0.0,0.0,NONE,,True,0,NOT CHECKED,NONE,NEUTRAL,,,,NOT CHECKED,False,NOT CHECKED,NONE,0,,False,30.1,NO TRADE,NOT CHECKED,,,,,,,,,False,,,False,,,,False,,,,False,NONE,False,False,0,,,,NOT CHECKED,NO LIVE SIGNAL,30.1,True
ARIS,18.36,REJECT,REJECT,"above EMA50, rising EMA50, near EMA50 support",32,42,35,NO TRADE,WEAK,32.0,price<EMA20; EMA20>EMA50; EMA20 falling,3.35,32.3,0.26,11.48,2,True,5.26,27767397.0,19.2,18.09,16.6,17.35,21.47,13.21,21.47,13.21,22.85,21.54,RESISTANCE_BREAKOUT,BREAKOUT,0.36,,,0,,,0,False,False,20.25,ATR_FALLBACK,20.09,6.72,6.0,18.15,18.15,22.62,23.27,23.7,1.33,22.85,6.09,True,5.0,22.85,6.09,1.02,False,2.5,16.91,0.0,1393560.0,26937377.0,3.92,True,True,Aris Mining Corporation Common Shares,0,30.1,UNCLASSIFIED,,0.0,NONE,0.0,0.0,NONE,,True,0,NOT CHECKED,NONE,NEUTRAL,,,,NOT CHECKED,False,NOT CHECKED,NONE,0,,False,30.1,NO TRADE,NOT CHECKED,,,,,,,,,False,,,False,,,,False,,,,False,NONE,False,False,0,,,,NOT CHECKED,NO LIVE SIGNAL,30.1,True
LTH,41.17,DISCOVER,DISCOVER,"rising EMA50, near EMA50 support, tight range, volume contraction, low-volume pullback",42,48,40,WATCHLIST,WEAK,32.0,price<EMA20; EMA20>EMA50; EMA20 falling,-7.18,27.7,0.35,3.97,0,False,2.86,101661921.0,42.75,42.05,35.24,40.85,46.31,36.26,47.24,25.2,47.24,46.4,RESISTANCE_BREAKOUT,BREAKOUT,0.2,,,0,,,0,False,False,44.43,ATR_FALLBACK,44.64,3.8,4.26,40.85,40.85,48.72,50.12,51.04,1.88,47.24,1.79,False,5.0,47.24,1.79,0.42,False,2.5,12.5,0.0,2343618.0,100384562.0,2.58,True,True,"Life Time Group Holdings, Inc. Common Stock",2,30.0,UNCLASSIFIED,,0.0,NONE,0.0,0.0,NONE,,True,0,NOT CHECKED,NONE,NEUTRAL,,,,NOT CHECKED,False,NOT CHECKED,NONE,0,,False,30.0,WATCHLIST,NOT CHECKED,,,,,,,,,False,,,False,,,,False,,,,False,NONE,False,False,0,,,,NOT CHECKED,NO LIVE SIGNAL,30.0,False
PAYX,119.12,REJECT,REJECT,"above EMA50, rising EMA50, near EMA50 support",32,42,35,NO TRADE,WEAK,32.0,price<EMA20; EMA20>EMA50; EMA20 falling,2.52,36.5,0.39,4.18,0,False,2.26,267352781.0,120.22,116.6,108.3,114.51,127.98,92.06,127.98,83.5,127.92,128.2,RESISTANCE_BREAKOUT,BREAKOUT,0.17,,,0,,,0,False,False,120.5,EMA20,120.22,6.22,6.0,114.51,114.51,134.6,138.45,141.01,1.33,,,False,5.0,138.45,8.0,1.33,False,2.5,7.44,0.0,2191627.0,263450932.0,2.02,True,True,"Paychex, Inc. - Common Stock",0,29.7,UNCLASSIFIED,,0.0,NONE,0.0,0.0,NONE,,True,0,NOT CHECKED,NONE,NEUTRAL,,,,NOT CHECKED,False,NOT CHECKED,NONE,0,,False,29.7,NO TRADE,NOT CHECKED,,,,,,,,,False,,,False,,,,False,,,,False,NONE,False,False,0,,,,NOT CHECKED,NO LIVE SIGNAL,29.7,False
FRO,51.59,FORMING,CONFIRMED,"20/50 uptrend, rising EMA50, 20d volume expansion, fresh breakout, runway unknown",34,28,75,WATCHLIST,WEAK,32.0,price<EMA20; EMA20>EMA50; EMA20 falling,24.34,80.2,1.31,6.19,0,False,3.31,127338682.0,45.87,42.47,34.87,41.16,50.78,34.13,49.56,28.58,45.29,51.59,CONFIRMED_MARKET,BREAKOUT,0.0,,,0,,,0,False,False,48.72,ATR_FALLBACK,49.03,4.97,5.56,45.95,43.42,54.17,55.72,56.75,1.44,,,False,5.0,55.72,8.0,1.44,False,2.5,-1.57,1.6,2775050.0,114077922.0,3.13,True,True,Frontline Plc Ordinary Shares,3,23.8,Energy,XLE,100.0,LEADING,5.7,0.95,INDUSTRY,oil & gas midstream -> oil & gas midstream,True,0,NOT CHECKED,NONE,NEUTRAL,,,,NOT CHECKED,False,NOT CHECKED,NONE,0,,False,29.5,WATCHLIST,NOT CHECKED,,,,,,,,,False,,,False,,,,False,,,,False,NONE,False,False,0,,,,NOT CHECKED,NO LIVE SIGNAL,29.5,False
CCC,6.69,REJECT,REJECT,"above EMA50, rising EMA50, near EMA50 support",32,42,35,NO TRADE,WEAK,32.0,price<EMA20; EMA20>EMA50; EMA20 falling,2.03,32.7,0.85,6.73,0,False,4.6,75939126.0,7.01,6.62,6.52,6.63,7.68,4.23,7.68,4.08,7.68,7.7,RESISTANCE_BREAKOUT,BREAKOUT,0.32,,,0,,,0,False,False,7.24,ATR_FALLBACK,7.24,5.99,6.0,6.7,6.7,8.09,8.32,8.48,1.33,,,False,5.0,8.32,8.0,1.33,False,2.5,14.8,0.0,10575217.0,59649599.0,4.61,True,True,CCC Intelligent Solutions Holdings Inc. - Common Stock,0,29.5,UNCLASSIFIED,,0.0,NONE,0.0,0.0,NONE,,True,0,NOT CHECKED,NONE,NEUTRAL,,,,NOT CHECKED,False,NOT CHECKED,NONE,0,,False,29.5,NO TRADE,NOT CHECKED,,,,,,,,,False,,,False,,,,False,,,,False,NONE,False,False,0,,,,NOT CHECKED,NO LIVE SIGNAL,29.5,False
DASH,200.27,DISCOVER,DISCOVER,"rising EMA50, near EMA50 support, near EMA200 pivot, volume contraction, low-volume pullback",42,48,55,WATCHLIST,WEAK,32.0,price<EMA20; EMA20>EMA50; EMA20 falling,-3.83,23.9,0.28,2.89,0,False,3.75,831456387.0,211.59,204.91,198.26,191.74,238.83,166.58,238.83,143.3,238.83,239.43,RESISTANCE_BREAKOUT,BREAKOUT,0.25,,,0,,,0,False,False,226.82,ATR_FALLBACK,228.17,4.7,5.27,191.74,191.74,251.4,258.58,263.37,1.52,,,False,5.0,258.58,8.0,1.52,False,2.5,19.25,0.0,3785570.0,819307586.0,3.4,True,True,"DoorDash, Inc. - Common Stock",2,29.4,UNCLASSIFIED,,0.0,NONE,0.0,0.0,NONE,,True,0,NOT CHECKED,NONE,NEUTRAL,,,,NOT CHECKED,False,NOT CHECKED,NONE,0,,False,29.4,WATCHLIST,NOT CHECKED,,,,,,,,,False,,,False,,,,False,,,,False,NONE,False,False,0,,,,NOT CHECKED,NO LIVE SIGNAL,29.4,False
SNOW,325.58,REJECT,REJECT,"above EMA50, rising EMA50, volume contraction, low-volume pullback",28,44,35,NO TRADE,WEAK,32.0,price<EMA20; EMA20>EMA50; EMA20 falling,0.65,53.2,0.41,16.55,1,True,5.51,1785190889.0,326.35,304.23,244.99,303.89,384.56,217.48,384.56,118.3,341.95,385.99,RESISTANCE_BREAKOUT,BREAKOUT,0.37,,,0,,,0,False,False,362.84,ATR_FALLBACK,359.09,6.97,6.0,319.0,303.89,405.29,416.87,424.59,1.33,,,False,5.0,416.87,8.0,1.33,False,2.5,18.12,0.0,5385495.0,1320313303.0,4.05,True,True,Snowflake Inc. Common Stock,0,29.3,UNCLASSIFIED,,0.0,NONE,0.0,0.0,NONE,,True,0,NOT CHECKED,NONE,NEUTRAL,,,,NOT CHECKED,False,NOT CHECKED,NONE,0,,False,29.3,NO TRADE,NOT CHECKED,,,,,,,,,False,,,False,,,,False,,,,False,NONE,False,False,0,,,,NOT CHECKED,NO LIVE SIGNAL,29.3,True
DJT,8.67,REJECT,REJECT,"tight range, volume contraction, low-volume pullback",28,42,55,NO TRADE,WEAK,32.0,price<EMA20; EMA20>EMA50; EMA20 falling,9.06,39.9,0.32,6.93,0,False,5.71,31492427.0,9.02,9.04,10.4,8.0,10.23,6.96,10.55,6.96,11.43,10.27,RESISTANCE_BREAKOUT,BREAKOUT,0.39,,,0,,,0,False,False,9.65,ATR_FALLBACK,9.53,7.23,6.0,8.48,8.48,10.78,11.09,11.3,1.33,10.55,2.73,False,5.0,10.55,2.73,0.46,False,2.5,17.99,0.0,3465068.0,30428016.0,4.74,True,True,Trump Media & Technology Group Corp. - Common Stock,0,29.2,UNCLASSIFIED,,0.0,NONE,0.0,0.0,NONE,,True,0,NOT CHECKED,NONE,NEUTRAL,,,,NOT CHECKED,False,NOT CHECKED,NONE,0,,False,29.2,NO TRADE,NOT CHECKED,,,,,,,,,False,,,False,,,,False,,,,False,NONE,False,False,0,,,,NOT CHECKED,NO LIVE SIGNAL,29.2,False
SYF,75.47,DISCOVER,DISCOVER,"rising EMA50, near EMA50 support, near EMA200 pivot, volume contraction, low-volume pullback",42,48,55,WATCHLIST,WEAK,32.0,price<EMA20; EMA20>EMA50; EMA20 falling,-4.51,30.1,0.38,3.6,0,False,2.54,244931506.0,77.59,76.92,74.76,74.77,81.79,67.76,81.92,62.55,81.92,81.94,RESISTANCE_BREAKOUT,BREAKOUT,0.19,,,0,,,0,False,False,77.24,EMA20,77.59,5.32,5.74,74.77,74.77,86.04,88.5,90.14,1.39,,,False,5.0,88.5,8.0,1.39,False,2.5,8.55,0.0,3121960.0,232701988.0,2.39,True,True,Synchrony Financial Common Stock,2,29.1,UNCLASSIFIED,,0.0,NONE,0.0,0.0,NONE,,True,0,NOT CHECKED,NONE,NEUTRAL,,,,NOT CHECKED,False,NOT CHECKED,NONE,0,,False,29.1,WATCHLIST,NOT CHECKED,,,,,,,,,False,,,False,,,,False,,,,False,NONE,False,False,0,,,,NOT CHECKED,NO LIVE SIGNAL,29.1,False
MGNI,23.64,REJECT,REJECT,"20/50 uptrend, rising EMA50, volume contraction, low-volume pullback",36,42,35,NO TRADE,WEAK,32.0,price<EMA20; EMA20>EMA50; EMA20 falling,-0.25,47.7,0.28,17.66,1,True,3.97,48171556.0,23.56,22.01,18.53,22.44,25.79,17.28,25.79,11.36,25.45,25.87,RESISTANCE_BREAKOUT,BREAKOUT,0.29,,,0,,,0,False,False,24.31,ATR_FALLBACK,24.46,5.44,6.0,23.05,22.44,27.16,27.93,28.45,1.33,,,False,5.0,27.93,8.0,1.33,False,2.5,9.09,0.0,2013487.0,40355022.0,3.71,True,True,"Magnite, Inc. - Common Stock",0,29.1,UNCLASSIFIED,,0.0,NONE,0.0,0.0,NONE,,True,0,NOT CHECKED,NONE,NEUTRAL,,,,NOT CHECKED,False,NOT CHECKED,NONE,0,,False,29.1,NO TRADE,NOT CHECKED,,,,,,,,,False,,,False,,,,False,,,,False,NONE,False,False,0,,,,NOT CHECKED,NO LIVE SIGNAL,29.1,True
CPRT,31.4,REJECT,REJECT,"above EMA50, rising EMA50, near EMA50 support",32,42,35,NO TRADE,WEAK,32.0,price<EMA20; EMA20>EMA50; EMA20 falling,1.06,39.5,0.26,7.55,0,False,3.62,314361790.0,31.83,31.28,34.3,29.58,34.63,26.81,34.63,26.81,38.84,34.72,RESISTANCE_BREAKOUT,BREAKOUT,0.26,,,0,,,0,False,False,32.81,ATR_FALLBACK,33.02,4.91,5.5,29.58,29.58,36.46,37.5,38.19,1.45,38.84,11.86,True,5.0,37.5,8.0,1.45,False,2.5,10.3,0.0,9703865.0,282292388.0,3.64,True,True,"Copart, Inc. - Common Stock",0,29.0,UNCLASSIFIED,,0.0,NONE,0.0,0.0,NONE,,True,0,NOT CHECKED,NONE,NEUTRAL,,,,NOT CHECKED,False,NOT CHECKED,NONE,0,,False,29.0,NO TRADE,NOT CHECKED,,,,,,,,,False,,,False,,,,False,,,,False,NONE,False,False,0,,,,NOT CHECKED,NO LIVE SIGNAL,29.0,False
CUZ,27.89,REJECT,REJECT,"near EMA200 pivot, tight range, volume contraction, low-volume pullback",38,44,40,NO TRADE,WEAK,32.0,price<EMA20; EMA20>EMA50; EMA20 falling,-2.39,22.8,0.2,1.53,0,False,2.26,34881129.0,28.85,29.2,27.42,27.66,30.29,27.66,32.95,20.66,32.95,30.34,RESISTANCE_BREAKOUT,BREAKOUT,0.17,,,0,,,0,False,False,29.09,EMA50,29.2,3.74,4.12,27.66,27.66,31.86,32.77,33.37,1.94,32.95,8.6,True,5.0,32.77,8.0,1.94,False,2.5,8.61,0.0,1202393.0,34428264.0,2.01,True,True,Cousins Properties Incorporated Common Stock,0,29.0,UNCLASSIFIED,,0.0,NONE,0.0,0.0,NONE,,True,0,NOT CHECKED,NONE,NEUTRAL,,,,NOT CHECKED,False,NOT CHECKED,NONE,0,,False,29.0,NO TRADE,NOT CHECKED,,,,,,,,,False,,,False,,,,False,,,,False,NONE,False,False,0,,,,NOT CHECKED,NO LIVE SIGNAL,29.0,False
PCOR,54.38,DISCOVER,DISCOVER,"rising EMA50, near EMA50 support, near EMA200 pivot, volume contraction, low-volume pullback",42,48,55,WATCHLIST,WEAK,32.0,price<EMA20; EMA20>EMA50; EMA20 falling,-4.82,35.9,0.49,7.23,0,False,4.5,161617244.0,57.29,55.06,56.41,52.38,64.79,38.03,64.79,38.03,64.79,64.99,RESISTANCE_BREAKOUT,BREAKOUT,0.3,,,0,,,0,False,False,61.09,ATR_FALLBACK,61.31,5.65,6.0,52.38,52.38,68.24,70.18,71.48,1.33,,,False,5.0,70.18,8.0,1.33,False,2.5,19.14,0.0,2703934.0,148223202.0,3.59,True,True,"Procore Technologies, Inc. Common Stock",2,28.9,UNCLASSIFIED,,0.0,NONE,0.0,0.0,NONE,,True,0,NOT CHECKED,NONE,NEUTRAL,,,,NOT CHECKED,False,NOT CHECKED,NONE,0,,False,28.9,WATCHLIST,NOT CHECKED,,,,,,,,,False,,,False,,,,False,,,,False,NONE,False,False,0,,,,NOT CHECKED,NO LIVE SIGNAL,28.9,False
ACI,12.93,REJECT,REJECT,near EMA50 support,14,34,0,NO TRADE,WEAK,32.0,price<EMA20; EMA20>EMA50; EMA20 falling,7.97,59.0,0.43,5.3,0,False,2.84,82099569.0,12.36,12.79,14.87,11.63,12.8,10.86,15.25,10.86,17.77,12.93,RESISTANCE_BREAKOUT,BREAKOUT,0.98,,,0,,,0,False,False,12.65,EMA50,12.79,1.06,2.13,11.63,11.63,13.57,13.96,14.22,3.76,15.25,17.99,True,5.0,13.96,8.0,3.76,True,2.5,-0.97,0.98,6685380.0,71189033.0,2.83,True,True,"Albertsons Companies, Inc. Class A Common Stock",0,28.9,UNCLASSIFIED,,0.0,NONE,0.0,0.0,NONE,,True,0,NOT CHECKED,NONE,NEUTRAL,,,,NOT CHECKED,False,NOT CHECKED,NONE,0,,False,28.9,NO TRADE,NOT CHECKED,,,,,,,,,False,,,False,,,,False,,,,False,NONE,False,False,0,,,,NOT CHECKED,NO LIVE SIGNAL,28.9,False
INCY,121.39,REJECT,REJECT,"above EMA50, rising EMA50, near EMA50 support",32,42,35,NO TRADE,WEAK,32.0,price<EMA20; EMA20>EMA50; EMA20 falling,0.32,32.8,0.43,4.05,0,False,2.6,153609781.0,124.13,120.61,107.12,121.28,130.8,99.79,132.6,89.25,132.6,131.05,RESISTANCE_BREAKOUT,BREAKOUT,0.19,,,0,,,0,False,False,123.56,EMA20,124.13,5.29,5.72,121.28,121.28,137.6,141.54,144.16,1.4,132.6,1.18,False,5.0,132.6,1.18,0.21,False,2.5,7.75,0.0,1220645.0,152344627.0,2.45,True,True,Incyte Corporation - Common Stock,0,28.6,UNCLASSIFIED,,0.0,NONE,0.0,0.0,NONE,,True,0,NOT CHECKED,NONE,NEUTRAL,,,,NOT CHECKED,False,NOT CHECKED,NONE,0,,False,28.6,NO TRADE,NOT CHECKED,,,,,,,,,False,,,False,,,,False,,,,False,NONE,False,False,0,,,,NOT CHECKED,NO LIVE SIGNAL,28.6,False
GNTX,22.5,REJECT,REJECT,"near EMA200 pivot, tight range, volume contraction, low-volume pullback",38,44,40,NO TRADE,WEAK,32.0,price<EMA20; EMA20>EMA50; EMA20 falling,-3.5,35.2,0.24,3.3,0,False,2.27,53201511.0,22.98,23.39,23.84,22.03,24.15,22.03,26.24,20.26,26.35,24.19,RESISTANCE_BREAKOUT,BREAKOUT,0.17,,,0,,,0,False,False,23.3,EMA50,23.39,3.32,3.7,22.28,22.03,25.4,26.13,26.61,2.16,26.24,8.46,True,5.0,26.13,8.0,2.16,False,2.5,7.36,0.0,2307205.0,53182517.0,2.04,True,True,Gentex Corporation - Common Stock,0,28.4,UNCLASSIFIED,,0.0,NONE,0.0,0.0,NONE,,True,0,NOT CHECKED,NONE,NEUTRAL,,,,NOT CHECKED,False,NOT CHECKED,NONE,0,,False,28.4,NO TRADE,NOT CHECKED,,,,,,,,,False,,,False,,,,False,,,,False,NONE,False,False,0,,,,NOT CHECKED,NO LIVE SIGNAL,28.4,False
RYN,20.17,REJECT,REJECT,"near EMA200 pivot, tight range, volume contraction, low-volume pullback",38,44,40,NO TRADE,WEAK,32.0,price<EMA20; EMA20>EMA50; EMA20 falling,-3.76,28.4,0.35,3.37,0,False,2.25,70830032.0,20.63,20.96,21.33,20.0,21.68,20.0,22.58,19.25,22.58,21.72,RESISTANCE_BREAKOUT,BREAKOUT,0.17,,,0,,,0,False,False,20.87,EMA50,20.96,3.5,3.88,20.0,20.0,22.8,23.45,23.89,2.06,22.58,3.98,False,5.0,22.58,3.98,1.03,False,2.5,7.49,0.0,3431409.0,66809125.0,2.24,True,True,Rayonier Inc. REIT Common Stock,0,28.3,UNCLASSIFIED,,0.0,NONE,0.0,0.0,NONE,,True,0,NOT CHECKED,NONE,NEUTRAL,,,,NOT CHECKED,False,NOT CHECKED,NONE,0,,False,28.3,NO TRADE,NOT CHECKED,,,,,,,,,False,,,False,,,,False,,,,False,NONE,False,False,0,,,,NOT CHECKED,NO LIVE SIGNAL,28.3,False
QCOM,188.15,REJECT,REJECT,"above EMA50, rising EMA50",18,36,55,NO TRADE,WEAK,32.0,price<EMA20; EMA20>EMA50; EMA20 falling,18.67,84.0,0.65,7.32,0,False,4.05,1905949460.0,171.85,171.93,169.75,155.38,185.46,142.12,232.18,120.88,257.56,188.15,RESISTANCE_BREAKOUT,BREAKOUT,1.45,,,0,,,0,False,False,176.86,ATR_FALLBACK,176.72,6.07,6.0,170.51,161.33,197.55,203.2,206.96,1.33,232.18,23.4,True,5.0,203.2,8.0,1.33,False,2.5,-1.43,1.45,11264166.0,1682217419.0,3.71,True,True,QUALCOMM Incorporated - Common Stock,0,28.1,UNCLASSIFIED,,0.0,NONE,0.0,0.0,NONE,,True,0,NOT CHECKED,NONE,NEUTRAL,,,,NOT CHECKED,False,NOT CHECKED,NONE,0,,False,28.1,NO TRADE,NOT CHECKED,,,,,,,,,False,,,False,,,,False,,,,False,NONE,False,False,0,,,,NOT CHECKED,NO LIVE SIGNAL,28.1,False
PATH,14.64,REJECT,REJECT,"above EMA50, rising EMA50, near EMA50 support, volume contraction",38,44,35,NO TRADE,WEAK,32.0,price<EMA20; EMA20>EMA50; EMA20 falling,-6.45,39.1,0.6,9.37,0,False,7.37,1031343336.0,15.41,14.5,12.95,13.25,18.83,9.87,18.83,9.2,18.76,18.92,RESISTANCE_BREAKOUT,BREAKOUT,0.46,,,0,,,0,False,False,17.78,ATR_FALLBACK,17.3,8.56,6.0,13.25,13.25,19.86,20.43,20.81,1.33,,,False,5.0,20.43,8.0,1.33,False,2.5,28.66,0.0,63811835.0,1025597611.0,5.38,True,True,"UiPath, Inc. Class A Common Stock",0,27.7,UNCLASSIFIED,,0.0,NONE,0.0,0.0,NONE,,True,0,NOT CHECKED,NONE,NEUTRAL,,,,NOT CHECKED,False,NOT CHECKED,NONE,0,,False,27.7,NO TRADE,NOT CHECKED,,,,,,,,,False,,,False,,,,False,,,,False,NONE,False,False,0,,,,NOT CHECKED,NO LIVE SIGNAL,27.7,False
AM,21.3,REJECT,REJECT,"rising EMA50, near EMA200 pivot, volume contraction, low-volume pullback",36,42,40,NO TRADE,WEAK,32.0,price<EMA20; EMA20>EMA50; EMA20 falling,-1.81,40.7,0.39,3.15,0,False,2.42,44615059.0,22.2,22.12,20.94,21.57,23.19,21.09,23.19,19.98,23.35,23.24,RESISTANCE_BREAKOUT,BREAKOUT,0.18,,,0,,,0,False,False,22.11,EMA20,22.2,4.45,4.85,21.57,21.57,24.4,25.1,25.56,1.65,23.35,0.47,False,5.0,23.35,0.47,0.1,False,2.5,8.9,0.0,1993545.0,43734233.0,2.25,True,True,Antero Midstream Corporation Common Stock,0,27.6,UNCLASSIFIED,,0.0,NONE,0.0,0.0,NONE,,True,0,NOT CHECKED,NONE,NEUTRAL,,,,NOT CHECKED,False,NOT CHECKED,NONE,0,,False,27.6,NO TRADE,NOT CHECKED,,,,,,,,,False,,,False,,,,False,,,,False,NONE,False,False,0,,,,NOT CHECKED,NO LIVE SIGNAL,27.6,False
DKNG,24.77,REJECT,REJECT,"above EMA50, near EMA50 support, tight range",34,40,35,NO TRADE,WEAK,32.0,price<EMA20; EMA20>EMA50; EMA20 falling,-0.05,42.8,0.29,8.39,0,False,4.27,218111770.0,24.47,24.65,27.29,23.09,26.58,21.32,27.52,20.46,30.13,26.66,RESISTANCE_BREAKOUT,BREAKOUT,0.32,,,0,,,0,False,False,25.06,ATR_FALLBACK,25.08,5.95,6.0,23.09,23.09,28.0,28.8,29.33,1.33,27.52,3.21,False,5.0,27.52,3.21,0.53,False,2.5,7.5,0.0,8862274.0,207362213.0,4.28,True,True,DraftKings Inc. - Class A Common Stock,0,27.5,UNCLASSIFIED,,0.0,NONE,0.0,0.0,NONE,,True,0,NOT CHECKED,NONE,NEUTRAL,,,,NOT CHECKED,False,NOT CHECKED,NONE,0,,False,27.5,NO TRADE,NOT CHECKED,,,,,,,,,False,,,False,,,,False,,,,False,NONE,False,False,0,,,,NOT CHECKED,NO LIVE SIGNAL,27.5,False
U,42.85,REJECT,REJECT,"20/50 uptrend, rising EMA50, volume contraction, low-volume pullback",36,42,35,NO TRADE,WEAK,32.0,price<EMA20; EMA20>EMA50; EMA20 falling,-3.7,40.0,0.25,15.05,1,True,4.05,393725459.0,42.51,39.08,34.53,40.22,48.46,25.91,48.46,17.02,48.46,48.6,RESISTANCE_BREAKOUT,BREAKOUT,0.29,,,0,,,0,False,False,45.68,ATR_FALLBACK,45.99,5.36,6.0,40.67,40.22,51.03,52.49,53.46,1.33,,,False,5.0,52.49,8.0,1.33,False,2.5,13.11,0.0,8973186.0,403078392.0,3.8,True,True,Unity Software Inc. Common Stock,0,27.4,UNCLASSIFIED,,0.0,NONE,0.0,0.0,NONE,,True,0,NOT CHECKED,NONE,NEUTRAL,,,,NOT CHECKED,False,NOT CHECKED,NONE,0,,False,27.4,NO TRADE,NOT CHECKED,,,,,,,,,False,,,False,,,,False,,,,False,NONE,False,False,0,,,,NOT CHECKED,NO LIVE SIGNAL,27.4,True
SMCI,36.02,REJECT,REJECT,"above EMA50, rising EMA50, volume contraction, low-volume pullback",36,42,35,NO TRADE,WEAK,32.0,price<EMA20; EMA20>EMA50; EMA20 falling,-3.89,43.0,0.41,19.02,2,True,5.92,1398957326.0,37.09,34.85,34.14,34.09,41.53,23.38,42.31,19.48,51.4,41.7,RESISTANCE_BREAKOUT,BREAKOUT,0.41,,,0,,,0,False,False,39.2,ATR_FALLBACK,38.5,7.67,6.0,36.38,35.63,43.79,45.04,45.87,1.33,42.31,1.46,False,5.0,42.31,1.46,0.24,False,2.5,15.31,0.0,37054485.0,1331204712.0,5.39,True,True,"Super Micro Computer, Inc. - Common Stock",0,27.3,UNCLASSIFIED,,0.0,NONE,0.0,0.0,NONE,,True,0,NOT CHECKED,NONE,NEUTRAL,,,,NOT CHECKED,False,NOT CHECKED,NONE,0,,False,27.3,NO TRADE,NOT CHECKED,,,,,,,,,False,,,False,,,,False,,,,False,NONE,False,False,0,,,,NOT CHECKED,NO LIVE SIGNAL,27.3,True
SEDG,35.13,REJECT,REJECT,bull flag/pullback,14,38,55,NO TRADE,WEAK,32.0,price<EMA20; EMA20>EMA50; EMA20 falling,16.12,65.6,0.54,10.71,1,True,7.65,110297273.0,34.66,38.73,41.87,29.51,37.71,29.51,60.95,29.51,81.25,37.92,RESISTANCE_BREAKOUT,BREAKOUT,0.57,,,0,,,0,False,False,35.65,ATR_FALLBACK,33.9,10.63,6.0,29.91,29.91,39.82,40.96,41.72,1.33,60.95,60.71,True,5.0,40.96,8.0,1.33,False,2.5,7.34,0.0,3281157.0,84279877.0,6.71,True,True,"SolarEdge Technologies, Inc. - Common Stock",0,27.3,UNCLASSIFIED,,0.0,NONE,0.0,0.0,NONE,,True,0,NOT CHECKED,NONE,NEUTRAL,,,,NOT CHECKED,False,NOT CHECKED,NONE,0,,False,27.3,NO TRADE,NOT CHECKED,,,,,,,,,False,,,False,,,,False,,,,False,NONE,False,False,0,,,,NOT CHECKED,NO LIVE SIGNAL,27.3,True
XNCR,23.67,REJECT,REJECT,"above EMA50, rising EMA50, volume contraction, low-volume pullback",28,38,35,NO TRADE,WEAK,32.0,price<EMA20; EMA20>EMA50; EMA20 falling,4.41,23.8,0.36,9.9,0,False,6.14,36595329.0,25.15,22.54,16.41,22.79,30.61,12.89,30.61,10.38,30.61,30.73,RESISTANCE_BREAKOUT,BREAKOUT,0.38,,,0,,,0,False,False,28.88,ATR_FALLBACK,28.55,7.09,6.0,23.86,23.86,32.26,33.18,33.8,1.33,,,False,5.0,33.18,8.0,1.33,False,2.5,29.32,0.0,1363585.0,34098096.0,5.74,True,True,"Xencor, Inc. - Common Stock",0,27.3,UNCLASSIFIED,,0.0,NONE,0.0,0.0,NONE,,True,0,NOT CHECKED,NONE,NEUTRAL,,,,NOT CHECKED,False,NOT CHECKED,NONE,0,,False,27.3,NO TRADE,NOT CHECKED,,,,,,,,,False,,,False,,,,False,,,,False,NONE,False,False,0,,,,NOT CHECKED,NO LIVE SIGNAL,27.3,False
NRIX,24.35,DISCOVER,DISCOVER,"rising EMA50, near EMA50 support, tight range, volume contraction, low-volume pullback",42,48,55,WATCHLIST,WEAK,32.0,price<EMA20; EMA20>EMA50; EMA20 falling,-8.35,29.0,0.39,6.33,0,False,4.46,31423897.0,25.73,24.6,19.42,24.94,28.23,17.83,28.23,14.01,28.23,28.32,RESISTANCE_BREAKOUT,BREAKOUT,0.31,,,0,,,0,False,False,26.62,ATR_FALLBACK,26.69,5.75,6.0,24.94,24.94,29.73,30.58,31.15,1.33,,,False,5.0,30.58,8.0,1.33,False,2.5,15.93,0.0,1196069.0,32141285.0,3.86,True,True,"Nurix Therapeutics, Inc. - Common stock",2,27.2,UNCLASSIFIED,,0.0,NONE,0.0,0.0,NONE,,True,0,NOT CHECKED,NONE,NEUTRAL,,,,NOT CHECKED,False,NOT CHECKED,NONE,0,,False,27.2,WATCHLIST,NOT CHECKED,,,,,,,,,False,,,False,,,,False,,,,False,NONE,False,False,0,,,,NOT CHECKED,NO LIVE SIGNAL,27.2,False
FCX,68.86,REJECT,REJECT,"rising EMA50, near EMA50 support, volume contraction, low-volume pullback",32,42,55,NO TRADE,WEAK,32.0,price<EMA20; EMA20>EMA50; EMA20 falling,2.73,25.0,0.24,7.64,0,False,4.55,1093740158.0,72.14,69.47,61.77,65.71,80.24,55.86,80.24,50.56,80.24,80.49,RESISTANCE_BREAKOUT,BREAKOUT,0.31,,,0,,,0,False,False,75.66,ATR_FALLBACK,75.79,5.84,6.0,67.01,67.01,84.52,86.93,88.54,1.33,,,False,5.0,86.93,8.0,1.33,False,2.5,16.53,0.0,14695797.0,1107839131.0,3.56,True,True,"Freeport-McMoRan, Inc. Common Stock",0,26.8,UNCLASSIFIED,,0.0,NONE,0.0,0.0,NONE,,True,0,NOT CHECKED,NONE,NEUTRAL,,,,NOT CHECKED,False,NOT CHECKED,NONE,0,,False,26.8,NO TRADE,NOT CHECKED,,,,,,,,,False,,,False,,,,False,,,,False,NONE,False,False,0,,,,NOT CHECKED,NO LIVE SIGNAL,26.8,False
CNX,35.57,REJECT,REJECT,"rising EMA50, near EMA50 support, near EMA200 pivot",32,42,55,NO TRADE,WEAK,32.0,price<EMA20; EMA20>EMA50; EMA20 falling,2.68,45.0,0.46,3.24,0,False,2.48,49405723.0,36.25,35.69,35.58,35.17,38.17,31.52,38.17,31.52,43.62,38.24,RESISTANCE_BREAKOUT,BREAKOUT,0.19,,,0,,,0,False,False,36.09,EMA20,36.25,5.2,5.62,35.28,35.28,40.15,41.3,42.06,1.42,43.62,14.07,True,5.0,41.3,8.0,1.42,False,2.5,7.31,0.0,1353875.0,47932943.0,2.32,True,True,CNX Resources Corporation Common Stock,0,26.8,UNCLASSIFIED,,0.0,NONE,0.0,0.0,NONE,,True,0,NOT CHECKED,NONE,NEUTRAL,,,,NOT CHECKED,False,NOT CHECKED,NONE,0,,False,26.8,NO TRADE,NOT CHECKED,,,,,,,,,False,,,False,,,,False,,,,False,NONE,False,False,0,,,,NOT CHECKED,NO LIVE SIGNAL,26.8,False
WAY,26.98,FORMING,CONFIRMED,"20/50 uptrend, rising EMA50, 20d volume expansion, fresh breakout, runway 3.4% < 5.0%",34,34,55,WATCHLIST,WEAK,32.0,price<EMA20; EMA20>EMA50; EMA20 falling,11.35,63.9,1.66,8.35,0,False,4.44,54004416.0,24.77,23.88,25.58,22.95,26.87,17.26,26.87,17.26,27.91,26.98,CONFIRMED_MARKET,BREAKOUT,0.0,,,0,,,0,False,False,25.36,ATR_FALLBACK,25.18,6.67,6.0,22.95,22.95,28.33,29.14,29.68,1.33,27.91,3.45,False,5.0,27.91,3.45,0.57,False,2.5,-0.41,0.41,2153250.0,47642531.0,4.16,True,True,Waystar Holding Corp. - Common Stock,3,26.3,UNCLASSIFIED,,0.0,NONE,0.0,0.0,NONE,,True,0,NOT CHECKED,NONE,NEUTRAL,,,,NOT CHECKED,False,NOT CHECKED,NONE,0,,False,26.3,WATCHLIST,NOT CHECKED,,,,,,,,,False,,,False,,,,False,,,,False,NONE,False,False,0,,,,NOT CHECKED,NO LIVE SIGNAL,26.3,False
ROST,227.24,REJECT,REJECT,"near EMA50 support, tight range, volume contraction, low-volume pullback",34,40,40,NO TRADE,WEAK,32.0,price<EMA20; EMA20>EMA50; EMA20 falling,-1.21,28.0,0.24,4.39,0,False,2.19,604684761.0,231.86,233.22,213.47,222.73,243.39,205.52,256.5,192.91,256.5,243.79,RESISTANCE_BREAKOUT,BREAKOUT,0.16,,,0,,,0,False,False,232.32,EMA50,233.22,4.34,4.7,222.73,222.73,255.98,263.29,268.17,1.7,256.5,5.22,True,5.0,256.5,5.22,1.11,False,2.5,7.56,0.0,2600699.0,543114363.0,2.31,True,True,"Ross Stores, Inc. - Common Stock",0,26.2,UNCLASSIFIED,,0.0,NONE,0.0,0.0,NONE,,True,0,NOT CHECKED,NONE,NEUTRAL,,,,NOT CHECKED,False,NOT CHECKED,NONE,0,,False,26.2,NO TRADE,NOT CHECKED,,,,,,,,,False,,,False,,,,False,,,,False,NONE,False,False,0,,,,NOT CHECKED,NO LIVE SIGNAL,26.2,False
LLY,1142.67,REJECT,REJECT,"near EMA50 support, tight range, volume contraction, low-volume pullback",34,40,40,NO TRADE,WEAK,32.0,price<EMA20; EMA20>EMA50; EMA20 falling,-1.4,20.1,0.34,4.86,0,False,2.4,2855550540.0,1159.98,1162.14,1058.18,1113.29,1292.65,1077.68,1292.65,847.83,1292.65,1294.84,RESISTANCE_BREAKOUT,BREAKOUT,0.17,,,0,,,0,False,False,1248.8,ATR_FALLBACK,1253.73,3.18,3.56,1113.29,1113.29,1359.58,1398.43,1424.33,2.25,,,False,5.0,1398.43,8.0,2.25,False,2.5,13.13,0.0,2408270.0,2857622826.0,2.43,True,True,Eli Lilly and Company Common Stock,0,26.1,UNCLASSIFIED,,0.0,NONE,0.0,0.0,NONE,,True,0,NOT CHECKED,NONE,NEUTRAL,,,,NOT CHECKED,False,NOT CHECKED,NONE,0,,False,26.1,NO TRADE,NOT CHECKED,,,,,,,,,False,,,False,,,,False,,,,False,NONE,False,False,0,,,,NOT CHECKED,NO LIVE SIGNAL,26.1,False
KHC,24.63,REJECT,REJECT,"rising EMA50, near EMA50 support",30,40,40,NO TRADE,WEAK,32.0,price<EMA20; EMA20>EMA50; EMA20 falling,0.12,42.4,0.38,3.47,0,False,2.68,537578795.0,24.9,24.73,23.75,23.87,26.02,21.66,27.65,20.34,27.65,26.08,RESISTANCE_BREAKOUT,BREAKOUT,0.2,,,0,,,0,False,False,24.78,EMA20,24.9,4.51,4.96,24.15,24.15,27.38,28.16,28.68,1.61,27.65,6.03,True,5.0,27.65,6.03,1.21,False,2.5,5.66,0.0,21645155.0,440160973.0,2.45,True,True,The Kraft Heinz Company Common Stock,0,26.1,UNCLASSIFIED,,0.0,NONE,0.0,0.0,NONE,,True,0,NOT CHECKED,NONE,NEUTRAL,,,,NOT CHECKED,False,NOT CHECKED,NONE,0,,False,26.1,NO TRADE,NOT CHECKED,,,,,,,,,False,,,False,,,,False,,,,False,NONE,False,False,0,,,,NOT CHECKED,NO LIVE SIGNAL,26.1,False
TECK,64.16,REJECT,REJECT,"rising EMA50, near EMA50 support, volume contraction, low-volume pullback",32,42,55,NO TRADE,WEAK,32.0,price<EMA20; EMA20>EMA50; EMA20 falling,0.98,30.3,0.34,7.54,0,False,3.82,209528129.0,67.17,65.14,58.05,62.82,72.56,53.64,72.56,44.49,71.93,72.76,RESISTANCE_BREAKOUT,BREAKOUT,0.27,,,0,,,0,False,False,68.64,ATR_FALLBACK,69.08,5.05,5.66,63.21,63.21,76.39,78.58,80.03,1.41,,,False,5.0,78.58,8.0,1.41,False,2.5,13.09,0.0,3056343.0,201451768.0,2.73,True,True,Teck Resources Ltd Ordinary Shares,0,25.9,UNCLASSIFIED,,0.0,NONE,0.0,0.0,NONE,,True,0,NOT CHECKED,NONE,NEUTRAL,,,,NOT CHECKED,False,NOT CHECKED,NONE,0,,False,25.9,NO TRADE,NOT CHECKED,,,,,,,,,False,,,False,,,,False,,,,False,NONE,False,False,0,,,,NOT CHECKED,NO LIVE SIGNAL,25.9,False
BFLY,7.93,REJECT,REJECT,"20/50 uptrend, near EMA50 support, volume contraction",38,44,35,NO TRADE,WEAK,32.0,price<EMA20; EMA20>EMA50; EMA20 falling,-10.06,35.9,1.02,9.85,0,False,6.31,34798213.0,7.91,7.77,5.68,7.06,9.69,6.35,10.05,3.45,10.05,9.73,RESISTANCE_BREAKOUT,BREAKOUT,0.41,,,0,,,0,False,False,9.15,ATR_FALLBACK,8.98,7.71,6.0,7.06,7.06,10.22,10.51,10.7,1.33,10.05,3.3,False,5.0,10.05,3.3,0.55,False,2.5,22.18,0.0,4213714.0,34426424.0,6.52,True,True,"Butterfly Network, Inc. Class A Common Stock",0,25.9,UNCLASSIFIED,,0.0,NONE,0.0,0.0,NONE,,True,0,NOT CHECKED,NONE,NEUTRAL,,,,NOT CHECKED,False,NOT CHECKED,NONE,0,,False,25.9,NO TRADE,NOT CHECKED,,,,,,,,,False,,,False,,,,False,,,,False,NONE,False,False,0,,,,NOT CHECKED,NO LIVE SIGNAL,25.9,False
XYZ,79.11,REJECT,REJECT,"rising EMA50, near EMA50 support, volume contraction, low-volume pullback",32,42,55,NO TRADE,WEAK,32.0,price<EMA20; EMA20>EMA50; EMA20 falling,0.67,40.8,0.34,6.14,0,False,3.55,310867928.0,80.64,79.58,73.43,76.96,86.92,71.5,86.92,55.86,86.92,87.14,RESISTANCE_BREAKOUT,BREAKOUT,0.26,,,0,,,0,False,False,82.42,ATR_FALLBACK,82.93,4.84,5.42,77.7,76.96,91.5,94.12,95.86,1.48,,,False,5.0,94.12,8.0,1.48,False,2.5,9.87,0.0,3820648.0,274303271.0,3.17,True,True,"Block, Inc. Class A Common Stock,",0,25.8,UNCLASSIFIED,,0.0,NONE,0.0,0.0,NONE,,True,0,NOT CHECKED,NONE,NEUTRAL,,,,NOT CHECKED,False,NOT CHECKED,NONE,0,,False,25.8,NO TRADE,NOT CHECKED,,,,,,,,,False,,,False,,,,False,,,,False,NONE,False,False,0,,,,NOT CHECKED,NO LIVE SIGNAL,25.8,False
TRU,77.47,REJECT,REJECT,"rising EMA50, near EMA50 support, near EMA200 pivot",32,42,55,NO TRADE,WEAK,32.0,price<EMA20; EMA20>EMA50; EMA20 falling,0.61,29.8,0.31,5.12,0,False,3.7,157463633.0,80.32,79.15,77.48,75.18,86.4,63.28,86.4,63.28,86.37,86.63,RESISTANCE_BREAKOUT,BREAKOUT,0.27,,,0,,,0,False,False,81.81,ATR_FALLBACK,82.33,4.96,5.56,75.86,75.18,90.96,93.56,95.29,1.44,,,False,5.0,93.56,8.0,1.44,False,2.5,11.53,0.0,1931416.0,151111914.0,2.96,True,True,TransUnion Common Stock,0,25.8,UNCLASSIFIED,,0.0,NONE,0.0,0.0,NONE,,True,0,NOT CHECKED,NONE,NEUTRAL,,,,NOT CHECKED,False,NOT CHECKED,NONE,0,,False,25.8,NO TRADE,NOT CHECKED,,,,,,,,,False,,,False,,,,False,,,,False,NONE,False,False,0,,,,NOT CHECKED,NO LIVE SIGNAL,25.8,False
CGAU,21.72,REJECT,REJECT,"above EMA50, rising EMA50, volume contraction, low-volume pullback",28,38,35,NO TRADE,WEAK,32.0,price<EMA20; EMA20>EMA50; EMA20 falling,1.32,32.5,0.36,7.22,0,False,3.94,33144364.0,22.25,20.64,17.36,21.06,24.52,14.77,24.52,14.66,24.52,24.59,RESISTANCE_BREAKOUT,BREAKOUT,0.28,,,0,,,0,False,False,23.15,ATR_FALLBACK,23.31,5.22,5.84,21.49,21.49,25.82,26.56,27.05,1.37,,,False,5.0,26.56,8.0,1.37,False,2.5,12.92,0.0,1441344.0,32179805.0,3.45,True,True,Centerra Gold Inc. Common Shares,0,25.7,UNCLASSIFIED,,0.0,NONE,0.0,0.0,NONE,,True,0,NOT CHECKED,NONE,NEUTRAL,,,,NOT CHECKED,False,NOT CHECKED,NONE,0,,False,25.7,NO TRADE,NOT CHECKED,,,,,,,,,False,,,False,,,,False,,,,False,NONE,False,False,0,,,,NOT CHECKED,NO LIVE SIGNAL,25.7,False
ACM,65.02,REJECT,REJECT,"volume contraction, low-volume pullback",18,38,40,NO TRADE,WEAK,32.0,price<EMA20; EMA20>EMA50; EMA20 falling,6.53,57.0,0.2,5.38,0,False,3.47,140065833.0,65.65,67.68,82.46,61.65,70.5,60.35,76.85,60.35,97.01,70.68,RESISTANCE_BREAKOUT,BREAKOUT,0.26,,,0,,,0,False,False,67.27,EMA50,67.68,4.24,4.82,62.47,62.47,74.21,76.34,77.75,1.66,76.85,8.73,True,5.0,76.34,8.0,1.66,False,2.5,8.43,0.0,2122433.0,115082120.0,3.36,True,True,AECOM Common Stock,0,25.6,UNCLASSIFIED,,0.0,NONE,0.0,0.0,NONE,,True,0,NOT CHECKED,NONE,NEUTRAL,,,,NOT CHECKED,False,NOT CHECKED,NONE,0,,False,25.6,NO TRADE,NOT CHECKED,,,,,,,,,False,,,False,,,,False,,,,False,NONE,False,False,0,,,,NOT CHECKED,NO LIVE SIGNAL,25.6,False
TVTX,61.97,REJECT,REJECT,"above EMA50, rising EMA50, near EMA50 support",32,38,35,NO TRADE,WEAK,32.0,price<EMA20; EMA20>EMA50; EMA20 falling,-0.42,33.0,0.78,12.03,1,True,4.02,79046986.0,64.91,61.27,46.8,62.5,68.73,53.0,68.73,26.15,67.85,68.93,RESISTANCE_BREAKOUT,BREAKOUT,0.29,,,0,,,0,False,False,64.79,EMA20,64.91,5.83,6.0,63.48,63.48,72.38,74.44,75.82,1.33,,,False,5.0,74.44,8.0,1.33,False,2.5,10.9,0.0,1197960.0,73588531.0,3.48,True,True,"Travere Therapeutics, Inc. - Common Stock",0,25.6,UNCLASSIFIED,,0.0,NONE,0.0,0.0,NONE,,True,0,NOT CHECKED,NONE,NEUTRAL,,,,NOT CHECKED,False,NOT CHECKED,NONE,0,,False,25.6,NO TRADE,NOT CHECKED,,,,,,,,,False,,,False,,,,False,,,,False,NONE,False,False,0,,,,NOT CHECKED,NO LIVE SIGNAL,25.6,True
KMI,30.86,REJECT,REJECT,"near EMA50 support, near EMA200 pivot, tight range",34,40,40,NO TRADE,WEAK,32.0,price<EMA20; EMA20>EMA50; EMA20 falling,-2.5,49.2,0.35,3.49,0,False,2.45,354480996.0,31.45,31.63,30.69,30.51,33.06,30.51,33.06,30.17,34.49,33.12,RESISTANCE_BREAKOUT,BREAKOUT,0.18,,,0,,,0,False,False,31.49,EMA50,31.63,4.51,4.92,30.63,30.63,34.78,35.77,36.43,1.63,34.49,4.13,False,5.0,34.49,4.13,0.84,False,2.5,7.11,0.0,11221460.0,363479858.0,2.5,True,True,"Kinder Morgan, Inc. Common Stock",0,25.5,UNCLASSIFIED,,0.0,NONE,0.0,0.0,NONE,,True,0,NOT CHECKED,NONE,NEUTRAL,,,,NOT CHECKED,False,NOT CHECKED,NONE,0,,False,25.5,NO TRADE,NOT CHECKED,,,,,,,,,False,,,False,,,,False,,,,False,NONE,False,False,0,,,,NOT CHECKED,NO LIVE SIGNAL,25.5,False
CVNA,67.38,REJECT,REJECT,"rising EMA50, near EMA200 pivot, volume contraction, low-volume pullback",36,42,55,NO TRADE,WEAK,32.0,price<EMA20; EMA20>EMA50; EMA20 falling,-1.85,27.5,0.35,8.37,0,False,4.54,527224321.0,71.46,70.37,71.0,64.76,76.8,56.12,76.8,54.46,83.91,77.04,RESISTANCE_BREAKOUT,BREAKOUT,0.32,,,0,,,0,False,False,72.42,ATR_FALLBACK,72.46,5.95,6.0,68.84,68.84,80.9,83.21,84.75,1.33,83.91,8.92,True,5.0,83.21,8.0,1.33,False,2.5,13.99,0.0,7378406.0,440164571.0,4.43,True,True,Carvana Co. Class A Common Stock,0,25.3,UNCLASSIFIED,,0.0,NONE,0.0,0.0,NONE,,True,0,NOT CHECKED,NONE,NEUTRAL,,,,NOT CHECKED,False,NOT CHECKED,NONE,0,,False,25.3,NO TRADE,NOT CHECKED,,,,,,,,,False,,,False,,,,False,,,,False,NONE,False,False,0,,,,NOT CHECKED,NO LIVE SIGNAL,25.3,False
LDOS,131.08,REJECT,REJECT,"above EMA50, rising EMA50, near EMA50 support",32,38,20,NO TRADE,WEAK,32.0,price<EMA20; EMA20>EMA50; EMA20 falling,-5.83,43.8,0.35,10.01,1,True,3.12,149688231.0,133.06,129.97,144.53,126.76,147.33,98.86,147.33,98.86,180.05,147.66,RESISTANCE_BREAKOUT,BREAKOUT,0.22,,,0,,,0,False,False,140.78,ATR_FALLBACK,141.52,4.16,4.66,126.76,126.76,155.04,159.47,162.42,1.72,180.05,21.94,True,5.0,159.47,8.0,1.72,False,2.5,12.4,0.0,1100708.0,154875832.0,2.96,True,True,"Leidos Holdings, Inc. Common Stock",0,25.2,UNCLASSIFIED,,0.0,NONE,0.0,0.0,NONE,,True,0,NOT CHECKED,NONE,NEUTRAL,,,,NOT CHECKED,False,NOT CHECKED,NONE,0,,False,25.2,NO TRADE,NOT CHECKED,,,,,,,,,False,,,False,,,,False,,,,False,NONE,False,False,0,,,,NOT CHECKED,NO LIVE SIGNAL,25.2,True
WT,22.22,REJECT,REJECT,"above EMA50, rising EMA50, near EMA50 support",32,38,35,NO TRADE,WEAK,32.0,price<EMA20; EMA20>EMA50; EMA20 falling,-1.74,37.4,1.12,6.67,0,False,5.09,59591331.0,23.48,22.1,18.3,22.51,25.91,16.62,25.91,13.16,25.89,26.0,RESISTANCE_BREAKOUT,BREAKOUT,0.35,,,0,,,0,False,False,24.44,ATR_FALLBACK,24.3,6.53,6.0,22.71,22.71,27.3,28.08,28.6,1.33,,,False,5.0,28.08,8.0,1.33,False,2.5,16.61,0.0,2492589.0,59777636.0,4.08,True,True,"WisdomTree, Inc. Common Stock",0,25.0,UNCLASSIFIED,,0.0,NONE,0.0,0.0,NONE,,True,0,NOT CHECKED,NONE,NEUTRAL,,,,NOT CHECKED,False,NOT CHECKED,NONE,0,,False,25.0,NO TRADE,NOT CHECKED,,,,,,,,,False,,,False,,,,False,,,,False,NONE,False,False,0,,,,NOT CHECKED,NO LIVE SIGNAL,25.0,False
IBKR,88.62,REJECT,REJECT,"near EMA50 support, tight range, volume contraction, low-volume pullback",34,40,40,NO TRADE,WEAK,32.0,price<EMA20; EMA20>EMA50; EMA20 falling,-3.94,30.2,0.46,5.52,0,False,3.26,334682123.0,91.56,91.02,81.98,88.53,98.66,85.29,98.66,62.9,98.66,98.89,RESISTANCE_BREAKOUT,BREAKOUT,0.23,,,0,,,0,False,False,94.04,ATR_FALLBACK,94.56,4.38,4.91,88.74,88.53,103.84,106.8,108.78,1.63,,,False,5.0,106.8,8.0,1.63,False,2.5,11.33,0.0,3608224.0,303562393.0,2.99,True,True,"Interactive Brokers Group, Inc. - Class A Common Stock",0,24.8,UNCLASSIFIED,,0.0,NONE,0.0,0.0,NONE,,True,0,NOT CHECKED,NONE,NEUTRAL,,,,NOT CHECKED,False,NOT CHECKED,NONE,0,,False,24.8,NO TRADE,NOT CHECKED,,,,,,,,,False,,,False,,,,False,,,,False,NONE,False,False,0,,,,NOT CHECKED,NO LIVE SIGNAL,24.8,False
AG,18.46,REJECT,REJECT,"rising EMA50, near EMA200 pivot, volume contraction, low-volume pullback",36,42,55,NO TRADE,WEAK,32.0,price<EMA20; EMA20>EMA50; EMA20 falling,-3.65,33.0,0.3,12.82,1,True,5.51,195780853.0,19.91,19.22,18.42,18.43,22.19,14.1,22.19,14.1,31.7,22.27,RESISTANCE_BREAKOUT,BREAKOUT,0.37,,,0,,,0,False,False,20.94,ATR_FALLBACK,20.75,6.85,6.0,18.43,18.43,23.38,24.05,24.5,1.33,31.7,42.32,True,5.0,24.05,8.0,1.33,False,2.5,20.21,0.0,9502141.0,183881515.0,4.48,True,True,First Majestic Silver Corp. Ordinary Shares (Canada),0,24.4,UNCLASSIFIED,,0.0,NONE,0.0,0.0,NONE,,True,0,NOT CHECKED,NONE,NEUTRAL,,,,NOT CHECKED,False,NOT CHECKED,NONE,0,,False,24.4,NO TRADE,NOT CHECKED,,,,,,,,,False,,,False,,,,False,,,,False,NONE,False,False,0,,,,NOT CHECKED,NO LIVE SIGNAL,24.4,True
CAG,14.94,REJECT,REJECT,"rising EMA50, near EMA50 support, near EMA200 pivot",32,38,40,NO TRADE,WEAK,32.0,price<EMA20; EMA20>EMA50; EMA20 falling,-1.87,22.9,0.47,4.51,0,False,2.68,156341026.0,15.35,15.1,15.27,14.31,16.74,12.68,16.74,12.39,18.79,16.77,RESISTANCE_BREAKOUT,BREAKOUT,0.19,,,0,,,0,False,False,16.1,ATR_FALLBACK,16.17,3.58,4.01,14.31,14.31,17.61,18.11,18.45,1.99,18.79,12.01,True,5.0,18.11,8.0,1.99,False,2.5,12.09,0.0,9948222.0,153167599.0,2.54,True,True,"ConAgra Brands, Inc. Common Stock",0,24.2,UNCLASSIFIED,,0.0,NONE,0.0,0.0,NONE,,True,0,NOT CHECKED,NONE,NEUTRAL,,,,NOT CHECKED,False,NOT CHECKED,NONE,0,,False,24.2,NO TRADE,NOT CHECKED,,,,,,,,,False,,,False,,,,False,,,,False,NONE,False,False,0,,,,NOT CHECKED,NO LIVE SIGNAL,24.2,False
STNE,9.85,REJECT,REJECT,"volume contraction, low-volume pullback",18,38,55,NO TRADE,WEAK,32.0,price<EMA20; EMA20>EMA50; EMA20 falling,8.23,51.2,0.24,7.35,0,False,4.24,60308584.0,9.99,10.28,11.63,9.08,10.8,9.08,11.55,9.08,14.32,10.83,RESISTANCE_BREAKOUT,BREAKOUT,0.31,,,0,,,0,False,False,10.21,EMA50,10.28,5.06,5.76,9.65,9.53,11.38,11.7,11.92,1.39,11.55,6.61,True,5.0,11.55,6.61,1.15,False,2.5,9.7,0.0,6169276.0,44769030.0,4.1,True,True,StoneCo Ltd. - Class A Common Share,0,24.2,UNCLASSIFIED,,0.0,NONE,0.0,0.0,NONE,,True,0,NOT CHECKED,NONE,NEUTRAL,,,,NOT CHECKED,False,NOT CHECKED,NONE,0,,False,24.2,NO TRADE,NOT CHECKED,,,,,,,,,False,,,False,,,,False,,,,False,NONE,False,False,0,,,,NOT CHECKED,NO LIVE SIGNAL,24.2,False
EXK,9.51,REJECT,REJECT,"rising EMA50, near EMA200 pivot, volume contraction, low-volume pullback",36,42,55,NO TRADE,WEAK,32.0,price<EMA20; EMA20>EMA50; EMA20 falling,-4.24,33.9,0.37,13.77,1,True,6.1,96487914.0,10.39,9.85,9.33,9.45,11.65,7.18,11.65,7.18,13.79,11.7,RESISTANCE_BREAKOUT,BREAKOUT,0.4,,,0,,,0,False,False,10.99,ATR_FALLBACK,10.83,7.44,6.0,9.45,9.45,12.28,12.63,12.87,1.33,13.79,17.9,True,5.0,12.63,8.0,1.33,False,2.5,22.57,0.0,8972514.0,95891232.0,5.29,True,True,Endeavour Silver Corporation Ordinary Shares (Canada),0,24.1,UNCLASSIFIED,,0.0,NONE,0.0,0.0,NONE,,True,0,NOT CHECKED,NONE,NEUTRAL,,,,NOT CHECKED,False,NOT CHECKED,NONE,0,,False,24.1,NO TRADE,NOT CHECKED,,,,,,,,,False,,,False,,,,False,,,,False,NONE,False,False,0,,,,NOT CHECKED,NO LIVE SIGNAL,24.1,True
HPE,55.74,REJECT,REJECT,"20/50 uptrend, rising EMA50",26,38,35,NO TRADE,WEAK,32.0,price<EMA20; EMA20>EMA50; EMA20 falling,-1.21,53.1,0.47,12.44,1,True,6.78,1336091323.0,54.83,51.66,38.78,45.7,62.15,40.72,63.44,20.41,64.06,62.45,RESISTANCE_BREAKOUT,BREAKOUT,0.49,,,0,,,0,False,False,58.71,ATR_FALLBACK,56.79,9.07,6.0,51.8,45.7,65.57,67.45,68.7,1.33,63.44,1.58,False,5.0,63.44,1.58,0.26,False,2.5,11.49,0.0,24456832.0,1034003662.0,5.51,True,True,Hewlett Packard Enterprise Company Common Stock,0,24.0,UNCLASSIFIED,,0.0,NONE,0.0,0.0,NONE,,True,0,NOT CHECKED,NONE,NEUTRAL,,,,NOT CHECKED,False,NOT CHECKED,NONE,0,,False,24.0,NO TRADE,NOT CHECKED,,,,,,,,,False,,,False,,,,False,,,,False,NONE,False,False,0,,,,NOT CHECKED,NO LIVE SIGNAL,24.0,True
FTI,75.12,REJECT,REJECT,"above EMA50, rising EMA50, near EMA50 support",32,38,35,NO TRADE,WEAK,32.0,price<EMA20; EMA20>EMA50; EMA20 falling,-3.79,49.8,0.54,6.48,0,False,3.25,189714694.0,76.36,74.62,65.59,72.77,80.7,63.5,80.7,60.43,80.55,80.9,RESISTANCE_BREAKOUT,BREAKOUT,0.24,,,0,,,0,False,False,76.04,EMA20,76.36,5.61,6.0,72.77,72.77,84.94,87.37,88.98,1.33,,,False,5.0,87.37,8.0,1.33,False,2.5,7.43,0.0,2458777.0,192802554.0,3.04,True,True,TechnipFMC plc Ordinary Share,0,24.0,UNCLASSIFIED,,0.0,NONE,0.0,0.0,NONE,,True,0,NOT CHECKED,NONE,NEUTRAL,,,,NOT CHECKED,False,NOT CHECKED,NONE,0,,False,24.0,NO TRADE,NOT CHECKED,,,,,,,,,False,,,False,,,,False,,,,False,NONE,False,False,0,,,,NOT CHECKED,NO LIVE SIGNAL,24.0,False
NYT,72.88,REJECT,REJECT,none,8,32,35,NO TRADE,WEAK,32.0,price<EMA20; EMA20>EMA50; EMA20 falling,13.68,69.1,0.47,5.17,0,False,2.3,122394535.0,68.18,69.44,70.75,64.78,70.5,63.05,78.04,63.05,86.83,72.88,RESISTANCE_BREAKOUT,BREAKOUT,3.37,,,0,,,0,False,False,69.14,EMA50,69.44,4.71,5.12,65.73,65.73,76.52,78.7,80.16,1.56,78.04,7.09,True,5.0,78.04,7.09,1.38,False,2.5,-3.26,3.37,1814681.0,118064303.0,2.3,True,True,New York Times Company (The) Common Stock,0,24.0,UNCLASSIFIED,,0.0,NONE,0.0,0.0,NONE,,True,0,NOT CHECKED,NONE,NEUTRAL,,,,NOT CHECKED,False,NOT CHECKED,NONE,0,,False,24.0,NO TRADE,NOT CHECKED,,,,,,,,,False,,,False,,,,False,,,,False,NONE,False,False,0,,,,NOT CHECKED,NO LIVE SIGNAL,24.0,False
OTF,10.64,REJECT,REJECT,"rising EMA50, near EMA50 support, volume contraction, low-volume pullback",32,38,40,NO TRADE,WEAK,32.0,price<EMA20; EMA20>EMA50; EMA20 falling,-2.42,35.3,0.48,8.73,0,False,2.62,26039023.0,11.01,10.9,11.29,10.58,11.78,9.75,11.82,9.75,12.06,11.8,RESISTANCE_BREAKOUT,BREAKOUT,0.19,,,0,,,0,False,False,11.33,ATR_FALLBACK,11.38,3.54,3.96,10.58,10.58,12.39,12.75,12.98,2.02,11.82,0.15,False,5.0,11.82,0.15,0.04,False,2.5,10.77,0.0,2331250.0,26202082.0,2.41,True,True,Blue Owl Technology Finance Corp. Common Stock,0,23.9,UNCLASSIFIED,,0.0,NONE,0.0,0.0,NONE,,True,0,NOT CHECKED,NONE,NEUTRAL,,,,NOT CHECKED,False,NOT CHECKED,NONE,0,,False,23.9,NO TRADE,NOT CHECKED,,,,,,,,,False,,,False,,,,False,,,,False,NONE,False,False,0,,,,NOT CHECKED,NO LIVE SIGNAL,23.9,False
AYA,26.27,REJECT,REJECT,"above EMA50, rising EMA50",26,36,35,NO TRADE,WEAK,32.0,price<EMA20; EMA20>EMA50; EMA20 falling,0.53,44.7,0.37,12.59,1,True,6.95,33030627.0,27.4,25.04,19.59,24.95,30.4,16.76,30.4,12.2,30.24,30.55,RESISTANCE_BREAKOUT,BREAKOUT,0.48,,,0,,,0,False,False,28.71,ATR_FALLBACK,27.81,8.97,6.0,25.47,25.47,32.07,32.99,33.6,1.33,,,False,5.0,32.99,8.0,1.33,False,2.5,15.72,0.0,1188854.0,29359665.0,5.42,True,True,Aya Gold & Silver Inc. - Common Shares,0,23.6,UNCLASSIFIED,,0.0,NONE,0.0,0.0,NONE,,True,0,NOT CHECKED,NONE,NEUTRAL,,,,NOT CHECKED,False,NOT CHECKED,NONE,0,,False,23.6,NO TRADE,NOT CHECKED,,,,,,,,,False,,,False,,,,False,,,,False,NONE,False,False,0,,,,NOT CHECKED,NO LIVE SIGNAL,23.6,True
P,97.27,REJECT,REJECT,"above EMA50, rising EMA50, tight range, volume contraction, low-volume pullback",38,44,35,NO TRADE,WEAK,32.0,price<EMA20; EMA20>EMA50; EMA20 falling,-14.83,44.7,0.42,11.64,1,True,6.18,311613221.0,97.64,92.46,81.82,89.64,119.1,65.75,119.1,56.78,119.1,119.58,RESISTANCE_BREAKOUT,BREAKOUT,0.4,,,0,,,0,False,False,112.41,ATR_FALLBACK,110.56,7.54,6.0,92.27,89.64,125.56,129.15,131.54,1.33,,,False,5.0,129.15,8.0,1.33,False,2.5,22.44,0.0,3081197.0,271288588.0,5.52,True,True,"Everpure, Inc. Class A common stock",0,23.5,UNCLASSIFIED,,0.0,NONE,0.0,0.0,NONE,,True,0,NOT CHECKED,NONE,NEUTRAL,,,,NOT CHECKED,False,NOT CHECKED,NONE,0,,False,23.5,NO TRADE,NOT CHECKED,,,,,,,,,False,,,False,,,,False,,,,False,NONE,False,False,0,,,,NOT CHECKED,NO LIVE SIGNAL,23.5,True
CLSK,12.52,REJECT,REJECT,"near EMA200 pivot, volume contraction, low-volume pullback",28,38,55,NO TRADE,WEAK,32.0,price<EMA20; EMA20>EMA50; EMA20 falling,2.95,48.6,0.44,11.03,1,True,7.16,221346646.0,12.66,13.0,12.91,10.77,14.03,10.77,19.05,8.0,19.17,14.1,RESISTANCE_BREAKOUT,BREAKOUT,0.51,,,0,,,0,False,False,13.26,ATR_FALLBACK,12.76,9.53,6.0,12.53,10.77,14.81,15.23,15.51,1.33,19.05,35.09,True,5.0,15.23,8.0,1.33,False,2.5,12.11,0.0,17803817.0,228431276.0,7.12,True,True,"CleanSpark, Inc. - Common Stock",0,23.5,UNCLASSIFIED,,0.0,NONE,0.0,0.0,NONE,,True,0,NOT CHECKED,NONE,NEUTRAL,,,,NOT CHECKED,False,NOT CHECKED,NONE,0,,False,23.5,NO TRADE,NOT CHECKED,,,,,,,,,False,,,False,,,,False,,,,False,NONE,False,False,0,,,,NOT CHECKED,NO LIVE SIGNAL,23.5,True
FIGS,13.24,REJECT,REJECT,"above EMA50, rising EMA50, near EMA50 support",32,38,35,NO TRADE,WEAK,32.0,price<EMA20; EMA20>EMA50; EMA20 falling,-5.48,37.2,0.21,26.87,1,True,4.94,35061526.0,13.93,13.23,12.06,12.6,15.74,9.17,16.38,9.17,17.48,15.79,RESISTANCE_BREAKOUT,BREAKOUT,0.33,,,0,,,0,False,False,14.84,ATR_FALLBACK,14.81,6.21,6.0,12.6,12.6,16.58,17.05,17.37,1.33,16.38,3.74,False,5.0,16.38,3.74,0.62,False,2.5,18.81,0.0,2443773.0,34592938.0,4.28,True,True,"FIGS, Inc. Class A Common Stock",0,23.1,UNCLASSIFIED,,0.0,NONE,0.0,0.0,NONE,,True,0,NOT CHECKED,NONE,NEUTRAL,,,,NOT CHECKED,False,NOT CHECKED,NONE,0,,False,23.1,NO TRADE,NOT CHECKED,,,,,,,,,False,,,False,,,,False,,,,False,NONE,False,False,0,,,,NOT CHECKED,NO LIVE SIGNAL,23.1,True
SN,168.49,REJECT,REJECT,"above EMA50, rising EMA50, near EMA50 support",32,38,35,NO TRADE,WEAK,32.0,price<EMA20; EMA20>EMA50; EMA20 falling,-6.21,36.7,0.55,8.28,0,False,4.4,274449244.0,173.97,167.29,138.01,157.01,194.54,134.4,194.54,96.86,194.54,195.13,RESISTANCE_BREAKOUT,BREAKOUT,0.3,,,0,,,0,False,False,183.42,ATR_FALLBACK,184.02,5.7,6.0,157.01,157.01,204.89,210.74,214.65,1.33,,,False,5.0,210.74,8.0,1.33,False,2.5,15.46,0.0,1551034.0,262971565.0,3.6,True,True,"SharkNinja, Inc. Ordinary Shares",0,22.7,UNCLASSIFIED,,0.0,NONE,0.0,0.0,NONE,,True,0,NOT CHECKED,NONE,NEUTRAL,,,,NOT CHECKED,False,NOT CHECKED,NONE,0,,False,22.7,NO TRADE,NOT CHECKED,,,,,,,,,False,,,False,,,,False,,,,False,NONE,False,False,0,,,,NOT CHECKED,NO LIVE SIGNAL,22.7,False
AHR,53.26,REJECT,REJECT,"rising EMA50, near EMA50 support, tight range",32,38,55,NO TRADE,WEAK,32.0,price<EMA20; EMA20>EMA50; EMA20 falling,-0.58,23.8,0.63,3.71,0,False,2.13,133542177.0,54.74,54.36,50.69,53.39,57.46,46.08,58.7,44.59,58.7,57.55,RESISTANCE_BREAKOUT,BREAKOUT,0.16,,,0,,,0,False,False,54.53,EMA20,54.74,4.89,5.24,53.39,53.39,60.43,62.15,63.31,1.53,58.7,2.0,False,5.0,58.7,2.0,0.38,False,2.5,7.9,0.0,2410675.0,127070790.0,2.03,True,True,"American Healthcare REIT, Inc. Common Stock",0,22.6,UNCLASSIFIED,,0.0,NONE,0.0,0.0,NONE,,True,0,NOT CHECKED,NONE,NEUTRAL,,,,NOT CHECKED,False,NOT CHECKED,NONE,0,,False,22.6,NO TRADE,NOT CHECKED,,,,,,,,,False,,,False,,,,False,,,,False,NONE,False,False,0,,,,NOT CHECKED,NO LIVE SIGNAL,22.6,False
APP,330.98,REJECT,REJECT,compressed below 20d resistance,16,36,55,NO TRADE,WEAK,32.0,price<EMA20; EMA20>EMA50; EMA20 falling,8.12,61.9,0.66,4.0,0,False,4.3,1375955276.0,324.51,362.91,459.09,297.5,338.34,297.5,576.46,297.5,622.0,339.48,RESISTANCE_BREAKOUT,BREAKOUT,0.34,,,0,,,0,False,False,321.95,EMA20,324.51,4.41,5.16,300.09,300.09,356.45,366.64,373.43,1.55,576.46,69.81,True,5.0,366.64,8.0,1.55,False,2.5,2.22,0.0,4385144.0,1316100049.0,4.07,True,True,Applovin Corporation - Class A Common Stock,0,22.4,UNCLASSIFIED,,0.0,NONE,0.0,0.0,NONE,,True,0,NOT CHECKED,NONE,NEUTRAL,,,,NOT CHECKED,False,NOT CHECKED,NONE,0,,False,22.4,NO TRADE,NOT CHECKED,,,,,,,,,False,,,False,,,,False,,,,False,NONE,False,False,0,,,,NOT CHECKED,NO LIVE SIGNAL,22.4,False
FDX,309.07,REJECT,REJECT,"near EMA50 support, tight range, volume contraction, low-volume pullback",34,40,55,NO TRADE,WEAK,32.0,price<EMA20; EMA20>EMA50; EMA20 falling,-4.37,27.8,0.29,3.85,0,False,2.28,443543496.0,318.02,318.38,289.98,305.59,339.5,301.82,340.35,272.88,342.73,340.06,RESISTANCE_BREAKOUT,BREAKOUT,0.17,,,0,,,0,False,False,319.66,EMA50,318.38,6.38,6.0,305.59,305.59,357.06,367.27,374.07,1.33,340.35,0.09,False,5.0,340.35,0.09,0.01,False,2.5,9.85,0.0,1376587.0,409756461.0,2.22,True,True,FedEx Corporation Common Stock,0,22.4,UNCLASSIFIED,,0.0,NONE,0.0,0.0,NONE,,True,0,NOT CHECKED,NONE,NEUTRAL,,,,NOT CHECKED,False,NOT CHECKED,NONE,0,,False,22.4,NO TRADE,NOT CHECKED,,,,,,,,,False,,,False,,,,False,,,,False,NONE,False,False,0,,,,NOT CHECKED,NO LIVE SIGNAL,22.4,False
KKR,100.79,REJECT,REJECT,"rising EMA50, near EMA50 support, near EMA200 pivot",32,38,40,NO TRADE,WEAK,32.0,price<EMA20; EMA20>EMA50; EMA20 falling,-5.36,34.5,0.51,6.88,0,False,3.01,359390432.0,105.12,103.8,106.78,99.78,113.0,88.06,116.57,82.35,116.57,113.24,RESISTANCE_BREAKOUT,BREAKOUT,0.21,,,0,,,0,False,False,108.14,ATR_FALLBACK,108.69,4.02,4.5,99.78,99.78,118.91,122.3,124.57,1.78,116.57,2.94,False,5.0,116.57,2.94,0.65,False,2.5,12.74,0.0,3371766.0,381010983.0,2.76,True,True,KKR & Co. Inc. Common Stock,0,22.4,UNCLASSIFIED,,0.0,NONE,0.0,0.0,NONE,,True,0,NOT CHECKED,NONE,NEUTRAL,,,,NOT CHECKED,False,NOT CHECKED,NONE,0,,False,22.4,NO TRADE,NOT CHECKED,,,,,,,,,False,,,False,,,,False,,,,False,NONE,False,False,0,,,,NOT CHECKED,NO LIVE SIGNAL,22.4,False
ACAD,26.84,REJECT,REJECT,"rising EMA50, near EMA50 support, volume contraction, low-volume pullback",32,38,40,NO TRADE,WEAK,32.0,price<EMA20; EMA20>EMA50; EMA20 falling,-5.44,12.2,0.29,6.08,0,False,2.87,39626290.0,28.15,27.31,24.95,27.1,30.96,21.59,30.96,19.89,30.96,31.02,RESISTANCE_BREAKOUT,BREAKOUT,0.2,,,0,,,0,False,False,29.73,ATR_FALLBACK,29.86,3.73,4.18,27.1,27.1,32.57,33.5,34.12,1.91,,,False,5.0,33.5,8.0,1.91,False,2.5,15.33,0.0,1371434.0,39864081.0,2.79,True,True,ACADIA Pharmaceuticals Inc. - Common Stock,0,22.4,UNCLASSIFIED,,0.0,NONE,0.0,0.0,NONE,,True,0,NOT CHECKED,NONE,NEUTRAL,,,,NOT CHECKED,False,NOT CHECKED,NONE,0,,False,22.4,NO TRADE,NOT CHECKED,,,,,,,,,False,,,False,,,,False,,,,False,NONE,False,False,0,,,,NOT CHECKED,NO LIVE SIGNAL,22.4,False
WSM,224.47,REJECT,REJECT,"near EMA50 support, tight range, volume contraction, low-volume pullback",34,40,55,NO TRADE,WEAK,32.0,price<EMA20; EMA20>EMA50; EMA20 falling,-4.61,37.5,0.39,3.79,0,False,3.75,265322639.0,229.92,229.06,211.26,218.6,249.77,213.48,254.89,164.96,254.89,250.44,RESISTANCE_BREAKOUT,BREAKOUT,0.27,,,0,,,0,False,False,236.3,ATR_FALLBACK,237.81,5.04,5.65,220.6,218.6,262.97,270.48,275.49,1.42,254.89,1.78,False,5.0,254.89,1.78,0.31,False,2.5,11.27,0.0,1148008.0,239211525.0,3.25,True,True,"Williams-Sonoma, Inc. Common Stock (DE)",0,22.2,UNCLASSIFIED,,0.0,NONE,0.0,0.0,NONE,,True,0,NOT CHECKED,NONE,NEUTRAL,,,,NOT CHECKED,False,NOT CHECKED,NONE,0,,False,22.2,NO TRADE,NOT CHECKED,,,,,,,,,False,,,False,,,,False,,,,False,NONE,False,False,0,,,,NOT CHECKED,NO LIVE SIGNAL,22.2,False
OMER,16.92,REJECT,REJECT,"above EMA50, rising EMA50, volume contraction, low-volume pullback",28,34,35,NO TRADE,WEAK,32.0,price<EMA20; EMA20>EMA50; EMA20 falling,-0.51,31.5,0.59,26.55,1,True,5.05,27830263.0,17.8,15.65,12.07,16.9,19.65,7.39,19.65,6.7,19.65,19.72,RESISTANCE_BREAKOUT,BREAKOUT,0.35,,,0,,,0,False,False,18.54,ATR_FALLBACK,18.44,6.5,6.0,17.42,17.42,20.7,21.3,21.69,1.33,,,False,5.0,21.3,8.0,1.33,False,2.5,16.13,0.0,1491463.0,25409909.0,4.55,True,True,Omeros Corporation - Common Stock,0,22.2,UNCLASSIFIED,,0.0,NONE,0.0,0.0,NONE,,True,0,NOT CHECKED,NONE,NEUTRAL,,,,NOT CHECKED,False,NOT CHECKED,NONE,0,,False,22.2,NO TRADE,NOT CHECKED,,,,,,,,,False,,,False,,,,False,,,,False,NONE,False,False,0,,,,NOT CHECKED,NO LIVE SIGNAL,22.2,True
CMCSA,24.62,REJECT,REJECT,"rising EMA50, near EMA50 support, near EMA200 pivot",32,38,55,NO TRADE,WEAK,32.0,price<EMA20; EMA20>EMA50; EMA20 falling,-1.67,30.1,0.48,2.79,0,False,2.79,582875124.0,25.71,25.37,26.1,24.19,27.35,21.28,27.35,21.28,31.65,27.4,RESISTANCE_BREAKOUT,BREAKOUT,0.2,,,0,,,0,False,False,25.76,EMA20,25.71,6.19,6.0,24.19,24.19,28.78,29.6,30.15,1.33,31.65,15.49,True,5.0,29.6,8.0,1.33,False,2.5,11.07,0.0,22330302.0,551820801.0,2.37,True,True,Comcast Corporation - Class A Common Stock,0,22.0,UNCLASSIFIED,,0.0,NONE,0.0,0.0,NONE,,True,0,NOT CHECKED,NONE,NEUTRAL,,,,NOT CHECKED,False,NOT CHECKED,NONE,0,,False,22.0,NO TRADE,NOT CHECKED,,,,,,,,,False,,,False,,,,False,,,,False,NONE,False,False,0,,,,NOT CHECKED,NO LIVE SIGNAL,22.0,False
SM,41.24,EXTENDED,EXTENDED,"20/50 uptrend, rising EMA50, late/extended breakout",26,24,55,NO TRADE,WEAK,32.0,price<EMA20; EMA20>EMA50; EMA20 falling,18.93,78.3,0.72,9.97,0,False,3.4,130153609.0,37.01,34.33,29.07,34.28,39.96,25.32,38.88,22.84,38.03,41.24,CONFIRMED_MARKET,BREAKOUT,0.0,,,0,,,0,False,False,38.88,ATR_FALLBACK,39.13,5.1,5.71,37.27,36.28,43.3,44.53,45.36,1.4,,,False,5.0,44.53,8.0,1.4,False,2.5,-3.09,3.19,3496052.0,122523464.0,3.24,True,True,SM Energy Company Common Stock,1,22.0,UNCLASSIFIED,,0.0,NONE,0.0,0.0,NONE,,True,0,NOT CHECKED,NONE,NEUTRAL,,,,NOT CHECKED,False,NOT CHECKED,NONE,0,,False,22.0,NO TRADE,NOT CHECKED,,,,,,,,,False,,,False,,,,False,,,,False,NONE,False,False,0,,,,NOT CHECKED,NO LIVE SIGNAL,22.0,False
FIG,24.52,REJECT,REJECT,"above EMA50, near EMA50 support",24,34,35,NO TRADE,WEAK,32.0,price<EMA20; EMA20>EMA50; EMA20 falling,0.15,40.8,0.33,13.28,2,True,6.93,376030831.0,24.84,24.39,27.94,21.62,31.22,16.8,31.22,16.6,31.94,31.36,RESISTANCE_BREAKOUT,BREAKOUT,0.44,,,0,,,0,False,False,29.47,ATR_FALLBACK,28.81,8.13,6.0,21.62,21.62,32.92,33.86,34.49,1.33,31.94,1.86,False,5.0,31.94,1.86,0.31,False,2.5,27.32,0.0,14495304.0,361345956.0,5.58,True,True,"Figma, Inc. Class A Common Stock",0,21.7,UNCLASSIFIED,,0.0,NONE,0.0,0.0,NONE,,True,0,NOT CHECKED,NONE,NEUTRAL,,,,NOT CHECKED,False,NOT CHECKED,NONE,0,,False,21.7,NO TRADE,NOT CHECKED,,,,,,,,,False,,,False,,,,False,,,,False,NONE,False,False,0,,,,NOT CHECKED,NO LIVE SIGNAL,21.7,True
UMAC,23.31,DISCOVER,DISCOVER,"rising EMA50, near EMA50 support, tight range, volume contraction, low-volume pullback",42,48,55,WATCHLIST,WEAK,32.0,price<EMA20; EMA20>EMA50; EMA20 falling,-20.66,46.6,0.31,25.04,3,True,7.47,85964078.0,24.26,23.63,19.02,22.05,33.39,15.78,34.93,10.64,34.93,33.53,RESISTANCE_BREAKOUT,BREAKOUT,0.42,,,0,,,0,False,False,31.52,ATR_FALLBACK,30.92,7.79,6.0,22.05,22.05,35.21,36.21,36.88,1.33,34.93,4.17,False,5.0,34.93,4.17,0.69,False,2.5,43.24,0.0,3377684.0,66268493.0,7.92,True,True,"Unusual Machines, Inc. Common Stock",2,21.4,UNCLASSIFIED,,0.0,NONE,0.0,0.0,NONE,,True,0,NOT CHECKED,NONE,NEUTRAL,,,,NOT CHECKED,False,NOT CHECKED,NONE,0,,False,21.4,WATCHLIST,NOT CHECKED,,,,,,,,,False,,,False,,,,False,,,,False,NONE,False,False,0,,,,NOT CHECKED,NO LIVE SIGNAL,21.4,True
CM,112.86,REJECT,REJECT,"near EMA50 support, tight range, volume contraction, low-volume pullback",34,40,55,NO TRADE,WEAK,32.0,price<EMA20; EMA20>EMA50; EMA20 falling,-6.55,34.2,0.3,2.96,0,False,2.18,130124074.0,115.85,116.0,105.8,111.35,123.86,111.11,124.86,90.66,124.86,124.06,RESISTANCE_BREAKOUT,BREAKOUT,0.16,,,0,,,0,False,False,116.61,EMA50,116.0,6.49,6.0,113.48,111.35,130.26,133.98,136.46,1.33,124.86,0.65,False,5.0,124.86,0.65,0.11,False,2.5,10.63,0.0,1123196.0,121211975.0,2.22,True,True,Canadian Imperial Bank of Commerce Common Stock,0,21.3,UNCLASSIFIED,,0.0,NONE,0.0,0.0,NONE,,True,0,NOT CHECKED,NONE,NEUTRAL,,,,NOT CHECKED,False,NOT CHECKED,NONE,0,,False,21.3,NO TRADE,NOT CHECKED,,,,,,,,,False,,,False,,,,False,,,,False,NONE,False,False,0,,,,NOT CHECKED,NO LIVE SIGNAL,21.3,False
BRO,67.99,REJECT,REJECT,"near EMA50 support, near EMA200 pivot",24,34,40,NO TRADE,WEAK,32.0,price<EMA20; EMA20>EMA50; EMA20 falling,0.76,31.6,0.4,3.23,0,False,2.68,113711180.0,69.72,69.04,70.35,65.41,74.77,58.01,75.46,53.69,75.46,74.92,RESISTANCE_BREAKOUT,BREAKOUT,0.19,,,0,,,0,False,False,71.85,ATR_FALLBACK,72.18,3.65,4.09,65.41,65.41,78.66,80.91,82.41,1.96,75.46,0.72,False,5.0,75.46,0.72,0.18,False,2.5,9.97,0.0,1610552.0,106439184.0,2.28,True,True,"Brown & Brown, Inc. Common Stock",0,21.3,UNCLASSIFIED,,0.0,NONE,0.0,0.0,NONE,,True,0,NOT CHECKED,NONE,NEUTRAL,,,,NOT CHECKED,False,NOT CHECKED,NONE,0,,False,21.3,NO TRADE,NOT CHECKED,,,,,,,,,False,,,False,,,,False,,,,False,NONE,False,False,0,,,,NOT CHECKED,NO LIVE SIGNAL,21.3,False
SGRY,13.9,REJECT,REJECT,"tight range, volume contraction, low-volume pullback",28,34,40,NO TRADE,WEAK,32.0,price<EMA20; EMA20>EMA50; EMA20 falling,-1.18,47.8,0.31,5.11,0,False,4.52,34587740.0,14.26,14.63,15.5,13.18,15.08,13.18,17.44,11.41,17.44,15.13,RESISTANCE_BREAKOUT,BREAKOUT,0.33,,,0,,,0,False,False,14.52,EMA50,14.63,3.3,4.05,13.59,13.18,15.89,16.34,16.64,1.98,17.44,15.27,True,5.0,16.34,8.0,1.98,False,2.5,8.49,0.0,2455747.0,29264775.0,4.61,True,True,"Surgery Partners, Inc. - Common Stock",0,21.1,UNCLASSIFIED,,0.0,NONE,0.0,0.0,NONE,,True,0,NOT CHECKED,NONE,NEUTRAL,,,,NOT CHECKED,False,NOT CHECKED,NONE,0,,False,21.1,NO TRADE,NOT CHECKED,,,,,,,,,False,,,False,,,,False,,,,False,NONE,False,False,0,,,,NOT CHECKED,NO LIVE SIGNAL,21.1,False
VRSK,183.22,REJECT,REJECT,"near EMA50 support, volume contraction",20,34,55,NO TRADE,WEAK,32.0,price<EMA20; EMA20>EMA50; EMA20 falling,6.35,44.8,0.25,6.15,0,False,3.34,201032493.0,184.9,186.44,195.73,171.79,197.21,168.18,226.08,155.52,226.08,197.7,RESISTANCE_BREAKOUT,BREAKOUT,0.25,,,0,,,0,False,False,185.84,EMA50,186.44,5.69,6.0,171.79,171.79,207.58,213.52,217.47,1.33,226.08,14.36,True,5.0,213.52,8.0,1.33,False,2.5,7.64,0.0,1082330.0,185787191.0,2.96,True,True,"Verisk Analytics, Inc. - Common Stock",0,21.0,UNCLASSIFIED,,0.0,NONE,0.0,0.0,NONE,,True,0,NOT CHECKED,NONE,NEUTRAL,,,,NOT CHECKED,False,NOT CHECKED,NONE,0,,False,21.0,NO TRADE,NOT CHECKED,,,,,,,,,False,,,False,,,,False,,,,False,NONE,False,False,0,,,,NOT CHECKED,NO LIVE SIGNAL,21.0,False
IVZ,30.73,REJECT,REJECT,"rising EMA50, near EMA50 support, volume contraction, low-volume pullback",32,38,55,NO TRADE,WEAK,32.0,price<EMA20; EMA20>EMA50; EMA20 falling,-3.64,34.8,0.31,3.53,0,False,3.1,104691196.0,31.94,30.93,27.51,31.11,33.66,25.42,33.66,21.51,33.66,33.74,RESISTANCE_BREAKOUT,BREAKOUT,0.23,,,0,,,0,False,False,31.77,EMA20,31.94,5.32,5.83,31.11,31.11,35.42,36.44,37.11,1.37,,,False,5.0,36.44,8.0,1.37,False,2.5,9.55,0.0,3240609.0,102167633.0,2.62,True,True,Invesco Ltd Common Stock,0,21.0,UNCLASSIFIED,,0.0,NONE,0.0,0.0,NONE,,True,0,NOT CHECKED,NONE,NEUTRAL,,,,NOT CHECKED,False,NOT CHECKED,NONE,0,,False,21.0,NO TRADE,NOT CHECKED,,,,,,,,,False,,,False,,,,False,,,,False,NONE,False,False,0,,,,NOT CHECKED,NO LIVE SIGNAL,21.0,False
VERA,33.04,REJECT,REJECT,"tight range, 20d volume expansion",26,32,55,NO TRADE,WEAK,32.0,price<EMA20; EMA20>EMA50; EMA20 falling,6.48,41.5,3.77,9.48,0,False,5.55,75346608.0,34.08,34.62,35.83,30.72,36.96,28.86,44.87,28.86,47.0,37.11,RESISTANCE_BREAKOUT,BREAKOUT,0.4,,,0,,,0,False,False,34.88,ATR_FALLBACK,34.36,7.41,6.0,32.88,32.88,38.96,40.08,40.82,1.33,44.87,20.92,True,5.0,40.08,8.0,1.33,False,2.5,11.86,0.0,2208396.0,55221506.0,5.32,True,True,"Vera Therapeutics, Inc. - Class A Common Stock",0,21.0,UNCLASSIFIED,,0.0,NONE,0.0,0.0,NONE,,True,0,NOT CHECKED,NONE,NEUTRAL,,,,NOT CHECKED,False,NOT CHECKED,NONE,0,,False,21.0,NO TRADE,NOT CHECKED,,,,,,,,,False,,,False,,,,False,,,,False,NONE,False,False,0,,,,NOT CHECKED,NO LIVE SIGNAL,21.0,False
NVDA,211.39,REJECT,REJECT,"rising EMA50, near EMA50 support, volume contraction, low-volume pullback",32,38,55,NO TRADE,WEAK,32.0,price<EMA20; EMA20>EMA50; EMA20 falling,-3.92,49.0,0.37,8.74,0,False,3.55,28116816554.0,218.17,214.44,201.23,207.02,234.5,189.59,234.5,163.9,236.0,235.1,RESISTANCE_BREAKOUT,BREAKOUT,0.26,,,0,,,0,False,False,222.49,ATR_FALLBACK,223.84,4.79,5.36,208.93,208.93,246.85,253.91,258.61,1.49,236.0,0.38,False,5.0,236.0,0.38,0.07,False,2.5,10.93,0.0,128214912.0,26764948610.0,2.58,True,True,NVIDIA Corporation - Common Stock,0,20.9,UNCLASSIFIED,,0.0,NONE,0.0,0.0,NONE,,True,0,NOT CHECKED,NONE,NEUTRAL,,,,NOT CHECKED,False,NOT CHECKED,NONE,0,,False,20.9,NO TRADE,NOT CHECKED,,,,,,,,,False,,,False,,,,False,,,,False,NONE,False,False,0,,,,NOT CHECKED,NO LIVE SIGNAL,20.9,False
SKM,35.81,REJECT,REJECT,"rising EMA50, near EMA50 support, volume contraction, low-volume pullback",32,38,40,NO TRADE,WEAK,32.0,price<EMA20; EMA20>EMA50; EMA20 falling,-8.36,28.7,0.26,7.94,0,False,2.95,62120255.0,37.37,36.47,32.41,36.16,41.01,29.53,41.01,27.91,47.18,41.09,RESISTANCE_BREAKOUT,BREAKOUT,0.21,,,0,,,0,False,False,39.32,ATR_FALLBACK,39.51,3.86,4.32,36.16,36.16,43.15,44.38,45.2,1.85,47.18,14.81,True,5.0,44.38,8.0,1.85,False,2.5,14.52,0.0,1614987.0,58399627.0,2.12,True,True,"SK Telecom Co., Ltd. Common Stock",0,20.9,UNCLASSIFIED,,0.0,NONE,0.0,0.0,NONE,,True,0,NOT CHECKED,NONE,NEUTRAL,,,,NOT CHECKED,False,NOT CHECKED,NONE,0,,False,20.9,NO TRADE,NOT CHECKED,,,,,,,,,False,,,False,,,,False,,,,False,NONE,False,False,0,,,,NOT CHECKED,NO LIVE SIGNAL,20.9,False
BXP,64.12,REJECT,REJECT,"near EMA200 pivot, volume contraction, low-volume pullback",28,34,40,NO TRADE,WEAK,32.0,price<EMA20; EMA20>EMA50; EMA20 falling,-1.83,17.5,0.2,3.43,0,False,2.32,75802181.0,66.66,66.91,65.0,63.19,72.25,62.75,74.94,48.54,74.94,72.37,RESISTANCE_BREAKOUT,BREAKOUT,0.16,,,0,,,0,False,False,69.87,ATR_FALLBACK,70.14,3.08,3.45,63.19,63.19,75.99,78.16,79.61,2.32,74.94,3.55,False,5.0,74.94,3.55,1.03,False,2.5,12.68,0.0,1124124.0,74874758.0,2.27,True,True,"BXP, Inc. Common Stock",0,20.8,UNCLASSIFIED,,0.0,NONE,0.0,0.0,NONE,,True,0,NOT CHECKED,NONE,NEUTRAL,,,,NOT CHECKED,False,NOT CHECKED,NONE,0,,False,20.8,NO TRADE,NOT CHECKED,,,,,,,,,False,,,False,,,,False,,,,False,NONE,False,False,0,,,,NOT CHECKED,NO LIVE SIGNAL,20.8,False
SNDK,1531.37,REJECT,REJECT,"rising EMA50, near EMA50 support, volume contraction, low-volume pullback",32,44,55,NO TRADE,WEAK,32.0,price<EMA20; EMA20>EMA50; EMA20 falling,-12.27,54.2,0.4,13.67,3,True,6.22,17917330835.0,1581.18,1549.22,1147.3,1416.56,1807.38,998.19,2354.39,517.0,2354.39,1815.0,RESISTANCE_BREAKOUT,BREAKOUT,0.42,,,0,,,0,False,False,1706.1,ATR_FALLBACK,1672.06,7.88,6.0,1505.0,1449.5,1905.75,1960.2,1996.5,1.33,2354.39,29.72,True,5.0,1960.2,8.0,1.33,False,2.5,19.37,0.0,11260927.0,15069572149.0,5.77,True,True,Sandisk Corporation - Common Stock When-Issued,0,20.6,UNCLASSIFIED,,0.0,NONE,0.0,0.0,NONE,,True,0,NOT CHECKED,NONE,NEUTRAL,,,,NOT CHECKED,False,NOT CHECKED,NONE,0,,False,20.6,NO TRADE,NOT CHECKED,,,,,,,,,False,,,False,,,,False,,,,False,NONE,False,False,0,,,,NOT CHECKED,NO LIVE SIGNAL,20.6,True
REPL,12.79,REJECT,REJECT,"above EMA50, rising EMA50, near EMA50 support",32,38,35,NO TRADE,WEAK,32.0,price<EMA20; EMA20>EMA50; EMA20 falling,-10.55,19.3,0.47,13.35,2,True,6.0,33717372.0,14.07,12.78,9.33,12.4,16.33,4.76,16.33,1.5,16.15,16.39,RESISTANCE_BREAKOUT,BREAKOUT,0.38,,,0,,,0,False,False,15.41,ATR_FALLBACK,15.24,7.02,6.0,12.4,12.4,17.21,17.7,18.03,1.33,,,False,5.0,17.7,8.0,1.33,False,2.5,27.68,0.0,2302662.0,31300948.0,5.78,True,True,"Replimune Group, Inc. - Common Stock",0,20.6,UNCLASSIFIED,,0.0,NONE,0.0,0.0,NONE,,True,0,NOT CHECKED,NONE,NEUTRAL,,,,NOT CHECKED,False,NOT CHECKED,NONE,0,,False,20.6,NO TRADE,NOT CHECKED,,,,,,,,,False,,,False,,,,False,,,,False,NONE,False,False,0,,,,NOT CHECKED,NO LIVE SIGNAL,20.6,True
COF,206.1,REJECT,REJECT,"rising EMA50, near EMA50 support, near EMA200 pivot",32,38,55,NO TRADE,WEAK,32.0,price<EMA20; EMA20>EMA50; EMA20 falling,-4.9,34.5,0.56,2.56,0,False,2.22,643653399.0,212.88,210.71,206.68,205.3,224.61,190.71,227.34,173.62,227.34,224.98,RESISTANCE_BREAKOUT,BREAKOUT,0.16,,,0,,,0,False,False,212.06,EMA20,212.88,5.37,5.74,205.3,205.3,236.23,242.97,247.47,1.39,227.34,1.05,False,5.0,227.34,1.05,0.18,False,2.5,10.04,0.0,2999316.0,609195850.0,2.12,True,True,Capital One Financial Corporation Common Stock,0,20.4,UNCLASSIFIED,,0.0,NONE,0.0,0.0,NONE,,True,0,NOT CHECKED,NONE,NEUTRAL,,,,NOT CHECKED,False,NOT CHECKED,NONE,0,,False,20.4,NO TRADE,NOT CHECKED,,,,,,,,,False,,,False,,,,False,,,,False,NONE,False,False,0,,,,NOT CHECKED,NO LIVE SIGNAL,20.4,False
INSM,119.41,REJECT,REJECT,"rising EMA50, near EMA50 support, tight range",32,38,55,NO TRADE,WEAK,32.0,price<EMA20; EMA20>EMA50; EMA20 falling,-4.92,43.5,0.59,33.86,1,True,4.21,220768029.0,124.05,120.2,130.69,117.15,131.1,95.27,137.7,90.39,166.19,131.5,RESISTANCE_BREAKOUT,BREAKOUT,0.31,,,0,,,0,False,False,123.61,EMA20,124.05,5.66,6.0,121.04,117.51,138.08,142.02,144.65,1.33,137.7,4.71,False,5.0,137.7,4.71,0.79,False,2.5,9.79,0.0,1763231.0,220058754.0,3.66,True,True,Insmed Incorporated - Common Stock,0,20.4,UNCLASSIFIED,,0.0,NONE,0.0,0.0,NONE,,True,0,NOT CHECKED,NONE,NEUTRAL,,,,NOT CHECKED,False,NOT CHECKED,NONE,0,,False,20.4,NO TRADE,NOT CHECKED,,,,,,,,,False,,,False,,,,False,,,,False,NONE,False,False,0,,,,NOT CHECKED,NO LIVE SIGNAL,20.4,True
VIRT,58.1,REJECT,REJECT,"rising EMA50, volume contraction, low-volume pullback",26,36,55,NO TRADE,WEAK,32.0,price<EMA20; EMA20>EMA50; EMA20 falling,0.04,25.5,0.21,11.01,1,True,3.63,88681520.0,61.95,60.47,51.04,56.54,68.51,53.31,68.51,38.37,68.51,68.68,RESISTANCE_BREAKOUT,BREAKOUT,0.25,,,0,,,0,False,False,65.13,ATR_FALLBACK,65.51,4.61,5.17,59.78,59.78,72.11,74.17,75.55,1.55,,,False,5.0,74.17,8.0,1.55,False,2.5,17.9,0.0,1402749.0,65177210.0,4.44,True,True,"Virtu Financial, Inc. Class A Common Stock",0,20.4,UNCLASSIFIED,,0.0,NONE,0.0,0.0,NONE,,True,0,NOT CHECKED,NONE,NEUTRAL,,,,NOT CHECKED,False,NOT CHECKED,NONE,0,,False,20.4,NO TRADE,NOT CHECKED,,,,,,,,,False,,,False,,,,False,,,,False,NONE,False,False,0,,,,NOT CHECKED,NO LIVE SIGNAL,20.4,True
WEN,7.67,REJECT,REJECT,"near EMA50 support, near EMA200 pivot, volume contraction, low-volume pullback",34,40,55,NO TRADE,WEAK,32.0,price<EMA20; EMA20>EMA50; EMA20 falling,-8.24,28.3,0.34,14.7,1,True,4.84,54741103.0,7.93,7.85,7.7,7.42,9.06,6.02,9.37,6.02,9.37,9.09,RESISTANCE_BREAKOUT,BREAKOUT,0.33,,,0,,,0,False,False,8.55,ATR_FALLBACK,8.54,6.13,6.0,7.42,7.42,9.55,9.82,10.0,1.33,9.37,3.05,False,5.0,9.37,3.05,0.51,False,2.5,18.16,0.0,6700099.0,45715383.0,3.59,True,True,Wendy's Company (The) - Common Stock,0,20.4,UNCLASSIFIED,,0.0,NONE,0.0,0.0,NONE,,True,0,NOT CHECKED,NONE,NEUTRAL,,,,NOT CHECKED,False,NOT CHECKED,NONE,0,,False,20.4,NO TRADE,NOT CHECKED,,,,,,,,,False,,,False,,,,False,,,,False,NONE,False,False,0,,,,NOT CHECKED,NO LIVE SIGNAL,20.4,True
PYPL,53.81,REJECT,REJECT,"near EMA50 support, near EMA200 pivot, volume contraction, low-volume pullback",34,40,55,NO TRADE,WEAK,32.0,price<EMA20; EMA20>EMA50; EMA20 falling,-8.76,30.1,0.34,4.33,0,False,3.95,693178406.0,55.53,54.71,53.13,50.8,62.58,41.55,62.58,40.1,62.58,62.75,RESISTANCE_BREAKOUT,BREAKOUT,0.27,,,0,,,0,False,False,59.17,ATR_FALLBACK,59.56,5.08,5.69,50.8,50.8,65.88,67.77,69.02,1.41,,,False,5.0,67.77,8.0,1.41,False,2.5,16.28,0.0,12302642.0,601278024.0,2.66,True,True,"PayPal Holdings, Inc. - Common Stock",0,20.2,UNCLASSIFIED,,0.0,NONE,0.0,0.0,NONE,,True,0,NOT CHECKED,NONE,NEUTRAL,,,,NOT CHECKED,False,NOT CHECKED,NONE,0,,False,20.2,NO TRADE,NOT CHECKED,,,,,,,,,False,,,False,,,,False,,,,False,NONE,False,False,0,,,,NOT CHECKED,NO LIVE SIGNAL,20.2,False
IREN,41.26,REJECT,REJECT,"rising EMA50, near EMA50 support, volume contraction, low-volume pullback",32,38,55,NO TRADE,WEAK,32.0,price<EMA20; EMA20>EMA50; EMA20 falling,-6.07,48.2,0.42,9.86,0,False,7.04,1690142411.0,41.98,42.5,44.93,34.81,49.29,28.93,61.28,28.93,70.71,49.52,RESISTANCE_BREAKOUT,BREAKOUT,0.47,,,0,,,0,False,False,46.55,ATR_FALLBACK,45.17,8.8,6.0,41.77,35.14,52.0,53.48,54.47,1.33,61.28,23.74,True,5.0,53.48,8.0,1.33,False,2.5,19.45,0.0,41022053.0,1586850228.0,6.56,True,True,IREN Limited - Ordinary Shares,0,19.8,UNCLASSIFIED,,0.0,NONE,0.0,0.0,NONE,,True,0,NOT CHECKED,NONE,NEUTRAL,,,,NOT CHECKED,False,NOT CHECKED,NONE,0,,False,19.8,NO TRADE,NOT CHECKED,,,,,,,,,False,,,False,,,,False,,,,False,NONE,False,False,0,,,,NOT CHECKED,NO LIVE SIGNAL,19.8,False
ERO,32.07,REJECT,REJECT,"rising EMA50, near EMA50 support, volume contraction, low-volume pullback",32,38,55,NO TRADE,WEAK,32.0,price<EMA20; EMA20>EMA50; EMA20 falling,-6.11,27.2,0.56,10.32,1,True,6.53,60095971.0,35.21,33.03,28.62,32.73,40.83,22.93,40.83,22.41,40.83,41.0,RESISTANCE_BREAKOUT,BREAKOUT,0.41,,,0,,,0,False,False,38.54,ATR_FALLBACK,37.86,7.66,6.0,32.73,32.73,43.05,44.28,45.1,1.33,,,False,5.0,44.28,8.0,1.33,False,2.5,27.32,0.0,1630527.0,49304350.0,4.8,True,True,Ero Copper Corp. Common Shares,0,19.8,UNCLASSIFIED,,0.0,NONE,0.0,0.0,NONE,,True,0,NOT CHECKED,NONE,NEUTRAL,,,,NOT CHECKED,False,NOT CHECKED,NONE,0,,False,19.8,NO TRADE,NOT CHECKED,,,,,,,,,False,,,False,,,,False,,,,False,NONE,False,False,0,,,,NOT CHECKED,NO LIVE SIGNAL,19.8,True
MU,926.64,REJECT,REJECT,"rising EMA50, near EMA50 support, volume contraction, low-volume pullback",32,38,55,NO TRADE,WEAK,32.0,price<EMA20; EMA20>EMA50; EMA20 falling,-6.39,48.9,0.5,7.62,0,False,4.62,23929673026.0,954.22,931.5,690.04,887.61,1042.4,737.88,1254.81,311.44,1254.81,1045.83,RESISTANCE_BREAKOUT,BREAKOUT,0.33,,,0,,,0,False,False,983.08,ATR_FALLBACK,981.61,6.14,6.0,902.6,902.6,1098.12,1129.49,1150.41,1.33,1254.81,19.98,True,5.0,1129.49,8.0,1.33,False,2.5,12.49,0.0,24995306.0,24519131481.0,4.04,True,True,"Micron Technology, Inc. - Common Stock",0,19.7,UNCLASSIFIED,,0.0,NONE,0.0,0.0,NONE,,True,0,NOT CHECKED,NONE,NEUTRAL,,,,NOT CHECKED,False,NOT CHECKED,NONE,0,,False,19.7,NO TRADE,NOT CHECKED,,,,,,,,,False,,,False,,,,False,,,,False,NONE,False,False,0,,,,NOT CHECKED,NO LIVE SIGNAL,19.7,False
RHI,38.43,REJECT,REJECT,"rising EMA50, near EMA50 support, volume contraction, low-volume pullback",32,38,55,NO TRADE,WEAK,32.0,price<EMA20; EMA20>EMA50; EMA20 falling,-6.29,20.3,0.27,5.84,0,False,3.98,82685040.0,40.83,39.3,32.66,37.11,46.09,28.23,46.09,21.08,46.09,46.21,RESISTANCE_BREAKOUT,BREAKOUT,0.27,,,0,,,0,False,False,43.64,ATR_FALLBACK,43.92,4.96,5.56,37.11,37.11,48.52,49.91,50.83,1.44,,,False,5.0,49.91,8.0,1.44,False,2.5,19.93,0.0,1940788.0,73060307.0,3.62,True,True,Robert Half Inc. Common Stock,0,19.7,UNCLASSIFIED,,0.0,NONE,0.0,0.0,NONE,,True,0,NOT CHECKED,NONE,NEUTRAL,,,,NOT CHECKED,False,NOT CHECKED,NONE,0,,False,19.7,NO TRADE,NOT CHECKED,,,,,,,,,False,,,False,,,,False,,,,False,NONE,False,False,0,,,,NOT CHECKED,NO LIVE SIGNAL,19.7,False
RAL,65.7,REJECT,REJECT,"above EMA50, near EMA50 support",24,36,35,NO TRADE,WEAK,32.0,price<EMA20; EMA20>EMA50; EMA20 falling,-6.61,60.8,0.3,3.97,0,False,3.73,81482335.0,65.04,65.32,57.35,60.19,71.18,60.19,75.35,38.87,75.35,71.38,RESISTANCE_BREAKOUT,BREAKOUT,0.28,,,0,,,0,False,False,67.26,ATR_FALLBACK,67.7,5.15,5.77,62.97,60.19,74.95,77.09,78.52,1.39,75.35,5.56,True,5.0,75.35,5.56,0.96,False,2.5,10.86,0.0,1265928.0,76299891.0,3.55,True,True,Ralliant Corporation Common Stock,0,19.6,UNCLASSIFIED,,0.0,NONE,0.0,0.0,NONE,,True,0,NOT CHECKED,NONE,NEUTRAL,,,,NOT CHECKED,False,NOT CHECKED,NONE,0,,False,19.6,NO TRADE,NOT CHECKED,,,,,,,,,False,,,False,,,,False,,,,False,NONE,False,False,0,,,,NOT CHECKED,NO LIVE SIGNAL,19.6,False
EXTR,21.92,REJECT,REJECT,"near EMA200 pivot, tight range, volume contraction, low-volume pullback",30,36,40,NO TRADE,WEAK,32.0,price<EMA20; EMA20>EMA50; EMA20 falling,-7.71,42.8,0.29,7.87,0,False,3.15,28908281.0,22.66,24.62,23.11,21.06,24.2,21.06,33.73,13.52,33.73,24.26,RESISTANCE_BREAKOUT,BREAKOUT,0.23,,,0,,,0,False,False,23.1,ATR_FALLBACK,23.22,4.27,4.78,21.06,21.06,25.47,26.2,26.68,1.67,33.73,39.06,True,5.0,26.2,8.0,1.67,False,2.5,11.34,0.0,1292442.0,26065468.0,3.13,True,True,"Extreme Networks, Inc. - Common Stock",0,19.5,UNCLASSIFIED,,0.0,NONE,0.0,0.0,NONE,,True,0,NOT CHECKED,NONE,NEUTRAL,,,,NOT CHECKED,False,NOT CHECKED,NONE,0,,False,19.5,NO TRADE,NOT CHECKED,,,,,,,,,False,,,False,,,,False,,,,False,NONE,False,False,0,,,,NOT CHECKED,NO LIVE SIGNAL,19.5,False
TPG,47.12,REJECT,REJECT,"rising EMA50, near EMA50 support, near EMA200 pivot",32,38,55,NO TRADE,WEAK,32.0,price<EMA20; EMA20>EMA50; EMA20 falling,-6.96,26.6,0.55,8.51,0,False,3.66,125280804.0,50.04,48.29,47.88,46.87,54.89,38.05,55.5,36.07,55.5,55.03,RESISTANCE_BREAKOUT,BREAKOUT,0.25,,,0,,,0,False,False,52.13,ATR_FALLBACK,52.44,4.7,5.26,46.87,46.87,57.78,59.43,60.53,1.52,55.5,0.86,False,5.0,55.5,0.86,0.16,False,2.5,16.5,0.0,2439226.0,123559820.0,3.32,True,True,TPG Inc. - Class A Common Stock,0,19.4,UNCLASSIFIED,,0.0,NONE,0.0,0.0,NONE,,True,0,NOT CHECKED,NONE,NEUTRAL,,,,NOT CHECKED,False,NOT CHECKED,NONE,0,,False,19.4,NO TRADE,NOT CHECKED,,,,,,,,,False,,,False,,,,False,,,,False,NONE,False,False,0,,,,NOT CHECKED,NO LIVE SIGNAL,19.4,False
PSN,46.94,REJECT,REJECT,none,16,26,20,NO TRADE,WEAK,32.0,price<EMA20; EMA20>EMA50; EMA20 falling,4.59,44.7,0.25,6.49,0,False,3.31,49420658.0,47.33,49.3,57.5,44.81,49.89,36.26,62.3,36.26,67.93,50.02,RESISTANCE_BREAKOUT,BREAKOUT,0.25,,,0,,,0,False,False,48.85,EMA50,49.3,1.43,2.33,44.81,44.81,52.52,54.02,55.02,3.43,62.3,24.55,True,5.0,54.02,8.0,3.43,True,2.5,6.3,0.0,1046452.0,51749236.0,3.11,True,True,Parsons Corporation Common Stock,0,19.4,UNCLASSIFIED,,0.0,NONE,0.0,0.0,NONE,,True,0,NOT CHECKED,NONE,NEUTRAL,,,,NOT CHECKED,False,NOT CHECKED,NONE,0,,False,19.4,NO TRADE,NOT CHECKED,,,,,,,,,False,,,False,,,,False,,,,False,NONE,False,False,0,,,,NOT CHECKED,NO LIVE SIGNAL,19.4,False
APH,77.46,REJECT,REJECT,"rising EMA50, near EMA50 support, volume contraction, low-volume pullback",32,38,55,NO TRADE,WEAK,32.0,price<EMA20; EMA20>EMA50; EMA20 falling,-7.31,45.8,0.32,4.89,0,False,3.41,893609410.0,80.53,79.77,73.7,75.75,84.48,69.83,89.26,58.92,89.26,84.69,RESISTANCE_BREAKOUT,BREAKOUT,0.25,,,0,,,0,False,False,80.06,EMA20,80.53,4.91,5.47,78.36,77.71,88.93,91.47,93.16,1.46,89.26,5.39,True,5.0,89.26,5.39,0.99,False,2.5,11.06,0.0,11161189.0,901205770.0,2.98,True,True,Amphenol Corporation Common Stock,0,19.2,UNCLASSIFIED,,0.0,NONE,0.0,0.0,NONE,,True,0,NOT CHECKED,NONE,NEUTRAL,,,,NOT CHECKED,False,NOT CHECKED,NONE,0,,False,19.2,NO TRADE,NOT CHECKED,,,,,,,,,False,,,False,,,,False,,,,False,NONE,False,False,0,,,,NOT CHECKED,NO LIVE SIGNAL,19.2,False
MDB,386.58,REJECT,REJECT,"above EMA50, near EMA50 support, volume contraction",30,36,35,NO TRADE,WEAK,32.0,price<EMA20; EMA20>EMA50; EMA20 falling,-9.85,45.8,0.25,8.49,0,False,5.85,761460678.0,390.77,379.76,346.48,354.11,457.85,290.57,473.1,215.68,473.1,459.66,RESISTANCE_BREAKOUT,BREAKOUT,0.4,,,0,,,0,False,False,432.08,ATR_FALLBACK,425.74,7.38,6.0,354.11,354.11,482.64,496.43,505.63,1.33,473.1,2.92,False,5.0,473.1,2.92,0.49,False,2.5,18.47,0.0,1916163.0,629234107.0,4.61,True,True,"MongoDB, Inc. - Class A Common Stock",0,19.2,UNCLASSIFIED,,0.0,NONE,0.0,0.0,NONE,,True,0,NOT CHECKED,NONE,NEUTRAL,,,,NOT CHECKED,False,NOT CHECKED,NONE,0,,False,19.2,NO TRADE,NOT CHECKED,,,,,,,,,False,,,False,,,,False,,,,False,NONE,False,False,0,,,,NOT CHECKED,NO LIVE SIGNAL,19.2,False
QURE,43.49,REJECT,REJECT,"rising EMA50, near EMA50 support, volume contraction, low-volume pullback",32,38,55,NO TRADE,WEAK,32.0,price<EMA20; EMA20>EMA50; EMA20 falling,-7.3,17.1,0.41,7.56,0,False,4.46,53335543.0,45.86,43.72,33.18,43.05,51.72,35.34,51.72,8.73,51.72,51.88,RESISTANCE_BREAKOUT,BREAKOUT,0.3,,,0,,,0,False,False,48.76,ATR_FALLBACK,48.96,5.61,6.0,43.05,43.05,54.47,56.03,57.06,1.33,,,False,5.0,56.03,8.0,1.33,False,2.5,18.91,0.0,1127982.0,44991245.0,4.22,True,True,uniQure N.V. - Ordinary Shares,0,19.2,UNCLASSIFIED,,0.0,NONE,0.0,0.0,NONE,,True,0,NOT CHECKED,NONE,NEUTRAL,,,,NOT CHECKED,False,NOT CHECKED,NONE,0,,False,19.2,NO TRADE,NOT CHECKED,,,,,,,,,False,,,False,,,,False,,,,False,NONE,False,False,0,,,,NOT CHECKED,NO LIVE SIGNAL,19.2,False
SGI,65.72,REJECT,REJECT,"volume contraction, low-volume pullback",18,34,55,NO TRADE,WEAK,32.0,price<EMA20; EMA20>EMA50; EMA20 falling,3.38,54.2,0.36,6.55,0,False,3.89,246959579.0,66.67,67.87,74.84,61.67,70.94,61.67,79.56,60.08,87.37,71.14,RESISTANCE_BREAKOUT,BREAKOUT,0.29,,,0,,,0,False,False,67.41,EMA50,67.87,4.6,5.25,65.16,63.11,74.7,76.84,78.26,1.52,79.56,11.83,True,5.0,76.84,8.0,1.52,False,2.5,7.94,0.0,3764437.0,236506600.0,3.14,True,True,Somnigroup International Inc. Common Stock,0,19.1,UNCLASSIFIED,,0.0,NONE,0.0,0.0,NONE,,True,0,NOT CHECKED,NONE,NEUTRAL,,,,NOT CHECKED,False,NOT CHECKED,NONE,0,,False,19.1,NO TRADE,NOT CHECKED,,,,,,,,,False,,,False,,,,False,,,,False,NONE,False,False,0,,,,NOT CHECKED,NO LIVE SIGNAL,19.1,False
FWONK,94.68,REJECT,REJECT,"near EMA200 pivot, tight range",28,34,40,NO TRADE,WEAK,32.0,price<EMA20; EMA20>EMA50; EMA20 falling,-5.13,16.6,0.38,3.79,0,False,2.46,167899238.0,98.11,98.15,94.85,94.68,107.31,88.87,107.31,80.15,107.31,107.5,RESISTANCE_BREAKOUT,BREAKOUT,0.17,,,0,,,0,False,False,103.58,ATR_FALLBACK,104.0,3.25,3.64,94.68,94.68,112.87,116.1,118.25,2.2,,,False,5.0,116.1,8.0,2.2,False,2.5,13.34,0.0,1687768.0,170613871.0,2.29,True,True,Liberty Media Corporation - Series C Liberty Formula One Common Stock,0,19.1,UNCLASSIFIED,,0.0,NONE,0.0,0.0,NONE,,True,0,NOT CHECKED,NONE,NEUTRAL,,,,NOT CHECKED,False,NOT CHECKED,NONE,0,,False,19.1,NO TRADE,NOT CHECKED,,,,,,,,,False,,,False,,,,False,,,,False,NONE,False,False,0,,,,NOT CHECKED,NO LIVE SIGNAL,19.1,False
GLXY,22.73,REJECT,REJECT,"rising EMA50, volume contraction, low-volume pullback",18,32,55,NO TRADE,WEAK,32.0,price<EMA20; EMA20>EMA50; EMA20 falling,5.96,42.8,0.36,10.14,1,True,7.56,129280699.0,24.03,24.08,25.87,20.01,27.52,18.22,36.1,16.43,36.1,27.66,RESISTANCE_BREAKOUT,BREAKOUT,0.5,,,0,,,0,False,False,26.0,ATR_FALLBACK,25.08,9.32,6.0,22.96,22.81,29.04,29.87,30.42,1.33,36.1,30.53,True,5.0,29.87,8.0,1.33,False,2.5,21.07,0.0,5357846.0,115125153.0,6.73,True,True,Galaxy Digital Inc. - Class A common stock,0,19.1,UNCLASSIFIED,,0.0,NONE,0.0,0.0,NONE,,True,0,NOT CHECKED,NONE,NEUTRAL,,,,NOT CHECKED,False,NOT CHECKED,NONE,0,,False,19.1,NO TRADE,NOT CHECKED,,,,,,,,,False,,,False,,,,False,,,,False,NONE,False,False,0,,,,NOT CHECKED,NO LIVE SIGNAL,19.1,True
GIS,36.44,REJECT,REJECT,"rising EMA50, near EMA200 pivot",26,32,40,NO TRADE,WEAK,32.0,price<EMA20; EMA20>EMA50; EMA20 falling,-2.03,29.4,0.29,5.02,0,False,3.34,333425800.0,38.08,37.64,38.62,35.61,42.2,32.75,42.2,31.21,44.07,42.3,RESISTANCE_BREAKOUT,BREAKOUT,0.23,,,0,,,0,False,False,40.25,ATR_FALLBACK,40.47,4.31,4.83,35.61,35.61,44.41,45.68,46.53,1.66,44.07,4.19,False,5.0,44.07,4.19,0.87,False,2.5,15.81,0.0,8537793.0,336721394.0,2.84,True,True,"General Mills, Inc. Common Stock",0,19.0,UNCLASSIFIED,,0.0,NONE,0.0,0.0,NONE,,True,0,NOT CHECKED,NONE,NEUTRAL,,,,NOT CHECKED,False,NOT CHECKED,NONE,0,,False,19.0,NO TRADE,NOT CHECKED,,,,,,,,,False,,,False,,,,False,,,,False,NONE,False,False,0,,,,NOT CHECKED,NO LIVE SIGNAL,19.0,False
PENN,17.83,REJECT,REJECT,near EMA200 pivot,18,30,20,NO TRADE,WEAK,32.0,price<EMA20; EMA20>EMA50; EMA20 falling,-2.4,50.9,0.32,4.15,0,False,3.31,43096121.0,17.78,18.54,17.81,16.24,18.88,16.24,22.35,13.59,22.36,18.93,RESISTANCE_BREAKOUT,BREAKOUT,0.25,,,0,,,0,False,False,18.43,EMA50,18.54,2.04,2.61,16.75,16.24,19.87,20.44,20.82,3.07,22.35,18.08,True,5.0,20.44,8.0,3.07,True,2.5,7.83,0.0,2459838.0,39228636.0,3.26,True,True,"PENN Entertainment, Inc. - Common Stock",0,18.9,UNCLASSIFIED,,0.0,NONE,0.0,0.0,NONE,,True,0,NOT CHECKED,NONE,NEUTRAL,,,,NOT CHECKED,False,NOT CHECKED,NONE,0,,False,18.9,NO TRADE,NOT CHECKED,,,,,,,,,False,,,False,,,,False,,,,False,NONE,False,False,0,,,,NOT CHECKED,NO LIVE SIGNAL,18.9,False
CAT,782.22,REJECT,REJECT,"near EMA200 pivot, tight range, volume contraction, low-volume pullback",30,36,40,NO TRADE,WEAK,32.0,price<EMA20; EMA20>EMA50; EMA20 falling,-9.25,41.1,0.35,5.6,0,False,2.69,1866563521.0,812.41,839.76,776.24,771.39,863.92,771.39,1071.47,660.37,1071.47,865.6,RESISTANCE_BREAKOUT,BREAKOUT,0.19,,,0,,,0,False,False,835.98,EMA50,839.76,2.98,3.42,772.86,771.39,908.88,934.85,952.16,2.34,1071.47,23.78,True,5.0,934.85,8.0,2.34,False,2.5,13.51,0.0,2306332.0,1892700650.0,2.51,True,True,"Caterpillar, Inc. Common Stock",0,18.8,UNCLASSIFIED,,0.0,NONE,0.0,0.0,NONE,,True,0,NOT CHECKED,NONE,NEUTRAL,,,,NOT CHECKED,False,NOT CHECKED,NONE,0,,False,18.8,NO TRADE,NOT CHECKED,,,,,,,,,False,,,False,,,,False,,,,False,NONE,False,False,0,,,,NOT CHECKED,NO LIVE SIGNAL,18.8,False
KNX,68.47,REJECT,REJECT,near EMA50 support,22,34,40,NO TRADE,WEAK,32.0,price<EMA20; EMA20>EMA50; EMA20 falling,-3.65,50.5,0.31,4.68,0,False,3.51,201744536.0,69.23,70.29,64.03,65.3,72.56,65.3,79.78,51.36,82.62,72.75,RESISTANCE_BREAKOUT,BREAKOUT,0.27,,,0,,,0,False,False,69.86,EMA50,70.29,3.38,3.98,66.11,65.3,76.39,78.57,80.03,2.01,79.78,9.66,True,5.0,78.57,8.0,2.01,False,2.5,6.85,0.0,2922294.0,208661042.0,3.42,True,True,Knight-Swift Transportation Holdings Inc.,0,18.7,UNCLASSIFIED,,0.0,NONE,0.0,0.0,NONE,,True,0,NOT CHECKED,NONE,NEUTRAL,,,,NOT CHECKED,False,NOT CHECKED,NONE,0,,False,18.7,NO TRADE,NOT CHECKED,,,,,,,,,False,,,False,,,,False,,,,False,NONE,False,False,0,,,,NOT CHECKED,NO LIVE SIGNAL,18.7,False
CAKE,97.19,REJECT,REJECT,"rising EMA50, near EMA50 support, volume contraction, low-volume pullback",32,38,55,NO TRADE,WEAK,32.0,price<EMA20; EMA20>EMA50; EMA20 falling,-8.86,25.5,0.45,6.38,0,False,3.87,157058931.0,105.48,99.35,76.56,99.54,115.78,75.37,118.46,52.42,118.46,116.08,RESISTANCE_BREAKOUT,BREAKOUT,0.26,,,0,,,0,False,False,109.76,ATR_FALLBACK,110.44,4.86,5.45,99.54,99.54,121.89,125.37,127.69,1.47,118.46,2.05,False,5.0,118.46,2.05,0.38,False,2.5,19.12,0.0,1447249.0,152667782.0,3.6,True,True,The Cheesecake Factory Incorporated - Common Stock,0,18.4,UNCLASSIFIED,,0.0,NONE,0.0,0.0,NONE,,True,0,NOT CHECKED,NONE,NEUTRAL,,,,NOT CHECKED,False,NOT CHECKED,NONE,0,,False,18.4,NO TRADE,NOT CHECKED,,,,,,,,,False,,,False,,,,False,,,,False,NONE,False,False,0,,,,NOT CHECKED,NO LIVE SIGNAL,18.4,False
SW,43.58,REJECT,REJECT,"near EMA200 pivot, volume contraction, low-volume pullback",28,34,40,NO TRADE,WEAK,32.0,price<EMA20; EMA20>EMA50; EMA20 falling,-6.82,21.7,0.47,4.27,0,False,3.21,190886485.0,45.41,45.6,43.09,41.7,50.52,40.76,51.52,35.21,51.52,50.63,RESISTANCE_BREAKOUT,BREAKOUT,0.22,,,0,,,0,False,False,48.28,ATR_FALLBACK,48.53,4.15,4.65,41.7,41.7,53.16,54.68,55.7,1.72,51.52,1.75,False,5.0,51.52,1.75,0.38,False,2.5,15.92,0.0,4099300.0,169931132.0,2.95,True,True,Smurfit WestRock plc Ordinary Shares,0,18.3,UNCLASSIFIED,,0.0,NONE,0.0,0.0,NONE,,True,0,NOT CHECKED,NONE,NEUTRAL,,,,NOT CHECKED,False,NOT CHECKED,NONE,0,,False,18.3,NO TRADE,NOT CHECKED,,,,,,,,,False,,,False,,,,False,,,,False,NONE,False,False,0,,,,NOT CHECKED,NO LIVE SIGNAL,18.3,False
COLB,30.18,REJECT,REJECT,"near EMA50 support, tight range",24,36,55,NO TRADE,WEAK,32.0,price<EMA20; EMA20>EMA50; EMA20 falling,-3.51,50.2,0.38,2.59,0,False,2.13,85644850.0,30.35,30.57,29.09,29.22,32.1,29.22,33.27,25.05,33.27,32.15,RESISTANCE_BREAKOUT,BREAKOUT,0.16,,,0,,,0,False,False,30.45,EMA50,30.57,4.92,5.28,29.44,29.22,33.76,34.72,35.36,1.51,33.27,3.5,False,5.0,33.27,3.5,0.66,False,2.5,7.47,0.0,2828474.0,80013323.0,2.1,True,True,"Columbia Banking System, Inc. - Common Stock",0,18.2,UNCLASSIFIED,,0.0,NONE,0.0,0.0,NONE,,True,0,NOT CHECKED,NONE,NEUTRAL,,,,NOT CHECKED,False,NOT CHECKED,NONE,0,,False,18.2,NO TRADE,NOT CHECKED,,,,,,,,,False,,,False,,,,False,,,,False,NONE,False,False,0,,,,NOT CHECKED,NO LIVE SIGNAL,18.2,False
CRSP,51.67,REJECT,REJECT,"near EMA200 pivot, volume contraction, low-volume pullback",28,34,55,NO TRADE,WEAK,32.0,price<EMA20; EMA20>EMA50; EMA20 falling,-2.77,12.1,0.37,12.91,1,True,4.08,84309303.0,54.58,54.07,54.09,51.33,62.53,45.89,63.45,44.12,63.45,62.7,RESISTANCE_BREAKOUT,BREAKOUT,0.27,,,0,,,0,False,False,59.16,ATR_FALLBACK,59.54,5.04,5.65,51.33,51.33,65.84,67.72,68.97,1.42,63.45,1.19,False,5.0,63.45,1.19,0.21,False,2.5,21.02,0.0,1478801.0,70029120.0,4.23,True,True,CRISPR Therapeutics AG - Common Shares,0,18.1,UNCLASSIFIED,,0.0,NONE,0.0,0.0,NONE,,True,0,NOT CHECKED,NONE,NEUTRAL,,,,NOT CHECKED,False,NOT CHECKED,NONE,0,,False,18.1,NO TRADE,NOT CHECKED,,,,,,,,,False,,,False,,,,False,,,,False,NONE,False,False,0,,,,NOT CHECKED,NO LIVE SIGNAL,18.1,True
CFG,69.86,REJECT,REJECT,"near EMA50 support, tight range",24,36,55,NO TRADE,WEAK,32.0,price<EMA20; EMA20>EMA50; EMA20 falling,-3.96,50.2,0.39,2.38,0,False,2.09,213456671.0,70.39,70.16,64.29,67.67,74.99,66.72,75.33,54.74,75.33,75.11,RESISTANCE_BREAKOUT,BREAKOUT,0.16,,,0,,,0,False,False,70.6,EMA20,70.39,6.28,6.0,68.45,67.67,78.86,81.12,82.62,1.33,75.33,0.3,False,5.0,75.33,0.3,0.05,False,2.5,7.83,0.0,3046907.0,184655559.0,2.09,True,True,"Citizens Financial Group, Inc. Common Stock",0,18.0,UNCLASSIFIED,,0.0,NONE,0.0,0.0,NONE,,True,0,NOT CHECKED,NONE,NEUTRAL,,,,NOT CHECKED,False,NOT CHECKED,NONE,0,,False,18.0,NO TRADE,NOT CHECKED,,,,,,,,,False,,,False,,,,False,,,,False,NONE,False,False,0,,,,NOT CHECKED,NO LIVE SIGNAL,18.0,False
ALNY,240.75,REJECT,REJECT,"volume contraction, low-volume pullback",10,30,55,NO TRADE,WEAK,32.0,price<EMA20; EMA20>EMA50; EMA20 falling,9.22,50.5,0.36,8.65,0,False,4.66,405733176.0,247.54,254.33,311.75,222.01,272.08,197.81,380.0,197.81,380.0,272.98,RESISTANCE_BREAKOUT,BREAKOUT,0.33,,,0,,,0,False,False,256.6,ATR_FALLBACK,256.16,6.16,6.0,244.18,233.33,286.63,294.81,300.27,1.33,380.0,39.21,True,5.0,294.81,8.0,1.33,False,2.5,13.01,0.0,1643876.0,392008399.0,4.22,True,True,"Alnylam Pharmaceuticals, Inc. - Common Stock",0,17.9,UNCLASSIFIED,,0.0,NONE,0.0,0.0,NONE,,True,0,NOT CHECKED,NONE,NEUTRAL,,,,NOT CHECKED,False,NOT CHECKED,NONE,0,,False,17.9,NO TRADE,NOT CHECKED,,,,,,,,,False,,,False,,,,False,,,,False,NONE,False,False,0,,,,NOT CHECKED,NO LIVE SIGNAL,17.9,False
INDV,33.96,REJECT,REJECT,"near EMA200 pivot, tight range, volume contraction, low-volume pullback",30,36,40,NO TRADE,WEAK,32.0,price<EMA20; EMA20>EMA50; EMA20 falling,-11.07,26.2,0.22,6.11,0,False,2.42,65157141.0,35.53,36.92,34.94,33.84,40.0,33.84,42.81,27.68,42.81,40.07,RESISTANCE_BREAKOUT,BREAKOUT,0.16,,,0,,,0,False,False,38.68,ATR_FALLBACK,38.83,3.08,3.45,33.84,33.84,42.07,43.27,44.07,2.32,42.81,6.85,True,5.0,42.81,6.85,1.99,False,2.5,17.79,0.0,1821109.0,63089233.0,2.71,True,True,"Indivior Pharmaceuticals, Inc.  - Common Stock",0,17.9,UNCLASSIFIED,,0.0,NONE,0.0,0.0,NONE,,True,0,NOT CHECKED,NONE,NEUTRAL,,,,NOT CHECKED,False,NOT CHECKED,NONE,0,,False,17.9,NO TRADE,NOT CHECKED,,,,,,,,,False,,,False,,,,False,,,,False,NONE,False,False,0,,,,NOT CHECKED,NO LIVE SIGNAL,17.9,False
PGY,21.07,REJECT,REJECT,"above EMA50, rising EMA50",18,28,35,NO TRADE,WEAK,32.0,price<EMA20; EMA20>EMA50; EMA20 falling,2.7,44.2,0.39,7.61,0,False,5.97,44295722.0,21.3,20.02,20.14,19.55,23.68,14.76,23.68,10.4,23.68,23.78,RESISTANCE_BREAKOUT,BREAKOUT,0.42,,,0,,,0,False,False,22.35,ATR_FALLBACK,21.9,7.93,6.0,19.7,19.7,24.97,25.68,26.16,1.33,,,False,5.0,25.68,8.0,1.33,False,2.5,12.39,0.0,2058641.0,44864347.0,5.23,True,True,Pagaya Technologies Ltd. - Class A Ordinary Shares,0,17.9,UNCLASSIFIED,,0.0,NONE,0.0,0.0,NONE,,True,0,NOT CHECKED,NONE,NEUTRAL,,,,NOT CHECKED,False,NOT CHECKED,NONE,0,,False,17.9,NO TRADE,NOT CHECKED,,,,,,,,,False,,,False,,,,False,,,,False,NONE,False,False,0,,,,NOT CHECKED,NO LIVE SIGNAL,17.9,False
AMTM,19.98,REJECT,REJECT,"tight range, volume contraction, low-volume pullback",20,26,20,NO TRADE,WEAK,32.0,price<EMA20; EMA20>EMA50; EMA20 falling,-0.2,45.4,0.29,4.27,0,False,2.59,39531558.0,20.3,21.17,23.85,19.21,21.68,19.21,25.08,19.8,31.37,21.72,RESISTANCE_BREAKOUT,BREAKOUT,0.19,,,0,,,0,False,False,21.07,EMA50,21.17,2.55,2.98,19.21,19.21,22.81,23.46,23.89,2.68,25.08,15.46,True,5.0,23.46,8.0,2.68,True,2.5,8.54,0.0,1943709.0,36696440.0,3.15,True,True,"Amentum Holdings, Inc. Common Stock",0,17.8,UNCLASSIFIED,,0.0,NONE,0.0,0.0,NONE,,True,0,NOT CHECKED,NONE,NEUTRAL,,,,NOT CHECKED,False,NOT CHECKED,NONE,0,,False,17.8,NO TRADE,NOT CHECKED,,,,,,,,,False,,,False,,,,False,,,,False,NONE,False,False,0,,,,NOT CHECKED,NO LIVE SIGNAL,17.8,False
CLS,317.7,REJECT,REJECT,"near EMA50 support, near EMA200 pivot",24,36,55,NO TRADE,WEAK,32.0,price<EMA20; EMA20>EMA50; EMA20 falling,-4.64,53.2,0.39,11.55,1,True,5.81,665790614.0,317.88,326.37,324.83,273.8,353.0,273.8,378.99,244.51,474.03,354.48,RESISTANCE_BREAKOUT,BREAKOUT,0.42,,,0,,,0,False,False,333.21,ATR_FALLBACK,326.8,7.81,6.0,313.0,273.8,372.2,382.83,389.92,1.33,378.99,6.92,True,5.0,378.99,6.92,1.15,False,2.5,11.11,0.0,2143437.0,577364184.0,4.94,True,True,"Celestica, Inc. Common Stock",0,17.6,UNCLASSIFIED,,0.0,NONE,0.0,0.0,NONE,,True,0,NOT CHECKED,NONE,NEUTRAL,,,,NOT CHECKED,False,NOT CHECKED,NONE,0,,False,17.6,NO TRADE,NOT CHECKED,,,,,,,,,False,,,False,,,,False,,,,False,NONE,False,False,0,,,,NOT CHECKED,NO LIVE SIGNAL,17.6,True
SOFI,17.23,REJECT,REJECT,"tight range, volume contraction, low-volume pullback",28,34,55,NO TRADE,WEAK,32.0,price<EMA20; EMA20>EMA50; EMA20 falling,-3.87,35.8,0.73,5.52,0,False,4.25,683227947.0,17.81,17.78,19.68,16.92,19.5,14.88,19.74,14.88,20.13,19.55,RESISTANCE_BREAKOUT,BREAKOUT,0.3,,,0,,,0,False,False,18.38,ATR_FALLBACK,18.46,5.62,6.0,16.93,16.92,20.53,21.12,21.51,1.33,19.74,0.95,False,5.0,19.74,0.95,0.16,False,2.5,13.15,0.0,37777905.0,689262224.0,4.18,True,True,"SoFi Technologies, Inc.  - Common Stock",0,17.5,UNCLASSIFIED,,0.0,NONE,0.0,0.0,NONE,,True,0,NOT CHECKED,NONE,NEUTRAL,,,,NOT CHECKED,False,NOT CHECKED,NONE,0,,False,17.5,NO TRADE,NOT CHECKED,,,,,,,,,False,,,False,,,,False,,,,False,NONE,False,False,0,,,,NOT CHECKED,NO LIVE SIGNAL,17.5,False
DOW,29.74,REJECT,REJECT,"near EMA50 support, near EMA200 pivot",24,30,40,NO TRADE,WEAK,32.0,price<EMA20; EMA20>EMA50; EMA20 falling,-1.98,49.3,0.42,4.23,0,False,3.25,251839777.0,29.94,30.39,30.26,28.71,33.02,26.49,33.02,26.49,41.82,33.09,RESISTANCE_BREAKOUT,BREAKOUT,0.23,,,0,,,0,False,False,31.47,ATR_FALLBACK,31.64,4.38,4.91,28.71,28.71,34.75,35.74,36.4,1.63,41.82,26.38,True,5.0,35.74,8.0,1.63,False,2.5,11.02,0.0,8288531.0,251348118.0,3.14,True,True,Dow Inc. Common Stock ,0,17.3,UNCLASSIFIED,,0.0,NONE,0.0,0.0,NONE,,True,0,NOT CHECKED,NONE,NEUTRAL,,,,NOT CHECKED,False,NOT CHECKED,NONE,0,,False,17.3,NO TRADE,NOT CHECKED,,,,,,,,,False,,,False,,,,False,,,,False,NONE,False,False,0,,,,NOT CHECKED,NO LIVE SIGNAL,17.3,False
KVYO,17.3,REJECT,REJECT,"rising EMA50, near EMA50 support",22,32,55,NO TRADE,WEAK,32.0,price<EMA20; EMA20>EMA50; EMA20 falling,0.66,48.5,0.28,11.42,2,True,6.33,101734116.0,17.95,17.77,20.02,15.91,20.92,12.53,20.92,12.53,23.52,21.0,RESISTANCE_BREAKOUT,BREAKOUT,0.42,,,0,,,0,False,False,19.74,ATR_FALLBACK,19.36,7.82,6.0,15.91,15.91,22.05,22.68,23.1,1.33,23.52,11.99,True,5.0,22.68,8.0,1.33,False,2.5,20.9,0.0,5515118.0,97523465.0,5.01,True,True,"Klaviyo, Inc. Series A Common Stock",0,17.3,UNCLASSIFIED,,0.0,NONE,0.0,0.0,NONE,,True,0,NOT CHECKED,NONE,NEUTRAL,,,,NOT CHECKED,False,NOT CHECKED,NONE,0,,False,17.3,NO TRADE,NOT CHECKED,,,,,,,,,False,,,False,,,,False,,,,False,NONE,False,False,0,,,,NOT CHECKED,NO LIVE SIGNAL,17.3,True
VCYT,40.72,REJECT,REJECT,"near EMA200 pivot, volume contraction, low-volume pullback",20,26,20,NO TRADE,WEAK,32.0,price<EMA20; EMA20>EMA50; EMA20 falling,-1.19,36.9,0.37,6.2,0,False,4.36,50501499.0,43.31,45.89,43.14,40.1,45.99,40.1,60.91,29.45,60.91,46.13,RESISTANCE_BREAKOUT,BREAKOUT,0.31,,,0,,,0,False,False,44.8,EMA50,45.89,0.53,2.88,40.5,40.5,48.44,49.82,50.75,2.77,60.91,32.03,True,5.0,49.82,8.0,2.77,True,2.5,12.93,0.0,1175992.0,44527350.0,4.13,True,True,"Veracyte, Inc. - Common Stock",0,17.3,UNCLASSIFIED,,0.0,NONE,0.0,0.0,NONE,,True,0,NOT CHECKED,NONE,NEUTRAL,,,,NOT CHECKED,False,NOT CHECKED,NONE,0,,False,17.3,NO TRADE,NOT CHECKED,,,,,,,,,False,,,False,,,,False,,,,False,NONE,False,False,0,,,,NOT CHECKED,NO LIVE SIGNAL,17.3,False
VIK,85.35,REJECT,REJECT,"near EMA200 pivot, tight range, volume contraction, low-volume pullback",30,36,40,NO TRADE,WEAK,32.0,price<EMA20; EMA20>EMA50; EMA20 falling,-12.5,31.1,0.37,2.65,0,False,3.07,371714728.0,89.02,92.79,84.79,83.69,100.48,83.94,110.09,65.65,110.09,100.69,RESISTANCE_BREAKOUT,BREAKOUT,0.21,,,0,,,0,False,False,96.29,ATR_FALLBACK,96.76,3.9,4.37,83.69,83.69,105.72,108.74,110.76,1.83,110.09,9.34,True,5.0,108.74,8.0,1.83,False,2.5,18.61,0.0,4184032.0,327932561.0,3.3,True,True,Viking Holdings Ltd Ordinary Shares,0,17.2,UNCLASSIFIED,,0.0,NONE,0.0,0.0,NONE,,True,0,NOT CHECKED,NONE,NEUTRAL,,,,NOT CHECKED,False,NOT CHECKED,NONE,0,,False,17.2,NO TRADE,NOT CHECKED,,,,,,,,,False,,,False,,,,False,,,,False,NONE,False,False,0,,,,NOT CHECKED,NO LIVE SIGNAL,17.2,False
RPRX,58.46,REJECT,REJECT,"rising EMA50, near EMA50 support",22,32,55,NO TRADE,WEAK,32.0,price<EMA20; EMA20>EMA50; EMA20 falling,0.36,33.5,0.34,3.42,0,False,2.78,179751196.0,60.3,58.95,51.08,57.75,64.38,52.68,64.38,44.35,62.46,64.51,RESISTANCE_BREAKOUT,BREAKOUT,0.2,,,0,,,0,False,False,60.64,EMA20,60.3,6.53,6.0,57.75,57.75,67.74,69.67,70.96,1.33,,,False,5.0,69.67,8.0,1.33,False,2.5,10.13,0.0,2940892.0,169535566.0,2.26,True,True,Royalty Pharma plc - Class A Ordinary Shares,0,17.1,UNCLASSIFIED,,0.0,NONE,0.0,0.0,NONE,,True,0,NOT CHECKED,NONE,NEUTRAL,,,,NOT CHECKED,False,NOT CHECKED,NONE,0,,False,17.1,NO TRADE,NOT CHECKED,,,,,,,,,False,,,False,,,,False,,,,False,NONE,False,False,0,,,,NOT CHECKED,NO LIVE SIGNAL,17.1,False
SCCO,188.18,REJECT,REJECT,"rising EMA50, near EMA50 support",22,32,55,NO TRADE,WEAK,32.0,price<EMA20; EMA20>EMA50; EMA20 falling,0.02,24.9,0.29,8.69,0,False,4.59,235146493.0,198.59,193.09,172.72,183.5,220.78,158.5,220.78,146.51,220.78,221.47,RESISTANCE_BREAKOUT,BREAKOUT,0.31,,,0,,,0,False,False,208.18,ATR_FALLBACK,208.51,5.85,6.0,183.5,183.5,232.54,239.19,243.62,1.33,,,False,5.0,239.19,8.0,1.33,False,2.5,17.32,0.0,1148947.0,229267775.0,3.67,True,True,Southern Copper Corporation Common Stock,0,17.0,UNCLASSIFIED,,0.0,NONE,0.0,0.0,NONE,,True,0,NOT CHECKED,NONE,NEUTRAL,,,,NOT CHECKED,False,NOT CHECKED,NONE,0,,False,17.0,NO TRADE,NOT CHECKED,,,,,,,,,False,,,False,,,,False,,,,False,NONE,False,False,0,,,,NOT CHECKED,NO LIVE SIGNAL,17.0,False
STLD,237.03,REJECT,REJECT,"near EMA50 support, volume contraction, low-volume pullback",24,36,55,NO TRADE,WEAK,32.0,price<EMA20; EMA20>EMA50; EMA20 falling,-6.16,56.6,0.37,5.79,0,False,3.1,275376693.0,240.02,241.8,215.25,218.02,257.22,216.36,273.36,161.29,288.09,257.81,RESISTANCE_BREAKOUT,BREAKOUT,0.23,,,0,,,0,False,False,242.34,EMA50,241.8,6.21,6.0,233.8,229.04,270.7,278.43,283.59,1.33,273.36,6.03,True,5.0,273.36,6.03,1.01,False,2.5,9.29,0.0,1174510.0,243711731.0,3.74,True,True,"Steel Dynamics, Inc. - Common Stock",0,16.9,UNCLASSIFIED,,0.0,NONE,0.0,0.0,NONE,,True,0,NOT CHECKED,NONE,NEUTRAL,,,,NOT CHECKED,False,NOT CHECKED,NONE,0,,False,16.9,NO TRADE,NOT CHECKED,,,,,,,,,False,,,False,,,,False,,,,False,NONE,False,False,0,,,,NOT CHECKED,NO LIVE SIGNAL,16.9,False
CBRE,140.06,REJECT,REJECT,"near EMA50 support, near EMA200 pivot",24,30,40,NO TRADE,WEAK,32.0,price<EMA20; EMA20>EMA50; EMA20 falling,-3.31,34.7,0.42,5.27,0,False,3.14,215837296.0,144.39,144.19,146.33,137.24,156.55,128.55,156.55,121.69,157.6,156.9,RESISTANCE_BREAKOUT,BREAKOUT,0.22,,,0,,,0,False,False,149.52,ATR_FALLBACK,150.31,4.2,4.71,137.24,137.24,164.75,169.45,172.59,1.7,157.6,0.45,False,5.0,157.6,0.45,0.09,False,2.5,11.77,0.0,1478288.0,220212952.0,2.74,True,True,CBRE Group Inc Common Stock Class A,0,16.6,UNCLASSIFIED,,0.0,NONE,0.0,0.0,NONE,,True,0,NOT CHECKED,NONE,NEUTRAL,,,,NOT CHECKED,False,NOT CHECKED,NONE,0,,False,16.6,NO TRADE,NOT CHECKED,,,,,,,,,False,,,False,,,,False,,,,False,NONE,False,False,0,,,,NOT CHECKED,NO LIVE SIGNAL,16.6,False
ACHC,27.67,REJECT,REJECT,"tight range, volume contraction, low-volume pullback",28,34,55,NO TRADE,WEAK,32.0,price<EMA20; EMA20>EMA50; EMA20 falling,-5.74,36.8,0.26,4.0,0,False,5.13,41504551.0,28.61,28.98,25.55,26.62,32.87,23.67,35.83,21.6,35.83,32.98,RESISTANCE_BREAKOUT,BREAKOUT,0.35,,,0,,,0,False,False,31.0,ATR_FALLBACK,30.85,6.45,6.0,26.85,26.85,34.63,35.62,36.28,1.33,35.83,8.63,True,5.0,35.62,8.0,1.33,False,2.5,18.79,0.0,1466806.0,35597420.0,5.19,True,True,"Acadia Healthcare Company, Inc. - Common Stock",0,16.6,UNCLASSIFIED,,0.0,NONE,0.0,0.0,NONE,,True,0,NOT CHECKED,NONE,NEUTRAL,,,,NOT CHECKED,False,NOT CHECKED,NONE,0,,False,16.6,NO TRADE,NOT CHECKED,,,,,,,,,False,,,False,,,,False,,,,False,NONE,False,False,0,,,,NOT CHECKED,NO LIVE SIGNAL,16.6,False
FISV,50.97,REJECT,REJECT,near EMA50 support,22,28,40,NO TRADE,WEAK,32.0,price<EMA20; EMA20>EMA50; EMA20 falling,-0.36,43.7,0.39,7.64,0,False,3.52,324205470.0,51.63,52.27,63.92,48.37,53.99,47.04,56.63,47.04,65.29,54.13,RESISTANCE_BREAKOUT,BREAKOUT,0.27,,,0,,,0,False,False,51.95,EMA50,52.27,3.44,4.04,48.37,48.37,56.84,58.46,59.55,1.98,56.63,4.61,False,5.0,56.63,4.61,1.14,False,2.5,6.03,0.0,6283632.0,288788436.0,3.07,True,True,"Fiserv, Inc. - Common Stock",0,16.4,UNCLASSIFIED,,0.0,NONE,0.0,0.0,NONE,,True,0,NOT CHECKED,NONE,NEUTRAL,,,,NOT CHECKED,False,NOT CHECKED,NONE,0,,False,16.4,NO TRADE,NOT CHECKED,,,,,,,,,False,,,False,,,,False,,,,False,NONE,False,False,0,,,,NOT CHECKED,NO LIVE SIGNAL,16.4,False
SRE,81.69,REJECT,REJECT,"tight range, volume contraction, low-volume pullback",20,26,20,NO TRADE,WEAK,32.0,price<EMA20; EMA20>EMA50; EMA20 falling,-2.91,41.9,0.24,3.13,0,False,2.46,320168488.0,84.41,86.61,88.75,79.59,88.14,79.59,96.02,79.59,100.32,88.3,RESISTANCE_BREAKOUT,BREAKOUT,0.18,,,0,,,0,False,False,86.25,EMA50,86.61,1.91,2.32,82.82,79.59,92.72,95.36,97.13,3.45,96.02,8.74,True,5.0,95.36,8.0,3.45,True,2.5,7.89,0.0,3800268.0,278648426.0,2.35,True,True,DBA Sempra Common Stock,0,16.4,UNCLASSIFIED,,0.0,NONE,0.0,0.0,NONE,,True,0,NOT CHECKED,NONE,NEUTRAL,,,,NOT CHECKED,False,NOT CHECKED,NONE,0,,False,16.4,NO TRADE,NOT CHECKED,,,,,,,,,False,,,False,,,,False,,,,False,NONE,False,False,0,,,,NOT CHECKED,NO LIVE SIGNAL,16.4,False
CSGP,31.11,REJECT,REJECT,"near EMA50 support, volume contraction",20,30,55,NO TRADE,WEAK,32.0,price<EMA20; EMA20>EMA50; EMA20 falling,1.28,39.9,0.18,8.36,0,False,3.85,205408329.0,31.08,31.23,42.83,28.79,33.82,25.89,33.82,25.89,49.03,33.92,RESISTANCE_BREAKOUT,BREAKOUT,0.28,,,0,,,0,False,False,31.9,ATR_FALLBACK,32.12,5.3,5.94,28.79,28.79,35.61,36.63,37.31,1.35,49.03,44.56,True,5.0,36.63,8.0,1.35,False,2.5,8.69,0.0,6484973.0,163473986.0,3.74,True,True,"CoStar Group, Inc. - Common Stock",0,15.9,UNCLASSIFIED,,0.0,NONE,0.0,0.0,NONE,,True,0,NOT CHECKED,NONE,NEUTRAL,,,,NOT CHECKED,False,NOT CHECKED,NONE,0,,False,15.9,NO TRADE,NOT CHECKED,,,,,,,,,False,,,False,,,,False,,,,False,NONE,False,False,0,,,,NOT CHECKED,NO LIVE SIGNAL,15.9,False
GXO,45.82,REJECT,REJECT,tight range,18,24,20,NO TRADE,WEAK,32.0,price<EMA20; EMA20>EMA50; EMA20 falling,-1.14,42.2,0.4,3.46,0,False,3.1,57179508.0,46.99,48.34,51.21,44.99,48.8,45.0,54.78,45.0,64.05,48.91,RESISTANCE_BREAKOUT,BREAKOUT,0.23,,,0,,,0,False,False,47.85,EMA50,48.34,1.17,2.18,44.99,44.99,51.36,52.83,53.8,3.67,54.78,11.99,True,5.0,52.83,8.0,3.67,True,2.5,6.61,0.0,1224545.0,55144043.0,2.81,True,True,"GXO Logistics, Inc. Common Stock ",0,15.6,UNCLASSIFIED,,0.0,NONE,0.0,0.0,NONE,,True,0,NOT CHECKED,NONE,NEUTRAL,,,,NOT CHECKED,False,NOT CHECKED,NONE,0,,False,15.6,NO TRADE,NOT CHECKED,,,,,,,,,False,,,False,,,,False,,,,False,NONE,False,False,0,,,,NOT CHECKED,NO LIVE SIGNAL,15.6,False
RIOT,19.74,REJECT,REJECT,"near EMA200 pivot, volume contraction, low-volume pullback",20,30,55,NO TRADE,WEAK,32.0,price<EMA20; EMA20>EMA50; EMA20 falling,0.5,43.5,0.42,13.44,1,True,6.93,315439631.0,20.59,21.01,19.91,17.39,22.87,17.39,30.32,11.5,30.32,22.98,RESISTANCE_BREAKOUT,BREAKOUT,0.48,,,0,,,0,False,False,21.6,ATR_FALLBACK,20.93,8.93,6.0,20.09,17.39,24.13,24.82,25.28,1.33,30.32,31.94,True,5.0,24.82,8.0,1.33,False,2.5,15.89,0.0,15520179.0,316414760.0,6.99,True,True,"Riot Platforms, Inc. - Common Stock",0,15.5,UNCLASSIFIED,,0.0,NONE,0.0,0.0,NONE,,True,0,NOT CHECKED,NONE,NEUTRAL,,,,NOT CHECKED,False,NOT CHECKED,NONE,0,,False,15.5,NO TRADE,NOT CHECKED,,,,,,,,,False,,,False,,,,False,,,,False,NONE,False,False,0,,,,NOT CHECKED,NO LIVE SIGNAL,15.5,True
HIMS,28.07,REJECT,REJECT,"tight range, volume contraction, low-volume pullback",20,30,55,NO TRADE,WEAK,32.0,price<EMA20; EMA20>EMA50; EMA20 falling,0.14,35.8,0.42,13.51,1,True,5.27,315979894.0,28.94,29.7,31.68,26.73,34.46,24.24,39.05,14.31,39.05,34.57,RESISTANCE_BREAKOUT,BREAKOUT,0.34,,,0,,,0,False,False,32.5,ATR_FALLBACK,32.36,6.42,6.0,26.73,26.73,36.3,37.34,38.03,1.33,39.05,12.95,True,5.0,37.34,8.0,1.33,False,2.5,22.75,0.0,10600192.0,275102931.0,5.9,True,True,"Hims & Hers Health, Inc. Class A Common Stock",0,15.3,UNCLASSIFIED,,0.0,NONE,0.0,0.0,NONE,,True,0,NOT CHECKED,NONE,NEUTRAL,,,,NOT CHECKED,False,NOT CHECKED,NONE,0,,False,15.3,NO TRADE,NOT CHECKED,,,,,,,,,False,,,False,,,,False,,,,False,NONE,False,False,0,,,,NOT CHECKED,NO LIVE SIGNAL,15.3,True
TREX,43.56,REJECT,REJECT,"near EMA200 pivot, tight range",28,34,55,NO TRADE,WEAK,32.0,price<EMA20; EMA20>EMA50; EMA20 falling,-8.62,34.8,0.25,5.42,0,False,3.45,60558134.0,45.28,45.48,44.65,42.73,49.65,41.7,50.96,35.11,50.96,49.77,RESISTANCE_BREAKOUT,BREAKOUT,0.24,,,0,,,0,False,False,47.24,ATR_FALLBACK,47.51,4.53,5.08,43.22,42.73,52.26,53.75,54.75,1.58,50.96,2.39,False,5.0,50.96,2.39,0.47,False,2.5,13.98,0.0,1329812.0,60345554.0,3.16,True,True,"Trex Company, Inc. Common Stock",0,15.1,UNCLASSIFIED,,0.0,NONE,0.0,0.0,NONE,,True,0,NOT CHECKED,NONE,NEUTRAL,,,,NOT CHECKED,False,NOT CHECKED,NONE,0,,False,15.1,NO TRADE,NOT CHECKED,,,,,,,,,False,,,False,,,,False,,,,False,NONE,False,False,0,,,,NOT CHECKED,NO LIVE SIGNAL,15.1,False
ZM,94.0,REJECT,REJECT,"near EMA200 pivot, volume contraction, low-volume pullback",28,34,55,NO TRADE,WEAK,32.0,price<EMA20; EMA20>EMA50; EMA20 falling,-8.92,39.5,0.63,6.86,0,False,4.0,321013141.0,97.79,97.37,92.2,92.72,108.78,82.27,110.89,70.7,114.74,109.08,RESISTANCE_BREAKOUT,BREAKOUT,0.28,,,0,,,0,False,False,102.77,ATR_FALLBACK,103.44,5.17,5.79,94.75,94.66,114.53,117.81,119.99,1.38,110.89,1.66,False,5.0,110.89,1.66,0.29,False,2.5,15.72,0.0,3240071.0,263541801.0,3.34,True,True,"Zoom Communications, Inc. - Class A Common Stock",0,15.0,UNCLASSIFIED,,0.0,NONE,0.0,0.0,NONE,,True,0,NOT CHECKED,NONE,NEUTRAL,,,,NOT CHECKED,False,NOT CHECKED,NONE,0,,False,15.0,NO TRADE,NOT CHECKED,,,,,,,,,False,,,False,,,,False,,,,False,NONE,False,False,0,,,,NOT CHECKED,NO LIVE SIGNAL,15.0,False
PLNT,50.88,REJECT,REJECT,tight range,18,28,55,NO TRADE,WEAK,32.0,price<EMA20; EMA20>EMA50; EMA20 falling,2.52,42.7,0.37,5.39,0,False,3.18,82730793.0,51.36,52.51,67.16,48.55,55.37,47.58,57.4,37.03,83.45,55.5,RESISTANCE_BREAKOUT,BREAKOUT,0.23,,,0,,,0,False,False,52.22,EMA50,52.51,5.39,5.91,48.55,48.55,58.27,59.94,61.05,1.35,57.4,3.42,False,5.0,57.4,3.42,0.58,False,2.5,8.82,0.0,1593609.0,82025632.0,3.16,True,True,"Planet Fitness, Inc. Common Stock",0,14.8,UNCLASSIFIED,,0.0,NONE,0.0,0.0,NONE,,True,0,NOT CHECKED,NONE,NEUTRAL,,,,NOT CHECKED,False,NOT CHECKED,NONE,0,,False,14.8,NO TRADE,NOT CHECKED,,,,,,,,,False,,,False,,,,False,,,,False,NONE,False,False,0,,,,NOT CHECKED,NO LIVE SIGNAL,14.8,False
TXN,263.04,REJECT,REJECT,"volume contraction, low-volume pullback",18,30,40,NO TRADE,WEAK,32.0,price<EMA20; EMA20>EMA50; EMA20 falling,-5.0,52.8,0.27,5.42,0,False,2.87,1388974144.0,263.93,271.34,247.86,248.13,278.99,248.13,332.33,183.03,332.33,279.59,RESISTANCE_BREAKOUT,BREAKOUT,0.22,,,0,,,0,False,False,269.99,EMA50,271.34,2.95,3.44,255.82,248.13,293.57,301.96,307.55,2.33,332.33,18.86,True,5.0,301.96,8.0,2.33,False,2.5,8.81,0.0,5303531.0,1435010331.0,2.73,True,True,Texas Instruments Incorporated - Common Stock,0,14.6,UNCLASSIFIED,,0.0,NONE,0.0,0.0,NONE,,True,0,NOT CHECKED,NONE,NEUTRAL,,,,NOT CHECKED,False,NOT CHECKED,NONE,0,,False,14.6,NO TRADE,NOT CHECKED,,,,,,,,,False,,,False,,,,False,,,,False,NONE,False,False,0,,,,NOT CHECKED,NO LIVE SIGNAL,14.6,False
LMT,534.67,REJECT,REJECT,"near EMA50 support, near EMA200 pivot",24,30,40,NO TRADE,WEAK,32.0,price<EMA20; EMA20>EMA50; EMA20 falling,-7.37,40.2,0.35,2.59,0,False,2.25,576169297.0,544.74,549.48,539.91,521.87,608.98,484.16,608.98,484.16,683.27,609.94,RESISTANCE_BREAKOUT,BREAKOUT,0.16,,,0,,,0,False,False,589.77,ATR_FALLBACK,591.93,2.95,3.31,521.87,521.87,640.44,658.74,670.94,2.42,683.27,12.02,True,5.0,658.74,8.0,2.42,False,2.5,13.9,0.0,1049573.0,579222858.0,2.22,True,True,Lockheed Martin Corporation Common Stock,0,14.6,UNCLASSIFIED,,0.0,NONE,0.0,0.0,NONE,,True,0,NOT CHECKED,NONE,NEUTRAL,,,,NOT CHECKED,False,NOT CHECKED,NONE,0,,False,14.6,NO TRADE,NOT CHECKED,,,,,,,,,False,,,False,,,,False,,,,False,NONE,False,False,0,,,,NOT CHECKED,NO LIVE SIGNAL,14.6,False
SEI,62.59,REJECT,REJECT,rising EMA50,16,28,35,NO TRADE,WEAK,32.0,price<EMA20; EMA20>EMA50; EMA20 falling,-3.1,62.2,0.42,16.29,1,True,6.56,158435169.0,59.04,60.13,58.6,47.81,70.33,42.67,83.96,42.67,86.19,70.66,RESISTANCE_BREAKOUT,BREAKOUT,0.47,,,0,,,0,False,False,66.42,ATR_FALLBACK,64.5,8.72,6.0,60.3,47.81,74.19,76.31,77.72,1.33,83.96,18.83,True,5.0,76.31,8.0,1.33,False,2.5,12.37,0.0,2723768.0,137547786.0,6.12,True,True,"Solaris Energy Infrastructure, Inc. Class A Common Stock",0,14.6,UNCLASSIFIED,,0.0,NONE,0.0,0.0,NONE,,True,0,NOT CHECKED,NONE,NEUTRAL,,,,NOT CHECKED,False,NOT CHECKED,NONE,0,,False,14.6,NO TRADE,NOT CHECKED,,,,,,,,,False,,,False,,,,False,,,,False,NONE,False,False,0,,,,NOT CHECKED,NO LIVE SIGNAL,14.6,True
AMCR,42.49,REJECT,REJECT,near EMA200 pivot,18,24,20,NO TRADE,WEAK,32.0,price<EMA20; EMA20>EMA50; EMA20 falling,-3.31,18.8,0.25,3.47,0,False,2.06,150518362.0,44.42,44.16,41.81,42.06,48.25,39.51,48.25,35.15,48.25,48.32,RESISTANCE_BREAKOUT,BREAKOUT,0.15,,,0,,,0,False,False,46.84,ATR_FALLBACK,47.0,2.72,3.05,42.06,42.06,50.73,52.18,53.15,2.62,,,False,5.0,52.18,8.0,2.62,True,2.5,13.55,0.0,3321553.0,147660452.0,2.03,True,True,Amcor plc Ordinary Shares,0,14.5,UNCLASSIFIED,,0.0,NONE,0.0,0.0,NONE,,True,0,NOT CHECKED,NONE,NEUTRAL,,,,NOT CHECKED,False,NOT CHECKED,NONE,0,,False,14.5,NO TRADE,NOT CHECKED,,,,,,,,,False,,,False,,,,False,,,,False,NONE,False,False,0,,,,NOT CHECKED,NO LIVE SIGNAL,14.5,False
ARES,128.94,REJECT,REJECT,"rising EMA50, near EMA200 pivot",26,32,55,NO TRADE,WEAK,32.0,price<EMA20; EMA20>EMA50; EMA20 falling,-6.75,22.5,0.25,4.99,0,False,3.13,250662862.0,136.31,133.9,133.81,129.9,145.53,105.79,149.87,93.57,149.87,145.85,RESISTANCE_BREAKOUT,BREAKOUT,0.22,,,0,,,0,False,False,137.1,EMA20,136.31,6.54,6.0,129.9,129.9,153.15,157.52,160.44,1.33,149.87,2.75,False,5.0,149.87,2.75,0.46,False,2.5,12.87,0.0,1803198.0,234159664.0,2.88,True,True,Ares Management Corporation Class A Common Stock,0,14.4,UNCLASSIFIED,,0.0,NONE,0.0,0.0,NONE,,True,0,NOT CHECKED,NONE,NEUTRAL,,,,NOT CHECKED,False,NOT CHECKED,NONE,0,,False,14.4,NO TRADE,NOT CHECKED,,,,,,,,,False,,,False,,,,False,,,,False,NONE,False,False,0,,,,NOT CHECKED,NO LIVE SIGNAL,14.4,False
LUV,39.21,REJECT,REJECT,"near EMA200 pivot, tight range",20,26,20,NO TRADE,WEAK,32.0,price<EMA20; EMA20>EMA50; EMA20 falling,-7.1,40.3,0.46,3.46,0,False,2.73,179020872.0,40.11,42.24,41.48,37.4,43.16,37.4,52.88,35.41,52.88,43.24,RESISTANCE_BREAKOUT,BREAKOUT,0.2,,,0,,,0,False,False,42.05,EMA50,42.24,2.31,2.76,37.75,37.4,45.41,46.7,47.57,2.9,52.88,22.29,True,5.0,46.7,8.0,2.9,True,2.5,11.92,0.0,4523069.0,175563658.0,2.51,True,True,Southwest Airlines Company Common Stock,0,14.4,UNCLASSIFIED,,0.0,NONE,0.0,0.0,NONE,,True,0,NOT CHECKED,NONE,NEUTRAL,,,,NOT CHECKED,False,NOT CHECKED,NONE,0,,False,14.4,NO TRADE,NOT CHECKED,,,,,,,,,False,,,False,,,,False,,,,False,NONE,False,False,0,,,,NOT CHECKED,NO LIVE SIGNAL,14.4,False
EW,85.87,REJECT,REJECT,"near EMA50 support, near EMA200 pivot",24,30,55,NO TRADE,WEAK,32.0,price<EMA20; EMA20>EMA50; EMA20 falling,-3.41,27.6,0.4,2.57,0,False,2.47,244164597.0,88.25,88.48,85.11,83.81,93.25,81.16,96.29,76.49,96.29,93.42,RESISTANCE_BREAKOUT,BREAKOUT,0.18,,,0,,,0,False,False,88.1,EMA50,88.48,5.29,5.69,83.81,83.81,98.09,100.89,102.76,1.4,96.29,3.07,False,5.0,96.29,3.07,0.54,False,2.5,8.59,0.0,2738566.0,241656272.0,2.18,True,True,Edwards Lifesciences Corporation Common Stock,0,14.3,UNCLASSIFIED,,0.0,NONE,0.0,0.0,NONE,,True,0,NOT CHECKED,NONE,NEUTRAL,,,,NOT CHECKED,False,NOT CHECKED,NONE,0,,False,14.3,NO TRADE,NOT CHECKED,,,,,,,,,False,,,False,,,,False,,,,False,NONE,False,False,0,,,,NOT CHECKED,NO LIVE SIGNAL,14.3,False
ETOR,28.86,REJECT,REJECT,"volume contraction, low-volume pullback",10,20,20,NO TRADE,WEAK,32.0,price<EMA20; EMA20>EMA50; EMA20 falling,4.66,39.7,0.37,6.33,0,False,3.99,34515640.0,31.01,32.97,35.63,27.4,33.19,27.4,42.28,27.4,43.31,33.28,RESISTANCE_BREAKOUT,BREAKOUT,0.28,,,0,,,0,False,False,32.42,EMA50,32.97,0.94,2.59,29.65,29.65,34.95,35.94,36.61,3.09,42.28,27.04,True,5.0,35.94,8.0,3.09,True,2.5,15.0,0.0,1134261.0,30736592.0,3.68,True,True,eToro Group Ltd. - Class A Common Shares,0,14.3,UNCLASSIFIED,,0.0,NONE,0.0,0.0,NONE,,True,0,NOT CHECKED,NONE,NEUTRAL,,,,NOT CHECKED,False,NOT CHECKED,NONE,0,,False,14.3,NO TRADE,NOT CHECKED,,,,,,,,,False,,,False,,,,False,,,,False,NONE,False,False,0,,,,NOT CHECKED,NO LIVE SIGNAL,14.3,False
DDOG,230.37,REJECT,REJECT,"near EMA50 support, volume contraction",20,32,55,NO TRADE,WEAK,32.0,price<EMA20; EMA20>EMA50; EMA20 falling,-4.83,54.0,0.42,11.48,1,True,5.24,807284873.0,228.78,233.79,196.32,203.24,253.45,203.24,292.72,100.79,292.72,254.41,RESISTANCE_BREAKOUT,BREAKOUT,0.38,,,0,,,0,False,False,239.15,ATR_FALLBACK,236.3,7.12,6.0,203.24,203.24,267.13,274.76,279.85,1.33,292.72,15.06,True,5.0,274.76,8.0,1.33,False,2.5,10.4,0.0,3563892.0,752687646.0,4.66,True,True,"Datadog, Inc. - Class A Common Stock",0,14.1,UNCLASSIFIED,,0.0,NONE,0.0,0.0,NONE,,True,0,NOT CHECKED,NONE,NEUTRAL,,,,NOT CHECKED,False,NOT CHECKED,NONE,0,,False,14.1,NO TRADE,NOT CHECKED,,,,,,,,,False,,,False,,,,False,,,,False,NONE,False,False,0,,,,NOT CHECKED,NO LIVE SIGNAL,14.1,True
VST,140.9,REJECT,REJECT,"volume contraction, low-volume pullback",18,30,55,NO TRADE,WEAK,32.0,price<EMA20; EMA20>EMA50; EMA20 falling,-1.54,52.9,0.43,3.9,0,False,3.41,597748382.0,144.27,146.99,159.99,134.5,154.9,134.5,171.35,132.47,176.03,155.28,RESISTANCE_BREAKOUT,BREAKOUT,0.25,,,0,,,0,False,False,146.12,EMA50,146.99,5.34,5.9,140.37,134.9,163.05,167.71,170.81,1.36,171.35,10.35,True,5.0,167.71,8.0,1.36,False,2.5,9.94,0.0,4197140.0,598961765.0,3.13,True,True,Vistra Corp. Common Stock,0,14.1,UNCLASSIFIED,,0.0,NONE,0.0,0.0,NONE,,True,0,NOT CHECKED,NONE,NEUTRAL,,,,NOT CHECKED,False,NOT CHECKED,NONE,0,,False,14.1,NO TRADE,NOT CHECKED,,,,,,,,,False,,,False,,,,False,,,,False,NONE,False,False,0,,,,NOT CHECKED,NO LIVE SIGNAL,14.1,False
CART,47.47,REJECT,REJECT,"rising EMA50, near EMA50 support",22,28,55,NO TRADE,WEAK,32.0,price<EMA20; EMA20>EMA50; EMA20 falling,-0.82,34.7,0.62,11.41,1,True,3.42,171661143.0,49.09,47.91,44.21,45.78,52.68,42.1,52.68,35.18,52.05,52.81,RESISTANCE_BREAKOUT,BREAKOUT,0.25,,,0,,,0,False,False,50.08,ATR_FALLBACK,50.37,4.61,5.17,45.78,45.78,55.45,57.03,58.09,1.55,,,False,5.0,57.03,8.0,1.55,False,2.5,10.98,0.0,3451474.0,146354794.0,3.27,True,True,Maplebear Inc. - Common Stock,0,13.9,UNCLASSIFIED,,0.0,NONE,0.0,0.0,NONE,,True,0,NOT CHECKED,NONE,NEUTRAL,,,,NOT CHECKED,False,NOT CHECKED,NONE,0,,False,13.9,NO TRADE,NOT CHECKED,,,,,,,,,False,,,False,,,,False,,,,False,NONE,False,False,0,,,,NOT CHECKED,NO LIVE SIGNAL,13.9,True
CHTR,142.02,REJECT,REJECT,"volume contraction, low-volume pullback",18,28,55,NO TRADE,WEAK,32.0,price<EMA20; EMA20>EMA50; EMA20 falling,0.59,41.2,0.25,8.74,0,False,4.98,436940750.0,146.71,147.01,176.34,133.33,160.7,111.55,168.11,111.55,254.11,161.27,RESISTANCE_BREAKOUT,BREAKOUT,0.35,,,0,,,0,False,False,151.59,ATR_FALLBACK,150.66,6.58,6.0,133.33,133.33,169.33,174.17,177.39,1.33,168.11,4.24,False,5.0,168.11,4.24,0.71,False,2.5,13.15,0.0,2935254.0,350748364.0,4.89,True,True,"Charter Communications, Inc. - Class A Common Stock",0,13.8,UNCLASSIFIED,,0.0,NONE,0.0,0.0,NONE,,True,0,NOT CHECKED,NONE,NEUTRAL,,,,NOT CHECKED,False,NOT CHECKED,NONE,0,,False,13.8,NO TRADE,NOT CHECKED,,,,,,,,,False,,,False,,,,False,,,,False,NONE,False,False,0,,,,NOT CHECKED,NO LIVE SIGNAL,13.8,False
FOUR,43.63,REJECT,REJECT,tight range,18,28,55,NO TRADE,WEAK,32.0,price<EMA20; EMA20>EMA50; EMA20 falling,0.4,40.3,0.17,9.29,0,False,6.45,89216716.0,44.68,45.78,52.38,40.78,51.07,38.23,57.38,34.56,57.38,51.3,RESISTANCE_BREAKOUT,BREAKOUT,0.44,,,0,,,0,False,False,48.22,ATR_FALLBACK,47.07,8.24,6.0,40.8,40.78,53.86,55.4,56.42,1.33,57.38,11.87,True,5.0,55.4,8.0,1.33,False,2.5,17.05,0.0,1986430.0,86229184.0,6.2,True,True,"Shift4 Payments, Inc. Class A Common Stock",0,13.8,UNCLASSIFIED,,0.0,NONE,0.0,0.0,NONE,,True,0,NOT CHECKED,NONE,NEUTRAL,,,,NOT CHECKED,False,NOT CHECKED,NONE,0,,False,13.8,NO TRADE,NOT CHECKED,,,,,,,,,False,,,False,,,,False,,,,False,NONE,False,False,0,,,,NOT CHECKED,NO LIVE SIGNAL,13.8,False
SRRK,46.86,REJECT,REJECT,"rising EMA50, near EMA200 pivot, 20d volume expansion",26,32,55,NO TRADE,WEAK,32.0,price<EMA20; EMA20>EMA50; EMA20 falling,-7.94,23.7,1.51,9.96,0,False,5.98,75679130.0,54.39,53.32,47.83,51.58,61.76,45.73,61.76,38.75,61.76,61.98,RESISTANCE_BREAKOUT,BREAKOUT,0.36,,,0,,,0,False,False,58.27,ATR_FALLBACK,57.78,6.78,6.0,51.58,51.58,65.08,66.94,68.18,1.33,,,False,5.0,66.94,8.0,1.33,False,2.5,31.8,0.0,1368567.0,66017210.0,4.86,True,True,Scholar Rock Holding Corporation - Common Stock,0,13.8,UNCLASSIFIED,,0.0,NONE,0.0,0.0,NONE,,True,0,NOT CHECKED,NONE,NEUTRAL,,,,NOT CHECKED,False,NOT CHECKED,NONE,0,,False,13.8,NO TRADE,NOT CHECKED,,,,,,,,,False,,,False,,,,False,,,,False,NONE,False,False,0,,,,NOT CHECKED,NO LIVE SIGNAL,13.8,False
TGB,7.87,REJECT,REJECT,"rising EMA50, volume contraction, low-volume pullback",26,32,55,NO TRADE,WEAK,32.0,price<EMA20; EMA20>EMA50; EMA20 falling,-8.19,29.9,0.55,12.34,1,True,5.82,44930436.0,8.43,8.13,7.02,7.55,9.82,6.09,9.82,5.48,9.82,9.86,RESISTANCE_BREAKOUT,BREAKOUT,0.37,,,0,,,0,False,False,9.27,ATR_FALLBACK,9.17,6.98,6.0,7.55,7.55,10.35,10.65,10.84,1.33,,,False,5.0,10.65,8.0,1.33,False,2.5,24.71,0.0,5094904.0,45005632.0,4.35,True,True,Trekor Metals Limited Common Shares,0,13.7,UNCLASSIFIED,,0.0,NONE,0.0,0.0,NONE,,True,0,NOT CHECKED,NONE,NEUTRAL,,,,NOT CHECKED,False,NOT CHECKED,NONE,0,,False,13.7,NO TRADE,NOT CHECKED,,,,,,,,,False,,,False,,,,False,,,,False,NONE,False,False,0,,,,NOT CHECKED,NO LIVE SIGNAL,13.7,True
EBC,21.84,REJECT,REJECT,"near EMA50 support, tight range",24,30,55,NO TRADE,WEAK,32.0,price<EMA20; EMA20>EMA50; EMA20 falling,-4.98,42.5,0.33,2.37,0,False,2.02,40685766.0,22.06,22.09,20.53,21.14,23.59,20.29,23.61,18.02,23.61,23.63,RESISTANCE_BREAKOUT,BREAKOUT,0.15,,,0,,,0,False,False,22.21,EMA50,22.09,6.51,6.0,21.36,21.14,24.81,25.52,25.99,1.33,,,False,5.0,25.52,8.0,1.33,False,2.5,8.1,0.0,1840447.0,37724276.0,2.25,True,True,"Eastern Bankshares, Inc. - Common Stock",0,13.6,UNCLASSIFIED,,0.0,NONE,0.0,0.0,NONE,,True,0,NOT CHECKED,NONE,NEUTRAL,,,,NOT CHECKED,False,NOT CHECKED,NONE,0,,False,13.6,NO TRADE,NOT CHECKED,,,,,,,,,False,,,False,,,,False,,,,False,NONE,False,False,0,,,,NOT CHECKED,NO LIVE SIGNAL,13.6,False
SYRE,90.03,REJECT,REJECT,"tight range, volume contraction, low-volume pullback",28,34,55,NO TRADE,WEAK,32.0,price<EMA20; EMA20>EMA50; EMA20 falling,-11.9,23.4,0.28,10.54,1,True,5.5,108235729.0,93.17,93.74,69.5,84.0,110.18,81.65,110.18,38.36,110.18,110.57,RESISTANCE_BREAKOUT,BREAKOUT,0.36,,,0,,,0,False,False,103.94,ATR_FALLBACK,103.15,6.71,6.0,85.0,84.0,116.1,119.42,121.63,1.33,,,False,5.0,119.42,8.0,1.33,False,2.5,22.38,0.0,1148267.0,101176636.0,4.43,True,True,"Spyre Therapeutics, Inc. - Common Stock",0,13.5,UNCLASSIFIED,,0.0,NONE,0.0,0.0,NONE,,True,0,NOT CHECKED,NONE,NEUTRAL,,,,NOT CHECKED,False,NOT CHECKED,NONE,0,,False,13.5,NO TRADE,NOT CHECKED,,,,,,,,,False,,,False,,,,False,,,,False,NONE,False,False,0,,,,NOT CHECKED,NO LIVE SIGNAL,13.5,True
HRB,45.53,REJECT,REJECT,"rising EMA50, near EMA50 support",22,28,40,NO TRADE,WEAK,32.0,price<EMA20; EMA20>EMA50; EMA20 falling,-6.31,14.7,0.37,16.09,1,True,3.28,74359332.0,47.96,46.04,41.22,44.32,54.25,33.26,58.14,28.45,58.14,54.37,RESISTANCE_BREAKOUT,BREAKOUT,0.22,,,0,,,0,False,False,51.85,ATR_FALLBACK,52.12,4.13,4.62,44.32,44.32,57.08,58.71,59.8,1.73,58.14,6.94,True,5.0,58.14,6.94,1.5,False,2.5,19.13,0.0,1500584.0,72903290.0,2.85,True,True,"H&R Block, Inc. Common Stock",0,13.4,UNCLASSIFIED,,0.0,NONE,0.0,0.0,NONE,,True,0,NOT CHECKED,NONE,NEUTRAL,,,,NOT CHECKED,False,NOT CHECKED,NONE,0,,False,13.4,NO TRADE,NOT CHECKED,,,,,,,,,False,,,False,,,,False,,,,False,NONE,False,False,0,,,,NOT CHECKED,NO LIVE SIGNAL,13.4,True
TSM,413.1,REJECT,REJECT,"rising EMA50, near EMA50 support",22,28,55,NO TRADE,WEAK,32.0,price<EMA20; EMA20>EMA50; EMA20 falling,-2.12,47.4,0.5,2.85,0,False,2.45,3965206434.0,421.99,419.49,380.92,405.15,444.29,372.72,479.0,313.07,479.0,445.1,RESISTANCE_BREAKOUT,BREAKOUT,0.18,,,0,,,0,False,False,420.17,EMA20,421.99,5.19,5.6,416.01,407.82,467.35,480.71,489.61,1.43,479.0,7.62,True,5.0,479.0,7.62,1.36,False,2.5,7.55,0.0,9415974.0,3648215712.0,2.07,True,True,Taiwan Semiconductor Manufacturing Company Ltd.,0,13.3,UNCLASSIFIED,,0.0,NONE,0.0,0.0,NONE,,True,0,NOT CHECKED,NONE,NEUTRAL,,,,NOT CHECKED,False,NOT CHECKED,NONE,0,,False,13.3,NO TRADE,NOT CHECKED,,,,,,,,,False,,,False,,,,False,,,,False,NONE,False,False,0,,,,NOT CHECKED,NO LIVE SIGNAL,13.3,False
MCHP,70.55,REJECT,REJECT,"tight range, volume contraction, low-volume pullback",20,26,20,NO TRADE,WEAK,32.0,price<EMA20; EMA20>EMA50; EMA20 falling,-9.54,42.1,0.28,13.89,1,True,3.25,573206474.0,73.89,77.5,76.91,70.45,79.27,70.45,103.41,58.66,104.75,79.46,RESISTANCE_BREAKOUT,BREAKOUT,0.23,,,0,,,0,False,False,77.09,EMA50,77.5,2.46,2.98,70.69,70.45,83.43,85.81,87.4,2.68,103.41,30.14,True,5.0,85.81,8.0,2.68,True,2.5,14.7,0.0,7756198.0,555647539.0,2.82,True,True,Microchip Technology Incorporated - Common Stock,0,13.1,UNCLASSIFIED,,0.0,NONE,0.0,0.0,NONE,,True,0,NOT CHECKED,NONE,NEUTRAL,,,,NOT CHECKED,False,NOT CHECKED,NONE,0,,False,13.1,NO TRADE,NOT CHECKED,,,,,,,,,False,,,False,,,,False,,,,False,NONE,False,False,0,,,,NOT CHECKED,NO LIVE SIGNAL,13.1,True
LYFT,15.82,REJECT,REJECT,"near EMA50 support, near EMA200 pivot",24,30,55,NO TRADE,WEAK,32.0,price<EMA20; EMA20>EMA50; EMA20 falling,-6.07,33.9,0.4,7.12,0,False,4.33,166688243.0,16.36,16.15,16.25,14.53,17.98,13.49,17.98,12.46,17.97,18.03,RESISTANCE_BREAKOUT,BREAKOUT,0.31,,,0,,,0,False,False,16.95,ATR_FALLBACK,17.01,5.7,6.0,14.53,14.53,18.94,19.48,19.84,1.33,,,False,5.0,19.48,8.0,1.33,False,2.5,13.62,0.0,9971978.0,157126250.0,3.85,True,True,"Lyft, Inc. - Class A Common Stock",0,13.0,UNCLASSIFIED,,0.0,NONE,0.0,0.0,NONE,,True,0,NOT CHECKED,NONE,NEUTRAL,,,,NOT CHECKED,False,NOT CHECKED,NONE,0,,False,13.0,NO TRADE,NOT CHECKED,,,,,,,,,False,,,False,,,,False,,,,False,NONE,False,False,0,,,,NOT CHECKED,NO LIVE SIGNAL,13.0,False
KSS,16.31,REJECT,REJECT,"rising EMA50, near EMA200 pivot, volume contraction, low-volume pullback",28,34,55,NO TRADE,WEAK,32.0,price<EMA20; EMA20>EMA50; EMA20 falling,-12.83,40.9,0.34,7.8,0,False,6.58,84518714.0,17.84,17.77,16.74,15.91,19.51,15.6,20.41,11.22,20.41,19.59,RESISTANCE_BREAKOUT,BREAKOUT,0.44,,,0,,,0,False,False,18.42,ATR_FALLBACK,17.99,8.21,6.0,16.63,16.63,20.57,21.16,21.55,1.33,20.41,4.18,False,5.0,20.41,4.18,0.7,False,2.5,19.64,0.0,4734724.0,81058017.0,5.44,True,True,Kohl's Corporation Common Stock,0,13.0,UNCLASSIFIED,,0.0,NONE,0.0,0.0,NONE,,True,0,NOT CHECKED,NONE,NEUTRAL,,,,NOT CHECKED,False,NOT CHECKED,NONE,0,,False,13.0,NO TRADE,NOT CHECKED,,,,,,,,,False,,,False,,,,False,,,,False,NONE,False,False,0,,,,NOT CHECKED,NO LIVE SIGNAL,13.0,False
TSCO,32.74,REJECT,REJECT,"rising EMA50, near EMA50 support",22,28,55,NO TRADE,WEAK,32.0,price<EMA20; EMA20>EMA50; EMA20 falling,-2.92,29.2,0.37,3.4,0,False,3.14,277189436.0,34.1,33.6,39.39,32.9,36.11,28.73,36.64,28.17,51.94,36.19,RESISTANCE_BREAKOUT,BREAKOUT,0.23,,,0,,,0,False,False,34.02,EMA20,34.1,5.78,6.0,32.9,32.9,38.0,39.09,39.81,1.33,36.64,1.23,False,5.0,36.64,1.23,0.2,False,2.5,10.29,0.0,8009360.0,268764790.0,2.87,True,True,Tractor Supply Company - Common Stock,0,12.9,UNCLASSIFIED,,0.0,NONE,0.0,0.0,NONE,,True,0,NOT CHECKED,NONE,NEUTRAL,,,,NOT CHECKED,False,NOT CHECKED,NONE,0,,False,12.9,NO TRADE,NOT CHECKED,,,,,,,,,False,,,False,,,,False,,,,False,NONE,False,False,0,,,,NOT CHECKED,NO LIVE SIGNAL,12.9,False
BB,7.85,REJECT,REJECT,"tight range, volume contraction, low-volume pullback",20,32,55,NO TRADE,WEAK,32.0,price<EMA20; EMA20>EMA50; EMA20 falling,-8.05,51.1,0.37,11.04,1,True,4.47,68411706.0,7.98,8.33,6.83,7.46,8.83,7.47,13.59,3.12,13.59,8.86,RESISTANCE_BREAKOUT,BREAKOUT,0.32,,,0,,,0,False,False,8.33,EMA50,8.33,5.97,6.0,7.46,7.46,9.3,9.57,9.74,1.33,13.59,53.42,True,5.0,9.57,8.0,1.33,False,2.5,14.39,0.0,8590544.0,64146293.0,3.97,True,True,BlackBerry Limited Common Stock,0,12.5,UNCLASSIFIED,,0.0,NONE,0.0,0.0,NONE,,True,0,NOT CHECKED,NONE,NEUTRAL,,,,NOT CHECKED,False,NOT CHECKED,NONE,0,,False,12.5,NO TRADE,NOT CHECKED,,,,,,,,,False,,,False,,,,False,,,,False,NONE,False,False,0,,,,NOT CHECKED,NO LIVE SIGNAL,12.5,True
ALLY,40.87,REJECT,REJECT,"near EMA200 pivot, volume expanding",16,22,20,NO TRADE,WEAK,32.0,price<EMA20; EMA20>EMA50; EMA20 falling,-4.26,37.0,1.26,2.18,0,False,2.55,126632304.0,42.53,43.14,42.55,41.36,43.97,41.36,46.96,35.43,46.96,44.05,RESISTANCE_BREAKOUT,BREAKOUT,0.19,,,0,,,0,False,False,42.95,EMA50,43.14,2.07,2.5,41.36,41.36,46.25,47.57,48.45,3.2,46.96,6.62,True,5.0,46.96,6.62,2.65,True,2.5,9.32,0.0,2985702.0,122658624.0,2.08,True,True,Ally Financial Inc. Common Stock,0,12.4,UNCLASSIFIED,,0.0,NONE,0.0,0.0,NONE,,True,0,NOT CHECKED,NONE,NEUTRAL,,,,NOT CHECKED,False,NOT CHECKED,NONE,0,,False,12.4,NO TRADE,NOT CHECKED,,,,,,,,,False,,,False,,,,False,,,,False,NONE,False,False,0,,,,NOT CHECKED,NO LIVE SIGNAL,12.4,False
FSLY,25.28,REJECT,REJECT,20/50 uptrend,18,30,35,NO TRADE,WEAK,32.0,price<EMA20; EMA20>EMA50; EMA20 falling,-10.9,59.7,0.61,20.86,1,True,6.68,114929092.0,23.27,22.74,19.25,19.76,30.14,15.74,30.69,15.7,34.82,30.28,RESISTANCE_BREAKOUT,BREAKOUT,0.45,,,0,,,0,False,False,28.46,ATR_FALLBACK,27.74,8.37,6.0,19.92,19.76,31.79,32.7,33.3,1.33,30.69,1.37,False,5.0,30.69,1.37,0.23,False,2.5,19.99,0.0,4953535.0,98273281.0,7.62,True,True,"Fastly, Inc. - Class A Common Stock",0,12.4,UNCLASSIFIED,,0.0,NONE,0.0,0.0,NONE,,True,0,NOT CHECKED,NONE,NEUTRAL,,,,NOT CHECKED,False,NOT CHECKED,NONE,0,,False,12.4,NO TRADE,NOT CHECKED,,,,,,,,,False,,,False,,,,False,,,,False,NONE,False,False,0,,,,NOT CHECKED,NO LIVE SIGNAL,12.4,True
REZI,19.19,REJECT,REJECT,"tight range, volume contraction, low-volume pullback",20,26,40,NO TRADE,WEAK,32.0,price<EMA20; EMA20>EMA50; EMA20 falling,-5.0,39.2,0.43,6.06,0,False,3.24,43283801.0,20.03,21.41,23.6,18.5,22.13,18.5,27.35,18.59,29.06,22.18,RESISTANCE_BREAKOUT,BREAKOUT,0.22,,,0,,,0,False,False,21.29,EMA50,21.41,3.49,3.99,18.5,18.5,23.29,23.95,24.4,2.0,27.35,23.31,True,5.0,23.95,8.0,2.0,False,2.5,15.32,0.0,2187635.0,41235478.0,3.7,True,True,"Resideo Technologies, Inc. Common Stock ",0,12.4,UNCLASSIFIED,,0.0,NONE,0.0,0.0,NONE,,True,0,NOT CHECKED,NONE,NEUTRAL,,,,NOT CHECKED,False,NOT CHECKED,NONE,0,,False,12.4,NO TRADE,NOT CHECKED,,,,,,,,,False,,,False,,,,False,,,,False,NONE,False,False,0,,,,NOT CHECKED,NO LIVE SIGNAL,12.4,False
EMR,146.68,REJECT,REJECT,"near EMA50 support, tight range",24,30,55,NO TRADE,WEAK,32.0,price<EMA20; EMA20>EMA50; EMA20 falling,-7.45,37.4,0.31,3.57,0,False,2.54,308427004.0,151.87,150.54,143.19,146.25,161.5,133.1,165.79,121.73,165.79,161.8,RESISTANCE_BREAKOUT,BREAKOUT,0.18,,,0,,,0,False,False,152.09,EMA20,151.87,6.14,6.0,146.25,146.25,169.89,174.74,177.98,1.33,165.79,2.47,False,5.0,165.79,2.47,0.41,False,2.5,12.04,0.0,2015834.0,306583251.0,2.15,True,True,Emerson Electric Company Common Stock,0,12.3,UNCLASSIFIED,,0.0,NONE,0.0,0.0,NONE,,True,0,NOT CHECKED,NONE,NEUTRAL,,,,NOT CHECKED,False,NOT CHECKED,NONE,0,,False,12.3,NO TRADE,NOT CHECKED,,,,,,,,,False,,,False,,,,False,,,,False,NONE,False,False,0,,,,NOT CHECKED,NO LIVE SIGNAL,12.3,False
FRPT,62.72,REJECT,REJECT,"rising EMA50, near EMA200 pivot",26,32,55,NO TRADE,WEAK,32.0,price<EMA20; EMA20>EMA50; EMA20 falling,-11.64,9.5,0.36,14.57,1,True,4.03,74937145.0,67.85,65.8,61.83,63.37,77.13,50.5,77.13,46.45,86.0,77.33,RESISTANCE_BREAKOUT,BREAKOUT,0.26,,,0,,,0,False,False,73.09,ATR_FALLBACK,73.54,4.9,5.49,63.37,63.37,81.2,83.52,85.07,1.46,86.0,11.21,True,5.0,83.52,8.0,1.46,False,2.5,22.98,0.0,1059079.0,73836399.0,3.42,True,True,"Freshpet, Inc. - Common Stock",0,11.9,UNCLASSIFIED,,0.0,NONE,0.0,0.0,NONE,,True,0,NOT CHECKED,NONE,NEUTRAL,,,,NOT CHECKED,False,NOT CHECKED,NONE,0,,False,11.9,NO TRADE,NOT CHECKED,,,,,,,,,False,,,False,,,,False,,,,False,NONE,False,False,0,,,,NOT CHECKED,NO LIVE SIGNAL,11.9,True
VSH,31.3,REJECT,REJECT,"near EMA200 pivot, volume contraction, low-volume pullback",20,32,55,NO TRADE,WEAK,32.0,price<EMA20; EMA20>EMA50; EMA20 falling,-9.74,50.3,0.2,9.75,0,False,4.85,112621066.0,31.9,34.93,31.26,29.2,34.1,29.2,69.18,15.45,69.25,34.22,RESISTANCE_BREAKOUT,BREAKOUT,0.36,,,0,,,0,False,False,32.17,ATR_FALLBACK,31.94,6.66,6.0,30.19,29.2,35.93,36.96,37.65,1.33,69.18,102.14,True,5.0,36.96,8.0,1.33,False,2.5,16.52,0.0,3624356.0,101565931.0,4.55,True,True,"Vishay Intertechnology, Inc. Common Stock",0,11.7,UNCLASSIFIED,,0.0,NONE,0.0,0.0,NONE,,True,0,NOT CHECKED,NONE,NEUTRAL,,,,NOT CHECKED,False,NOT CHECKED,NONE,0,,False,11.7,NO TRADE,NOT CHECKED,,,,,,,,,False,,,False,,,,False,,,,False,NONE,False,False,0,,,,NOT CHECKED,NO LIVE SIGNAL,11.7,False
ST,41.73,REJECT,REJECT,"near EMA200 pivot, volume contraction, low-volume pullback",20,26,40,NO TRADE,WEAK,32.0,price<EMA20; EMA20>EMA50; EMA20 falling,-7.1,47.7,0.26,3.93,0,False,3.12,57836449.0,42.7,43.93,41.17,40.25,45.14,40.25,51.59,30.91,53.75,45.24,RESISTANCE_BREAKOUT,BREAKOUT,0.23,,,0,,,0,False,False,43.7,EMA50,43.93,2.89,3.41,41.13,40.25,47.51,48.86,49.77,2.35,51.59,14.02,True,5.0,48.86,8.0,2.35,False,2.5,12.15,0.0,1369599.0,50583396.0,2.76,True,True,Sensata Technologies Holding plc Ordinary Shares,0,11.4,UNCLASSIFIED,,0.0,NONE,0.0,0.0,NONE,,True,0,NOT CHECKED,NONE,NEUTRAL,,,,NOT CHECKED,False,NOT CHECKED,NONE,0,,False,11.4,NO TRADE,NOT CHECKED,,,,,,,,,False,,,False,,,,False,,,,False,NONE,False,False,0,,,,NOT CHECKED,NO LIVE SIGNAL,11.4,False
AXGN,44.97,REJECT,REJECT,"rising EMA50, near EMA50 support",22,28,55,NO TRADE,WEAK,32.0,price<EMA20; EMA20>EMA50; EMA20 falling,-6.48,36.5,0.35,8.53,0,False,5.44,53455390.0,46.6,45.69,38.08,39.62,52.91,38.23,52.91,27.54,52.91,53.11,RESISTANCE_BREAKOUT,BREAKOUT,0.37,,,0,,,0,False,False,49.92,ATR_FALLBACK,49.44,6.91,6.0,39.62,39.62,55.76,57.35,58.42,1.33,,,False,5.0,57.35,8.0,1.33,False,2.5,17.67,0.0,1148055.0,44145782.0,5.01,True,True,"Axogen, Inc. - Common Stock",0,11.1,UNCLASSIFIED,,0.0,NONE,0.0,0.0,NONE,,True,0,NOT CHECKED,NONE,NEUTRAL,,,,NOT CHECKED,False,NOT CHECKED,NONE,0,,False,11.1,NO TRADE,NOT CHECKED,,,,,,,,,False,,,False,,,,False,,,,False,NONE,False,False,0,,,,NOT CHECKED,NO LIVE SIGNAL,11.1,False
LOW,194.8,REJECT,REJECT,"tight range, volume contraction, low-volume pullback",20,26,40,NO TRADE,WEAK,32.0,price<EMA20; EMA20>EMA50; EMA20 falling,-7.71,21.6,0.52,2.84,0,False,2.05,649168791.0,204.0,209.81,227.62,195.06,225.79,195.06,227.4,199.4,258.6,226.11,RESISTANCE_BREAKOUT,BREAKOUT,0.14,,,0,,,0,False,False,219.39,ATR_FALLBACK,220.11,2.65,2.97,195.06,195.06,237.42,244.2,248.72,2.69,227.4,0.57,False,5.0,227.4,0.57,0.19,False,2.5,15.91,0.0,3130336.0,606827580.0,2.2,True,True,"Lowe's Companies, Inc. Common Stock",0,11.0,UNCLASSIFIED,,0.0,NONE,0.0,0.0,NONE,,True,0,NOT CHECKED,NONE,NEUTRAL,,,,NOT CHECKED,False,NOT CHECKED,NONE,0,,False,11.0,NO TRADE,NOT CHECKED,,,,,,,,,False,,,False,,,,False,,,,False,NONE,False,False,0,,,,NOT CHECKED,NO LIVE SIGNAL,11.0,False
RDW,10.86,REJECT,REJECT,"near EMA200 pivot, tight range",28,34,55,NO TRADE,WEAK,32.0,price<EMA20; EMA20>EMA50; EMA20 falling,-16.99,41.5,0.51,14.88,3,True,5.47,124024089.0,10.98,11.3,10.93,10.14,13.4,7.76,14.19,7.43,26.64,13.45,RESISTANCE_BREAKOUT,BREAKOUT,0.35,,,0,,,0,False,False,12.64,ATR_FALLBACK,12.56,6.62,6.0,10.21,10.14,14.12,14.52,14.79,1.33,14.19,5.52,True,5.0,14.19,5.52,0.92,False,2.5,30.66,0.0,11076961.0,123607129.0,5.55,True,True,Redwire Corporation Common Stock,0,11.0,UNCLASSIFIED,,0.0,NONE,0.0,0.0,NONE,,True,0,NOT CHECKED,NONE,NEUTRAL,,,,NOT CHECKED,False,NOT CHECKED,NONE,0,,False,11.0,NO TRADE,NOT CHECKED,,,,,,,,,False,,,False,,,,False,,,,False,NONE,False,False,0,,,,NOT CHECKED,NO LIVE SIGNAL,11.0,True
ISRG,378.07,REJECT,REJECT,near EMA50 support,14,26,55,NO TRADE,WEAK,32.0,price<EMA20; EMA20>EMA50; EMA20 falling,-1.12,54.2,0.34,3.85,0,False,2.89,820418412.0,371.44,380.7,428.53,345.25,405.34,328.57,443.84,328.57,505.44,406.21,RESISTANCE_BREAKOUT,BREAKOUT,0.22,,,0,,,0,False,False,381.84,EMA50,380.7,6.28,6.0,345.25,345.25,426.52,438.71,446.83,1.33,443.84,9.26,True,5.0,438.71,8.0,1.33,False,2.5,7.21,0.0,2210578.0,762367237.0,3.02,True,True,"Intuitive Surgical, Inc. - Common Stock",0,10.9,UNCLASSIFIED,,0.0,NONE,0.0,0.0,NONE,,True,0,NOT CHECKED,NONE,NEUTRAL,,,,NOT CHECKED,False,NOT CHECKED,NONE,0,,False,10.9,NO TRADE,NOT CHECKED,,,,,,,,,False,,,False,,,,False,,,,False,NONE,False,False,0,,,,NOT CHECKED,NO LIVE SIGNAL,10.9,False
PRM,31.6,REJECT,REJECT,near EMA50 support,14,26,55,NO TRADE,WEAK,32.0,price<EMA20; EMA20>EMA50; EMA20 falling,-1.01,51.8,0.32,9.02,0,False,3.44,31701908.0,31.66,32.32,29.89,29.66,33.8,28.88,38.17,20.38,38.17,33.89,RESISTANCE_BREAKOUT,BREAKOUT,0.26,,,0,,,0,False,False,32.12,EMA50,32.32,4.63,5.21,30.37,29.66,35.58,36.6,37.28,1.54,38.17,12.64,True,5.0,36.6,8.0,1.54,False,2.5,8.39,0.0,1015444.0,30655100.0,3.88,True,True,"Perimeter Solutions, SA Common Stock",0,10.9,UNCLASSIFIED,,0.0,NONE,0.0,0.0,NONE,,True,0,NOT CHECKED,NONE,NEUTRAL,,,,NOT CHECKED,False,NOT CHECKED,NONE,0,,False,10.9,NO TRADE,NOT CHECKED,,,,,,,,,False,,,False,,,,False,,,,False,NONE,False,False,0,,,,NOT CHECKED,NO LIVE SIGNAL,10.9,False
ELAN,23.05,REJECT,REJECT,near EMA200 pivot,18,24,55,NO TRADE,WEAK,32.0,price<EMA20; EMA20>EMA50; EMA20 falling,-0.37,26.6,0.59,5.15,0,False,2.99,109134801.0,23.82,24.07,23.35,22.65,25.41,21.32,27.98,19.4,27.98,25.47,RESISTANCE_BREAKOUT,BREAKOUT,0.22,,,0,,,0,False,False,23.95,EMA50,24.07,5.46,5.95,22.65,22.65,26.74,27.5,28.01,1.34,27.98,9.88,True,5.0,27.5,8.0,1.34,False,2.5,10.26,0.0,4540641.0,102297534.0,2.76,True,True,Elanco Animal Health Incorporated Common Stock,0,10.8,UNCLASSIFIED,,0.0,NONE,0.0,0.0,NONE,,True,0,NOT CHECKED,NONE,NEUTRAL,,,,NOT CHECKED,False,NOT CHECKED,NONE,0,,False,10.8,NO TRADE,NOT CHECKED,,,,,,,,,False,,,False,,,,False,,,,False,NONE,False,False,0,,,,NOT CHECKED,NO LIVE SIGNAL,10.8,False
PTRN,19.41,REJECT,REJECT,"tight range, volume contraction, low-volume pullback",20,26,55,NO TRADE,WEAK,32.0,price<EMA20; EMA20>EMA50; EMA20 falling,-4.09,31.8,0.3,5.87,0,False,4.37,25794356.0,20.6,21.41,18.53,19.15,22.49,19.15,29.8,9.21,29.8,22.56,RESISTANCE_BREAKOUT,BREAKOUT,0.3,,,0,,,0,False,False,21.26,EMA50,21.41,5.07,5.75,19.15,19.15,23.69,24.36,24.81,1.39,29.8,32.11,True,5.0,24.36,8.0,1.39,False,2.5,15.9,0.0,1253764.0,25560750.0,4.44,True,True,Pattern Group Inc. - Series A Common Stock,0,10.6,UNCLASSIFIED,,0.0,NONE,0.0,0.0,NONE,,True,0,NOT CHECKED,NONE,NEUTRAL,,,,NOT CHECKED,False,NOT CHECKED,NONE,0,,False,10.6,NO TRADE,NOT CHECKED,,,,,,,,,False,,,False,,,,False,,,,False,NONE,False,False,0,,,,NOT CHECKED,NO LIVE SIGNAL,10.6,False
ADI,360.22,REJECT,REJECT,"volume contraction, low-volume pullback",18,24,40,NO TRADE,WEAK,32.0,price<EMA20; EMA20>EMA50; EMA20 falling,-5.39,41.8,0.26,5.09,0,False,2.83,1338119233.0,366.56,373.55,349.9,348.0,384.73,348.0,444.56,298.83,444.56,385.54,RESISTANCE_BREAKOUT,BREAKOUT,0.21,,,0,,,0,False,False,371.72,EMA50,373.55,3.11,3.59,356.12,348.0,404.82,416.39,424.1,2.23,444.56,15.31,True,5.0,416.39,8.0,2.23,False,2.5,9.86,0.0,3649194.0,1277870571.0,2.58,True,True,"Analog Devices, Inc. - Common Stock",0,10.5,UNCLASSIFIED,,0.0,NONE,0.0,0.0,NONE,,True,0,NOT CHECKED,NONE,NEUTRAL,,,,NOT CHECKED,False,NOT CHECKED,NONE,0,,False,10.5,NO TRADE,NOT CHECKED,,,,,,,,,False,,,False,,,,False,,,,False,NONE,False,False,0,,,,NOT CHECKED,NO LIVE SIGNAL,10.5,False
CBOE,275.46,REJECT,REJECT,"near EMA200 pivot, volume contraction, low-volume pullback",20,26,55,NO TRADE,WEAK,32.0,price<EMA20; EMA20>EMA50; EMA20 falling,-4.34,27.8,0.37,4.76,0,False,3.67,304909182.0,292.04,290.97,282.14,272.6,316.86,226.52,316.86,226.52,369.38,317.67,RESISTANCE_BREAKOUT,BREAKOUT,0.26,,,0,,,0,False,False,300.68,ATR_FALLBACK,302.5,4.78,5.35,279.89,279.89,333.55,343.08,349.44,1.5,369.38,16.28,True,5.0,343.08,8.0,1.5,False,2.5,15.03,0.0,1028795.0,262518023.0,3.56,True,True,"Cboe Global Markets, Inc. Common Stock",0,10.5,UNCLASSIFIED,,0.0,NONE,0.0,0.0,NONE,,True,0,NOT CHECKED,NONE,NEUTRAL,,,,NOT CHECKED,False,NOT CHECKED,NONE,0,,False,10.5,NO TRADE,NOT CHECKED,,,,,,,,,False,,,False,,,,False,,,,False,NONE,False,False,0,,,,NOT CHECKED,NO LIVE SIGNAL,10.5,False
FERG,217.05,REJECT,REJECT,"tight range, volume contraction, low-volume pullback",20,26,40,NO TRADE,WEAK,32.0,price<EMA20; EMA20>EMA50; EMA20 falling,-9.04,32.2,0.44,2.76,0,False,2.57,288682899.0,227.77,232.29,233.78,215.8,248.54,215.8,266.84,212.89,266.92,248.99,RESISTANCE_BREAKOUT,BREAKOUT,0.18,,,0,,,0,False,False,239.62,ATR_FALLBACK,240.63,3.36,3.76,218.08,215.8,261.44,268.91,273.89,2.13,266.84,7.17,True,5.0,266.84,7.17,1.91,False,2.5,14.51,0.0,1257525.0,255158083.0,2.36,True,True,Ferguson Enterprises Inc. Common Stock,0,10.4,UNCLASSIFIED,,0.0,NONE,0.0,0.0,NONE,,True,0,NOT CHECKED,NONE,NEUTRAL,,,,NOT CHECKED,False,NOT CHECKED,NONE,0,,False,10.4,NO TRADE,NOT CHECKED,,,,,,,,,False,,,False,,,,False,,,,False,NONE,False,False,0,,,,NOT CHECKED,NO LIVE SIGNAL,10.4,False
TXT,81.02,REJECT,REJECT,tight range,18,24,40,NO TRADE,WEAK,32.0,price<EMA20; EMA20>EMA50; EMA20 falling,-5.51,46.7,0.3,3.16,0,False,2.13,130020771.0,81.9,85.1,87.92,78.1,88.22,78.1,97.3,80.54,100.91,88.36,RESISTANCE_BREAKOUT,BREAKOUT,0.16,,,0,,,0,False,False,84.79,EMA50,85.1,3.68,4.03,78.1,78.1,92.77,95.42,97.19,1.98,97.3,10.12,True,5.0,95.42,8.0,1.98,False,2.5,10.02,0.0,1599130.0,124227052.0,2.06,True,True,Textron Inc. Common Stock,0,10.4,UNCLASSIFIED,,0.0,NONE,0.0,0.0,NONE,,True,0,NOT CHECKED,NONE,NEUTRAL,,,,NOT CHECKED,False,NOT CHECKED,NONE,0,,False,10.4,NO TRADE,NOT CHECKED,,,,,,,,,False,,,False,,,,False,,,,False,NONE,False,False,0,,,,NOT CHECKED,NO LIVE SIGNAL,10.4,False
DD,125.67,REJECT,REJECT,"near EMA200 pivot, volume contraction, low-volume pullback",20,26,40,NO TRADE,WEAK,32.0,price<EMA20; EMA20>EMA50; EMA20 falling,-9.75,26.3,0.34,3.11,0,False,2.4,150235006.0,132.08,135.69,132.06,122.8,141.7,126.23,148.77,125.07,153.63,141.94,RESISTANCE_BREAKOUT,BREAKOUT,0.17,,,0,,,0,False,False,135.15,EMA50,135.69,4.4,4.78,122.8,122.8,149.03,153.29,156.13,1.67,148.77,4.81,False,5.0,148.77,4.81,1.01,False,2.5,16.06,0.0,1127486.0,140921893.0,2.1,True,True,"DuPont de Nemours, Inc. Common Stock",0,10.0,UNCLASSIFIED,,0.0,NONE,0.0,0.0,NONE,,True,0,NOT CHECKED,NONE,NEUTRAL,,,,NOT CHECKED,False,NOT CHECKED,NONE,0,,False,10.0,NO TRADE,NOT CHECKED,,,,,,,,,False,,,False,,,,False,,,,False,NONE,False,False,0,,,,NOT CHECKED,NO LIVE SIGNAL,10.0,False
BTSG,58.42,REJECT,REJECT,tight range,10,22,40,NO TRADE,WEAK,32.0,price<EMA20; EMA20>EMA50; EMA20 falling,-1.21,52.8,0.23,7.2,0,False,4.15,129803366.0,60.33,61.59,52.75,56.43,63.14,56.43,73.75,37.24,73.75,63.33,RESISTANCE_BREAKOUT,BREAKOUT,0.31,,,0,,,0,False,False,61.16,EMA50,61.59,2.75,3.44,57.68,57.68,66.5,68.4,69.67,2.33,73.75,16.45,True,5.0,68.4,8.0,2.33,False,2.5,8.07,0.0,2169349.0,120958131.0,3.89,True,True,"BrightSpring Health Services, Inc. - Common Stock",0,9.7,UNCLASSIFIED,,0.0,NONE,0.0,0.0,NONE,,True,0,NOT CHECKED,NONE,NEUTRAL,,,,NOT CHECKED,False,NOT CHECKED,NONE,0,,False,9.7,NO TRADE,NOT CHECKED,,,,,,,,,False,,,False,,,,False,,,,False,NONE,False,False,0,,,,NOT CHECKED,NO LIVE SIGNAL,9.7,False
TAP,39.37,REJECT,REJECT,near EMA50 support,14,20,40,NO TRADE,WEAK,32.0,price<EMA20; EMA20>EMA50; EMA20 falling,-0.21,33.0,0.47,3.31,0,False,2.61,110043774.0,40.06,40.49,42.1,37.76,43.41,37.64,43.99,37.6,47.77,43.5,RESISTANCE_BREAKOUT,BREAKOUT,0.19,,,0,,,0,False,False,41.77,ATR_FALLBACK,41.95,3.54,3.97,37.76,37.76,45.67,46.98,47.85,2.02,43.99,1.13,False,5.0,43.99,1.13,0.28,False,2.5,10.27,0.0,2729704.0,101969901.0,2.57,True,True,Molson Coors Beverage Company Class B Common Stock,0,9.7,UNCLASSIFIED,,0.0,NONE,0.0,0.0,NONE,,True,0,NOT CHECKED,NONE,NEUTRAL,,,,NOT CHECKED,False,NOT CHECKED,NONE,0,,False,9.7,NO TRADE,NOT CHECKED,,,,,,,,,False,,,False,,,,False,,,,False,NONE,False,False,0,,,,NOT CHECKED,NO LIVE SIGNAL,9.7,False
ARQT,23.56,REJECT,REJECT,"near EMA200 pivot, tight range",20,26,55,NO TRADE,WEAK,32.0,price<EMA20; EMA20>EMA50; EMA20 falling,-5.98,38.6,0.45,4.11,0,False,3.54,45723280.0,24.44,25.1,24.32,23.21,27.19,23.21,29.84,19.3,29.84,27.26,RESISTANCE_BREAKOUT,BREAKOUT,0.25,,,0,,,0,False,False,25.85,ATR_FALLBACK,26.0,4.59,5.14,23.25,23.21,28.62,29.44,29.98,1.56,29.84,9.48,True,5.0,29.44,8.0,1.56,False,2.5,15.41,0.0,1864814.0,44127578.0,3.59,True,True,"Arcutis Biotherapeutics, Inc. - Common stock",0,9.7,UNCLASSIFIED,,0.0,NONE,0.0,0.0,NONE,,True,0,NOT CHECKED,NONE,NEUTRAL,,,,NOT CHECKED,False,NOT CHECKED,NONE,0,,False,9.7,NO TRADE,NOT CHECKED,,,,,,,,,False,,,False,,,,False,,,,False,NONE,False,False,0,,,,NOT CHECKED,NO LIVE SIGNAL,9.7,False
INTC,97.59,REJECT,REJECT,near EMA50 support,14,26,55,NO TRADE,WEAK,32.0,price<EMA20; EMA20>EMA50; EMA20 falling,-3.67,62.7,0.54,10.84,1,True,4.98,8490577624.0,96.75,98.37,81.01,85.14,106.69,81.79,142.35,40.63,142.35,107.08,RESISTANCE_BREAKOUT,BREAKOUT,0.36,,,0,,,0,False,False,100.65,ATR_FALLBACK,99.79,6.8,6.0,94.52,85.72,112.43,115.64,117.79,1.33,142.35,32.94,True,5.0,115.64,8.0,1.33,False,2.5,9.32,0.0,89743337.0,8356258385.0,4.15,True,True,Intel Corporation - Common Stock,0,9.6,UNCLASSIFIED,,0.0,NONE,0.0,0.0,NONE,,True,0,NOT CHECKED,NONE,NEUTRAL,,,,NOT CHECKED,False,NOT CHECKED,NONE,0,,False,9.6,NO TRADE,NOT CHECKED,,,,,,,,,False,,,False,,,,False,,,,False,NONE,False,False,0,,,,NOT CHECKED,NO LIVE SIGNAL,9.6,True
MLI,60.33,REJECT,REJECT,near EMA200 pivot,18,24,40,NO TRADE,WEAK,32.0,price<EMA20; EMA20>EMA50; EMA20 falling,-7.18,46.3,0.37,4.18,0,False,2.8,77356671.0,62.44,63.25,60.99,57.82,65.53,54.35,70.92,53.34,70.92,65.66,RESISTANCE_BREAKOUT,BREAKOUT,0.21,,,0,,,0,False,False,62.94,EMA50,63.25,3.68,4.14,57.82,57.82,68.95,70.92,72.23,1.93,70.92,8.01,True,5.0,70.92,8.0,1.93,False,2.5,10.93,0.0,1242952.0,75086011.0,2.93,True,True,"Mueller Industries, Inc. Common Stock",0,9.6,UNCLASSIFIED,,0.0,NONE,0.0,0.0,NONE,,True,0,NOT CHECKED,NONE,NEUTRAL,,,,NOT CHECKED,False,NOT CHECKED,NONE,0,,False,9.6,NO TRADE,NOT CHECKED,,,,,,,,,False,,,False,,,,False,,,,False,NONE,False,False,0,,,,NOT CHECKED,NO LIVE SIGNAL,9.6,False
RDDT,160.18,REJECT,REJECT,near EMA50 support,14,20,40,NO TRADE,WEAK,32.0,price<EMA20; EMA20>EMA50; EMA20 falling,-0.6,48.1,0.47,12.63,1,True,4.7,701913250.0,156.4,161.19,176.98,143.47,167.54,135.22,208.05,119.27,208.05,168.14,RESISTANCE_BREAKOUT,BREAKOUT,0.36,,,0,,,0,False,False,159.83,EMA50,161.19,4.13,4.94,144.8,143.47,176.55,181.59,184.96,1.62,208.05,23.73,True,5.0,181.59,8.0,1.62,False,2.5,11.34,0.0,4556749.0,662639498.0,4.78,True,True,"Reddit, Inc. Class A Common Stock",0,9.5,UNCLASSIFIED,,0.0,NONE,0.0,0.0,NONE,,True,0,NOT CHECKED,NONE,NEUTRAL,,,,NOT CHECKED,False,NOT CHECKED,NONE,0,,False,9.5,NO TRADE,NOT CHECKED,,,,,,,,,False,,,False,,,,False,,,,False,NONE,False,False,0,,,,NOT CHECKED,NO LIVE SIGNAL,9.5,True
NXT,80.36,REJECT,REJECT,"tight range, volume contraction, low-volume pullback",20,26,20,NO TRADE,WEAK,32.0,price<EMA20; EMA20>EMA50; EMA20 falling,-16.88,41.1,0.55,8.57,0,False,4.65,169261994.0,86.16,94.94,102.56,78.68,96.35,78.68,129.99,81.5,163.13,96.65,RESISTANCE_BREAKOUT,BREAKOUT,0.31,,,0,,,0,False,False,93.85,EMA50,94.94,1.77,2.9,78.68,78.68,101.48,104.38,106.31,2.76,129.99,34.5,True,5.0,104.38,8.0,2.76,True,2.5,26.94,0.0,1984608.0,156635587.0,4.48,True,True,Nextpower Inc. - Common Stock,0,9.5,UNCLASSIFIED,,0.0,NONE,0.0,0.0,NONE,,True,0,NOT CHECKED,NONE,NEUTRAL,,,,NOT CHECKED,False,NOT CHECKED,NONE,0,,False,9.5,NO TRADE,NOT CHECKED,,,,,,,,,False,,,False,,,,False,,,,False,NONE,False,False,0,,,,NOT CHECKED,NO LIVE SIGNAL,9.5,False
BX,127.05,REJECT,REJECT,near EMA200 pivot,18,24,40,NO TRADE,WEAK,32.0,price<EMA20; EMA20>EMA50; EMA20 falling,-7.59,19.9,0.38,3.89,0,False,3.05,425406042.0,134.4,132.85,132.9,125.03,146.87,110.93,150.24,99.78,150.24,147.18,RESISTANCE_BREAKOUT,BREAKOUT,0.21,,,0,,,0,False,False,140.66,ATR_FALLBACK,141.36,3.95,4.43,125.03,125.03,154.54,158.95,161.9,1.81,150.24,2.08,False,5.0,150.24,2.08,0.47,False,2.5,15.6,0.0,3101092.0,431708848.0,2.55,True,True,Blackstone Inc. Common Stock,0,9.4,UNCLASSIFIED,,0.0,NONE,0.0,0.0,NONE,,True,0,NOT CHECKED,NONE,NEUTRAL,,,,NOT CHECKED,False,NOT CHECKED,NONE,0,,False,9.4,NO TRADE,NOT CHECKED,,,,,,,,,False,,,False,,,,False,,,,False,NONE,False,False,0,,,,NOT CHECKED,NO LIVE SIGNAL,9.4,False
RYAN,39.58,REJECT,REJECT,near EMA200 pivot,18,24,55,NO TRADE,WEAK,32.0,price<EMA20; EMA20>EMA50; EMA20 falling,-3.01,25.9,0.45,4.12,0,False,3.8,61299874.0,41.17,41.0,41.51,37.2,44.62,32.98,48.06,29.07,48.06,44.74,RESISTANCE_BREAKOUT,BREAKOUT,0.27,,,0,,,0,False,False,42.21,ATR_FALLBACK,42.48,5.05,5.65,37.2,37.2,46.98,48.32,49.21,1.42,48.06,7.42,True,5.0,48.06,7.42,1.31,False,2.5,12.73,0.0,1479573.0,61044250.0,3.36,True,True,"Ryan Specialty Holdings, Inc. Class A Common Stock",0,9.4,UNCLASSIFIED,,0.0,NONE,0.0,0.0,NONE,,True,0,NOT CHECKED,NONE,NEUTRAL,,,,NOT CHECKED,False,NOT CHECKED,NONE,0,,False,9.4,NO TRADE,NOT CHECKED,,,,,,,,,False,,,False,,,,False,,,,False,NONE,False,False,0,,,,NOT CHECKED,NO LIVE SIGNAL,9.4,False
HASI,36.58,REJECT,REJECT,"near EMA200 pivot, volume contraction, low-volume pullback",20,26,40,NO TRADE,WEAK,32.0,price<EMA20; EMA20>EMA50; EMA20 falling,-11.13,28.2,0.32,6.38,0,False,2.78,41125784.0,38.79,39.1,36.83,36.69,42.32,37.11,43.05,34.19,43.64,42.4,RESISTANCE_BREAKOUT,BREAKOUT,0.19,,,0,,,0,False,False,40.69,ATR_FALLBACK,40.88,3.6,4.03,36.69,36.69,44.52,45.79,46.64,1.99,43.05,1.53,False,5.0,43.05,1.53,0.38,False,2.5,16.28,0.0,1045347.0,33176574.0,2.48,True,True,"HA Sustainable Infrastructure Capital, Inc. Common Stock",0,9.3,UNCLASSIFIED,,0.0,NONE,0.0,0.0,NONE,,True,0,NOT CHECKED,NONE,NEUTRAL,,,,NOT CHECKED,False,NOT CHECKED,NONE,0,,False,9.3,NO TRADE,NOT CHECKED,,,,,,,,,False,,,False,,,,False,,,,False,NONE,False,False,0,,,,NOT CHECKED,NO LIVE SIGNAL,9.3,False
HSY,170.62,REJECT,REJECT,tight range,18,24,55,NO TRADE,WEAK,32.0,price<EMA20; EMA20>EMA50; EMA20 falling,-3.74,16.5,0.73,2.91,0,False,2.3,205361315.0,176.66,178.61,184.5,169.71,190.46,166.46,190.46,166.46,235.8,190.77,RESISTANCE_BREAKOUT,BREAKOUT,0.17,,,0,,,0,False,False,179.33,EMA50,178.61,6.38,6.0,169.71,169.71,200.31,206.04,209.85,1.33,235.8,23.6,True,5.0,206.04,8.0,1.33,False,2.5,11.62,0.0,1148391.0,200172318.0,2.01,True,True,The Hershey Company Common Stock,0,9.1,UNCLASSIFIED,,0.0,NONE,0.0,0.0,NONE,,True,0,NOT CHECKED,NONE,NEUTRAL,,,,NOT CHECKED,False,NOT CHECKED,NONE,0,,False,9.1,NO TRADE,NOT CHECKED,,,,,,,,,False,,,False,,,,False,,,,False,NONE,False,False,0,,,,NOT CHECKED,NO LIVE SIGNAL,9.1,False
IRM,112.21,REJECT,REJECT,"near EMA200 pivot, volume contraction, low-volume pullback",20,26,40,NO TRADE,WEAK,32.0,price<EMA20; EMA20>EMA50; EMA20 falling,-11.59,34.0,0.39,2.81,0,False,3.31,172663030.0,116.99,120.0,113.64,110.5,130.0,110.77,134.68,96.25,134.68,130.3,RESISTANCE_BREAKOUT,BREAKOUT,0.23,,,0,,,0,False,False,124.07,ATR_FALLBACK,124.73,4.27,4.78,110.5,110.5,136.81,140.72,143.33,1.67,134.68,3.36,False,5.0,134.68,3.36,0.7,False,2.5,15.9,0.0,1472114.0,161159653.0,3.17,True,True,Iron Mountain Incorporated (Delaware)Common Stock REIT,0,9.1,UNCLASSIFIED,,0.0,NONE,0.0,0.0,NONE,,True,0,NOT CHECKED,NONE,NEUTRAL,,,,NOT CHECKED,False,NOT CHECKED,NONE,0,,False,9.1,NO TRADE,NOT CHECKED,,,,,,,,,False,,,False,,,,False,,,,False,NONE,False,False,0,,,,NOT CHECKED,NO LIVE SIGNAL,9.1,False
ORCL,142.8,REJECT,REJECT,rising EMA50,16,22,55,NO TRADE,WEAK,32.0,price<EMA20; EMA20>EMA50; EMA20 falling,-0.6,48.3,0.65,5.69,0,False,5.48,4140726269.0,149.07,149.42,176.56,137.43,170.7,114.5,183.94,114.5,249.38,171.33,RESISTANCE_BREAKOUT,BREAKOUT,0.37,,,0,,,0,False,False,161.05,ATR_FALLBACK,159.59,6.85,6.0,141.01,139.72,179.89,185.03,188.46,1.33,183.94,7.36,True,5.0,183.94,7.36,1.23,False,2.5,19.53,0.0,27595642.0,3394274434.0,4.09,True,True,Oracle Corporation Common Stock,0,9.0,UNCLASSIFIED,,0.0,NONE,0.0,0.0,NONE,,True,0,NOT CHECKED,NONE,NEUTRAL,,,,NOT CHECKED,False,NOT CHECKED,NONE,0,,False,9.0,NO TRADE,NOT CHECKED,,,,,,,,,False,,,False,,,,False,,,,False,NONE,False,False,0,,,,NOT CHECKED,NO LIVE SIGNAL,9.0,False
LITE,843.0,REJECT,REJECT,"rising EMA50, near EMA50 support",22,28,55,NO TRADE,WEAK,32.0,price<EMA20; EMA20>EMA50; EMA20 falling,-10.97,46.0,0.45,13.63,2,True,6.94,3600590280.0,887.91,861.46,706.77,784.47,1026.76,594.84,1026.76,548.24,1085.68,1031.44,RESISTANCE_BREAKOUT,BREAKOUT,0.46,,,0,,,0,False,False,969.55,ATR_FALLBACK,943.67,8.51,6.0,833.7,818.89,1083.01,1113.96,1134.59,1.33,1085.68,5.26,True,5.0,1085.68,5.26,0.88,False,2.5,21.8,0.0,4012524.0,3292625597.0,6.39,True,True,Lumentum Holdings Inc. - Common Stock,0,8.9,UNCLASSIFIED,,0.0,NONE,0.0,0.0,NONE,,True,0,NOT CHECKED,NONE,NEUTRAL,,,,NOT CHECKED,False,NOT CHECKED,NONE,0,,False,8.9,NO TRADE,NOT CHECKED,,,,,,,,,False,,,False,,,,False,,,,False,NONE,False,False,0,,,,NOT CHECKED,NO LIVE SIGNAL,8.9,True
CPB,21.29,REJECT,REJECT,"volume contraction, low-volume pullback",18,24,55,NO TRADE,WEAK,32.0,price<EMA20; EMA20>EMA50; EMA20 falling,-4.1,28.1,0.21,4.16,0,False,3.68,191169826.0,22.25,22.37,23.59,20.69,24.26,20.04,24.26,19.23,25.89,24.32,RESISTANCE_BREAKOUT,BREAKOUT,0.26,,,0,,,0,False,False,23.01,ATR_FALLBACK,23.15,4.83,5.41,20.69,20.69,25.54,26.27,26.75,1.48,25.89,6.43,True,5.0,25.89,6.43,1.19,False,2.5,13.95,0.0,8481904.0,154883248.0,3.13,True,True,The Campbell's Company - Common Stock,0,8.9,UNCLASSIFIED,,0.0,NONE,0.0,0.0,NONE,,True,0,NOT CHECKED,NONE,NEUTRAL,,,,NOT CHECKED,False,NOT CHECKED,NONE,0,,False,8.9,NO TRADE,NOT CHECKED,,,,,,,,,False,,,False,,,,False,,,,False,NONE,False,False,0,,,,NOT CHECKED,NO LIVE SIGNAL,8.9,False
CYTK,68.62,REJECT,REJECT,"near EMA200 pivot, volume contraction, low-volume pullback",20,26,55,NO TRADE,WEAK,32.0,price<EMA20; EMA20>EMA50; EMA20 falling,-7.53,31.6,0.64,3.62,0,False,4.26,125817705.0,74.06,75.74,70.41,69.31,79.88,69.31,88.31,58.43,88.31,80.11,RESISTANCE_BREAKOUT,BREAKOUT,0.29,,,0,,,0,False,False,75.31,EMA50,75.74,5.46,6.0,72.34,69.31,84.12,86.52,88.13,1.33,88.31,10.23,True,5.0,86.52,8.0,1.33,False,2.5,16.41,0.0,1697037.0,116197344.0,3.14,True,True,"Cytokinetics, Incorporated - Common Stock",0,8.9,UNCLASSIFIED,,0.0,NONE,0.0,0.0,NONE,,True,0,NOT CHECKED,NONE,NEUTRAL,,,,NOT CHECKED,False,NOT CHECKED,NONE,0,,False,8.9,NO TRADE,NOT CHECKED,,,,,,,,,False,,,False,,,,False,,,,False,NONE,False,False,0,,,,NOT CHECKED,NO LIVE SIGNAL,8.9,False
MGA,63.77,REJECT,REJECT,"volume contraction, low-volume pullback",18,24,40,NO TRADE,WEAK,32.0,price<EMA20; EMA20>EMA50; EMA20 falling,-8.52,42.2,0.52,3.78,0,False,2.71,76664996.0,66.46,66.54,60.71,62.96,73.22,61.44,73.22,50.69,73.22,73.36,RESISTANCE_BREAKOUT,BREAKOUT,0.19,,,0,,,0,False,False,70.45,ATR_FALLBACK,70.76,3.54,3.96,64.6,62.96,77.03,79.23,80.69,2.02,,,False,5.0,79.23,8.0,2.02,False,2.5,14.82,0.0,1146391.0,67469527.0,2.6,True,True,"Magna International, Inc. Common Stock",0,8.9,UNCLASSIFIED,,0.0,NONE,0.0,0.0,NONE,,True,0,NOT CHECKED,NONE,NEUTRAL,,,,NOT CHECKED,False,NOT CHECKED,NONE,0,,False,8.9,NO TRADE,NOT CHECKED,,,,,,,,,False,,,False,,,,False,,,,False,NONE,False,False,0,,,,NOT CHECKED,NO LIVE SIGNAL,8.9,False
DLR,178.27,REJECT,REJECT,"near EMA200 pivot, volume contraction, low-volume pullback",20,26,55,NO TRADE,WEAK,32.0,price<EMA20; EMA20>EMA50; EMA20 falling,-7.9,30.1,0.4,3.28,0,False,2.89,355472940.0,187.04,187.81,181.78,178.81,199.21,171.03,207.47,170.6,207.47,199.62,RESISTANCE_BREAKOUT,BREAKOUT,0.21,,,0,,,0,False,False,187.65,EMA50,187.81,5.92,6.0,178.81,178.81,209.6,215.59,219.59,1.33,207.47,3.93,False,5.0,207.47,3.93,0.66,False,2.5,12.11,0.0,1892331.0,311158238.0,2.73,True,True,"Digital Realty Trust, Inc. Common Stock",0,8.7,UNCLASSIFIED,,0.0,NONE,0.0,0.0,NONE,,True,0,NOT CHECKED,NONE,NEUTRAL,,,,NOT CHECKED,False,NOT CHECKED,NONE,0,,False,8.7,NO TRADE,NOT CHECKED,,,,,,,,,False,,,False,,,,False,,,,False,NONE,False,False,0,,,,NOT CHECKED,NO LIVE SIGNAL,8.7,False
ZTS,73.47,REJECT,REJECT,none,8,18,40,NO TRADE,WEAK,32.0,price<EMA20; EMA20>EMA50; EMA20 falling,2.71,32.8,0.39,3.87,0,False,2.62,333171450.0,74.87,76.59,96.49,71.5,78.75,70.98,80.17,70.98,128.59,78.9,RESISTANCE_BREAKOUT,BREAKOUT,0.2,,,0,,,0,False,False,76.24,EMA50,76.59,2.94,3.37,71.5,71.5,82.85,85.22,86.79,2.37,80.17,1.6,False,5.0,80.17,1.6,0.48,False,2.5,7.19,0.0,4411931.0,328460029.0,2.5,True,True,Zoetis Inc. Class A Common Stock,0,8.7,UNCLASSIFIED,,0.0,NONE,0.0,0.0,NONE,,True,0,NOT CHECKED,NONE,NEUTRAL,,,,NOT CHECKED,False,NOT CHECKED,NONE,0,,False,8.7,NO TRADE,NOT CHECKED,,,,,,,,,False,,,False,,,,False,,,,False,NONE,False,False,0,,,,NOT CHECKED,NO LIVE SIGNAL,8.7,False
WU,6.91,REJECT,REJECT,"volume contraction, low-volume pullback",10,16,20,NO TRADE,WEAK,32.0,price<EMA20; EMA20>EMA50; EMA20 falling,-1.66,32.9,0.76,11.6,1,True,2.44,49887368.0,7.13,7.37,7.91,6.83,7.49,6.27,8.95,6.27,9.39,7.5,RESISTANCE_BREAKOUT,BREAKOUT,0.18,,,0,,,0,False,False,7.34,EMA50,7.37,1.76,2.17,6.83,6.83,7.88,8.1,8.25,3.69,8.95,19.28,True,5.0,8.1,8.0,3.69,True,2.5,8.32,0.0,6970121.0,46272677.0,2.33,True,True,Western Union Company (The) Common Stock,0,8.6,UNCLASSIFIED,,0.0,NONE,0.0,0.0,NONE,,True,0,NOT CHECKED,NONE,NEUTRAL,,,,NOT CHECKED,False,NOT CHECKED,NONE,0,,False,8.6,NO TRADE,NOT CHECKED,,,,,,,,,False,,,False,,,,False,,,,False,NONE,False,False,0,,,,NOT CHECKED,NO LIVE SIGNAL,8.6,True
KRC,34.7,REJECT,REJECT,near EMA200 pivot,10,16,20,NO TRADE,WEAK,32.0,price<EMA20; EMA20>EMA50; EMA20 falling,-1.66,23.1,0.23,2.1,0,False,2.25,38233263.0,36.09,36.65,36.06,34.46,37.53,34.6,40.85,26.89,40.85,37.59,RESISTANCE_BREAKOUT,BREAKOUT,0.17,,,0,,,0,False,False,36.5,EMA50,36.65,2.52,2.89,34.46,34.46,39.47,40.6,41.35,2.77,40.85,8.67,True,5.0,40.6,8.0,2.77,True,2.5,8.16,0.0,1055612.0,40280288.0,2.08,True,True,Kilroy Realty Corporation Common Stock,0,8.6,UNCLASSIFIED,,0.0,NONE,0.0,0.0,NONE,,True,0,NOT CHECKED,NONE,NEUTRAL,,,,NOT CHECKED,False,NOT CHECKED,NONE,0,,False,8.6,NO TRADE,NOT CHECKED,,,,,,,,,False,,,False,,,,False,,,,False,NONE,False,False,0,,,,NOT CHECKED,NO LIVE SIGNAL,8.6,False
PHM,119.58,REJECT,REJECT,near EMA200 pivot,18,24,55,NO TRADE,WEAK,32.0,price<EMA20; EMA20>EMA50; EMA20 falling,-4.91,26.4,0.34,3.67,0,False,2.44,156203635.0,123.4,125.49,125.65,114.78,133.32,114.78,140.09,108.26,140.09,133.55,RESISTANCE_BREAKOUT,BREAKOUT,0.18,,,0,,,0,False,False,125.54,EMA50,125.49,6.04,6.0,114.78,114.78,140.23,144.24,146.91,1.33,140.09,4.89,False,5.0,140.09,4.89,0.82,False,2.5,11.49,0.0,1257237.0,146699464.0,2.24,True,True,"PulteGroup, Inc. Common Stock",0,8.5,UNCLASSIFIED,,0.0,NONE,0.0,0.0,NONE,,True,0,NOT CHECKED,NONE,NEUTRAL,,,,NOT CHECKED,False,NOT CHECKED,NONE,0,,False,8.5,NO TRADE,NOT CHECKED,,,,,,,,,False,,,False,,,,False,,,,False,NONE,False,False,0,,,,NOT CHECKED,NO LIVE SIGNAL,8.5,False
TTWO,214.96,REJECT,REJECT,"tight range, volume contraction, low-volume pullback",20,26,55,NO TRADE,WEAK,32.0,price<EMA20; EMA20>EMA50; EMA20 falling,-9.0,32.5,0.34,6.04,0,False,3.89,581069211.0,223.6,229.99,230.93,208.52,248.39,208.52,265.94,187.63,265.94,249.06,RESISTANCE_BREAKOUT,BREAKOUT,0.27,,,0,,,0,False,False,235.0,ATR_FALLBACK,236.51,5.04,5.64,208.52,208.52,261.51,268.98,273.97,1.42,265.94,6.78,True,5.0,265.94,6.78,1.2,False,2.5,15.55,0.0,2579506.0,536793028.0,3.57,True,True,"Take-Two Interactive Software, Inc. - Common Stock",0,8.2,UNCLASSIFIED,,0.0,NONE,0.0,0.0,NONE,,True,0,NOT CHECKED,NONE,NEUTRAL,,,,NOT CHECKED,False,NOT CHECKED,NONE,0,,False,8.2,NO TRADE,NOT CHECKED,,,,,,,,,False,,,False,,,,False,,,,False,NONE,False,False,0,,,,NOT CHECKED,NO LIVE SIGNAL,8.2,False
CMC,64.76,REJECT,REJECT,"near EMA200 pivot, volume contraction, low-volume pullback",20,26,55,NO TRADE,WEAK,32.0,price<EMA20; EMA20>EMA50; EMA20 falling,-8.93,43.1,0.36,4.19,0,False,3.04,70558282.0,67.95,68.66,67.78,64.39,72.59,59.96,76.84,57.19,79.65,72.75,RESISTANCE_BREAKOUT,BREAKOUT,0.22,,,0,,,0,False,False,68.38,EMA50,68.66,5.62,6.0,64.88,64.88,76.39,78.57,80.02,1.33,76.84,5.63,True,5.0,76.84,5.63,0.94,False,2.5,12.45,0.0,1044209.0,66294991.0,3.37,True,True,Commercial Metals Company Common Stock,0,8.2,UNCLASSIFIED,,0.0,NONE,0.0,0.0,NONE,,True,0,NOT CHECKED,NONE,NEUTRAL,,,,NOT CHECKED,False,NOT CHECKED,NONE,0,,False,8.2,NO TRADE,NOT CHECKED,,,,,,,,,False,,,False,,,,False,,,,False,NONE,False,False,0,,,,NOT CHECKED,NO LIVE SIGNAL,8.2,False
OMC,80.88,REJECT,REJECT,near EMA50 support,14,20,40,NO TRADE,WEAK,32.0,price<EMA20; EMA20>EMA50; EMA20 falling,-3.34,32.1,0.28,3.63,0,False,2.99,193006268.0,82.96,82.36,78.3,77.05,89.57,70.29,89.57,69.24,89.57,89.76,RESISTANCE_BREAKOUT,BREAKOUT,0.22,,,0,,,0,False,False,85.71,ATR_FALLBACK,86.14,4.03,4.52,77.05,77.05,94.25,96.94,98.74,1.77,,,False,5.0,96.94,8.0,1.77,False,2.5,10.75,0.0,2295693.0,175367235.0,2.52,True,True,Omnicom Group Inc. Common Stock,0,8.1,UNCLASSIFIED,,0.0,NONE,0.0,0.0,NONE,,True,0,NOT CHECKED,NONE,NEUTRAL,,,,NOT CHECKED,False,NOT CHECKED,NONE,0,,False,8.1,NO TRADE,NOT CHECKED,,,,,,,,,False,,,False,,,,False,,,,False,NONE,False,False,0,,,,NOT CHECKED,NO LIVE SIGNAL,8.1,False
AMGN,378.92,REJECT,REJECT,rising EMA50,16,22,40,NO TRADE,WEAK,32.0,price<EMA20; EMA20>EMA50; EMA20 falling,-7.09,18.4,0.43,4.57,0,False,2.86,1048968920.0,407.6,398.41,357.17,376.76,447.03,335.64,447.03,316.27,447.03,447.9,RESISTANCE_BREAKOUT,BREAKOUT,0.19,,,0,,,0,False,False,429.7,ATR_FALLBACK,431.65,3.63,4.06,376.76,376.76,470.29,483.73,492.69,1.97,,,False,5.0,483.73,8.0,1.97,False,2.5,17.97,0.0,2510571.0,1010024532.0,2.12,True,True,Amgen Inc. - Common Stock,0,8.0,UNCLASSIFIED,,0.0,NONE,0.0,0.0,NONE,,True,0,NOT CHECKED,NONE,NEUTRAL,,,,NOT CHECKED,False,NOT CHECKED,NONE,0,,False,8.0,NO TRADE,NOT CHECKED,,,,,,,,,False,,,False,,,,False,,,,False,NONE,False,False,0,,,,NOT CHECKED,NO LIVE SIGNAL,8.0,False
LYV,169.9,REJECT,REJECT,near EMA200 pivot,18,24,55,NO TRADE,WEAK,32.0,price<EMA20; EMA20>EMA50; EMA20 falling,-5.86,18.4,0.29,2.42,0,False,2.49,303294562.0,175.95,177.29,168.21,168.04,188.96,166.15,189.25,144.0,189.25,189.3,RESISTANCE_BREAKOUT,BREAKOUT,0.18,,,0,,,0,False,False,177.94,EMA50,177.29,6.34,6.0,168.04,168.04,198.76,204.44,208.23,1.33,,,False,5.0,204.44,8.0,1.33,False,2.5,11.22,0.0,1710890.0,297554954.0,2.31,True,True,"Live Nation Entertainment, Inc. Common Stock",0,8.0,UNCLASSIFIED,,0.0,NONE,0.0,0.0,NONE,,True,0,NOT CHECKED,NONE,NEUTRAL,,,,NOT CHECKED,False,NOT CHECKED,NONE,0,,False,8.0,NO TRADE,NOT CHECKED,,,,,,,,,False,,,False,,,,False,,,,False,NONE,False,False,0,,,,NOT CHECKED,NO LIVE SIGNAL,8.0,False
BRZE,25.76,REJECT,REJECT,"rising EMA50, near EMA200 pivot",18,24,55,NO TRADE,WEAK,32.0,price<EMA20; EMA20>EMA50; EMA20 falling,-5.81,36.1,0.17,10.65,1,True,7.5,97103409.0,28.49,27.52,25.66,23.38,35.02,18.65,35.02,17.65,35.02,35.17,RESISTANCE_BREAKOUT,BREAKOUT,0.44,,,0,,,0,False,False,33.06,ATR_FALLBACK,32.28,8.24,6.0,23.38,23.38,36.93,37.99,38.69,1.33,,,False,5.0,37.99,8.0,1.33,False,2.5,35.95,0.0,3317838.0,80087347.0,5.13,True,True,"Braze, Inc. - Class A Common Stock",0,8.0,UNCLASSIFIED,,0.0,NONE,0.0,0.0,NONE,,True,0,NOT CHECKED,NONE,NEUTRAL,,,,NOT CHECKED,False,NOT CHECKED,NONE,0,,False,8.0,NO TRADE,NOT CHECKED,,,,,,,,,False,,,False,,,,False,,,,False,NONE,False,False,0,,,,NOT CHECKED,NO LIVE SIGNAL,8.0,True
TU,9.1,REJECT,REJECT,tight range,10,16,20,NO TRADE,WEAK,32.0,price<EMA20; EMA20>EMA50; EMA20 falling,-2.74,25.4,0.31,3.72,0,False,2.27,51254151.0,9.44,9.87,11.48,8.96,9.96,9.01,11.38,9.07,13.08,9.98,RESISTANCE_BREAKOUT,BREAKOUT,0.17,,,0,,,0,False,False,9.83,EMA50,9.87,1.14,1.55,8.96,8.96,10.48,10.78,10.98,5.15,11.38,14.05,True,5.0,10.78,8.0,5.15,True,2.5,9.56,0.0,5392492.0,51913023.0,2.11,True,True,Telus Corporation Ordinary Shares,0,8.0,UNCLASSIFIED,,0.0,NONE,0.0,0.0,NONE,,True,0,NOT CHECKED,NONE,NEUTRAL,,,,NOT CHECKED,False,NOT CHECKED,NONE,0,,False,8.0,NO TRADE,NOT CHECKED,,,,,,,,,False,,,False,,,,False,,,,False,NONE,False,False,0,,,,NOT CHECKED,NO LIVE SIGNAL,8.0,False
NBIS,208.71,REJECT,REJECT,"rising EMA50, volume contraction, low-volume pullback",26,32,55,NO TRADE,WEAK,32.0,price<EMA20; EMA20>EMA50; EMA20 falling,-20.34,44.0,0.32,34.14,1,True,6.51,3686168568.0,219.68,216.5,174.95,194.8,274.8,145.8,299.86,83.53,299.86,275.89,RESISTANCE_BREAKOUT,BREAKOUT,0.4,,,0,,,0,False,False,259.33,ATR_FALLBACK,255.51,7.39,6.0,203.87,194.8,289.68,297.96,303.48,1.33,299.86,8.69,True,5.0,297.96,8.0,1.33,False,2.5,34.56,0.0,16574499.0,2941357525.0,5.92,True,True,Nebius Group N.V. - Class A Ordinary Shares,0,7.8,UNCLASSIFIED,,0.0,NONE,0.0,0.0,NONE,,True,0,NOT CHECKED,NONE,NEUTRAL,,,,NOT CHECKED,False,NOT CHECKED,NONE,0,,False,7.8,NO TRADE,NOT CHECKED,,,,,,,,,False,,,False,,,,False,,,,False,NONE,False,False,0,,,,NOT CHECKED,NO LIVE SIGNAL,7.8,True
NKE,36.52,REJECT,REJECT,tight range,10,16,20,NO TRADE,WEAK,32.0,price<EMA20; EMA20>EMA50; EMA20 falling,-3.56,31.8,0.64,3.02,0,False,2.35,1045689143.0,38.34,40.08,48.33,36.55,40.91,36.55,44.57,37.77,60.34,40.97,RESISTANCE_BREAKOUT,BREAKOUT,0.17,,,0,,,0,False,False,39.92,EMA50,40.08,2.19,2.57,36.55,36.55,43.02,44.25,45.07,3.11,44.57,8.77,True,5.0,44.25,8.0,3.11,True,2.5,12.01,0.0,27216943.0,1010555835.0,2.15,True,True,"Nike, Inc. Common Stock",0,7.6,UNCLASSIFIED,,0.0,NONE,0.0,0.0,NONE,,True,0,NOT CHECKED,NONE,NEUTRAL,,,,NOT CHECKED,False,NOT CHECKED,NONE,0,,False,7.6,NO TRADE,NOT CHECKED,,,,,,,,,False,,,False,,,,False,,,,False,NONE,False,False,0,,,,NOT CHECKED,NO LIVE SIGNAL,7.6,False
HBM,25.04,REJECT,REJECT,"rising EMA50, volume contraction, low-volume pullback",18,24,55,NO TRADE,WEAK,32.0,price<EMA20; EMA20>EMA50; EMA20 falling,-6.7,23.8,0.66,6.79,0,False,5.53,105129184.0,27.24,26.42,23.47,24.64,30.81,19.69,30.81,17.49,32.13,30.92,RESISTANCE_BREAKOUT,BREAKOUT,0.36,,,0,,,0,False,False,29.07,ATR_FALLBACK,28.85,6.71,6.0,24.64,24.64,32.47,33.4,34.02,1.33,32.13,3.91,False,5.0,32.13,3.91,0.65,False,2.5,23.05,0.0,3717722.0,100117765.0,4.1,True,True,Hudbay Minerals Inc. Ordinary Shares (Canada),0,7.6,UNCLASSIFIED,,0.0,NONE,0.0,0.0,NONE,,True,0,NOT CHECKED,NONE,NEUTRAL,,,,NOT CHECKED,False,NOT CHECKED,NONE,0,,False,7.6,NO TRADE,NOT CHECKED,,,,,,,,,False,,,False,,,,False,,,,False,NONE,False,False,0,,,,NOT CHECKED,NO LIVE SIGNAL,7.6,False
KEYS,312.39,REJECT,REJECT,"volume contraction, low-volume pullback",18,24,40,NO TRADE,WEAK,32.0,price<EMA20; EMA20>EMA50; EMA20 falling,-11.47,45.1,0.37,6.01,0,False,2.98,433910360.0,325.41,327.61,295.06,306.85,352.0,293.55,374.96,264.7,374.96,352.75,RESISTANCE_BREAKOUT,BREAKOUT,0.21,,,0,,,0,False,False,337.1,ATR_FALLBACK,338.77,3.96,4.44,314.08,312.0,370.38,380.96,388.02,1.8,374.96,6.3,True,5.0,374.96,6.3,1.42,False,2.5,17.29,0.0,1340577.0,349651065.0,3.1,True,True,Keysight Technologies Inc. Common Stock,0,7.5,UNCLASSIFIED,,0.0,NONE,0.0,0.0,NONE,,True,0,NOT CHECKED,NONE,NEUTRAL,,,,NOT CHECKED,False,NOT CHECKED,NONE,0,,False,7.5,NO TRADE,NOT CHECKED,,,,,,,,,False,,,False,,,,False,,,,False,NONE,False,False,0,,,,NOT CHECKED,NO LIVE SIGNAL,7.5,False
FLS,70.92,REJECT,REJECT,"near EMA200 pivot, volume contraction, low-volume pullback",20,26,55,NO TRADE,WEAK,32.0,price<EMA20; EMA20>EMA50; EMA20 falling,-10.39,26.2,0.34,3.93,0,False,3.69,120433357.0,76.13,76.2,73.36,68.36,83.35,66.31,83.35,63.08,88.19,83.56,RESISTANCE_BREAKOUT,BREAKOUT,0.25,,,0,,,0,False,False,79.16,ATR_FALLBACK,79.63,4.7,5.26,68.36,68.36,87.74,90.24,91.92,1.52,88.19,5.54,True,5.0,88.19,5.54,1.05,False,2.5,17.54,0.0,1550226.0,128337614.0,2.86,True,True,Flowserve Corporation Common Stock,0,7.5,UNCLASSIFIED,,0.0,NONE,0.0,0.0,NONE,,True,0,NOT CHECKED,NONE,NEUTRAL,,,,NOT CHECKED,False,NOT CHECKED,NONE,0,,False,7.5,NO TRADE,NOT CHECKED,,,,,,,,,False,,,False,,,,False,,,,False,NONE,False,False,0,,,,NOT CHECKED,NO LIVE SIGNAL,7.5,False
UAL,106.35,REJECT,REJECT,"near EMA200 pivot, tight range",20,26,55,NO TRADE,WEAK,32.0,price<EMA20; EMA20>EMA50; EMA20 falling,-10.99,32.3,0.56,3.56,0,False,3.4,367394090.0,111.44,114.92,110.08,104.15,121.21,104.15,138.77,84.64,138.77,121.5,RESISTANCE_BREAKOUT,BREAKOUT,0.24,,,0,,,0,False,False,114.27,EMA50,114.92,5.41,5.95,104.64,104.15,127.57,131.22,133.65,1.35,138.77,14.21,True,5.0,131.22,8.0,1.35,False,2.5,17.68,0.0,3323361.0,336321494.0,2.84,True,True,"United Airlines Holdings, Inc. - Common Stock",0,7.2,UNCLASSIFIED,,0.0,NONE,0.0,0.0,NONE,,True,0,NOT CHECKED,NONE,NEUTRAL,,,,NOT CHECKED,False,NOT CHECKED,NONE,0,,False,7.2,NO TRADE,NOT CHECKED,,,,,,,,,False,,,False,,,,False,,,,False,NONE,False,False,0,,,,NOT CHECKED,NO LIVE SIGNAL,7.2,False
BWA,63.07,REJECT,REJECT,tight range,18,24,55,NO TRADE,WEAK,32.0,price<EMA20; EMA20>EMA50; EMA20 falling,-7.5,42.9,0.28,5.93,0,False,2.58,110595380.0,65.31,65.39,59.36,63.04,68.99,59.91,73.66,49.96,78.61,69.12,RESISTANCE_BREAKOUT,BREAKOUT,0.19,,,0,,,0,False,False,65.1,EMA50,65.39,5.39,5.81,63.51,63.04,72.57,74.65,76.03,1.38,73.66,6.58,True,5.0,73.66,6.58,1.13,False,2.5,11.71,0.0,1693196.0,108174943.0,2.64,True,True,BorgWarner Inc. Common Stock,0,7.2,UNCLASSIFIED,,0.0,NONE,0.0,0.0,NONE,,True,0,NOT CHECKED,NONE,NEUTRAL,,,,NOT CHECKED,False,NOT CHECKED,NONE,0,,False,7.2,NO TRADE,NOT CHECKED,,,,,,,,,False,,,False,,,,False,,,,False,NONE,False,False,0,,,,NOT CHECKED,NO LIVE SIGNAL,7.2,False
GTES,25.44,REJECT,REJECT,near EMA200 pivot,18,24,55,NO TRADE,WEAK,32.0,price<EMA20; EMA20>EMA50; EMA20 falling,-7.57,46.0,0.3,3.02,0,False,3.26,44956010.0,26.0,26.4,25.68,24.27,27.86,24.27,30.34,20.88,30.34,27.93,RESISTANCE_BREAKOUT,BREAKOUT,0.24,,,0,,,0,False,False,26.25,EMA50,26.4,5.48,6.0,24.95,24.27,29.32,30.16,30.72,1.33,30.34,8.64,True,5.0,30.16,8.0,1.33,False,2.5,11.83,0.0,1742088.0,45007009.0,2.92,True,True,Gates Industrial Corporation Ltd. Common Shares,0,7.2,UNCLASSIFIED,,0.0,NONE,0.0,0.0,NONE,,True,0,NOT CHECKED,NONE,NEUTRAL,,,,NOT CHECKED,False,NOT CHECKED,NONE,0,,False,7.2,NO TRADE,NOT CHECKED,,,,,,,,,False,,,False,,,,False,,,,False,NONE,False,False,0,,,,NOT CHECKED,NO LIVE SIGNAL,7.2,False
DAL,78.99,REJECT,REJECT,tight range,18,24,55,NO TRADE,WEAK,32.0,price<EMA20; EMA20>EMA50; EMA20 falling,-7.79,35.1,0.48,2.3,0,False,2.66,405542879.0,80.95,82.78,75.66,75.99,87.23,75.99,95.44,55.0,95.44,87.4,RESISTANCE_BREAKOUT,BREAKOUT,0.19,,,0,,,0,False,False,82.4,EMA50,82.78,5.29,5.72,77.15,75.99,91.77,94.39,96.14,1.4,95.44,9.21,True,5.0,94.39,8.0,1.4,False,2.5,12.89,0.0,5042061.0,413680153.0,2.43,True,True,"Delta Air Lines, Inc. Common Stock",0,7.1,UNCLASSIFIED,,0.0,NONE,0.0,0.0,NONE,,True,0,NOT CHECKED,NONE,NEUTRAL,,,,NOT CHECKED,False,NOT CHECKED,NONE,0,,False,7.1,NO TRADE,NOT CHECKED,,,,,,,,,False,,,False,,,,False,,,,False,NONE,False,False,0,,,,NOT CHECKED,NO LIVE SIGNAL,7.1,False
COGT,32.86,REJECT,REJECT,"near EMA200 pivot, tight range",20,26,55,NO TRADE,WEAK,32.0,price<EMA20; EMA20>EMA50; EMA20 falling,-11.2,22.4,0.5,10.24,1,True,3.92,53816816.0,35.25,36.52,33.89,32.85,38.62,33.07,43.39,30.87,43.39,38.72,RESISTANCE_BREAKOUT,BREAKOUT,0.27,,,0,,,0,False,False,36.4,EMA50,36.52,5.68,6.0,32.85,32.85,40.66,41.82,42.6,1.33,43.39,12.05,True,5.0,41.82,8.0,1.33,False,2.5,17.53,0.0,1525630.0,51328724.0,3.73,True,True,"Cogent Biosciences, Inc. - Common Stock",0,7.1,UNCLASSIFIED,,0.0,NONE,0.0,0.0,NONE,,True,0,NOT CHECKED,NONE,NEUTRAL,,,,NOT CHECKED,False,NOT CHECKED,NONE,0,,False,7.1,NO TRADE,NOT CHECKED,,,,,,,,,False,,,False,,,,False,,,,False,NONE,False,False,0,,,,NOT CHECKED,NO LIVE SIGNAL,7.1,True
F,13.6,REJECT,REJECT,near EMA50 support,14,20,55,NO TRADE,WEAK,32.0,price<EMA20; EMA20>EMA50; EMA20 falling,-1.18,44.5,0.49,4.09,0,False,3.02,590162226.0,13.97,13.98,13.29,13.15,14.64,13.08,16.12,10.85,17.59,14.67,RESISTANCE_BREAKOUT,BREAKOUT,0.22,,,0,,,0,False,False,13.91,EMA50,13.98,4.71,5.21,13.15,13.15,15.41,15.85,16.14,1.54,16.12,9.83,True,5.0,15.85,8.0,1.54,False,2.5,7.65,0.0,42121119.0,575323539.0,2.88,True,True,Ford Motor Company Common Stock,0,7.0,UNCLASSIFIED,,0.0,NONE,0.0,0.0,NONE,,True,0,NOT CHECKED,NONE,NEUTRAL,,,,NOT CHECKED,False,NOT CHECKED,NONE,0,,False,7.0,NO TRADE,NOT CHECKED,,,,,,,,,False,,,False,,,,False,,,,False,NONE,False,False,0,,,,NOT CHECKED,NO LIVE SIGNAL,7.0,False
PRMB,20.91,REJECT,REJECT,"near EMA200 pivot, volume contraction, low-volume pullback",20,26,55,NO TRADE,WEAK,32.0,price<EMA20; EMA20>EMA50; EMA20 falling,-11.76,25.7,0.29,8.72,0,False,3.91,95190654.0,22.04,22.71,21.77,20.28,24.27,20.28,26.07,17.65,26.07,24.34,RESISTANCE_BREAKOUT,BREAKOUT,0.27,,,0,,,0,False,False,22.97,ATR_FALLBACK,23.11,5.04,5.64,20.28,20.28,25.56,26.29,26.77,1.42,26.07,7.13,True,5.0,26.07,7.13,1.26,False,2.5,17.37,0.0,4282544.0,86909892.0,3.41,True,True,Primo Brands Corporation Class A Common Stock,0,6.8,UNCLASSIFIED,,0.0,NONE,0.0,0.0,NONE,,True,0,NOT CHECKED,NONE,NEUTRAL,,,,NOT CHECKED,False,NOT CHECKED,NONE,0,,False,6.8,NO TRADE,NOT CHECKED,,,,,,,,,False,,,False,,,,False,,,,False,NONE,False,False,0,,,,NOT CHECKED,NO LIVE SIGNAL,6.8,False
BRKR,55.35,REJECT,REJECT,near EMA50 support,14,20,55,NO TRADE,WEAK,32.0,price<EMA20; EMA20>EMA50; EMA20 falling,-2.0,46.3,0.78,5.45,0,False,4.3,109064228.0,56.44,56.6,49.21,51.54,61.84,48.63,65.3,32.29,65.3,62.03,RESISTANCE_BREAKOUT,BREAKOUT,0.31,,,0,,,0,False,False,58.31,ATR_FALLBACK,58.46,5.75,6.0,51.54,51.54,65.13,66.99,68.23,1.33,65.3,5.27,True,5.0,65.3,5.27,0.88,False,2.5,11.74,0.0,1917362.0,108980035.0,4.34,True,True,Bruker Corporation - Common Stock,0,6.6,UNCLASSIFIED,,0.0,NONE,0.0,0.0,NONE,,True,0,NOT CHECKED,NONE,NEUTRAL,,,,NOT CHECKED,False,NOT CHECKED,NONE,0,,False,6.6,NO TRADE,NOT CHECKED,,,,,,,,,False,,,False,,,,False,,,,False,NONE,False,False,0,,,,NOT CHECKED,NO LIVE SIGNAL,6.6,False
UNH,376.09,REJECT,REJECT,none,8,14,20,NO TRADE,WEAK,32.0,price<EMA20; EMA20>EMA50; EMA20 falling,-2.32,37.2,0.37,2.22,0,False,2.79,1791500080.0,390.98,395.8,366.79,373.6,404.04,373.6,458.79,252.96,458.79,404.88,RESISTANCE_BREAKOUT,BREAKOUT,0.21,,,0,,,0,False,False,393.91,EMA50,395.8,2.24,2.71,373.6,373.6,425.13,437.27,445.37,2.95,458.79,13.32,True,5.0,437.27,8.0,2.95,True,2.5,7.43,0.0,4591951.0,1718079020.0,2.37,True,True,UnitedHealth Group Incorporated Common Stock (DE),0,6.5,UNCLASSIFIED,,0.0,NONE,0.0,0.0,NONE,,True,0,NOT CHECKED,NONE,NEUTRAL,,,,NOT CHECKED,False,NOT CHECKED,NONE,0,,False,6.5,NO TRADE,NOT CHECKED,,,,,,,,,False,,,False,,,,False,,,,False,NONE,False,False,0,,,,NOT CHECKED,NO LIVE SIGNAL,6.5,False
CRH,88.11,REJECT,REJECT,"volume contraction, low-volume pullback",10,16,20,NO TRADE,WEAK,32.0,price<EMA20; EMA20>EMA50; EMA20 falling,-6.24,30.1,0.42,2.89,0,False,2.81,392170688.0,92.39,96.66,105.95,86.84,98.19,86.84,116.43,92.52,119.62,98.39,RESISTANCE_BREAKOUT,BREAKOUT,0.2,,,0,,,0,False,False,96.21,EMA50,96.66,1.76,2.21,86.84,86.84,103.31,106.26,108.23,3.62,116.43,18.34,True,5.0,106.26,8.0,3.62,True,2.5,11.44,0.0,4232952.0,381022895.0,2.51,True,True,CRH PLC Ordinary Shares,0,6.3,UNCLASSIFIED,,0.0,NONE,0.0,0.0,NONE,,True,0,NOT CHECKED,NONE,NEUTRAL,,,,NOT CHECKED,False,NOT CHECKED,NONE,0,,False,6.3,NO TRADE,NOT CHECKED,,,,,,,,,False,,,False,,,,False,,,,False,NONE,False,False,0,,,,NOT CHECKED,NO LIVE SIGNAL,6.3,False
XYL,107.31,REJECT,REJECT,tight range,10,16,20,NO TRADE,WEAK,32.0,price<EMA20; EMA20>EMA50; EMA20 falling,-6.27,34.8,0.39,2.95,0,False,2.38,247635736.0,110.12,113.34,121.22,105.48,116.38,105.48,126.68,104.48,129.18,116.58,RESISTANCE_BREAKOUT,BREAKOUT,0.18,,,0,,,0,False,False,112.89,EMA50,113.34,2.78,3.17,105.7,105.48,122.41,125.91,128.24,2.52,126.68,8.66,True,5.0,125.91,8.0,2.52,True,2.5,10.92,0.0,2262253.0,206421534.0,2.35,True,True,Xylem Inc. Common Stock New,0,6.3,UNCLASSIFIED,,0.0,NONE,0.0,0.0,NONE,,True,0,NOT CHECKED,NONE,NEUTRAL,,,,NOT CHECKED,False,NOT CHECKED,NONE,0,,False,6.3,NO TRADE,NOT CHECKED,,,,,,,,,False,,,False,,,,False,,,,False,NONE,False,False,0,,,,NOT CHECKED,NO LIVE SIGNAL,6.3,False
KMT,29.2,REJECT,REJECT,"volume contraction, low-volume pullback",10,16,20,NO TRADE,WEAK,32.0,price<EMA20; EMA20>EMA50; EMA20 falling,-6.18,49.4,0.27,5.4,0,False,3.26,41835493.0,30.06,31.52,32.0,28.74,31.5,28.74,40.86,28.93,43.3,31.58,RESISTANCE_BREAKOUT,BREAKOUT,0.24,,,0,,,0,False,False,30.86,EMA50,31.52,0.18,2.26,28.75,28.74,33.15,34.1,34.73,3.54,40.86,29.4,True,5.0,34.1,8.0,3.54,True,2.5,9.04,0.0,1400964.0,41581953.0,3.06,True,True,Kennametal Inc. Common Stock,0,6.3,UNCLASSIFIED,,0.0,NONE,0.0,0.0,NONE,,True,0,NOT CHECKED,NONE,NEUTRAL,,,,NOT CHECKED,False,NOT CHECKED,NONE,0,,False,6.3,NO TRADE,NOT CHECKED,,,,,,,,,False,,,False,,,,False,,,,False,NONE,False,False,0,,,,NOT CHECKED,NO LIVE SIGNAL,6.3,False
BAX,23.78,REJECT,REJECT,rising EMA50,16,22,55,NO TRADE,WEAK,32.0,price<EMA20; EMA20>EMA50; EMA20 falling,-6.16,21.7,0.49,2.7,0,False,3.28,119024253.0,25.1,24.54,21.91,23.61,26.77,19.41,29.99,15.72,29.99,26.83,RESISTANCE_BREAKOUT,BREAKOUT,0.23,,,0,,,0,False,False,25.22,EMA20,25.1,6.44,6.0,23.61,23.61,28.17,28.98,29.52,1.33,29.99,11.76,True,5.0,28.98,8.0,1.33,False,2.5,12.57,0.0,4672589.0,118676749.0,2.9,True,True,Baxter International Inc. Common Stock,0,6.2,UNCLASSIFIED,,0.0,NONE,0.0,0.0,NONE,,True,0,NOT CHECKED,NONE,NEUTRAL,,,,NOT CHECKED,False,NOT CHECKED,NONE,0,,False,6.2,NO TRADE,NOT CHECKED,,,,,,,,,False,,,False,,,,False,,,,False,NONE,False,False,0,,,,NOT CHECKED,NO LIVE SIGNAL,6.2,False
ADSK,229.64,REJECT,REJECT,near EMA50 support,14,20,55,NO TRADE,WEAK,32.0,price<EMA20; EMA20>EMA50; EMA20 falling,-2.94,39.9,0.54,7.78,0,False,5.03,520001789.0,232.92,233.22,246.88,206.33,271.72,185.5,271.72,185.5,271.72,272.64,RESISTANCE_BREAKOUT,BREAKOUT,0.34,,,0,,,0,False,False,256.28,ATR_FALLBACK,255.33,6.35,6.0,206.33,206.33,286.28,294.45,299.91,1.33,,,False,5.0,294.45,8.0,1.33,False,2.5,18.32,0.0,2171485.0,452708578.0,3.77,True,True,"Autodesk, Inc. - Common Stock",0,6.1,UNCLASSIFIED,,0.0,NONE,0.0,0.0,NONE,,True,0,NOT CHECKED,NONE,NEUTRAL,,,,NOT CHECKED,False,NOT CHECKED,NONE,0,,False,6.1,NO TRADE,NOT CHECKED,,,,,,,,,False,,,False,,,,False,,,,False,NONE,False,False,0,,,,NOT CHECKED,NO LIVE SIGNAL,6.1,False
AAON,74.72,REJECT,REJECT,"tight range, volume contraction, low-volume pullback",20,26,55,NO TRADE,WEAK,32.0,price<EMA20; EMA20>EMA50; EMA20 falling,-13.04,47.3,0.34,5.04,0,False,4.53,83000094.0,79.5,89.34,97.55,73.41,86.66,73.41,139.69,74.21,150.16,86.93,RESISTANCE_BREAKOUT,BREAKOUT,0.31,,,0,,,0,False,False,81.71,ATR_FALLBACK,81.85,5.85,6.0,74.26,73.41,91.28,93.88,95.62,1.33,139.69,60.69,True,5.0,93.88,8.0,1.33,False,2.5,18.13,0.0,1064144.0,78170420.0,4.22,True,True,"AAON, Inc. - Common Stock",0,6.1,UNCLASSIFIED,,0.0,NONE,0.0,0.0,NONE,,True,0,NOT CHECKED,NONE,NEUTRAL,,,,NOT CHECKED,False,NOT CHECKED,NONE,0,,False,6.1,NO TRADE,NOT CHECKED,,,,,,,,,False,,,False,,,,False,,,,False,NONE,False,False,0,,,,NOT CHECKED,NO LIVE SIGNAL,6.1,False
VOYG,34.11,REJECT,REJECT,"near EMA50 support, volume contraction, low-volume pullback",24,30,55,NO TRADE,WEAK,32.0,price<EMA20; EMA20>EMA50; EMA20 falling,-20.42,48.1,0.42,19.56,2,True,5.31,39956424.0,34.53,34.46,32.39,31.96,43.49,22.31,45.4,21.68,52.4,43.63,RESISTANCE_BREAKOUT,BREAKOUT,0.33,,,0,,,0,False,False,41.02,ATR_FALLBACK,40.92,6.22,6.0,32.61,31.96,45.82,47.13,48.0,1.33,45.4,4.05,False,5.0,45.4,4.05,0.67,False,2.5,29.4,0.0,1120901.0,34704355.0,5.62,True,True,"Voyager Technologies, Inc. Class A Common Stock",0,6.1,UNCLASSIFIED,,0.0,NONE,0.0,0.0,NONE,,True,0,NOT CHECKED,NONE,NEUTRAL,,,,NOT CHECKED,False,NOT CHECKED,NONE,0,,False,6.1,NO TRADE,NOT CHECKED,,,,,,,,,False,,,False,,,,False,,,,False,NONE,False,False,0,,,,NOT CHECKED,NO LIVE SIGNAL,6.1,True
TPR,117.28,REJECT,REJECT,"volume contraction, low-volume pullback",10,16,20,NO TRADE,WEAK,32.0,price<EMA20; EMA20>EMA50; EMA20 falling,-6.73,28.4,0.3,2.51,0,False,3.03,412535836.0,124.31,132.77,134.23,112.11,134.84,112.11,164.18,121.42,164.18,135.12,RESISTANCE_BREAKOUT,BREAKOUT,0.21,,,0,,,0,False,False,132.13,EMA50,132.77,1.74,2.22,112.11,112.11,141.88,145.93,148.64,3.61,164.18,21.5,True,5.0,145.93,8.0,3.61,True,2.5,14.98,0.0,3327499.0,387593198.0,2.79,True,True,"Tapestry, Inc. Common Stock",0,6.0,UNCLASSIFIED,,0.0,NONE,0.0,0.0,NONE,,True,0,NOT CHECKED,NONE,NEUTRAL,,,,NOT CHECKED,False,NOT CHECKED,NONE,0,,False,6.0,NO TRADE,NOT CHECKED,,,,,,,,,False,,,False,,,,False,,,,False,NONE,False,False,0,,,,NOT CHECKED,NO LIVE SIGNAL,6.0,False
SHOP,130.49,REJECT,REJECT,near EMA200 pivot,18,24,55,NO TRADE,WEAK,32.0,price<EMA20; EMA20>EMA50; EMA20 falling,-10.19,29.9,0.36,16.98,1,True,4.79,1051159289.0,138.47,135.39,131.97,124.03,156.49,106.0,158.87,94.0,158.87,156.99,RESISTANCE_BREAKOUT,BREAKOUT,0.32,,,0,,,0,False,False,147.57,ATR_FALLBACK,147.62,5.97,6.0,124.03,124.03,164.84,169.55,172.69,1.33,158.87,1.2,False,5.0,158.87,1.2,0.2,False,2.5,19.92,0.0,7494567.0,950842985.0,3.74,True,True,Shopify Inc. - Class A Subordinate Voting Shares,0,5.9,UNCLASSIFIED,,0.0,NONE,0.0,0.0,NONE,,True,0,NOT CHECKED,NONE,NEUTRAL,,,,NOT CHECKED,False,NOT CHECKED,NONE,0,,False,5.9,NO TRADE,NOT CHECKED,,,,,,,,,False,,,False,,,,False,,,,False,NONE,False,False,0,,,,NOT CHECKED,NO LIVE SIGNAL,5.9,True
CSTM,25.26,REJECT,REJECT,"near EMA200 pivot, volume contraction, low-volume pullback",20,26,55,NO TRADE,WEAK,32.0,price<EMA20; EMA20>EMA50; EMA20 falling,-13.55,34.3,0.36,4.43,0,False,3.61,38125127.0,26.87,28.15,26.62,25.1,29.51,25.67,34.62,22.03,36.99,29.58,RESISTANCE_BREAKOUT,BREAKOUT,0.25,,,0,,,0,False,False,27.99,EMA50,28.15,4.84,5.39,25.1,25.1,31.06,31.95,32.54,1.48,34.62,17.03,True,5.0,31.95,8.0,1.48,False,2.5,18.49,0.0,1425301.0,38379641.0,3.57,True,True,Constellium SE Ordinary Shares (France),0,5.9,UNCLASSIFIED,,0.0,NONE,0.0,0.0,NONE,,True,0,NOT CHECKED,NONE,NEUTRAL,,,,NOT CHECKED,False,NOT CHECKED,NONE,0,,False,5.9,NO TRADE,NOT CHECKED,,,,,,,,,False,,,False,,,,False,,,,False,NONE,False,False,0,,,,NOT CHECKED,NO LIVE SIGNAL,5.9,False
AVAV,157.12,REJECT,REJECT,near EMA50 support,14,26,55,NO TRADE,WEAK,32.0,price<EMA20; EMA20>EMA50; EMA20 falling,-11.23,59.8,0.7,9.12,0,False,5.46,319474098.0,153.0,159.12,198.06,138.31,182.65,135.2,207.83,135.2,303.0,183.34,RESISTANCE_BREAKOUT,BREAKOUT,0.38,,,0,,,0,False,False,172.34,ATR_FALLBACK,170.46,7.02,6.0,138.31,138.31,192.5,198.0,201.67,1.33,207.83,13.36,True,5.0,198.0,8.0,1.33,False,2.5,22.2,0.0,2141051.0,212371908.0,5.54,True,True,"AeroVironment, Inc. - Common Stock",0,5.8,UNCLASSIFIED,,0.0,NONE,0.0,0.0,NONE,,True,0,NOT CHECKED,NONE,NEUTRAL,,,,NOT CHECKED,False,NOT CHECKED,NONE,0,,False,5.8,NO TRADE,NOT CHECKED,,,,,,,,,False,,,False,,,,False,,,,False,NONE,False,False,0,,,,NOT CHECKED,NO LIVE SIGNAL,5.8,False
OLN,16.96,REJECT,REJECT,"volume contraction, low-volume pullback",10,16,20,NO TRADE,WEAK,32.0,price<EMA20; EMA20>EMA50; EMA20 falling,-7.73,47.4,0.41,3.09,0,False,3.76,45507042.0,17.65,19.12,22.12,16.73,19.1,16.73,24.54,16.89,29.9,19.15,RESISTANCE_BREAKOUT,BREAKOUT,0.27,,,0,,,0,False,False,18.67,EMA50,19.12,0.18,2.5,16.86,16.73,20.11,20.68,21.07,3.2,24.54,28.13,True,5.0,20.68,8.0,3.2,True,2.5,12.61,0.0,2599425.0,45895380.0,3.68,True,True,Olin Corporation Common Stock,0,5.5,UNCLASSIFIED,,0.0,NONE,0.0,0.0,NONE,,True,0,NOT CHECKED,NONE,NEUTRAL,,,,NOT CHECKED,False,NOT CHECKED,NONE,0,,False,5.5,NO TRADE,NOT CHECKED,,,,,,,,,False,,,False,,,,False,,,,False,NONE,False,False,0,,,,NOT CHECKED,NO LIVE SIGNAL,5.5,False
FND,47.27,REJECT,REJECT,"tight range, volume contraction, low-volume pullback",20,26,55,NO TRADE,WEAK,32.0,price<EMA20; EMA20>EMA50; EMA20 falling,-14.49,25.8,0.49,6.34,0,False,4.09,112177309.0,50.66,53.04,58.8,46.03,59.0,46.03,63.25,42.64,68.15,59.15,RESISTANCE_BREAKOUT,BREAKOUT,0.26,,,0,,,0,False,False,55.91,ATR_FALLBACK,56.26,4.9,5.49,46.03,46.03,62.11,63.89,65.07,1.46,63.25,6.92,True,5.0,63.25,6.92,1.26,False,2.5,24.81,0.0,2199499.0,106024016.0,3.44,True,True,"Floor & Decor Holdings, Inc. Common Stock",0,5.4,UNCLASSIFIED,,0.0,NONE,0.0,0.0,NONE,,True,0,NOT CHECKED,NONE,NEUTRAL,,,,NOT CHECKED,False,NOT CHECKED,NONE,0,,False,5.4,NO TRADE,NOT CHECKED,,,,,,,,,False,,,False,,,,False,,,,False,NONE,False,False,0,,,,NOT CHECKED,NO LIVE SIGNAL,5.4,False
PTC,136.32,REJECT,REJECT,near EMA50 support,14,20,55,NO TRADE,WEAK,32.0,price<EMA20; EMA20>EMA50; EMA20 falling,-4.59,34.6,0.24,5.9,0,False,3.94,185908353.0,141.52,140.0,149.5,126.79,159.46,111.17,159.46,108.5,168.55,159.89,RESISTANCE_BREAKOUT,BREAKOUT,0.27,,,0,,,0,False,False,150.86,ATR_FALLBACK,151.83,5.04,5.65,126.79,126.79,167.88,172.68,175.88,1.42,168.55,5.42,True,5.0,168.55,5.42,0.96,False,2.5,16.97,0.0,1290934.0,185440199.0,3.18,True,True,PTC Inc. - Common Stock,0,5.3,UNCLASSIFIED,,0.0,NONE,0.0,0.0,NONE,,True,0,NOT CHECKED,NONE,NEUTRAL,,,,NOT CHECKED,False,NOT CHECKED,NONE,0,,False,5.3,NO TRADE,NOT CHECKED,,,,,,,,,False,,,False,,,,False,,,,False,NONE,False,False,0,,,,NOT CHECKED,NO LIVE SIGNAL,5.3,False
LBRT,19.39,REJECT,REJECT,"volume contraction, low-volume pullback",10,22,40,NO TRADE,WEAK,32.0,price<EMA20; EMA20>EMA50; EMA20 falling,-10.42,57.4,0.32,5.97,0,False,4.93,64958256.0,20.24,21.43,22.71,17.82,22.27,15.78,27.85,15.78,34.23,22.35,RESISTANCE_BREAKOUT,BREAKOUT,0.34,,,0,,,0,False,False,21.26,EMA50,21.43,4.1,4.87,19.34,18.59,23.46,24.13,24.58,1.64,27.85,24.61,True,5.0,24.13,8.0,1.64,False,2.5,14.88,0.0,3276872.0,66126674.0,4.7,True,True,Liberty Energy Inc. Class A common stock,0,5.1,UNCLASSIFIED,,0.0,NONE,0.0,0.0,NONE,,True,0,NOT CHECKED,NONE,NEUTRAL,,,,NOT CHECKED,False,NOT CHECKED,NONE,0,,False,5.1,NO TRADE,NOT CHECKED,,,,,,,,,False,,,False,,,,False,,,,False,NONE,False,False,0,,,,NOT CHECKED,NO LIVE SIGNAL,5.1,False
SOLS,57.31,REJECT,REJECT,"volume contraction, low-volume pullback",10,22,55,NO TRADE,WEAK,32.0,price<EMA20; EMA20>EMA50; EMA20 falling,-6.23,54.3,0.26,12.76,1,True,5.32,191436417.0,60.57,63.2,65.85,54.49,67.5,53.8,90.13,53.8,90.6,67.74,RESISTANCE_BREAKOUT,BREAKOUT,0.36,,,0,,,0,False,False,63.68,ATR_FALLBACK,63.17,6.75,6.0,57.6,57.6,71.13,73.16,74.52,1.33,90.13,33.04,True,5.0,73.16,8.0,1.33,False,2.5,17.78,0.0,3158217.0,139901223.0,3.72,True,True,Solstice Advanced Materials Inc. - Common Stock,0,4.9,UNCLASSIFIED,,0.0,NONE,0.0,0.0,NONE,,True,0,NOT CHECKED,NONE,NEUTRAL,,,,NOT CHECKED,False,NOT CHECKED,NONE,0,,False,4.9,NO TRADE,NOT CHECKED,,,,,,,,,False,,,False,,,,False,,,,False,NONE,False,False,0,,,,NOT CHECKED,NO LIVE SIGNAL,4.9,True
AAL,12.82,REJECT,REJECT,tight range,10,16,20,NO TRADE,WEAK,32.0,price<EMA20; EMA20>EMA50; EMA20 falling,-9.13,25.8,0.6,3.24,0,False,2.94,847777087.0,13.46,14.16,13.87,12.6,14.34,12.61,18.79,10.09,18.79,14.37,RESISTANCE_BREAKOUT,BREAKOUT,0.21,,,0,,,0,False,False,14.09,EMA50,14.16,1.47,1.96,12.6,12.6,15.09,15.52,15.81,4.07,18.79,30.76,True,5.0,15.52,8.0,4.07,True,2.5,15.21,0.0,63277718.0,836525564.0,2.64,True,True,"American Airlines Group, Inc. - Common Stock",0,4.8,UNCLASSIFIED,,0.0,NONE,0.0,0.0,NONE,,True,0,NOT CHECKED,NONE,NEUTRAL,,,,NOT CHECKED,False,NOT CHECKED,NONE,0,,False,4.8,NO TRADE,NOT CHECKED,,,,,,,,,False,,,False,,,,False,,,,False,NONE,False,False,0,,,,NOT CHECKED,NO LIVE SIGNAL,4.8,False
YOU,41.29,REJECT,REJECT,"volume contraction, low-volume pullback",10,16,40,NO TRADE,WEAK,32.0,price<EMA20; EMA20>EMA50; EMA20 falling,-3.46,31.1,0.77,3.26,0,False,3.36,67230707.0,44.11,47.44,46.82,42.12,45.61,42.14,68.83,42.56,68.83,45.72,RESISTANCE_BREAKOUT,BREAKOUT,0.24,,,0,,,0,False,False,43.86,EMA20,44.11,3.52,4.06,42.12,42.12,48.01,49.38,50.29,1.97,68.83,50.54,True,5.0,49.38,8.0,1.97,False,2.5,10.46,0.0,1545712.0,69118579.0,3.2,True,True,"Clear Secure, Inc. Class A Common Stock",0,4.7,UNCLASSIFIED,,0.0,NONE,0.0,0.0,NONE,,True,0,NOT CHECKED,NONE,NEUTRAL,,,,NOT CHECKED,False,NOT CHECKED,NONE,0,,False,4.7,NO TRADE,NOT CHECKED,,,,,,,,,False,,,False,,,,False,,,,False,NONE,False,False,0,,,,NOT CHECKED,NO LIVE SIGNAL,4.7,False
GEV,882.25,REJECT,REJECT,"near EMA200 pivot, volume contraction, low-volume pullback",20,26,55,NO TRADE,WEAK,32.0,price<EMA20; EMA20>EMA50; EMA20 falling,-16.21,43.2,0.59,3.61,0,False,4.25,1908819757.0,941.7,974.35,907.22,868.25,1049.9,874.0,1195.94,776.13,1195.94,1052.9,RESISTANCE_BREAKOUT,BREAKOUT,0.29,,,0,,,0,False,False,989.92,ATR_FALLBACK,996.67,5.34,5.98,868.25,868.25,1105.54,1137.13,1158.19,1.34,1195.94,13.59,True,5.0,1137.13,8.0,1.34,False,2.5,24.64,0.0,2038571.0,1752386205.0,3.57,True,True,GE Vernova Inc. Common Stock,0,4.5,UNCLASSIFIED,,0.0,NONE,0.0,0.0,NONE,,True,0,NOT CHECKED,NONE,NEUTRAL,,,,NOT CHECKED,False,NOT CHECKED,NONE,0,,False,4.5,NO TRADE,NOT CHECKED,,,,,,,,,False,,,False,,,,False,,,,False,NONE,False,False,0,,,,NOT CHECKED,NO LIVE SIGNAL,4.5,False
EXPE,292.42,REJECT,REJECT,near EMA50 support,14,20,55,NO TRADE,WEAK,32.0,price<EMA20; EMA20>EMA50; EMA20 falling,-6.03,30.1,0.5,5.44,0,False,4.41,475174186.0,299.09,293.09,262.14,261.43,341.51,232.19,341.51,202.02,341.51,342.54,RESISTANCE_BREAKOUT,BREAKOUT,0.3,,,0,,,0,False,False,321.99,ATR_FALLBACK,323.18,5.65,6.0,261.43,261.43,359.67,369.94,376.79,1.33,,,False,5.0,369.94,8.0,1.33,False,2.5,16.79,0.0,1568482.0,453362077.0,3.86,True,True,"Expedia Group, Inc. - Common Stock",0,4.5,UNCLASSIFIED,,0.0,NONE,0.0,0.0,NONE,,True,0,NOT CHECKED,NONE,NEUTRAL,,,,NOT CHECKED,False,NOT CHECKED,NONE,0,,False,4.5,NO TRADE,NOT CHECKED,,,,,,,,,False,,,False,,,,False,,,,False,NONE,False,False,0,,,,NOT CHECKED,NO LIVE SIGNAL,4.5,False
PNR,56.51,REJECT,REJECT,"volume contraction, low-volume pullback",10,16,20,NO TRADE,WEAK,32.0,price<EMA20; EMA20>EMA50; EMA20 falling,-9.82,13.4,0.3,3.21,0,False,2.77,228889052.0,60.19,64.46,80.09,55.99,65.89,56.25,77.62,57.35,98.19,66.02,RESISTANCE_BREAKOUT,BREAKOUT,0.19,,,0,,,0,False,False,64.18,EMA50,64.46,2.35,2.78,55.99,55.99,69.32,71.3,72.62,2.88,77.62,17.58,True,5.0,71.3,8.0,2.88,True,2.5,16.68,0.0,3766958.0,158369387.0,2.62,True,True,Pentair plc. Ordinary Share,0,4.5,UNCLASSIFIED,,0.0,NONE,0.0,0.0,NONE,,True,0,NOT CHECKED,NONE,NEUTRAL,,,,NOT CHECKED,False,NOT CHECKED,NONE,0,,False,4.5,NO TRADE,NOT CHECKED,,,,,,,,,False,,,False,,,,False,,,,False,NONE,False,False,0,,,,NOT CHECKED,NO LIVE SIGNAL,4.5,False
JHX,26.91,REJECT,REJECT,rising EMA50,16,22,55,NO TRADE,WEAK,32.0,price<EMA20; EMA20>EMA50; EMA20 falling,-9.54,29.0,0.97,7.96,0,False,3.55,201326017.0,28.94,28.01,24.3,27.89,31.43,23.86,31.43,17.36,31.36,31.51,RESISTANCE_BREAKOUT,BREAKOUT,0.24,,,0,,,0,False,False,29.9,ATR_FALLBACK,30.07,4.55,5.09,27.89,27.89,33.08,34.03,34.66,1.57,,,False,5.0,34.03,8.0,1.57,False,2.5,16.8,0.0,6872180.0,174307252.0,2.92,True,True,James Hardie Industries plc. Ordinary Shares,0,4.5,UNCLASSIFIED,,0.0,NONE,0.0,0.0,NONE,,True,0,NOT CHECKED,NONE,NEUTRAL,,,,NOT CHECKED,False,NOT CHECKED,NONE,0,,False,4.5,NO TRADE,NOT CHECKED,,,,,,,,,False,,,False,,,,False,,,,False,NONE,False,False,0,,,,NOT CHECKED,NO LIVE SIGNAL,4.5,False
OWL,10.28,REJECT,REJECT,rising EMA50,16,22,55,NO TRADE,WEAK,32.0,price<EMA20; EMA20>EMA50; EMA20 falling,-9.77,26.1,0.4,5.75,0,False,3.98,204074723.0,11.14,10.82,11.27,10.29,12.37,8.15,12.77,7.62,12.77,12.4,RESISTANCE_BREAKOUT,BREAKOUT,0.26,,,0,,,0,False,False,11.72,ATR_FALLBACK,11.79,4.95,5.54,10.29,10.29,13.02,13.39,13.64,1.44,12.77,2.96,False,5.0,12.77,2.96,0.53,False,2.5,20.27,0.0,17779884.0,191184214.0,3.28,True,True,Blue Owl Capital Inc. Class A Common Stock,0,4.4,UNCLASSIFIED,,0.0,NONE,0.0,0.0,NONE,,True,0,NOT CHECKED,NONE,NEUTRAL,,,,NOT CHECKED,False,NOT CHECKED,NONE,0,,False,4.4,NO TRADE,NOT CHECKED,,,,,,,,,False,,,False,,,,False,,,,False,NONE,False,False,0,,,,NOT CHECKED,NO LIVE SIGNAL,4.4,False
CPRI,14.24,REJECT,REJECT,none,0,12,20,NO TRADE,WEAK,32.0,price<EMA20; EMA20>EMA50; EMA20 falling,-0.87,59.3,0.68,7.84,0,False,4.31,59952804.0,13.81,15.05,18.29,12.4,15.01,12.4,20.41,13.05,21.95,15.06,RESISTANCE_BREAKOUT,BREAKOUT,0.33,,,0,,,0,False,False,14.6,EMA50,15.05,0.08,3.06,12.4,12.4,15.81,16.26,16.57,2.61,20.41,35.53,True,5.0,16.26,8.0,2.61,True,2.5,7.69,0.0,4441962.0,61138758.0,4.09,True,True,Capri Holdings Limited Ordinary Shares,0,4.4,UNCLASSIFIED,,0.0,NONE,0.0,0.0,NONE,,True,0,NOT CHECKED,NONE,NEUTRAL,,,,NOT CHECKED,False,NOT CHECKED,NONE,0,,False,4.4,NO TRADE,NOT CHECKED,,,,,,,,,False,,,False,,,,False,,,,False,NONE,False,False,0,,,,NOT CHECKED,NO LIVE SIGNAL,4.4,False
SHLS,7.05,REJECT,REJECT,"volume contraction, low-volume pullback",10,22,40,NO TRADE,WEAK,32.0,price<EMA20; EMA20>EMA50; EMA20 falling,-12.37,52.7,0.35,6.1,0,False,5.74,34038082.0,7.36,8.11,8.51,6.61,8.22,6.61,11.69,5.43,13.18,8.25,RESISTANCE_BREAKOUT,BREAKOUT,0.39,,,0,,,0,False,False,7.95,EMA50,8.11,1.76,3.68,6.75,6.61,8.66,8.91,9.08,2.18,11.69,41.61,True,5.0,8.91,8.0,2.18,False,2.5,20.23,0.0,4753259.0,32174394.0,5.86,True,True,"Shoals Technologies Group, Inc. - Class A Common Stock",0,4.1,UNCLASSIFIED,,0.0,NONE,0.0,0.0,NONE,,True,0,NOT CHECKED,NONE,NEUTRAL,,,,NOT CHECKED,False,NOT CHECKED,NONE,0,,False,4.1,NO TRADE,NOT CHECKED,,,,,,,,,False,,,False,,,,False,,,,False,NONE,False,False,0,,,,NOT CHECKED,NO LIVE SIGNAL,4.1,False
NXPI,224.67,REJECT,REJECT,none,8,14,40,NO TRADE,WEAK,32.0,price<EMA20; EMA20>EMA50; EMA20 falling,-1.43,49.9,0.36,5.99,0,False,3.01,685849742.0,228.49,241.23,244.45,217.3,238.6,217.3,326.39,184.06,338.8,239.14,RESISTANCE_BREAKOUT,BREAKOUT,0.23,,,0,,,0,False,False,227.27,EMA20,228.49,4.46,4.97,218.45,217.3,251.1,258.27,263.06,1.61,326.39,36.49,True,5.0,258.27,8.0,1.61,False,2.5,6.2,0.0,3039913.0,666944314.0,2.58,True,True,NXP Semiconductors N.V. - Common Stock,0,4.0,UNCLASSIFIED,,0.0,NONE,0.0,0.0,NONE,,True,0,NOT CHECKED,NONE,NEUTRAL,,,,NOT CHECKED,False,NOT CHECKED,NONE,0,,False,4.0,NO TRADE,NOT CHECKED,,,,,,,,,False,,,False,,,,False,,,,False,NONE,False,False,0,,,,NOT CHECKED,NO LIVE SIGNAL,4.0,False
MAS,68.59,REJECT,REJECT,near EMA200 pivot,10,16,40,NO TRADE,WEAK,32.0,price<EMA20; EMA20>EMA50; EMA20 falling,-4.79,35.6,0.43,3.14,0,False,2.49,129500458.0,71.25,72.83,70.91,67.19,76.1,67.19,83.27,57.63,83.27,76.23,RESISTANCE_BREAKOUT,BREAKOUT,0.18,,,0,,,0,False,False,72.52,EMA50,72.83,4.47,4.87,67.19,67.19,80.04,82.33,83.86,1.64,83.27,9.24,True,5.0,82.33,8.0,1.64,False,2.5,10.94,0.0,1815155.0,128931743.0,2.19,True,True,Masco Corporation Common Stock,0,4.0,UNCLASSIFIED,,0.0,NONE,0.0,0.0,NONE,,True,0,NOT CHECKED,NONE,NEUTRAL,,,,NOT CHECKED,False,NOT CHECKED,NONE,0,,False,4.0,NO TRADE,NOT CHECKED,,,,,,,,,False,,,False,,,,False,,,,False,NONE,False,False,0,,,,NOT CHECKED,NO LIVE SIGNAL,4.0,False
PLAB,27.1,REJECT,REJECT,"tight range, volume contraction, low-volume pullback",20,26,55,NO TRADE,WEAK,32.0,price<EMA20; EMA20>EMA50; EMA20 falling,-17.32,39.1,0.18,3.99,0,False,6.56,48117007.0,29.04,30.66,33.03,27.06,37.91,27.06,37.91,27.1,56.0,38.05,RESISTANCE_BREAKOUT,BREAKOUT,0.38,,,0,,,0,False,False,35.77,ATR_FALLBACK,35.38,7.01,6.0,27.14,27.06,39.95,41.1,41.86,1.33,56.0,47.17,True,5.0,41.1,8.0,1.33,False,2.5,39.89,0.0,1644746.0,31585106.0,5.11,True,True,"Photronics, Inc. - Common Stock",0,4.0,UNCLASSIFIED,,0.0,NONE,0.0,0.0,NONE,,True,0,NOT CHECKED,NONE,NEUTRAL,,,,NOT CHECKED,False,NOT CHECKED,NONE,0,,False,4.0,NO TRADE,NOT CHECKED,,,,,,,,,False,,,False,,,,False,,,,False,NONE,False,False,0,,,,NOT CHECKED,NO LIVE SIGNAL,4.0,False
LVS,42.21,REJECT,REJECT,tight range,10,16,40,NO TRADE,WEAK,32.0,price<EMA20; EMA20>EMA50; EMA20 falling,-5.06,20.5,0.34,2.44,0,False,2.71,214209348.0,44.2,45.65,50.3,42.11,47.5,42.11,49.76,43.59,57.75,47.59,RESISTANCE_BREAKOUT,BREAKOUT,0.19,,,0,,,0,False,False,45.45,EMA50,45.65,4.08,4.51,42.11,42.11,49.97,51.4,52.35,1.77,49.76,4.56,False,5.0,49.76,4.56,1.01,False,2.5,12.53,0.0,4809873.0,194421920.0,2.45,True,True,Las Vegas Sands Corp. Common Stock,0,3.9,UNCLASSIFIED,,0.0,NONE,0.0,0.0,NONE,,True,0,NOT CHECKED,NONE,NEUTRAL,,,,NOT CHECKED,False,NOT CHECKED,NONE,0,,False,3.9,NO TRADE,NOT CHECKED,,,,,,,,,False,,,False,,,,False,,,,False,NONE,False,False,0,,,,NOT CHECKED,NO LIVE SIGNAL,3.9,False
BWXT,147.9,REJECT,REJECT,"volume contraction, low-volume pullback",10,16,20,NO TRADE,WEAK,32.0,price<EMA20; EMA20>EMA50; EMA20 falling,-11.62,48.1,0.32,6.07,0,False,3.75,165097775.0,156.51,166.35,184.31,144.65,169.08,147.74,215.04,147.74,241.12,169.52,RESISTANCE_BREAKOUT,BREAKOUT,0.26,,,0,,,0,False,False,165.35,EMA50,166.35,1.87,2.46,144.65,144.65,178.0,183.09,186.48,3.25,215.04,26.85,True,5.0,183.09,8.0,3.25,True,2.5,17.87,0.0,1063495.0,155337799.0,3.4,True,True,"BWX Technologies, Inc. Common Stock",0,3.6,UNCLASSIFIED,,0.0,NONE,0.0,0.0,NONE,,True,0,NOT CHECKED,NONE,NEUTRAL,,,,NOT CHECKED,False,NOT CHECKED,NONE,0,,False,3.6,NO TRADE,NOT CHECKED,,,,,,,,,False,,,False,,,,False,,,,False,NONE,False,False,0,,,,NOT CHECKED,NO LIVE SIGNAL,3.6,False
PPG,104.9,REJECT,REJECT,near EMA200 pivot,10,16,40,NO TRADE,WEAK,32.0,price<EMA20; EMA20>EMA50; EMA20 falling,-5.5,27.5,0.34,3.32,0,False,2.68,149651804.0,109.92,112.26,110.67,103.89,116.23,104.18,124.92,94.85,124.92,116.45,RESISTANCE_BREAKOUT,BREAKOUT,0.19,,,0,,,0,False,False,111.76,EMA50,112.26,3.6,4.03,103.89,103.89,122.28,125.77,128.1,1.98,124.92,7.27,True,5.0,124.92,7.27,1.8,False,2.5,10.8,0.0,1355384.0,152382284.0,2.16,True,True,"PPG Industries, Inc. Common Stock",0,3.6,UNCLASSIFIED,,0.0,NONE,0.0,0.0,NONE,,True,0,NOT CHECKED,NONE,NEUTRAL,,,,NOT CHECKED,False,NOT CHECKED,NONE,0,,False,3.6,NO TRADE,NOT CHECKED,,,,,,,,,False,,,False,,,,False,,,,False,NONE,False,False,0,,,,NOT CHECKED,NO LIVE SIGNAL,3.6,False
GLBE,37.1,REJECT,REJECT,near EMA50 support,14,20,55,NO TRADE,WEAK,32.0,price<EMA20; EMA20>EMA50; EMA20 falling,-7.88,38.9,0.34,4.89,0,False,3.67,42015882.0,38.21,38.0,35.93,35.53,42.33,31.27,43.99,26.84,43.99,42.44,RESISTANCE_BREAKOUT,BREAKOUT,0.26,,,0,,,0,False,False,40.15,ATR_FALLBACK,40.4,4.81,5.39,35.53,35.53,44.56,45.83,46.68,1.48,43.99,3.65,False,5.0,43.99,3.65,0.68,False,2.5,14.1,0.0,1093908.0,38668083.0,3.29,True,True,Global-E Online Ltd. - ordinary shares,0,3.6,UNCLASSIFIED,,0.0,NONE,0.0,0.0,NONE,,True,0,NOT CHECKED,NONE,NEUTRAL,,,,NOT CHECKED,False,NOT CHECKED,NONE,0,,False,3.6,NO TRADE,NOT CHECKED,,,,,,,,,False,,,False,,,,False,,,,False,NONE,False,False,0,,,,NOT CHECKED,NO LIVE SIGNAL,3.6,False
GS,959.23,REJECT,REJECT,near EMA200 pivot,10,16,40,NO TRADE,WEAK,32.0,price<EMA20; EMA20>EMA50; EMA20 falling,-6.29,24.6,0.63,3.73,0,False,2.6,1825740134.0,1019.0,1024.66,954.23,978.93,1058.34,972.93,1148.37,773.29,1148.37,1060.33,RESISTANCE_BREAKOUT,BREAKOUT,0.19,,,0,,,0,False,False,1020.17,EMA50,1024.66,3.36,3.79,978.93,978.93,1113.35,1145.16,1166.37,2.11,1148.37,8.3,True,5.0,1145.16,8.0,2.11,False,2.5,10.33,0.0,1785590.0,1762425512.0,2.31,True,True,"Goldman Sachs Group, Inc. (The) Common Stock",0,3.3,UNCLASSIFIED,,0.0,NONE,0.0,0.0,NONE,,True,0,NOT CHECKED,NONE,NEUTRAL,,,,NOT CHECKED,False,NOT CHECKED,NONE,0,,False,3.3,NO TRADE,NOT CHECKED,,,,,,,,,False,,,False,,,,False,,,,False,NONE,False,False,0,,,,NOT CHECKED,NO LIVE SIGNAL,3.3,False
VNO,34.75,REJECT,REJECT,near EMA200 pivot,10,16,40,NO TRADE,WEAK,32.0,price<EMA20; EMA20>EMA50; EMA20 falling,-6.28,15.1,0.29,3.11,0,False,2.83,39610745.0,36.62,37.32,35.58,34.11,39.98,34.11,41.6,24.57,41.6,40.06,RESISTANCE_BREAKOUT,BREAKOUT,0.2,,,0,,,0,False,False,38.4,ATR_FALLBACK,38.58,3.69,4.13,34.11,34.11,42.06,43.26,44.06,1.94,41.6,3.85,False,5.0,41.6,3.85,0.93,False,2.5,15.05,0.0,1071309.0,40088016.0,2.67,True,True,Vornado Realty Trust Common Stock,0,3.3,UNCLASSIFIED,,0.0,NONE,0.0,0.0,NONE,,True,0,NOT CHECKED,NONE,NEUTRAL,,,,NOT CHECKED,False,NOT CHECKED,NONE,0,,False,3.3,NO TRADE,NOT CHECKED,,,,,,,,,False,,,False,,,,False,,,,False,NONE,False,False,0,,,,NOT CHECKED,NO LIVE SIGNAL,3.3,False
MAC,22.42,REJECT,REJECT,tight range,10,16,40,NO TRADE,WEAK,32.0,price<EMA20; EMA20>EMA50; EMA20 falling,-6.39,19.8,0.22,3.87,0,False,2.65,64321865.0,23.32,23.79,21.77,22.42,24.74,22.42,26.48,17.5,26.48,24.79,RESISTANCE_BREAKOUT,BREAKOUT,0.19,,,0,,,0,False,False,23.68,EMA50,23.79,4.05,4.48,22.42,22.42,26.03,26.77,27.27,1.78,26.48,6.81,True,5.0,26.48,6.81,1.52,False,2.5,10.38,0.0,2755615.0,49508427.0,2.26,True,True,Macerich Company (The) Common Stock,0,3.2,UNCLASSIFIED,,0.0,NONE,0.0,0.0,NONE,,True,0,NOT CHECKED,NONE,NEUTRAL,,,,NOT CHECKED,False,NOT CHECKED,NONE,0,,False,3.2,NO TRADE,NOT CHECKED,,,,,,,,,False,,,False,,,,False,,,,False,NONE,False,False,0,,,,NOT CHECKED,NO LIVE SIGNAL,3.2,False
BKV,24.09,REJECT,REJECT,none,8,20,55,NO TRADE,WEAK,32.0,price<EMA20; EMA20>EMA50; EMA20 falling,-6.54,50.3,0.13,4.91,0,False,4.67,55354681.0,24.9,25.3,26.08,23.52,27.37,22.72,28.05,22.72,32.81,27.46,RESISTANCE_BREAKOUT,BREAKOUT,0.33,,,0,,,0,False,False,25.81,ATR_FALLBACK,25.77,6.14,6.0,23.54,23.54,28.83,29.66,30.21,1.33,28.05,2.15,False,5.0,28.05,2.15,0.36,False,2.5,13.6,0.0,2226130.0,27573646.0,4.11,True,True,BKV Corporation Common Stock,0,3.1,UNCLASSIFIED,,0.0,NONE,0.0,0.0,NONE,,True,0,NOT CHECKED,NONE,NEUTRAL,,,,NOT CHECKED,False,NOT CHECKED,NONE,0,,False,3.1,NO TRADE,NOT CHECKED,,,,,,,,,False,,,False,,,,False,,,,False,NONE,False,False,0,,,,NOT CHECKED,NO LIVE SIGNAL,3.1,False
BKD,11.73,REJECT,REJECT,"volume contraction, low-volume pullback",10,16,55,NO TRADE,WEAK,32.0,price<EMA20; EMA20>EMA50; EMA20 falling,-2.06,36.7,0.33,3.43,0,False,3.52,49661042.0,12.22,12.92,12.73,11.59,12.79,11.59,16.31,11.59,16.31,12.82,RESISTANCE_BREAKOUT,BREAKOUT,0.26,,,0,,,0,False,False,12.14,EMA20,12.22,4.71,5.29,11.7,11.59,13.46,13.85,14.11,1.51,16.31,27.19,True,5.0,13.85,8.0,1.51,False,2.5,9.04,0.0,4139820.0,48776881.0,3.39,True,True,Brookdale Senior Living Inc. Common Stock,0,3.1,UNCLASSIFIED,,0.0,NONE,0.0,0.0,NONE,,True,0,NOT CHECKED,NONE,NEUTRAL,,,,NOT CHECKED,False,NOT CHECKED,NONE,0,,False,3.1,NO TRADE,NOT CHECKED,,,,,,,,,False,,,False,,,,False,,,,False,NONE,False,False,0,,,,NOT CHECKED,NO LIVE SIGNAL,3.1,False
Z,32.25,REJECT,REJECT,"volume contraction, low-volume pullback",10,16,55,NO TRADE,WEAK,32.0,price<EMA20; EMA20>EMA50; EMA20 falling,-2.33,35.1,0.19,8.0,0,False,4.39,104586897.0,33.7,34.24,45.33,31.05,37.58,29.23,37.58,29.23,49.12,37.69,RESISTANCE_BREAKOUT,BREAKOUT,0.3,,,0,,,0,False,False,35.43,ATR_FALLBACK,35.57,5.64,6.0,31.05,31.05,39.58,40.71,41.46,1.33,49.12,30.33,True,5.0,40.71,8.0,1.33,False,2.5,16.53,0.0,3040364.0,101875073.0,3.96,True,True,"Zillow Group, Inc. - Class C Capital Stock",0,3.0,UNCLASSIFIED,,0.0,NONE,0.0,0.0,NONE,,True,0,NOT CHECKED,NONE,NEUTRAL,,,,NOT CHECKED,False,NOT CHECKED,NONE,0,,False,3.0,NO TRADE,NOT CHECKED,,,,,,,,,False,,,False,,,,False,,,,False,NONE,False,False,0,,,,NOT CHECKED,NO LIVE SIGNAL,3.0,False
JBS,12.22,REJECT,REJECT,"volume contraction, low-volume pullback",10,16,40,NO TRADE,WEAK,32.0,price<EMA20; EMA20>EMA50; EMA20 falling,-7.05,7.8,0.34,3.94,0,False,3.27,66411170.0,13.04,13.12,13.55,12.43,14.31,11.66,14.35,11.49,17.27,14.35,RESISTANCE_BREAKOUT,BREAKOUT,0.22,,,0,,,0,False,False,13.68,ATR_FALLBACK,13.75,4.17,4.68,12.43,12.43,15.06,15.49,15.78,1.71,17.27,20.35,True,5.0,15.49,8.0,1.71,False,2.5,17.14,0.0,4980081.0,65434690.0,2.99,True,True,JBS N.V. Class A Common Shares,0,2.9,UNCLASSIFIED,,0.0,NONE,0.0,0.0,NONE,,True,0,NOT CHECKED,NONE,NEUTRAL,,,,NOT CHECKED,False,NOT CHECKED,NONE,0,,False,2.9,NO TRADE,NOT CHECKED,,,,,,,,,False,,,False,,,,False,,,,False,NONE,False,False,0,,,,NOT CHECKED,NO LIVE SIGNAL,2.9,False
AMAT,417.93,REJECT,REJECT,"near EMA200 pivot, volume contraction, low-volume pullback",20,26,55,NO TRADE,WEAK,32.0,price<EMA20; EMA20>EMA50; EMA20 falling,-19.82,28.7,0.42,5.55,0,False,3.95,2843112440.0,464.88,491.13,422.69,419.6,516.28,426.13,738.88,315.93,738.88,517.6,RESISTANCE_BREAKOUT,BREAKOUT,0.26,,,0,,,0,False,False,488.16,EMA50,491.13,5.11,5.69,419.6,419.6,543.48,559.01,569.36,1.41,738.88,42.75,True,5.0,559.01,8.0,1.41,False,2.5,29.02,0.0,6079606.0,2844078779.0,3.04,True,True,"Applied Materials, Inc. - Common Stock",0,2.7,UNCLASSIFIED,,0.0,NONE,0.0,0.0,NONE,,True,0,NOT CHECKED,NONE,NEUTRAL,,,,NOT CHECKED,False,NOT CHECKED,NONE,0,,False,2.7,NO TRADE,NOT CHECKED,,,,,,,,,False,,,False,,,,False,,,,False,NONE,False,False,0,,,,NOT CHECKED,NO LIVE SIGNAL,2.7,False
EIX,55.18,REJECT,REJECT,"tight range, volume contraction, low-volume pullback",20,26,55,NO TRADE,WEAK,32.0,price<EMA20; EMA20>EMA50; EMA20 falling,-20.58,24.1,0.31,8.93,0,False,7.37,399638224.0,61.93,67.12,66.76,52.5,75.9,52.5,81.62,53.11,81.62,76.23,RESISTANCE_BREAKOUT,BREAKOUT,0.43,,,0,,,0,False,False,71.65,ATR_FALLBACK,70.12,8.01,6.0,55.72,52.5,80.04,82.32,83.85,1.33,81.62,7.08,True,5.0,81.62,7.08,1.18,False,2.5,37.55,0.0,6631116.0,269887297.0,4.56,True,True,Edison International Common Stock,0,2.7,UNCLASSIFIED,,0.0,NONE,0.0,0.0,NONE,,True,0,NOT CHECKED,NONE,NEUTRAL,,,,NOT CHECKED,False,NOT CHECKED,NONE,0,,False,2.7,NO TRADE,NOT CHECKED,,,,,,,,,False,,,False,,,,False,,,,False,NONE,False,False,0,,,,NOT CHECKED,NO LIVE SIGNAL,2.7,False
TSEM,194.08,REJECT,REJECT,"near EMA200 pivot, volume contraction, low-volume pullback",20,26,55,NO TRADE,WEAK,32.0,price<EMA20; EMA20>EMA50; EMA20 falling,-24.38,40.3,0.66,12.37,1,True,5.45,276304930.0,213.84,224.23,192.97,190.55,253.44,185.07,319.94,108.43,319.94,254.29,RESISTANCE_BREAKOUT,BREAKOUT,0.33,,,0,,,0,False,False,239.03,ATR_FALLBACK,238.43,6.23,6.0,190.55,190.55,267.0,274.63,279.71,1.33,319.94,25.82,True,5.0,274.63,8.0,1.33,False,2.5,43.18,0.0,1293107.0,247150894.0,4.83,True,True,Tower Semiconductor Ltd. - Ordinary Shares,0,2.7,UNCLASSIFIED,,0.0,NONE,0.0,0.0,NONE,,True,0,NOT CHECKED,NONE,NEUTRAL,,,,NOT CHECKED,False,NOT CHECKED,NONE,0,,False,2.7,NO TRADE,NOT CHECKED,,,,,,,,,False,,,False,,,,False,,,,False,NONE,False,False,0,,,,NOT CHECKED,NO LIVE SIGNAL,2.7,True
OUST,33.06,REJECT,REJECT,"near EMA200 pivot, volume contraction, low-volume pullback",20,26,55,NO TRADE,WEAK,32.0,price<EMA20; EMA20>EMA50; EMA20 falling,-29.28,38.0,0.62,12.62,1,True,5.44,75712548.0,36.51,38.25,33.67,32.67,47.16,30.82,63.79,16.4,63.79,47.3,RESISTANCE_BREAKOUT,BREAKOUT,0.31,,,0,,,0,False,False,44.47,ATR_FALLBACK,44.61,5.7,6.0,32.67,32.67,49.67,51.09,52.03,1.33,63.79,34.85,True,5.0,51.09,8.0,1.33,False,2.5,56.83,0.0,2065242.0,70288933.0,5.55,True,True,"Ouster, Inc. - Common Stock",0,2.7,UNCLASSIFIED,,0.0,NONE,0.0,0.0,NONE,,True,0,NOT CHECKED,NONE,NEUTRAL,,,,NOT CHECKED,False,NOT CHECKED,NONE,0,,False,2.7,NO TRADE,NOT CHECKED,,,,,,,,,False,,,False,,,,False,,,,False,NONE,False,False,0,,,,NOT CHECKED,NO LIVE SIGNAL,2.7,True
LW,47.53,REJECT,REJECT,near EMA200 pivot,10,16,40,NO TRADE,WEAK,32.0,price<EMA20; EMA20>EMA50; EMA20 falling,-7.41,11.1,0.43,3.62,0,False,2.77,65460094.0,50.56,50.08,48.3,46.82,55.7,42.3,55.7,37.02,55.7,55.81,RESISTANCE_BREAKOUT,BREAKOUT,0.19,,,0,,,0,False,False,53.59,ATR_FALLBACK,53.83,3.54,3.96,46.82,46.82,58.6,60.27,61.39,2.02,,,False,5.0,60.27,8.0,2.02,False,2.5,17.18,0.0,1257159.0,64674627.0,2.65,True,True,"Lamb Weston Holdings, Inc. Common Stock ",0,2.7,UNCLASSIFIED,,0.0,NONE,0.0,0.0,NONE,,True,0,NOT CHECKED,NONE,NEUTRAL,,,,NOT CHECKED,False,NOT CHECKED,NONE,0,,False,2.7,NO TRADE,NOT CHECKED,,,,,,,,,False,,,False,,,,False,,,,False,NONE,False,False,0,,,,NOT CHECKED,NO LIVE SIGNAL,2.7,False
NN,14.98,REJECT,REJECT,"tight range, volume contraction, low-volume pullback",20,26,55,NO TRADE,WEAK,32.0,price<EMA20; EMA20>EMA50; EMA20 falling,-19.95,43.5,0.43,15.55,1,True,5.55,34652169.0,15.65,16.11,16.82,14.52,19.52,12.03,19.92,12.03,24.42,19.59,RESISTANCE_BREAKOUT,BREAKOUT,0.34,,,0,,,0,False,False,18.42,ATR_FALLBACK,18.34,6.36,6.0,14.52,14.52,20.57,21.16,21.55,1.33,19.92,1.68,False,5.0,19.92,1.68,0.28,False,2.5,32.84,0.0,2183239.0,34987347.0,5.95,True,True,NextNav Inc. - Common stock,0,2.7,UNCLASSIFIED,,0.0,NONE,0.0,0.0,NONE,,True,0,NOT CHECKED,NONE,NEUTRAL,,,,NOT CHECKED,False,NOT CHECKED,NONE,0,,False,2.7,NO TRADE,NOT CHECKED,,,,,,,,,False,,,False,,,,False,,,,False,NONE,False,False,0,,,,NOT CHECKED,NO LIVE SIGNAL,2.7,True
ROL,34.08,REJECT,REJECT,tight range,10,16,55,NO TRADE,WEAK,32.0,price<EMA20; EMA20>EMA50; EMA20 falling,-3.37,30.7,0.42,2.47,0,False,2.43,155536929.0,35.79,38.44,47.58,34.35,37.73,34.35,46.14,35.81,60.71,37.8,RESISTANCE_BREAKOUT,BREAKOUT,0.18,,,0,,,0,False,False,35.64,EMA20,35.79,5.32,5.71,34.35,34.35,39.69,40.82,41.58,1.4,46.14,22.06,True,5.0,40.82,8.0,1.4,False,2.5,10.73,0.0,4341634.0,149472191.0,2.15,True,True,"Rollins, Inc. Common Stock",0,2.5,UNCLASSIFIED,,0.0,NONE,0.0,0.0,NONE,,True,0,NOT CHECKED,NONE,NEUTRAL,,,,NOT CHECKED,False,NOT CHECKED,NONE,0,,False,2.5,NO TRADE,NOT CHECKED,,,,,,,,,False,,,False,,,,False,,,,False,NONE,False,False,0,,,,NOT CHECKED,NO LIVE SIGNAL,2.5,False
NVST,24.9,REJECT,REJECT,near EMA200 pivot,10,16,40,NO TRADE,WEAK,32.0,price<EMA20; EMA20>EMA50; EMA20 falling,-7.89,27.2,1.0,2.82,0,False,3.19,57849519.0,26.67,26.78,25.34,25.22,28.87,25.18,29.0,22.35,29.66,28.93,RESISTANCE_BREAKOUT,BREAKOUT,0.22,,,0,,,0,False,False,27.6,ATR_FALLBACK,27.74,4.11,4.61,25.22,25.22,30.38,31.25,31.83,1.74,29.0,0.23,False,5.0,29.0,0.23,0.05,False,2.5,15.94,0.0,2155461.0,54160058.0,3.05,True,True,Envista Holdings Corporation Common Stock,0,2.5,UNCLASSIFIED,,0.0,NONE,0.0,0.0,NONE,,True,0,NOT CHECKED,NONE,NEUTRAL,,,,NOT CHECKED,False,NOT CHECKED,NONE,0,,False,2.5,NO TRADE,NOT CHECKED,,,,,,,,,False,,,False,,,,False,,,,False,NONE,False,False,0,,,,NOT CHECKED,NO LIVE SIGNAL,2.5,False
MKC,50.35,REJECT,REJECT,none,8,14,40,NO TRADE,WEAK,32.0,price<EMA20; EMA20>EMA50; EMA20 falling,-4.63,22.4,0.56,2.79,0,False,2.61,136887067.0,52.54,52.4,54.88,50.22,56.87,45.31,56.87,44.42,69.5,56.98,RESISTANCE_BREAKOUT,BREAKOUT,0.18,,,0,,,0,False,False,54.77,ATR_FALLBACK,55.0,3.46,3.88,50.22,50.22,59.82,61.53,62.67,2.06,69.5,21.97,True,5.0,61.53,8.0,2.06,False,2.5,12.95,0.0,2558648.0,143231814.0,2.48,True,True,"McCormick & Company, Incorporated Common Stock",0,2.4,UNCLASSIFIED,,0.0,NONE,0.0,0.0,NONE,,True,0,NOT CHECKED,NONE,NEUTRAL,,,,NOT CHECKED,False,NOT CHECKED,NONE,0,,False,2.4,NO TRADE,NOT CHECKED,,,,,,,,,False,,,False,,,,False,,,,False,NONE,False,False,0,,,,NOT CHECKED,NO LIVE SIGNAL,2.4,False
GTX,25.64,REJECT,REJECT,"volume contraction, low-volume pullback",10,16,40,NO TRADE,WEAK,32.0,price<EMA20; EMA20>EMA50; EMA20 falling,-7.99,46.1,0.19,3.01,0,False,3.34,76858662.0,27.36,28.5,24.93,25.59,28.4,25.59,36.14,16.76,36.14,28.46,RESISTANCE_BREAKOUT,BREAKOUT,0.24,,,0,,,0,False,False,27.2,EMA20,27.36,3.89,4.43,26.12,26.12,29.89,30.74,31.31,1.81,36.14,26.98,True,5.0,30.74,8.0,1.81,False,2.5,13.74,0.0,2845647.0,75917921.0,3.1,True,True,Garrett Motion Inc. - Common Stock,0,2.4,UNCLASSIFIED,,0.0,NONE,0.0,0.0,NONE,,True,0,NOT CHECKED,NONE,NEUTRAL,,,,NOT CHECKED,False,NOT CHECKED,NONE,0,,False,2.4,NO TRADE,NOT CHECKED,,,,,,,,,False,,,False,,,,False,,,,False,NONE,False,False,0,,,,NOT CHECKED,NO LIVE SIGNAL,2.4,False
CWEN,30.17,REJECT,REJECT,"volume contraction, low-volume pullback",10,16,40,NO TRADE,WEAK,32.0,price<EMA20; EMA20>EMA50; EMA20 falling,-8.29,33.9,0.65,5.36,0,False,2.82,34528032.0,31.66,32.62,33.83,30.13,33.85,29.74,37.24,29.74,41.12,33.91,RESISTANCE_BREAKOUT,BREAKOUT,0.2,,,0,,,0,False,False,32.47,EMA50,32.62,3.8,4.25,30.13,30.13,35.61,36.63,37.31,1.88,37.24,9.82,True,5.0,36.63,8.0,1.88,False,2.5,12.77,0.0,1086156.0,33186523.0,2.64,True,True,"Clearway Energy, Inc. Class C Common Stock",0,2.3,UNCLASSIFIED,,0.0,NONE,0.0,0.0,NONE,,True,0,NOT CHECKED,NONE,NEUTRAL,,,,NOT CHECKED,False,NOT CHECKED,NONE,0,,False,2.3,NO TRADE,NOT CHECKED,,,,,,,,,False,,,False,,,,False,,,,False,NONE,False,False,0,,,,NOT CHECKED,NO LIVE SIGNAL,2.3,False
WRBY,24.1,REJECT,REJECT,near EMA200 pivot,10,16,55,NO TRADE,WEAK,32.0,price<EMA20; EMA20>EMA50; EMA20 falling,-3.83,37.6,0.51,11.28,1,True,4.94,56162573.0,25.06,25.65,25.28,22.84,28.7,22.84,30.93,19.8,30.93,28.8,RESISTANCE_BREAKOUT,BREAKOUT,0.33,,,0,,,0,False,False,27.07,ATR_FALLBACK,27.01,6.2,6.0,23.5,22.84,30.23,31.1,31.67,1.33,30.93,7.41,True,5.0,30.93,7.41,1.24,False,2.5,19.09,0.0,2219045.0,53256682.0,5.1,True,True,Warby Parker Inc. Class A Common Stock,0,2.2,UNCLASSIFIED,,0.0,NONE,0.0,0.0,NONE,,True,0,NOT CHECKED,NONE,NEUTRAL,,,,NOT CHECKED,False,NOT CHECKED,NONE,0,,False,2.2,NO TRADE,NOT CHECKED,,,,,,,,,False,,,False,,,,False,,,,False,NONE,False,False,0,,,,NOT CHECKED,NO LIVE SIGNAL,2.2,True
XRAY,10.02,REJECT,REJECT,"volume contraction, low-volume pullback",10,16,40,NO TRADE,WEAK,32.0,price<EMA20; EMA20>EMA50; EMA20 falling,-8.38,32.9,0.42,4.93,0,False,4.08,36618455.0,10.99,11.43,11.76,10.28,11.72,10.02,14.44,9.41,14.49,11.75,RESISTANCE_BREAKOUT,BREAKOUT,0.28,,,0,,,0,False,False,11.36,EMA50,11.43,2.72,3.34,10.28,10.28,12.34,12.69,12.93,2.39,14.44,22.87,True,5.0,12.69,8.0,2.39,False,2.5,17.01,0.0,3349127.0,35434546.0,3.54,True,True,DENTSPLY SIRONA Inc. - Common Stock,0,2.2,UNCLASSIFIED,,0.0,NONE,0.0,0.0,NONE,,True,0,NOT CHECKED,NONE,NEUTRAL,,,,NOT CHECKED,False,NOT CHECKED,NONE,0,,False,2.2,NO TRADE,NOT CHECKED,,,,,,,,,False,,,False,,,,False,,,,False,NONE,False,False,0,,,,NOT CHECKED,NO LIVE SIGNAL,2.2,False
AKAM,105.89,REJECT,REJECT,near EMA200 pivot,10,22,55,NO TRADE,WEAK,32.0,price<EMA20; EMA20>EMA50; EMA20 falling,-11.86,50.3,0.42,6.43,0,False,4.15,326611040.0,108.95,113.83,109.75,100.77,123.79,100.77,131.08,88.5,165.45,124.14,RESISTANCE_BREAKOUT,BREAKOUT,0.28,,,0,,,0,False,False,116.75,ATR_FALLBACK,117.55,5.31,5.95,100.77,100.77,130.35,134.07,136.56,1.34,131.08,5.59,True,5.0,131.08,5.59,0.94,False,2.5,18.59,0.0,3017293.0,323717056.0,4.04,True,True,"Akamai Technologies, Inc. - Common Stock",0,2.1,UNCLASSIFIED,,0.0,NONE,0.0,0.0,NONE,,True,0,NOT CHECKED,NONE,NEUTRAL,,,,NOT CHECKED,False,NOT CHECKED,NONE,0,,False,2.1,NO TRADE,NOT CHECKED,,,,,,,,,False,,,False,,,,False,,,,False,NONE,False,False,0,,,,NOT CHECKED,NO LIVE SIGNAL,2.1,False
MS,202.16,REJECT,REJECT,none,8,14,40,NO TRADE,WEAK,32.0,price<EMA20; EMA20>EMA50; EMA20 falling,-5.33,27.8,0.92,3.25,0,False,2.5,863986261.0,212.76,212.59,194.34,204.82,218.78,201.83,230.98,151.15,230.98,219.18,RESISTANCE_BREAKOUT,BREAKOUT,0.18,,,0,,,0,False,False,211.85,EMA20,212.76,2.93,3.34,204.82,204.82,230.14,236.72,241.1,2.39,230.98,5.38,True,5.0,230.98,5.38,1.61,False,2.5,9.08,0.0,4058765.0,841107581.0,2.25,True,True,Morgan Stanley Common Stock,0,2.0,UNCLASSIFIED,,0.0,NONE,0.0,0.0,NONE,,True,0,NOT CHECKED,NONE,NEUTRAL,,,,NOT CHECKED,False,NOT CHECKED,NONE,0,,False,2.0,NO TRADE,NOT CHECKED,,,,,,,,,False,,,False,,,,False,,,,False,NONE,False,False,0,,,,NOT CHECKED,NO LIVE SIGNAL,2.0,False
RPM,100.09,REJECT,REJECT,"volume contraction, low-volume pullback",10,16,40,NO TRADE,WEAK,32.0,price<EMA20; EMA20>EMA50; EMA20 falling,-8.79,32.8,0.1,3.23,0,False,2.52,169409720.0,104.11,106.17,107.45,98.0,113.78,98.0,117.93,91.96,117.93,113.98,RESISTANCE_BREAKOUT,BREAKOUT,0.18,,,0,,,0,False,False,109.75,ATR_FALLBACK,110.2,3.31,3.71,98.0,98.0,119.68,123.1,125.38,2.16,117.93,3.46,False,5.0,117.93,3.46,0.93,False,2.5,13.68,0.0,1620596.0,116456892.0,2.35,True,True,RPM International Inc. Common Stock,0,2.0,UNCLASSIFIED,,0.0,NONE,0.0,0.0,NONE,,True,0,NOT CHECKED,NONE,NEUTRAL,,,,NOT CHECKED,False,NOT CHECKED,NONE,0,,False,2.0,NO TRADE,NOT CHECKED,,,,,,,,,False,,,False,,,,False,,,,False,NONE,False,False,0,,,,NOT CHECKED,NO LIVE SIGNAL,2.0,False
STLA,5.17,REJECT,REJECT,none,0,10,40,NO TRADE,WEAK,32.0,price<EMA20; EMA20>EMA50; EMA20 falling,3.0,47.2,0.72,7.52,0,False,3.11,108702212.0,5.36,5.62,7.18,5.05,5.57,5.05,6.51,5.05,8.83,5.58,RESISTANCE_BREAKOUT,BREAKOUT,0.23,,,0,,,0,False,False,5.33,EMA20,5.36,4.02,4.53,5.2,5.2,5.86,6.03,6.14,1.76,6.51,16.61,True,5.0,6.03,8.0,1.76,False,2.5,7.74,0.0,20405024.0,104795566.0,2.53,True,True,Stellantis N.V. Common Shares,0,2.0,UNCLASSIFIED,,0.0,NONE,0.0,0.0,NONE,,True,0,NOT CHECKED,NONE,NEUTRAL,,,,NOT CHECKED,False,NOT CHECKED,NONE,0,,False,2.0,NO TRADE,NOT CHECKED,,,,,,,,,False,,,False,,,,False,,,,False,NONE,False,False,0,,,,NOT CHECKED,NO LIVE SIGNAL,2.0,False
MIAX,39.76,REJECT,REJECT,"volume contraction, low-volume pullback",10,16,55,NO TRADE,WEAK,32.0,price<EMA20; EMA20>EMA50; EMA20 falling,-4.21,32.1,0.3,5.15,0,False,4.39,53060862.0,42.37,42.8,42.71,38.71,44.76,35.43,47.5,35.43,57.14,44.9,RESISTANCE_BREAKOUT,BREAKOUT,0.31,,,0,,,0,False,False,42.49,EMA50,42.8,4.68,5.38,40.88,39.66,47.15,48.5,49.39,1.49,47.5,5.78,True,5.0,47.5,5.78,1.07,False,2.5,12.57,0.0,1254271.0,49369830.0,4.16,True,True,"Miami International Holdings, Inc. Common Stock",0,2.0,UNCLASSIFIED,,0.0,NONE,0.0,0.0,NONE,,True,0,NOT CHECKED,NONE,NEUTRAL,,,,NOT CHECKED,False,NOT CHECKED,NONE,0,,False,2.0,NO TRADE,NOT CHECKED,,,,,,,,,False,,,False,,,,False,,,,False,NONE,False,False,0,,,,NOT CHECKED,NO LIVE SIGNAL,2.0,False
INGM,26.24,REJECT,REJECT,near EMA200 pivot,10,16,55,NO TRADE,WEAK,32.0,price<EMA20; EMA20>EMA50; EMA20 falling,-4.23,33.4,0.45,4.77,0,False,3.86,47945294.0,27.67,27.97,25.98,25.98,29.59,25.48,30.85,20.02,31.59,29.68,RESISTANCE_BREAKOUT,BREAKOUT,0.27,,,0,,,0,False,False,27.9,EMA50,27.97,5.74,6.0,25.98,25.98,31.16,32.05,32.64,1.33,30.85,3.97,False,5.0,30.85,3.97,0.66,False,2.5,12.79,0.0,1749976.0,29772545.0,3.27,True,True,Ingram Micro Holding Corporation Common Stock,0,2.0,UNCLASSIFIED,,0.0,NONE,0.0,0.0,NONE,,True,0,NOT CHECKED,NONE,NEUTRAL,,,,NOT CHECKED,False,NOT CHECKED,NONE,0,,False,2.0,NO TRADE,NOT CHECKED,,,,,,,,,False,,,False,,,,False,,,,False,NONE,False,False,0,,,,NOT CHECKED,NO LIVE SIGNAL,2.0,False
EYE,16.45,REJECT,REJECT,tight range,10,16,40,NO TRADE,WEAK,32.0,price<EMA20; EMA20>EMA50; EMA20 falling,-8.91,22.9,0.4,3.12,0,False,4.68,36318946.0,17.74,18.77,21.64,16.44,19.51,16.44,23.9,14.75,30.0,19.57,RESISTANCE_BREAKOUT,BREAKOUT,0.32,,,0,,,0,False,False,18.63,EMA50,18.77,4.08,4.79,16.48,16.44,20.55,21.14,21.53,1.67,23.9,22.12,True,5.0,21.14,8.0,1.67,False,2.5,18.6,0.0,2058586.0,38620993.0,4.44,True,True,"National Vision Holdings, Inc. - Common Stock",0,1.9,UNCLASSIFIED,,0.0,NONE,0.0,0.0,NONE,,True,0,NOT CHECKED,NONE,NEUTRAL,,,,NOT CHECKED,False,NOT CHECKED,NONE,0,,False,1.9,NO TRADE,NOT CHECKED,,,,,,,,,False,,,False,,,,False,,,,False,NONE,False,False,0,,,,NOT CHECKED,NO LIVE SIGNAL,1.9,False
EFX,169.55,REJECT,REJECT,none,8,14,55,NO TRADE,WEAK,32.0,price<EMA20; EMA20>EMA50; EMA20 falling,-1.79,26.0,0.49,5.64,0,False,4.05,212165799.0,178.28,177.83,187.92,166.32,197.33,150.32,197.33,150.32,209.22,197.88,RESISTANCE_BREAKOUT,BREAKOUT,0.28,,,0,,,0,False,False,186.35,ATR_FALLBACK,187.59,5.2,5.82,166.32,166.32,207.77,213.71,217.67,1.37,209.22,5.73,True,5.0,209.22,5.73,0.98,False,2.5,16.38,0.0,1165527.0,211795747.0,3.33,True,True,"Equifax, Inc. Common Stock",0,1.6,UNCLASSIFIED,,0.0,NONE,0.0,0.0,NONE,,True,0,NOT CHECKED,NONE,NEUTRAL,,,,NOT CHECKED,False,NOT CHECKED,NONE,0,,False,1.6,NO TRADE,NOT CHECKED,,,,,,,,,False,,,False,,,,False,,,,False,NONE,False,False,0,,,,NOT CHECKED,NO LIVE SIGNAL,1.6,False
CCJ,91.43,REJECT,REJECT,"volume contraction, low-volume pullback",10,16,55,NO TRADE,WEAK,32.0,price<EMA20; EMA20>EMA50; EMA20 falling,-5.23,22.0,0.36,7.24,0,False,4.03,260721329.0,97.79,98.23,101.2,91.97,111.54,83.15,111.54,83.15,131.21,111.84,RESISTANCE_BREAKOUT,BREAKOUT,0.26,,,0,,,0,False,False,105.64,ATR_FALLBACK,106.3,4.95,5.54,91.97,91.97,117.43,120.78,123.02,1.44,131.21,17.32,True,5.0,120.78,8.0,1.44,False,2.5,21.99,0.0,2603322.0,234735072.0,3.32,True,True,Cameco Corporation Common Stock,0,1.5,UNCLASSIFIED,,0.0,NONE,0.0,0.0,NONE,,True,0,NOT CHECKED,NONE,NEUTRAL,,,,NOT CHECKED,False,NOT CHECKED,NONE,0,,False,1.5,NO TRADE,NOT CHECKED,,,,,,,,,False,,,False,,,,False,,,,False,NONE,False,False,0,,,,NOT CHECKED,NO LIVE SIGNAL,1.5,False
YETI,39.81,REJECT,REJECT,tight range,10,16,55,NO TRADE,WEAK,32.0,price<EMA20; EMA20>EMA50; EMA20 falling,-5.39,33.1,0.28,3.21,0,False,3.05,62178480.0,42.09,44.61,43.58,39.04,44.4,39.04,53.99,34.9,53.99,44.5,RESISTANCE_BREAKOUT,BREAKOUT,0.22,,,0,,,0,False,False,41.87,EMA20,42.09,5.41,5.9,39.04,39.04,46.72,48.06,48.95,1.36,53.99,21.33,True,5.0,48.06,8.0,1.36,False,2.5,11.53,0.0,1489276.0,66217323.0,2.81,True,True,"YETI Holdings, Inc. Common Stock",0,1.5,UNCLASSIFIED,,0.0,NONE,0.0,0.0,NONE,,True,0,NOT CHECKED,NONE,NEUTRAL,,,,NOT CHECKED,False,NOT CHECKED,NONE,0,,False,1.5,NO TRADE,NOT CHECKED,,,,,,,,,False,,,False,,,,False,,,,False,NONE,False,False,0,,,,NOT CHECKED,NO LIVE SIGNAL,1.5,False
UBER,71.9,REJECT,REJECT,none,8,14,55,NO TRADE,WEAK,32.0,price<EMA20; EMA20>EMA50; EMA20 falling,-2.09,28.3,0.39,6.46,0,False,3.44,1267985656.0,74.35,74.22,77.57,69.24,82.36,65.41,82.36,65.41,82.36,82.56,RESISTANCE_BREAKOUT,BREAKOUT,0.24,,,0,,,0,False,False,78.41,ATR_FALLBACK,78.86,4.49,5.03,69.24,69.24,86.69,89.17,90.82,1.59,,,False,5.0,89.17,8.0,1.59,False,2.5,14.55,0.0,16840260.0,1139559346.0,3.2,True,True,"Uber Technologies, Inc. Common Stock",0,1.4,UNCLASSIFIED,,0.0,NONE,0.0,0.0,NONE,,True,0,NOT CHECKED,NONE,NEUTRAL,,,,NOT CHECKED,False,NOT CHECKED,NONE,0,,False,1.4,NO TRADE,NOT CHECKED,,,,,,,,,False,,,False,,,,False,,,,False,NONE,False,False,0,,,,NOT CHECKED,NO LIVE SIGNAL,1.4,False
APTV,44.04,REJECT,REJECT,"volume contraction, low-volume pullback",10,16,40,NO TRADE,WEAK,32.0,price<EMA20; EMA20>EMA50; EMA20 falling,-9.96,39.2,0.37,7.02,0,False,3.3,209708284.0,46.58,50.7,62.81,43.83,50.51,43.83,65.75,44.52,78.49,50.63,RESISTANCE_BREAKOUT,BREAKOUT,0.23,,,0,,,0,False,False,48.18,ATR_FALLBACK,48.44,4.31,4.83,43.83,43.83,53.16,54.68,55.69,1.66,65.75,29.87,True,5.0,54.68,8.0,1.66,False,2.5,14.69,0.0,4576024.0,166387444.0,3.13,True,True,Aptiv PLC Ordinary Shares,0,1.4,UNCLASSIFIED,,0.0,NONE,0.0,0.0,NONE,,True,0,NOT CHECKED,NONE,NEUTRAL,,,,NOT CHECKED,False,NOT CHECKED,NONE,0,,False,1.4,NO TRADE,NOT CHECKED,,,,,,,,,False,,,False,,,,False,,,,False,NONE,False,False,0,,,,NOT CHECKED,NO LIVE SIGNAL,1.4,False
CARR,55.4,REJECT,REJECT,volume expanding,6,12,20,NO TRADE,WEAK,32.0,price<EMA20; EMA20>EMA50; EMA20 falling,-9.41,34.9,1.18,3.99,0,False,2.88,318626624.0,58.89,61.71,62.09,55.38,62.41,55.97,76.48,53.39,76.48,62.54,RESISTANCE_BREAKOUT,BREAKOUT,0.2,,,0,,,0,False,False,61.34,EMA50,61.71,1.33,1.91,55.38,55.38,65.66,67.54,68.79,4.18,76.48,22.3,True,5.0,67.54,8.0,4.18,True,2.5,13.78,0.0,5431117.0,309099744.0,2.56,True,True,Carrier Global Corporation Common Stock ,0,1.3,UNCLASSIFIED,,0.0,NONE,0.0,0.0,NONE,,True,0,NOT CHECKED,NONE,NEUTRAL,,,,NOT CHECKED,False,NOT CHECKED,NONE,0,,False,1.3,NO TRADE,NOT CHECKED,,,,,,,,,False,,,False,,,,False,,,,False,NONE,False,False,0,,,,NOT CHECKED,NO LIVE SIGNAL,1.3,False
PODD,139.01,REJECT,REJECT,none,0,10,40,NO TRADE,WEAK,32.0,price<EMA20; EMA20>EMA50; EMA20 falling,1.53,44.1,0.33,5.96,0,False,3.61,247987558.0,143.16,149.43,198.33,131.24,155.17,126.4,172.92,126.4,249.23,155.57,RESISTANCE_BREAKOUT,BREAKOUT,0.26,,,0,,,0,False,False,148.53,EMA50,149.43,3.95,4.53,131.24,131.24,163.35,168.02,171.13,1.77,172.92,11.15,True,5.0,168.02,8.0,1.77,False,2.5,11.63,0.0,1720644.0,201424091.0,3.77,True,True,Insulet Corporation - Common Stock,0,1.3,UNCLASSIFIED,,0.0,NONE,0.0,0.0,NONE,,True,0,NOT CHECKED,NONE,NEUTRAL,,,,NOT CHECKED,False,NOT CHECKED,NONE,0,,False,1.3,NO TRADE,NOT CHECKED,,,,,,,,,False,,,False,,,,False,,,,False,NONE,False,False,0,,,,NOT CHECKED,NO LIVE SIGNAL,1.3,False
RMBS,82.27,REJECT,REJECT,"volume contraction, low-volume pullback",10,16,20,NO TRADE,WEAK,32.0,price<EMA20; EMA20>EMA50; EMA20 falling,-16.2,35.5,0.35,9.04,0,False,4.15,165076273.0,87.78,96.4,105.81,80.0,97.62,81.48,147.0,77.89,174.1,97.89,RESISTANCE_BREAKOUT,BREAKOUT,0.28,,,0,,,0,False,False,95.33,EMA50,96.4,1.52,2.62,80.0,80.0,102.79,105.72,107.68,3.06,147.0,50.16,True,5.0,105.72,8.0,3.06,True,2.5,26.55,0.0,1891202.0,157526602.0,3.56,True,True,"Rambus, Inc. - Common Stock",0,1.3,UNCLASSIFIED,,0.0,NONE,0.0,0.0,NONE,,True,0,NOT CHECKED,NONE,NEUTRAL,,,,NOT CHECKED,False,NOT CHECKED,NONE,0,,False,1.3,NO TRADE,NOT CHECKED,,,,,,,,,False,,,False,,,,False,,,,False,NONE,False,False,0,,,,NOT CHECKED,NO LIVE SIGNAL,1.3,False
WY,21.88,REJECT,REJECT,tight range,10,16,55,NO TRADE,WEAK,32.0,price<EMA20; EMA20>EMA50; EMA20 falling,-6.26,13.7,0.52,4.28,0,False,2.06,111365991.0,23.02,23.55,23.77,21.83,24.74,21.83,25.76,22.02,25.76,24.78,RESISTANCE_BREAKOUT,BREAKOUT,0.15,,,0,,,0,False,False,23.47,EMA50,23.55,4.97,5.29,21.83,21.83,26.02,26.76,27.26,1.51,25.76,3.97,False,5.0,25.76,3.97,0.75,False,2.5,13.06,0.0,4804706.0,116277932.0,2.07,True,True,Weyerhaeuser Company Common Stock,0,1.0,UNCLASSIFIED,,0.0,NONE,0.0,0.0,NONE,,True,0,NOT CHECKED,NONE,NEUTRAL,,,,NOT CHECKED,False,NOT CHECKED,NONE,0,,False,1.0,NO TRADE,NOT CHECKED,,,,,,,,,False,,,False,,,,False,,,,False,NONE,False,False,0,,,,NOT CHECKED,NO LIVE SIGNAL,1.0,False
LKQ,23.91,REJECT,REJECT,none,8,14,55,NO TRADE,WEAK,32.0,price<EMA20; EMA20>EMA50; EMA20 falling,-2.92,36.7,0.37,4.88,0,False,2.98,76655061.0,24.65,25.02,27.13,23.54,26.24,20.92,26.96,20.92,31.77,26.3,RESISTANCE_BREAKOUT,BREAKOUT,0.22,,,0,,,0,False,False,24.89,EMA50,25.02,4.87,5.36,23.54,23.54,27.61,28.4,28.93,1.49,26.96,2.53,False,5.0,26.96,2.53,0.47,False,2.5,9.74,0.0,3066965.0,77445312.0,2.77,True,True,LKQ Corporation - Common Stock,0,1.0,UNCLASSIFIED,,0.0,NONE,0.0,0.0,NONE,,True,0,NOT CHECKED,NONE,NEUTRAL,,,,NOT CHECKED,False,NOT CHECKED,NONE,0,,False,1.0,NO TRADE,NOT CHECKED,,,,,,,,,False,,,False,,,,False,,,,False,NONE,False,False,0,,,,NOT CHECKED,NO LIVE SIGNAL,1.0,False
AXTA,33.12,REJECT,REJECT,near EMA200 pivot,10,16,55,NO TRADE,WEAK,32.0,price<EMA20; EMA20>EMA50; EMA20 falling,-6.25,25.1,0.43,3.67,0,False,2.59,54572205.0,35.15,34.87,32.46,33.25,37.32,31.52,38.61,24.94,38.61,37.39,RESISTANCE_BREAKOUT,BREAKOUT,0.18,,,0,,,0,False,False,35.15,EMA20,35.15,5.99,6.0,33.25,33.25,39.26,40.38,41.13,1.33,38.61,3.27,False,5.0,38.61,3.27,0.54,False,2.5,12.68,0.0,1536190.0,51512780.0,2.02,True,True,Axalta Coating Systems Ltd. Common Shares,0,1.0,UNCLASSIFIED,,0.0,NONE,0.0,0.0,NONE,,True,0,NOT CHECKED,NONE,NEUTRAL,,,,NOT CHECKED,False,NOT CHECKED,NONE,0,,False,1.0,NO TRADE,NOT CHECKED,,,,,,,,,False,,,False,,,,False,,,,False,NONE,False,False,0,,,,NOT CHECKED,NO LIVE SIGNAL,1.0,False
DHI,140.3,REJECT,REJECT,none,8,14,55,NO TRADE,WEAK,32.0,price<EMA20; EMA20>EMA50; EMA20 falling,-3.39,33.2,0.51,4.24,0,False,2.43,280834842.0,142.77,145.82,150.05,133.88,154.4,133.88,170.28,130.96,170.28,154.67,RESISTANCE_BREAKOUT,BREAKOUT,0.18,,,0,,,0,False,False,145.39,EMA50,145.82,5.72,6.0,133.88,133.88,162.41,167.05,170.14,1.33,170.28,10.09,True,5.0,167.05,8.0,1.33,False,2.5,10.05,0.0,1959843.0,266910786.0,2.26,True,True,"D.R. Horton, Inc. Common Stock",0,0.8,UNCLASSIFIED,,0.0,NONE,0.0,0.0,NONE,,True,0,NOT CHECKED,NONE,NEUTRAL,,,,NOT CHECKED,False,NOT CHECKED,NONE,0,,False,0.8,NO TRADE,NOT CHECKED,,,,,,,,,False,,,False,,,,False,,,,False,NONE,False,False,0,,,,NOT CHECKED,NO LIVE SIGNAL,0.8,False
IR,71.45,REJECT,REJECT,tight range,10,16,40,NO TRADE,WEAK,32.0,price<EMA20; EMA20>EMA50; EMA20 falling,-11.17,23.4,0.59,1.91,0,False,2.58,258463735.0,76.36,78.78,80.3,71.31,82.34,71.65,91.76,68.05,94.48,82.49,RESISTANCE_BREAKOUT,BREAKOUT,0.18,,,0,,,0,False,False,78.45,EMA50,78.78,4.5,4.9,71.31,71.31,86.61,89.09,90.74,1.63,91.76,11.24,True,5.0,89.09,8.0,1.63,False,2.5,16.05,0.0,3365613.0,258569749.0,2.37,True,True,Ingersoll Rand Inc. Common Stock,0,0.8,UNCLASSIFIED,,0.0,NONE,0.0,0.0,NONE,,True,0,NOT CHECKED,NONE,NEUTRAL,,,,NOT CHECKED,False,NOT CHECKED,NONE,0,,False,0.8,NO TRADE,NOT CHECKED,,,,,,,,,False,,,False,,,,False,,,,False,NONE,False,False,0,,,,NOT CHECKED,NO LIVE SIGNAL,0.8,False
ETSY,74.27,REJECT,REJECT,none,8,14,55,NO TRADE,WEAK,32.0,price<EMA20; EMA20>EMA50; EMA20 falling,-3.25,26.8,0.42,7.4,0,False,4.32,224078495.0,77.66,78.11,68.88,69.99,87.41,69.99,87.97,46.9,87.97,87.66,RESISTANCE_BREAKOUT,BREAKOUT,0.29,,,0,,,0,False,False,82.4,ATR_FALLBACK,82.86,5.49,6.0,69.99,69.99,92.05,94.68,96.43,1.33,87.97,0.35,False,5.0,87.97,0.35,0.06,False,2.5,17.69,0.0,2838010.0,211144033.0,3.94,True,True,"Etsy, Inc. Common Stock",0,0.8,UNCLASSIFIED,,0.0,NONE,0.0,0.0,NONE,,True,0,NOT CHECKED,NONE,NEUTRAL,,,,NOT CHECKED,False,NOT CHECKED,NONE,0,,False,0.8,NO TRADE,NOT CHECKED,,,,,,,,,False,,,False,,,,False,,,,False,NONE,False,False,0,,,,NOT CHECKED,NO LIVE SIGNAL,0.8,False
HRL,20.83,REJECT,REJECT,"volume contraction, low-volume pullback",10,16,40,NO TRADE,WEAK,32.0,price<EMA20; EMA20>EMA50; EMA20 falling,-11.25,22.0,0.24,1.9,0,False,2.76,123722588.0,22.07,23.08,23.11,20.44,24.84,20.44,26.43,19.47,26.43,24.89,RESISTANCE_BREAKOUT,BREAKOUT,0.19,,,0,,,0,False,False,23.92,ATR_FALLBACK,24.02,3.47,3.88,20.44,20.44,26.13,26.88,27.37,2.06,26.43,6.2,True,5.0,26.43,6.2,1.6,False,2.5,19.25,0.0,5581848.0,97769108.0,2.23,True,True,Hormel Foods Corporation Common Stock,0,0.8,UNCLASSIFIED,,0.0,NONE,0.0,0.0,NONE,,True,0,NOT CHECKED,NONE,NEUTRAL,,,,NOT CHECKED,False,NOT CHECKED,NONE,0,,False,0.8,NO TRADE,NOT CHECKED,,,,,,,,,False,,,False,,,,False,,,,False,NONE,False,False,0,,,,NOT CHECKED,NO LIVE SIGNAL,0.8,False
CCI,72.42,REJECT,REJECT,none,0,6,20,NO TRADE,WEAK,32.0,price<EMA20; EMA20>EMA50; EMA20 falling,-0.69,35.8,0.62,2.49,0,False,2.75,187767629.0,75.19,76.86,82.44,73.11,77.75,69.72,84.73,69.72,93.97,77.91,RESISTANCE_BREAKOUT,BREAKOUT,0.2,,,0,,,0,False,False,76.42,EMA50,76.86,1.35,1.92,73.11,73.11,81.8,84.14,85.7,4.18,84.73,8.75,True,5.0,84.14,8.0,4.18,True,2.5,7.36,0.0,2489876.0,184641484.0,2.34,True,True,Crown Castle Inc. Common Stock,0,0.6,UNCLASSIFIED,,0.0,NONE,0.0,0.0,NONE,,True,0,NOT CHECKED,NONE,NEUTRAL,,,,NOT CHECKED,False,NOT CHECKED,NONE,0,,False,0.6,NO TRADE,NOT CHECKED,,,,,,,,,False,,,False,,,,False,,,,False,NONE,False,False,0,,,,NOT CHECKED,NO LIVE SIGNAL,0.6,False
CTRI,19.21,REJECT,REJECT,"volume contraction, low-volume pullback",10,16,20,NO TRADE,WEAK,32.0,price<EMA20; EMA20>EMA50; EMA20 falling,-17.63,26.1,0.24,6.71,0,False,3.22,27859393.0,20.98,23.43,26.56,19.26,23.56,19.61,32.81,19.9,42.99,23.61,RESISTANCE_BREAKOUT,BREAKOUT,0.21,,,0,,,0,False,False,23.15,EMA50,23.43,0.76,1.96,19.26,19.26,24.79,25.5,25.97,4.07,32.81,38.95,True,5.0,25.5,8.0,4.07,True,2.5,25.56,0.0,1338353.0,27449337.0,3.29,True,True,"Centuri Holdings, Inc. Common Stock",0,0.6,UNCLASSIFIED,,0.0,NONE,0.0,0.0,NONE,,True,0,NOT CHECKED,NONE,NEUTRAL,,,,NOT CHECKED,False,NOT CHECKED,NONE,0,,False,0.6,NO TRADE,NOT CHECKED,,,,,,,,,False,,,False,,,,False,,,,False,NONE,False,False,0,,,,NOT CHECKED,NO LIVE SIGNAL,0.6,False
SWK,88.39,REJECT,REJECT,none,8,14,40,NO TRADE,WEAK,32.0,price<EMA20; EMA20>EMA50; EMA20 falling,-8.45,24.7,0.33,4.37,0,False,3.02,145389149.0,93.76,92.99,83.58,87.47,100.4,82.48,103.78,64.5,103.78,100.61,RESISTANCE_BREAKOUT,BREAKOUT,0.21,,,0,,,0,False,False,96.12,ATR_FALLBACK,96.6,3.98,4.46,87.47,87.47,105.64,108.66,110.67,1.79,103.78,3.15,False,5.0,103.78,3.15,0.71,False,2.5,13.58,0.0,1530342.0,142023671.0,2.62,True,True,"Stanley Black & Decker, Inc. Common Stock",0,0.5,UNCLASSIFIED,,0.0,NONE,0.0,0.0,NONE,,True,0,NOT CHECKED,NONE,NEUTRAL,,,,NOT CHECKED,False,NOT CHECKED,NONE,0,,False,0.5,NO TRADE,NOT CHECKED,,,,,,,,,False,,,False,,,,False,,,,False,NONE,False,False,0,,,,NOT CHECKED,NO LIVE SIGNAL,0.5,False
M,21.85,REJECT,REJECT,none,8,14,55,NO TRADE,WEAK,32.0,price<EMA20; EMA20>EMA50; EMA20 falling,-3.85,45.2,0.47,7.71,0,False,4.31,143605875.0,22.47,22.91,21.4,19.77,23.91,19.77,26.59,16.56,26.59,23.99,RESISTANCE_BREAKOUT,BREAKOUT,0.32,,,0,,,0,False,False,22.74,EMA50,22.91,4.5,5.21,19.77,19.77,25.18,25.9,26.38,1.54,26.59,10.86,True,5.0,25.9,8.0,1.54,False,2.5,9.4,0.0,6463759.0,127507941.0,3.66,True,True,Macy's Inc Common Stock,0,0.5,UNCLASSIFIED,,0.0,NONE,0.0,0.0,NONE,,True,0,NOT CHECKED,NONE,NEUTRAL,,,,NOT CHECKED,False,NOT CHECKED,NONE,0,,False,0.5,NO TRADE,NOT CHECKED,,,,,,,,,False,,,False,,,,False,,,,False,NONE,False,False,0,,,,NOT CHECKED,NO LIVE SIGNAL,0.5,False
UEC,10.1,REJECT,REJECT,"volume contraction, low-volume pullback",10,16,55,NO TRADE,WEAK,32.0,price<EMA20; EMA20>EMA50; EMA20 falling,-7.51,18.1,0.34,14.44,1,True,6.51,101335507.0,11.31,11.35,12.54,9.76,13.8,8.91,13.8,8.91,16.83,13.85,RESISTANCE_BREAKOUT,BREAKOUT,0.38,,,0,,,0,False,False,13.02,ATR_FALLBACK,12.87,7.13,6.0,9.76,9.76,14.55,14.96,15.24,1.33,16.83,21.49,True,5.0,14.96,8.0,1.33,False,2.5,36.57,0.0,8503907.0,100249097.0,5.6,True,True,Uranium Energy Corp. Common Stock,0,0.4,UNCLASSIFIED,,0.0,NONE,0.0,0.0,NONE,,True,0,NOT CHECKED,NONE,NEUTRAL,,,,NOT CHECKED,False,NOT CHECKED,NONE,0,,False,0.4,NO TRADE,NOT CHECKED,,,,,,,,,False,,,False,,,,False,,,,False,NONE,False,False,0,,,,NOT CHECKED,NO LIVE SIGNAL,0.4,True
DKS,125.4,REJECT,REJECT,"volume contraction, low-volume pullback",10,22,40,NO TRADE,WEAK,32.0,price<EMA20; EMA20>EMA50; EMA20 falling,-33.47,52.8,0.62,5.15,0,False,4.4,760185242.0,146.1,171.78,199.06,119.27,197.63,119.27,242.09,119.27,242.09,198.07,RESISTANCE_BREAKOUT,BREAKOUT,0.22,,,0,,,0,False,False,188.8,ATR_FALLBACK,189.8,4.18,4.68,127.62,127.62,207.97,213.91,217.88,1.71,242.09,22.22,True,5.0,213.91,8.0,1.71,False,2.5,58.38,0.0,5648535.0,449576659.0,4.81,True,True,Dick's Sporting Goods Inc Common Stock,0,0.3,UNCLASSIFIED,,0.0,NONE,0.0,0.0,NONE,,True,0,NOT CHECKED,NONE,NEUTRAL,,,,NOT CHECKED,False,NOT CHECKED,NONE,0,,False,0.3,NO TRADE,NOT CHECKED,,,,,,,,,False,,,False,,,,False,,,,False,NONE,False,False,0,,,,NOT CHECKED,NO LIVE SIGNAL,0.3,False
CEG,260.14,REJECT,REJECT,rising EMA50,8,14,55,NO TRADE,WEAK,32.0,price<EMA20; EMA20>EMA50; EMA20 falling,-4.32,39.2,0.5,4.88,0,False,3.96,701737095.0,278.91,274.78,289.8,264.32,305.8,228.28,305.8,228.28,332.33,306.62,RESISTANCE_BREAKOUT,BREAKOUT,0.27,,,0,,,0,False,False,289.33,ATR_FALLBACK,291.18,5.04,5.64,264.32,264.32,321.95,331.15,337.29,1.42,332.33,8.38,True,5.0,331.15,8.0,1.42,False,2.5,17.55,0.0,2502969.0,674212159.0,3.28,True,True,Constellation Energy Corporation - Common Stock When-Issued,0,0.3,UNCLASSIFIED,,0.0,NONE,0.0,0.0,NONE,,True,0,NOT CHECKED,NONE,NEUTRAL,,,,NOT CHECKED,False,NOT CHECKED,NONE,0,,False,0.3,NO TRADE,NOT CHECKED,,,,,,,,,False,,,False,,,,False,,,,False,NONE,False,False,0,,,,NOT CHECKED,NO LIVE SIGNAL,0.3,False
SOUN,6.34,REJECT,REJECT,"volume contraction, low-volume pullback",10,16,55,NO TRADE,WEAK,32.0,price<EMA20; EMA20>EMA50; EMA20 falling,-7.85,28.6,0.42,13.28,2,True,4.76,163617989.0,6.7,6.85,8.51,6.24,7.4,5.65,8.19,5.65,10.05,7.42,RESISTANCE_BREAKOUT,BREAKOUT,0.33,,,0,,,0,False,False,6.98,ATR_FALLBACK,6.97,6.1,6.0,6.24,6.24,7.8,8.02,8.17,1.33,8.19,10.32,True,5.0,8.02,8.0,1.33,False,2.5,16.63,0.0,23863174.0,160846243.0,4.19,True,True,"SoundHound AI, Inc. - Class A Common Stock",0,0.2,UNCLASSIFIED,,0.0,NONE,0.0,0.0,NONE,,True,0,NOT CHECKED,NONE,NEUTRAL,,,,NOT CHECKED,False,NOT CHECKED,NONE,0,,False,0.2,NO TRADE,NOT CHECKED,,,,,,,,,False,,,False,,,,False,,,,False,NONE,False,False,0,,,,NOT CHECKED,NO LIVE SIGNAL,0.2,True
ONON,26.71,REJECT,REJECT,tight range,10,16,40,NO TRADE,WEAK,32.0,price<EMA20; EMA20>EMA50; EMA20 falling,-12.67,30.5,0.42,3.28,0,False,2.79,203448449.0,28.86,31.86,37.13,26.6,31.68,26.6,39.23,28.2,47.26,31.74,RESISTANCE_BREAKOUT,BREAKOUT,0.19,,,0,,,0,False,False,30.48,ATR_FALLBACK,30.62,3.52,3.95,26.6,26.6,33.32,34.27,34.91,2.03,39.23,23.62,True,5.0,34.27,8.0,2.03,False,2.5,23.28,0.0,7119003.0,204344313.0,2.56,True,True,On Holding AG Class A Ordinary Shares,0,0.1,UNCLASSIFIED,,0.0,NONE,0.0,0.0,NONE,,True,0,NOT CHECKED,NONE,NEUTRAL,,,,NOT CHECKED,False,NOT CHECKED,NONE,0,,False,0.1,NO TRADE,NOT CHECKED,,,,,,,,,False,,,False,,,,False,,,,False,NONE,False,False,0,,,,NOT CHECKED,NO LIVE SIGNAL,0.1,False
WYNN,87.78,REJECT,REJECT,tight range,10,16,40,NO TRADE,WEAK,32.0,price<EMA20; EMA20>EMA50; EMA20 falling,-12.58,19.0,0.34,3.64,0,False,2.69,150613713.0,92.72,96.18,104.25,86.8,103.74,86.96,108.97,90.87,111.4,103.93,RESISTANCE_BREAKOUT,BREAKOUT,0.18,,,0,,,0,False,False,99.97,ATR_FALLBACK,100.39,3.4,3.81,86.8,86.8,109.13,112.24,114.32,2.1,108.97,4.85,False,5.0,108.97,4.85,1.27,False,2.5,18.18,0.0,1611371.0,159082177.0,2.45,True,True,"Wynn Resorts, Limited - Common Stock",0,0.1,UNCLASSIFIED,,0.0,NONE,0.0,0.0,NONE,,True,0,NOT CHECKED,NONE,NEUTRAL,,,,NOT CHECKED,False,NOT CHECKED,NONE,0,,False,0.1,NO TRADE,NOT CHECKED,,,,,,,,,False,,,False,,,,False,,,,False,NONE,False,False,0,,,,NOT CHECKED,NO LIVE SIGNAL,0.1,False
BBWI,16.73,REJECT,REJECT,"volume contraction, low-volume pullback",10,16,55,NO TRADE,WEAK,32.0,price<EMA20; EMA20>EMA50; EMA20 falling,-8.14,45.2,0.51,7.51,0,False,6.24,129321359.0,18.53,19.07,20.13,17.23,20.61,17.23,23.49,15.41,23.49,20.69,RESISTANCE_BREAKOUT,BREAKOUT,0.41,,,0,,,0,False,False,19.45,ATR_FALLBACK,19.13,7.57,6.0,17.23,17.23,21.73,22.35,22.76,1.33,23.49,13.52,True,5.0,22.35,8.0,1.33,False,2.5,23.22,0.0,6904136.0,117513741.0,5.14,True,True,"Bath & Body Works, Inc.",0,0.1,UNCLASSIFIED,,0.0,NONE,0.0,0.0,NONE,,True,0,NOT CHECKED,NONE,NEUTRAL,,,,NOT CHECKED,False,NOT CHECKED,NONE,0,,False,0.1,NO TRADE,NOT CHECKED,,,,,,,,,False,,,False,,,,False,,,,False,NONE,False,False,0,,,,NOT CHECKED,NO LIVE SIGNAL,0.1,False
RKT,13.01,REJECT,REJECT,tight range,10,16,55,NO TRADE,WEAK,32.0,price<EMA20; EMA20>EMA50; EMA20 falling,-8.25,36.8,0.56,7.05,0,False,4.48,304004814.0,13.65,13.89,15.56,12.95,15.09,12.57,16.39,12.17,17.65,15.14,RESISTANCE_BREAKOUT,BREAKOUT,0.31,,,0,,,0,False,False,14.23,ATR_FALLBACK,14.26,5.78,6.0,12.96,12.95,15.89,16.35,16.65,1.33,16.39,8.25,True,5.0,16.35,8.0,1.33,False,2.5,15.99,0.0,22051770.0,318445553.0,3.71,True,True,"Rocket Companies, Inc. Class A Common Stock",0,0.0,UNCLASSIFIED,,0.0,NONE,0.0,0.0,NONE,,True,0,NOT CHECKED,NONE,NEUTRAL,,,,NOT CHECKED,False,NOT CHECKED,NONE,0,,False,0.0,NO TRADE,NOT CHECKED,,,,,,,,,False,,,False,,,,False,,,,False,NONE,False,False,0,,,,NOT CHECKED,NO LIVE SIGNAL,0.0,False
AA,46.36,REJECT,REJECT,"volume contraction, low-volume pullback",10,16,55,NO TRADE,WEAK,32.0,price<EMA20; EMA20>EMA50; EMA20 falling,-8.32,31.9,0.24,5.67,0,False,4.22,185958116.0,49.41,50.89,53.26,46.56,53.34,42.4,58.81,42.4,84.22,53.5,RESISTANCE_BREAKOUT,BREAKOUT,0.29,,,0,,,0,False,False,50.54,EMA50,50.89,4.87,5.53,46.56,46.56,56.17,57.78,58.85,1.45,58.81,9.92,True,5.0,57.78,8.0,1.45,False,2.5,15.06,0.0,3699276.0,173552738.0,3.82,True,True,Alcoa Corporation Common Stock ,0,-0.0,UNCLASSIFIED,,0.0,NONE,0.0,0.0,NONE,,True,0,NOT CHECKED,NONE,NEUTRAL,,,,NOT CHECKED,False,NOT CHECKED,NONE,0,,False,0.0,NO TRADE,NOT CHECKED,,,,,,,,,False,,,False,,,,False,,,,False,NONE,False,False,0,,,,NOT CHECKED,NO LIVE SIGNAL,0.0,False
NG,7.22,REJECT,REJECT,rising EMA50,8,14,55,NO TRADE,WEAK,32.0,price<EMA20; EMA20>EMA50; EMA20 falling,-4.81,13.9,0.68,14.17,2,True,6.3,44902167.0,7.89,7.64,8.1,7.05,9.87,5.08,9.87,5.08,14.4,9.91,RESISTANCE_BREAKOUT,BREAKOUT,0.37,,,0,,,0,False,False,9.31,ATR_FALLBACK,9.22,6.89,6.0,7.05,7.05,10.4,10.7,10.9,1.33,14.4,45.36,True,5.0,10.7,8.0,1.33,False,2.5,36.7,0.0,5351831.0,43939543.0,5.04,True,True,Novagold Resources Inc.,0,0.0,UNCLASSIFIED,,0.0,NONE,0.0,0.0,NONE,,True,0,NOT CHECKED,NONE,NEUTRAL,,,,NOT CHECKED,False,NOT CHECKED,NONE,0,,False,0.0,NO TRADE,NOT CHECKED,,,,,,,,,False,,,False,,,,False,,,,False,NONE,False,False,0,,,,NOT CHECKED,NO LIVE SIGNAL,0.0,True
WING,102.36,REJECT,REJECT,20d volume expansion,8,14,40,NO TRADE,WEAK,32.0,price<EMA20; EMA20>EMA50; EMA20 falling,-9.52,36.3,1.42,11.05,1,True,6.76,122245503.0,113.3,124.1,171.66,105.43,123.69,105.43,179.21,105.43,250.93,124.24,RESISTANCE_BREAKOUT,BREAKOUT,0.45,,,0,,,0,False,False,119.05,EMA50,124.1,0.11,4.18,105.88,105.88,130.46,134.18,136.67,1.92,179.21,44.24,True,5.0,134.18,8.0,1.92,False,2.5,22.36,0.0,1090601.0,113416417.0,5.75,True,True,Wingstop Inc. - Common Stock,0,-0.1,UNCLASSIFIED,,0.0,NONE,0.0,0.0,NONE,,True,0,NOT CHECKED,NONE,NEUTRAL,,,,NOT CHECKED,False,NOT CHECKED,NONE,0,,False,-0.1,NO TRADE,NOT CHECKED,,,,,,,,,False,,,False,,,,False,,,,False,NONE,False,False,0,,,,NOT CHECKED,NO LIVE SIGNAL,-0.1,True
SBUX,96.42,REJECT,REJECT,near EMA200 pivot,10,16,55,NO TRADE,WEAK,32.0,price<EMA20; EMA20>EMA50; EMA20 falling,-8.63,23.7,0.55,2.97,0,False,2.34,598404562.0,102.87,103.58,97.76,98.2,109.23,98.46,109.88,84.62,109.88,109.41,RESISTANCE_BREAKOUT,BREAKOUT,0.17,,,0,,,0,False,False,103.17,EMA50,103.58,5.33,5.7,98.2,98.2,114.88,118.16,120.35,1.4,109.88,0.43,False,5.0,109.88,0.43,0.08,False,2.5,13.29,0.0,5736695.0,593720590.0,2.31,True,True,Starbucks Corporation - Common Stock,0,-0.2,UNCLASSIFIED,,0.0,NONE,0.0,0.0,NONE,,True,0,NOT CHECKED,NONE,NEUTRAL,,,,NOT CHECKED,False,NOT CHECKED,NONE,0,,False,-0.2,NO TRADE,NOT CHECKED,,,,,,,,,False,,,False,,,,False,,,,False,NONE,False,False,0,,,,NOT CHECKED,NO LIVE SIGNAL,-0.2,False
ON,73.33,REJECT,REJECT,none,0,12,20,NO TRADE,WEAK,32.0,price<EMA20; EMA20>EMA50; EMA20 falling,-10.03,51.6,0.62,8.51,0,False,3.81,585785570.0,74.55,81.12,79.43,68.79,81.07,68.79,132.42,54.99,134.92,81.29,RESISTANCE_BREAKOUT,BREAKOUT,0.28,,,0,,,0,False,False,79.2,EMA50,81.12,0.21,2.57,68.79,68.79,85.36,87.8,89.42,3.11,132.42,62.89,True,5.0,87.8,8.0,3.11,True,2.5,16.66,0.0,7962037.0,532807396.0,3.42,True,True,ON Semiconductor Corporation - Common Stock,0,-0.2,UNCLASSIFIED,,0.0,NONE,0.0,0.0,NONE,,True,0,NOT CHECKED,NONE,NEUTRAL,,,,NOT CHECKED,False,NOT CHECKED,NONE,0,,False,-0.2,NO TRADE,NOT CHECKED,,,,,,,,,False,,,False,,,,False,,,,False,NONE,False,False,0,,,,NOT CHECKED,NO LIVE SIGNAL,-0.2,False
DNLI,20.55,REJECT,REJECT,near EMA200 pivot,10,16,40,NO TRADE,WEAK,32.0,price<EMA20; EMA20>EMA50; EMA20 falling,-13.58,4.8,0.67,5.68,0,False,3.49,26698771.0,22.69,23.22,20.95,20.96,25.7,21.06,27.3,17.71,27.3,25.76,RESISTANCE_BREAKOUT,BREAKOUT,0.22,,,0,,,0,False,False,24.55,ATR_FALLBACK,24.68,4.18,4.68,20.96,20.96,27.05,27.82,28.33,1.71,27.3,5.99,True,5.0,27.3,5.99,1.28,False,2.5,25.06,0.0,1155222.0,25253613.0,3.23,True,True,Denali Therapeutics Inc. - Common Stock,0,-0.4,UNCLASSIFIED,,0.0,NONE,0.0,0.0,NONE,,True,0,NOT CHECKED,NONE,NEUTRAL,,,,NOT CHECKED,False,NOT CHECKED,NONE,0,,False,-0.4,NO TRADE,NOT CHECKED,,,,,,,,,False,,,False,,,,False,,,,False,NONE,False,False,0,,,,NOT CHECKED,NO LIVE SIGNAL,-0.4,False
QS,5.14,REJECT,REJECT,"volume contraction, low-volume pullback",10,16,40,NO TRADE,WEAK,32.0,price<EMA20; EMA20>EMA50; EMA20 falling,-14.07,26.9,0.41,9.95,0,False,4.48,78468990.0,5.5,5.9,7.65,5.06,6.12,4.77,8.49,4.77,9.66,6.14,RESISTANCE_BREAKOUT,BREAKOUT,0.3,,,0,,,0,False,False,5.86,EMA50,5.9,3.83,4.51,5.06,5.06,6.45,6.63,6.75,1.77,8.49,38.31,True,5.0,6.63,8.0,1.77,False,2.5,20.7,0.0,13906401.0,78139204.0,4.26,True,True,QuantumScape Corporation - Common Stock,0,-0.6,UNCLASSIFIED,,0.0,NONE,0.0,0.0,NONE,,True,0,NOT CHECKED,NONE,NEUTRAL,,,,NOT CHECKED,False,NOT CHECKED,NONE,0,,False,-0.6,NO TRADE,NOT CHECKED,,,,,,,,,False,,,False,,,,False,,,,False,NONE,False,False,0,,,,NOT CHECKED,NO LIVE SIGNAL,-0.6,False
SNPS,364.72,REJECT,REJECT,"volume contraction, low-volume pullback",10,16,55,NO TRADE,WEAK,32.0,price<EMA20; EMA20>EMA50; EMA20 falling,-9.71,37.0,0.63,13.39,1,True,5.14,768898192.0,401.44,412.54,434.97,379.64,464.98,366.0,479.8,366.0,539.48,466.48,RESISTANCE_BREAKOUT,BREAKOUT,0.32,,,0,,,0,False,False,438.49,ATR_FALLBACK,438.36,6.03,6.0,379.64,379.64,489.8,503.8,513.13,1.33,479.8,2.86,False,5.0,479.8,2.86,0.48,False,2.5,27.49,0.0,1870890.0,656283608.0,3.63,True,True,"Synopsys, Inc. - Common Stock",0,-0.7,UNCLASSIFIED,,0.0,NONE,0.0,0.0,NONE,,True,0,NOT CHECKED,NONE,NEUTRAL,,,,NOT CHECKED,False,NOT CHECKED,NONE,0,,False,-0.7,NO TRADE,NOT CHECKED,,,,,,,,,False,,,False,,,,False,,,,False,NONE,False,False,0,,,,NOT CHECKED,NO LIVE SIGNAL,-0.7,True
USFD,90.96,REJECT,REJECT,near EMA200 pivot,10,16,40,NO TRADE,WEAK,32.0,price<EMA20; EMA20>EMA50; EMA20 falling,-14.22,8.4,0.86,6.45,0,False,3.16,191493529.0,101.37,101.32,92.79,93.89,111.28,91.26,111.42,79.52,111.42,111.5,RESISTANCE_BREAKOUT,BREAKOUT,0.21,,,0,,,0,False,False,106.68,ATR_FALLBACK,107.2,3.86,4.33,93.89,93.89,117.08,120.43,122.66,1.85,,,False,5.0,120.43,8.0,1.85,False,2.5,22.33,0.0,1863509.0,171425905.0,2.64,True,True,US Foods Holding Corp. Common Stock,0,-0.7,UNCLASSIFIED,,0.0,NONE,0.0,0.0,NONE,,True,0,NOT CHECKED,NONE,NEUTRAL,,,,NOT CHECKED,False,NOT CHECKED,NONE,0,,False,-0.7,NO TRADE,NOT CHECKED,,,,,,,,,False,,,False,,,,False,,,,False,NONE,False,False,0,,,,NOT CHECKED,NO LIVE SIGNAL,-0.7,False
DLTR,114.11,REJECT,REJECT,near EMA200 pivot,10,16,55,NO TRADE,WEAK,32.0,price<EMA20; EMA20>EMA50; EMA20 falling,-9.88,22.3,0.54,4.04,0,False,4.74,332293772.0,124.77,124.37,115.79,116.25,137.07,111.8,137.07,85.88,137.07,137.5,RESISTANCE_BREAKOUT,BREAKOUT,0.32,,,0,,,0,False,False,129.25,ATR_FALLBACK,129.38,5.91,6.0,116.25,116.25,144.38,148.5,151.25,1.33,,,False,5.0,148.5,8.0,1.33,False,2.5,20.12,0.0,2622542.0,326507505.0,3.85,True,True,"Dollar Tree, Inc. - Common Stock",0,-0.8,UNCLASSIFIED,,0.0,NONE,0.0,0.0,NONE,,True,0,NOT CHECKED,NONE,NEUTRAL,,,,NOT CHECKED,False,NOT CHECKED,NONE,0,,False,-0.8,NO TRADE,NOT CHECKED,,,,,,,,,False,,,False,,,,False,,,,False,NONE,False,False,0,,,,NOT CHECKED,NO LIVE SIGNAL,-0.8,False
VSXY,74.14,REJECT,REJECT,"volume contraction, low-volume pullback",10,16,55,NO TRADE,WEAK,32.0,price<EMA20; EMA20>EMA50; EMA20 falling,-9.82,31.4,0.22,5.58,0,False,5.95,153943362.0,80.6,81.51,65.37,71.72,92.64,71.72,102.46,41.99,102.46,93.0,RESISTANCE_BREAKOUT,BREAKOUT,0.38,,,0,,,0,False,False,87.42,ATR_FALLBACK,86.38,7.12,6.0,71.72,71.72,97.65,100.44,102.3,1.33,102.46,10.17,True,5.0,100.44,8.0,1.33,False,2.5,24.97,0.0,1926461.0,120943013.0,4.57,True,True,Victorias Secret & Co. Common Stock ,0,-0.8,UNCLASSIFIED,,0.0,NONE,0.0,0.0,NONE,,True,0,NOT CHECKED,NONE,NEUTRAL,,,,NOT CHECKED,False,NOT CHECKED,NONE,0,,False,-0.8,NO TRADE,NOT CHECKED,,,,,,,,,False,,,False,,,,False,,,,False,NONE,False,False,0,,,,NOT CHECKED,NO LIVE SIGNAL,-0.8,False
GE,307.81,REJECT,REJECT,near EMA200 pivot,10,16,40,NO TRADE,WEAK,32.0,price<EMA20; EMA20>EMA50; EMA20 falling,-14.65,18.7,0.66,2.26,0,False,2.73,1235940621.0,335.02,343.0,325.98,312.08,375.58,321.16,388.84,268.58,388.84,376.25,RESISTANCE_BREAKOUT,BREAKOUT,0.18,,,0,,,0,False,False,362.13,ATR_FALLBACK,363.64,3.35,3.75,312.08,312.08,395.07,406.35,413.88,2.13,388.84,3.35,False,5.0,388.84,3.35,0.89,False,2.5,22.02,0.0,3643603.0,1085815332.0,2.44,True,True,GE Aerospace Common Stock,0,-0.9,UNCLASSIFIED,,0.0,NONE,0.0,0.0,NONE,,True,0,NOT CHECKED,NONE,NEUTRAL,,,,NOT CHECKED,False,NOT CHECKED,NONE,0,,False,-0.9,NO TRADE,NOT CHECKED,,,,,,,,,False,,,False,,,,False,,,,False,NONE,False,False,0,,,,NOT CHECKED,NO LIVE SIGNAL,-0.9,False
WULF,14.64,REJECT,REJECT,"volume contraction, low-volume pullback",10,16,40,NO TRADE,WEAK,32.0,price<EMA20; EMA20>EMA50; EMA20 falling,-14.82,41.9,0.46,9.51,0,False,7.38,466462031.0,16.23,17.7,17.82,14.24,18.08,14.24,29.84,13.02,29.84,18.17,RESISTANCE_BREAKOUT,BREAKOUT,0.48,,,0,,,0,False,False,17.36,EMA50,17.7,2.57,4.46,15.3,14.24,19.07,19.62,19.98,1.79,29.84,64.26,True,5.0,19.62,8.0,1.79,False,2.5,23.54,0.0,29241883.0,450384554.0,6.78,True,True,TeraWulf Inc. - Common Stock,0,-1.0,UNCLASSIFIED,,0.0,NONE,0.0,0.0,NONE,,True,0,NOT CHECKED,NONE,NEUTRAL,,,,NOT CHECKED,False,NOT CHECKED,NONE,0,,False,-1.0,NO TRADE,NOT CHECKED,,,,,,,,,False,,,False,,,,False,,,,False,NONE,False,False,0,,,,NOT CHECKED,NO LIVE SIGNAL,-1.0,False
QUBT,7.93,REJECT,REJECT,"volume contraction, low-volume pullback",10,16,55,NO TRADE,WEAK,32.0,price<EMA20; EMA20>EMA50; EMA20 falling,-10.4,38.8,0.41,9.58,0,False,4.37,54000151.0,8.17,8.49,10.07,7.63,8.95,7.3,11.3,6.18,14.45,8.98,RESISTANCE_BREAKOUT,BREAKOUT,0.31,,,0,,,0,False,False,8.44,EMA50,8.49,5.38,6.0,7.63,7.63,9.43,9.7,9.88,1.33,11.3,25.87,True,5.0,9.7,8.0,1.33,False,2.5,15.84,0.0,6542775.0,49128622.0,4.51,True,True,Quantum Computing Inc. - Common Stock,0,-1.0,UNCLASSIFIED,,0.0,NONE,0.0,0.0,NONE,,True,0,NOT CHECKED,NONE,NEUTRAL,,,,NOT CHECKED,False,NOT CHECKED,NONE,0,,False,-1.0,NO TRADE,NOT CHECKED,,,,,,,,,False,,,False,,,,False,,,,False,NONE,False,False,0,,,,NOT CHECKED,NO LIVE SIGNAL,-1.0,False
NXE,9.41,REJECT,REJECT,"volume contraction, low-volume pullback",10,16,55,NO TRADE,WEAK,32.0,price<EMA20; EMA20>EMA50; EMA20 falling,-10.39,26.2,0.38,6.26,0,False,4.68,43848170.0,10.23,10.23,10.37,9.28,11.45,8.59,11.45,8.59,13.44,11.49,RESISTANCE_BREAKOUT,BREAKOUT,0.31,,,0,,,0,False,False,10.8,ATR_FALLBACK,10.82,5.75,6.0,9.28,9.28,12.06,12.4,12.63,1.33,13.44,17.02,True,5.0,12.4,8.0,1.33,False,2.5,21.61,0.0,4192090.0,45344414.0,3.97,True,True,Nexgen Energy Ltd. Common Shares,0,-1.0,UNCLASSIFIED,,0.0,NONE,0.0,0.0,NONE,,True,0,NOT CHECKED,NONE,NEUTRAL,,,,NOT CHECKED,False,NOT CHECKED,NONE,0,,False,-1.0,NO TRADE,NOT CHECKED,,,,,,,,,False,,,False,,,,False,,,,False,NONE,False,False,0,,,,NOT CHECKED,NO LIVE SIGNAL,-1.0,False
ERAS,15.99,REJECT,REJECT,tight range,10,16,55,NO TRADE,WEAK,32.0,price<EMA20; EMA20>EMA50; EMA20 falling,-10.5,36.7,0.7,7.83,0,False,7.15,65882948.0,16.88,17.11,13.4,15.37,20.4,13.95,21.6,8.7,24.28,20.49,RESISTANCE_BREAKOUT,BREAKOUT,0.45,,,0,,,0,False,False,19.26,ATR_FALLBACK,18.78,8.37,6.0,15.37,15.37,21.52,22.13,22.54,1.33,21.6,5.41,True,5.0,21.6,5.41,0.9,False,2.5,27.58,0.0,3840184.0,55950219.0,6.36,True,True,"Erasca, Inc. - Common Stock",0,-1.1,UNCLASSIFIED,,0.0,NONE,0.0,0.0,NONE,,True,0,NOT CHECKED,NONE,NEUTRAL,,,,NOT CHECKED,False,NOT CHECKED,NONE,0,,False,-1.1,NO TRADE,NOT CHECKED,,,,,,,,,False,,,False,,,,False,,,,False,NONE,False,False,0,,,,NOT CHECKED,NO LIVE SIGNAL,-1.1,False
CGNX,58.03,REJECT,REJECT,"volume contraction, low-volume pullback",10,16,55,NO TRADE,WEAK,32.0,price<EMA20; EMA20>EMA50; EMA20 falling,-10.71,45.2,0.54,6.56,0,False,3.66,92533217.0,61.48,62.31,56.68,58.22,65.22,57.09,72.78,45.48,72.78,65.39,RESISTANCE_BREAKOUT,BREAKOUT,0.26,,,0,,,0,False,False,61.93,EMA50,62.31,4.71,5.29,59.45,58.58,68.66,70.62,71.93,1.51,72.78,11.3,True,5.0,70.62,8.0,1.51,False,2.5,15.85,0.0,1515787.0,89517825.0,2.99,True,True,Cognex Corporation - Common Stock,0,-1.2,UNCLASSIFIED,,0.0,NONE,0.0,0.0,NONE,,True,0,NOT CHECKED,NONE,NEUTRAL,,,,NOT CHECKED,False,NOT CHECKED,NONE,0,,False,-1.2,NO TRADE,NOT CHECKED,,,,,,,,,False,,,False,,,,False,,,,False,NONE,False,False,0,,,,NOT CHECKED,NO LIVE SIGNAL,-1.2,False
BKR,56.56,REJECT,REJECT,near EMA200 pivot,10,16,55,NO TRADE,WEAK,32.0,price<EMA20; EMA20>EMA50; EMA20 falling,-10.82,27.6,0.53,4.09,0,False,3.56,411079504.0,61.28,61.19,58.25,56.25,66.09,52.08,66.09,52.08,69.92,66.25,RESISTANCE_BREAKOUT,BREAKOUT,0.24,,,0,,,0,False,False,62.87,ATR_FALLBACK,63.23,4.55,5.1,56.25,56.25,69.56,71.55,72.88,1.57,69.92,5.54,True,5.0,69.92,5.54,1.09,False,2.5,16.84,0.0,6636527.0,372130912.0,2.99,True,True,Baker Hughes Company - Common Stock,0,-1.3,UNCLASSIFIED,,0.0,NONE,0.0,0.0,NONE,,True,0,NOT CHECKED,NONE,NEUTRAL,,,,NOT CHECKED,False,NOT CHECKED,NONE,0,,False,-1.3,NO TRADE,NOT CHECKED,,,,,,,,,False,,,False,,,,False,,,,False,NONE,False,False,0,,,,NOT CHECKED,NO LIVE SIGNAL,-1.3,False
MOD,178.89,REJECT,REJECT,"volume contraction, low-volume pullback",10,16,40,NO TRADE,WEAK,32.0,price<EMA20; EMA20>EMA50; EMA20 falling,-15.44,43.1,0.26,5.6,0,False,5.27,234065700.0,188.71,204.94,210.18,172.84,210.99,170.21,296.05,170.21,323.25,211.74,RESISTANCE_BREAKOUT,BREAKOUT,0.36,,,0,,,0,False,False,203.24,EMA50,204.94,3.21,4.02,173.5,172.84,222.33,228.68,232.92,1.99,296.05,39.81,True,5.0,228.68,8.0,1.99,False,2.5,22.97,0.0,1246115.0,234394427.0,5.1,True,True,Modine Manufacturing Company Common Stock,0,-1.3,UNCLASSIFIED,,0.0,NONE,0.0,0.0,NONE,,True,0,NOT CHECKED,NONE,NEUTRAL,,,,NOT CHECKED,False,NOT CHECKED,NONE,0,,False,-1.3,NO TRADE,NOT CHECKED,,,,,,,,,False,,,False,,,,False,,,,False,NONE,False,False,0,,,,NOT CHECKED,NO LIVE SIGNAL,-1.3,False
FBIN,40.18,REJECT,REJECT,"volume contraction, low-volume pullback",10,16,55,NO TRADE,WEAK,32.0,price<EMA20; EMA20>EMA50; EMA20 falling,-11.16,25.5,0.29,4.19,0,False,3.37,95596591.0,43.24,45.06,46.63,39.29,47.3,39.29,54.83,31.92,54.83,47.4,RESISTANCE_BREAKOUT,BREAKOUT,0.23,,,0,,,0,False,False,44.82,EMA50,45.06,4.94,5.45,39.29,39.29,49.77,51.2,52.14,1.47,54.83,15.67,True,5.0,51.2,8.0,1.47,False,2.5,17.88,0.0,2186946.0,84941361.0,2.95,True,True,"Fortune Brands Innovations, Inc. Common Stock",0,-1.4,UNCLASSIFIED,,0.0,NONE,0.0,0.0,NONE,,True,0,NOT CHECKED,NONE,NEUTRAL,,,,NOT CHECKED,False,NOT CHECKED,NONE,0,,False,-1.4,NO TRADE,NOT CHECKED,,,,,,,,,False,,,False,,,,False,,,,False,NONE,False,False,0,,,,NOT CHECKED,NO LIVE SIGNAL,-1.4,False
JCI,138.66,REJECT,REJECT,none,8,14,55,NO TRADE,WEAK,32.0,price<EMA20; EMA20>EMA50; EMA20 falling,-7.89,45.2,0.56,4.94,0,False,2.51,437047571.0,143.13,143.86,135.67,135.79,152.23,136.22,157.06,125.56,157.06,152.51,RESISTANCE_BREAKOUT,BREAKOUT,0.18,,,0,,,0,False,False,143.36,EMA50,143.86,5.67,6.0,135.79,135.79,160.13,164.71,167.76,1.33,157.06,2.98,False,5.0,157.06,2.98,0.5,False,2.5,12.35,0.0,3058648.0,419536985.0,2.18,True,True,Johnson Controls International plc Ordinary Share,0,-1.5,UNCLASSIFIED,,0.0,NONE,0.0,0.0,NONE,,True,0,NOT CHECKED,NONE,NEUTRAL,,,,NOT CHECKED,False,NOT CHECKED,NONE,0,,False,-1.5,NO TRADE,NOT CHECKED,,,,,,,,,False,,,False,,,,False,,,,False,NONE,False,False,0,,,,NOT CHECKED,NO LIVE SIGNAL,-1.5,False
YUM,142.15,REJECT,REJECT,none,0,10,55,NO TRADE,WEAK,32.0,price<EMA20; EMA20>EMA50; EMA20 falling,0.46,29.8,0.39,4.39,0,False,2.68,324935168.0,147.92,149.89,151.5,140.85,157.26,140.85,169.29,142.28,169.29,157.56,RESISTANCE_BREAKOUT,BREAKOUT,0.19,,,0,,,0,False,False,149.21,EMA50,149.89,4.87,5.3,140.85,140.85,165.44,170.17,173.32,1.51,169.29,7.44,True,5.0,169.29,7.44,1.4,False,2.5,10.63,0.0,2174256.0,297702565.0,2.37,True,True,"Yum! Brands, Inc.",0,-1.5,UNCLASSIFIED,,0.0,NONE,0.0,0.0,NONE,,True,0,NOT CHECKED,NONE,NEUTRAL,,,,NOT CHECKED,False,NOT CHECKED,NONE,0,,False,-1.5,NO TRADE,NOT CHECKED,,,,,,,,,False,,,False,,,,False,,,,False,NONE,False,False,0,,,,NOT CHECKED,NO LIVE SIGNAL,-1.5,False
AS,26.77,REJECT,REJECT,"volume contraction, low-volume pullback",10,16,40,NO TRADE,WEAK,32.0,price<EMA20; EMA20>EMA50; EMA20 falling,-15.77,23.9,0.27,3.58,0,False,3.55,250892600.0,29.75,31.98,34.41,27.21,34.84,27.21,37.65,30.09,38.35,34.92,RESISTANCE_BREAKOUT,BREAKOUT,0.22,,,0,,,0,False,False,33.32,ATR_FALLBACK,33.49,4.09,4.58,27.21,27.21,36.66,37.71,38.41,1.75,37.65,7.82,True,5.0,37.65,7.82,1.71,False,2.5,30.12,0.0,8247847.0,237799922.0,3.32,True,True,"Amer Sports, Inc. Ordinary Shares",0,-1.5,UNCLASSIFIED,,0.0,NONE,0.0,0.0,NONE,,True,0,NOT CHECKED,NONE,NEUTRAL,,,,NOT CHECKED,False,NOT CHECKED,NONE,0,,False,-1.5,NO TRADE,NOT CHECKED,,,,,,,,,False,,,False,,,,False,,,,False,NONE,False,False,0,,,,NOT CHECKED,NO LIVE SIGNAL,-1.5,False
STM,48.0,REJECT,REJECT,near EMA200 pivot,10,16,55,NO TRADE,WEAK,32.0,price<EMA20; EMA20>EMA50; EMA20 falling,-11.94,44.9,0.34,5.29,0,False,3.28,385259706.0,51.06,54.51,48.78,47.65,53.81,47.88,81.08,30.26,81.33,53.94,RESISTANCE_BREAKOUT,BREAKOUT,0.23,,,0,,,0,False,False,50.78,EMA20,51.06,5.33,5.86,47.65,47.65,56.63,58.25,59.33,1.37,81.08,50.32,True,5.0,58.25,8.0,1.37,False,2.5,18.83,0.0,7626451.0,377333321.0,2.42,True,True,STMicroelectronics N.V. Common Stock,0,-1.8,UNCLASSIFIED,,0.0,NONE,0.0,0.0,NONE,,True,0,NOT CHECKED,NONE,NEUTRAL,,,,NOT CHECKED,False,NOT CHECKED,NONE,0,,False,-1.8,NO TRADE,NOT CHECKED,,,,,,,,,False,,,False,,,,False,,,,False,NONE,False,False,0,,,,NOT CHECKED,NO LIVE SIGNAL,-1.8,False
ETN,390.82,REJECT,REJECT,near EMA200 pivot,10,16,55,NO TRADE,WEAK,32.0,price<EMA20; EMA20>EMA50; EMA20 falling,-12.15,43.1,0.51,3.96,0,False,3.74,735283191.0,410.65,412.77,393.31,384.77,444.89,357.25,478.0,335.44,478.0,446.06,RESISTANCE_BREAKOUT,BREAKOUT,0.26,,,0,,,0,False,False,421.5,ATR_FALLBACK,424.13,4.92,5.51,387.0,384.77,468.36,481.74,490.67,1.45,478.0,7.16,True,5.0,478.0,7.16,1.3,False,2.5,17.44,0.0,1794421.0,733788081.0,2.9,True,True,"Eaton Corporation, PLC Ordinary Shares",0,-1.9,UNCLASSIFIED,,0.0,NONE,0.0,0.0,NONE,,True,0,NOT CHECKED,NONE,NEUTRAL,,,,NOT CHECKED,False,NOT CHECKED,NONE,0,,False,-1.9,NO TRADE,NOT CHECKED,,,,,,,,,False,,,False,,,,False,,,,False,NONE,False,False,0,,,,NOT CHECKED,NO LIVE SIGNAL,-1.9,False
KLAR,14.33,REJECT,REJECT,"volume contraction, low-volume pullback",10,22,55,NO TRADE,WEAK,32.0,price<EMA20; EMA20>EMA50; EMA20 falling,-24.53,51.0,0.16,8.16,0,False,3.72,129776262.0,14.93,16.29,20.96,13.47,16.18,13.47,22.09,12.06,22.09,16.22,RESISTANCE_BREAKOUT,BREAKOUT,0.26,,,0,,,0,False,False,15.33,ATR_FALLBACK,15.42,4.93,5.52,13.47,13.47,17.03,17.52,17.84,1.45,22.09,36.17,True,5.0,17.52,8.0,1.45,False,2.5,45.65,0.0,8995152.0,89904803.0,4.04,True,True,Klarna Group plc Ordinary Shares,0,-1.9,UNCLASSIFIED,,0.0,NONE,0.0,0.0,NONE,,True,0,NOT CHECKED,NONE,NEUTRAL,,,,NOT CHECKED,False,NOT CHECKED,NONE,0,,False,-1.9,NO TRADE,NOT CHECKED,,,,,,,,,False,,,False,,,,False,,,,False,NONE,False,False,0,,,,NOT CHECKED,NO LIVE SIGNAL,-1.9,False
CENX,40.42,REJECT,REJECT,"volume contraction, low-volume pullback",10,16,55,NO TRADE,WEAK,32.0,price<EMA20; EMA20>EMA50; EMA20 falling,-12.19,37.3,0.4,11.49,1,True,5.57,78454123.0,45.13,46.8,47.15,40.56,49.77,40.4,55.55,40.4,70.43,49.95,RESISTANCE_BREAKOUT,BREAKOUT,0.36,,,0,,,0,False,False,46.95,EMA50,46.8,6.3,6.0,41.32,41.32,52.45,53.95,54.94,1.33,55.55,11.21,True,5.0,53.95,8.0,1.33,False,2.5,23.13,0.0,1746546.0,67014974.0,5.22,True,True,Century Aluminum Company - Common Stock,0,-1.9,UNCLASSIFIED,,0.0,NONE,0.0,0.0,NONE,,True,0,NOT CHECKED,NONE,NEUTRAL,,,,NOT CHECKED,False,NOT CHECKED,NONE,0,,False,-1.9,NO TRADE,NOT CHECKED,,,,,,,,,False,,,False,,,,False,,,,False,NONE,False,False,0,,,,NOT CHECKED,NO LIVE SIGNAL,-1.9,True
NUVB,5.78,REJECT,REJECT,rising EMA50,8,14,55,NO TRADE,WEAK,32.0,price<EMA20; EMA20>EMA50; EMA20 falling,-8.7,17.7,0.83,8.02,0,False,5.42,33843928.0,6.46,6.31,5.58,5.77,7.58,5.33,7.58,4.05,7.58,7.61,RESISTANCE_BREAKOUT,BREAKOUT,0.33,,,0,,,0,False,False,7.15,ATR_FALLBACK,7.13,6.18,6.0,5.77,5.77,7.99,8.21,8.37,1.33,,,False,5.0,8.21,8.0,1.33,False,2.5,31.03,0.0,5069887.0,27852185.0,4.95,True,True,Nuvation Bio Inc. Class A Common Stock,0,-1.9,UNCLASSIFIED,,0.0,NONE,0.0,0.0,NONE,,True,0,NOT CHECKED,NONE,NEUTRAL,,,,NOT CHECKED,False,NOT CHECKED,NONE,0,,False,-1.9,NO TRADE,NOT CHECKED,,,,,,,,,False,,,False,,,,False,,,,False,NONE,False,False,0,,,,NOT CHECKED,NO LIVE SIGNAL,-1.9,False
VSAT,69.74,REJECT,REJECT,"volume contraction, low-volume pullback",10,16,55,NO TRADE,WEAK,32.0,price<EMA20; EMA20>EMA50; EMA20 falling,-12.31,45.7,0.48,5.99,0,False,5.81,112828554.0,73.29,73.63,61.55,65.47,79.83,58.41,93.03,41.67,93.03,80.15,RESISTANCE_BREAKOUT,BREAKOUT,0.41,,,0,,,0,False,False,75.34,ATR_FALLBACK,74.08,7.58,6.0,70.37,65.47,84.16,86.57,88.17,1.33,93.03,16.06,True,5.0,86.57,8.0,1.33,False,2.5,20.83,0.0,1552802.0,103674334.0,5.18,True,True,"ViaSat, Inc. - Common Stock",0,-2.0,UNCLASSIFIED,,0.0,NONE,0.0,0.0,NONE,,True,0,NOT CHECKED,NONE,NEUTRAL,,,,NOT CHECKED,False,NOT CHECKED,NONE,0,,False,-2.0,NO TRADE,NOT CHECKED,,,,,,,,,False,,,False,,,,False,,,,False,NONE,False,False,0,,,,NOT CHECKED,NO LIVE SIGNAL,-2.0,False
KGS,56.6,REJECT,REJECT,near EMA200 pivot,10,16,55,NO TRADE,WEAK,32.0,price<EMA20; EMA20>EMA50; EMA20 falling,-12.37,44.5,0.46,5.35,0,False,4.81,101076375.0,60.8,61.96,56.69,56.37,66.43,53.5,76.44,52.92,77.1,66.65,RESISTANCE_BREAKOUT,BREAKOUT,0.33,,,0,,,0,False,False,62.65,ATR_FALLBACK,62.57,6.12,6.0,56.37,56.37,69.98,71.98,73.31,1.33,76.44,14.69,True,5.0,71.98,8.0,1.33,False,2.5,17.37,0.0,1669682.0,99207627.0,4.5,True,True,"Kodiak Gas Services, Inc. Common Stock",0,-2.0,UNCLASSIFIED,,0.0,NONE,0.0,0.0,NONE,,True,0,NOT CHECKED,NONE,NEUTRAL,,,,NOT CHECKED,False,NOT CHECKED,NONE,0,,False,-2.0,NO TRADE,NOT CHECKED,,,,,,,,,False,,,False,,,,False,,,,False,NONE,False,False,0,,,,NOT CHECKED,NO LIVE SIGNAL,-2.0,False
ODFL,181.06,REJECT,REJECT,"volume contraction, low-volume pullback",10,16,55,NO TRADE,WEAK,32.0,price<EMA20; EMA20>EMA50; EMA20 falling,-12.42,23.1,0.26,3.69,0,False,3.22,300051344.0,191.84,203.38,196.4,177.54,212.77,177.54,238.14,175.55,251.64,213.24,RESISTANCE_BREAKOUT,BREAKOUT,0.22,,,0,,,0,False,False,202.33,EMA50,203.38,4.62,5.11,177.54,177.54,223.9,230.29,234.56,1.56,238.14,11.68,True,5.0,230.29,8.0,1.56,False,2.5,17.8,0.0,1565821.0,259766728.0,3.08,True,True,"Old Dominion Freight Line, Inc. - Common Stock",0,-2.1,UNCLASSIFIED,,0.0,NONE,0.0,0.0,NONE,,True,0,NOT CHECKED,NONE,NEUTRAL,,,,NOT CHECKED,False,NOT CHECKED,NONE,0,,False,-2.1,NO TRADE,NOT CHECKED,,,,,,,,,False,,,False,,,,False,,,,False,NONE,False,False,0,,,,NOT CHECKED,NO LIVE SIGNAL,-2.1,False
BEAM,23.16,REJECT,REJECT,"volume contraction, low-volume pullback",10,16,55,NO TRADE,WEAK,32.0,price<EMA20; EMA20>EMA50; EMA20 falling,-12.51,11.5,0.45,9.53,0,False,6.53,51471467.0,26.89,28.06,27.91,23.95,31.48,23.95,38.26,21.63,38.26,31.6,RESISTANCE_BREAKOUT,BREAKOUT,0.38,,,0,,,0,False,False,29.7,ATR_FALLBACK,29.33,7.18,6.0,23.95,23.95,33.18,34.13,34.76,1.33,38.26,21.07,True,5.0,34.13,8.0,1.33,False,2.5,35.92,0.0,1850218.0,38583732.0,5.04,True,True,Beam Therapeutics Inc. - Common Stock,0,-2.1,UNCLASSIFIED,,0.0,NONE,0.0,0.0,NONE,,True,0,NOT CHECKED,NONE,NEUTRAL,,,,NOT CHECKED,False,NOT CHECKED,NONE,0,,False,-2.1,NO TRADE,NOT CHECKED,,,,,,,,,False,,,False,,,,False,,,,False,NONE,False,False,0,,,,NOT CHECKED,NO LIVE SIGNAL,-2.1,False
KLAC,166.28,REJECT,REJECT,near EMA200 pivot,10,16,40,NO TRADE,WEAK,32.0,price<EMA20; EMA20>EMA50; EMA20 falling,-17.16,36.0,0.39,7.32,0,False,4.52,1628621246.0,181.21,191.76,175.55,167.05,199.52,167.05,307.02,131.78,307.02,200.12,RESISTANCE_BREAKOUT,BREAKOUT,0.3,,,0,,,0,False,False,190.41,EMA50,191.76,4.18,4.85,167.57,167.05,210.13,216.13,220.13,1.65,307.02,53.42,True,5.0,216.13,8.0,1.65,False,2.5,25.75,0.0,8998728.0,1651657973.0,3.73,True,True,KLA Corporation  - Common Stock,0,-2.2,UNCLASSIFIED,,0.0,NONE,0.0,0.0,NONE,,True,0,NOT CHECKED,NONE,NEUTRAL,,,,NOT CHECKED,False,NOT CHECKED,NONE,0,,False,-2.2,NO TRADE,NOT CHECKED,,,,,,,,,False,,,False,,,,False,,,,False,NONE,False,False,0,,,,NOT CHECKED,NO LIVE SIGNAL,-2.2,False
ESI,31.6,REJECT,REJECT,"volume contraction, low-volume pullback",10,16,40,NO TRADE,WEAK,32.0,price<EMA20; EMA20>EMA50; EMA20 falling,-17.22,32.8,0.33,3.18,0,False,4.78,173733686.0,35.04,36.85,35.63,31.8,38.35,33.49,49.14,29.34,49.14,38.47,RESISTANCE_BREAKOUT,BREAKOUT,0.32,,,0,,,0,False,False,36.58,EMA50,36.85,4.22,4.92,31.8,31.8,40.4,41.55,42.32,1.63,49.14,27.72,True,5.0,41.55,8.0,1.63,False,2.5,24.91,0.0,4962625.0,153728307.0,3.58,True,True,Element Solutions Inc. Common Stock,0,-2.2,UNCLASSIFIED,,0.0,NONE,0.0,0.0,NONE,,True,0,NOT CHECKED,NONE,NEUTRAL,,,,NOT CHECKED,False,NOT CHECKED,NONE,0,,False,-2.2,NO TRADE,NOT CHECKED,,,,,,,,,False,,,False,,,,False,,,,False,NONE,False,False,0,,,,NOT CHECKED,NO LIVE SIGNAL,-2.2,False
RUN,8.38,REJECT,REJECT,"volume contraction, low-volume pullback",10,16,55,NO TRADE,WEAK,32.0,price<EMA20; EMA20>EMA50; EMA20 falling,-12.77,35.2,0.44,8.74,0,False,4.75,61422293.0,8.99,10.03,13.2,8.22,9.86,8.22,16.79,8.49,16.79,9.89,RESISTANCE_BREAKOUT,BREAKOUT,0.32,,,0,,,0,False,False,9.3,ATR_FALLBACK,9.3,6.03,6.0,8.24,8.22,10.39,10.68,10.88,1.33,16.79,69.74,True,5.0,10.68,8.0,1.33,False,2.5,23.94,0.0,6855344.0,56779993.0,4.36,True,True,Sunrun Inc. - Common Stock,0,-2.2,UNCLASSIFIED,,0.0,NONE,0.0,0.0,NONE,,True,0,NOT CHECKED,NONE,NEUTRAL,,,,NOT CHECKED,False,NOT CHECKED,NONE,0,,False,-2.2,NO TRADE,NOT CHECKED,,,,,,,,,False,,,False,,,,False,,,,False,NONE,False,False,0,,,,NOT CHECKED,NO LIVE SIGNAL,-2.2,False
CDNS,274.89,REJECT,REJECT,"volume contraction, low-volume pullback",10,16,55,NO TRADE,WEAK,32.0,price<EMA20; EMA20>EMA50; EMA20 falling,-12.99,21.2,0.41,5.06,0,False,4.22,718751822.0,304.59,324.28,333.65,278.1,347.72,281.65,392.0,263.38,416.69,348.65,RESISTANCE_BREAKOUT,BREAKOUT,0.27,,,0,,,0,False,False,329.15,ATR_FALLBACK,331.24,4.99,5.59,278.1,278.1,366.08,376.54,383.51,1.43,392.0,12.43,True,5.0,376.54,8.0,1.43,False,2.5,26.49,0.0,2331330.0,657974048.0,3.33,True,True,"Cadence Design Systems, Inc. - Common Stock",0,-2.3,UNCLASSIFIED,,0.0,NONE,0.0,0.0,NONE,,True,0,NOT CHECKED,NONE,NEUTRAL,,,,NOT CHECKED,False,NOT CHECKED,NONE,0,,False,-2.3,NO TRADE,NOT CHECKED,,,,,,,,,False,,,False,,,,False,,,,False,NONE,False,False,0,,,,NOT CHECKED,NO LIVE SIGNAL,-2.3,False
MP,49.83,REJECT,REJECT,"volume contraction, low-volume pullback",10,16,55,NO TRADE,WEAK,32.0,price<EMA20; EMA20>EMA50; EMA20 falling,-12.81,17.2,0.48,9.1,0,False,5.4,283078512.0,53.41,53.53,57.41,49.51,62.47,37.81,63.14,37.81,76.8,62.69,RESISTANCE_BREAKOUT,BREAKOUT,0.34,,,0,,,0,False,False,58.92,ATR_FALLBACK,58.65,6.43,6.0,49.51,49.51,65.82,67.7,68.95,1.33,63.14,0.73,False,5.0,63.14,0.73,0.12,False,2.5,25.37,0.0,5086910.0,263780404.0,5.23,True,True,MP Materials Corp. Common Stock,0,-2.3,UNCLASSIFIED,,0.0,NONE,0.0,0.0,NONE,,True,0,NOT CHECKED,NONE,NEUTRAL,,,,NOT CHECKED,False,NOT CHECKED,NONE,0,,False,-2.3,NO TRADE,NOT CHECKED,,,,,,,,,False,,,False,,,,False,,,,False,NONE,False,False,0,,,,NOT CHECKED,NO LIVE SIGNAL,-2.3,False
CORZ,16.19,REJECT,REJECT,"volume contraction, low-volume pullback",10,16,40,NO TRADE,WEAK,32.0,price<EMA20; EMA20>EMA50; EMA20 falling,-17.52,39.5,0.43,6.48,0,False,6.09,189055750.0,17.91,19.68,20.08,15.61,19.78,15.61,30.43,13.56,30.46,19.86,RESISTANCE_BREAKOUT,BREAKOUT,0.4,,,0,,,0,False,False,19.12,EMA50,19.68,0.91,3.73,16.87,15.61,20.85,21.45,21.84,2.15,30.43,53.23,True,5.0,21.45,8.0,2.15,False,2.5,26.58,0.0,10742536.0,182288382.0,5.5,True,True,"Core Scientific, Inc. - Common Stock",0,-2.4,UNCLASSIFIED,,0.0,NONE,0.0,0.0,NONE,,True,0,NOT CHECKED,NONE,NEUTRAL,,,,NOT CHECKED,False,NOT CHECKED,NONE,0,,False,-2.4,NO TRADE,NOT CHECKED,,,,,,,,,False,,,False,,,,False,,,,False,NONE,False,False,0,,,,NOT CHECKED,NO LIVE SIGNAL,-2.4,False
SARO,23.23,REJECT,REJECT,"volume contraction, low-volume pullback",10,16,55,NO TRADE,WEAK,32.0,price<EMA20; EMA20>EMA50; EMA20 falling,-13.16,30.4,0.42,2.88,0,False,3.04,70962888.0,24.86,26.13,27.15,23.51,27.33,23.51,31.64,23.83,31.64,27.39,RESISTANCE_BREAKOUT,BREAKOUT,0.21,,,0,,,0,False,False,26.01,EMA50,26.13,4.58,5.04,23.51,23.51,28.76,29.58,30.13,1.59,31.64,15.53,True,5.0,29.58,8.0,1.59,False,2.5,19.95,0.0,2875075.0,65580304.0,2.91,True,True,"StandardAero, Inc. Common Stock",0,-2.4,UNCLASSIFIED,,0.0,NONE,0.0,0.0,NONE,,True,0,NOT CHECKED,NONE,NEUTRAL,,,,NOT CHECKED,False,NOT CHECKED,NONE,0,,False,-2.4,NO TRADE,NOT CHECKED,,,,,,,,,False,,,False,,,,False,,,,False,NONE,False,False,0,,,,NOT CHECKED,NO LIVE SIGNAL,-2.4,False
LULU,98.04,REJECT,REJECT,"volume contraction, low-volume pullback",10,16,55,NO TRADE,WEAK,32.0,price<EMA20; EMA20>EMA50; EMA20 falling,-13.27,30.3,0.34,5.05,0,False,5.77,795686693.0,109.48,115.6,138.32,95.67,124.47,95.67,128.86,104.44,179.38,124.92,RESISTANCE_BREAKOUT,BREAKOUT,0.36,,,0,,,0,False,False,117.43,ATR_FALLBACK,116.44,6.79,6.0,95.67,95.67,131.17,134.92,137.41,1.33,128.86,3.15,False,5.0,128.86,3.15,0.53,False,2.5,26.96,0.0,7283996.0,461307197.0,3.53,True,True,lululemon athletica inc. - Common Stock,0,-2.5,UNCLASSIFIED,,0.0,NONE,0.0,0.0,NONE,,True,0,NOT CHECKED,NONE,NEUTRAL,,,,NOT CHECKED,False,NOT CHECKED,NONE,0,,False,-2.5,NO TRADE,NOT CHECKED,,,,,,,,,False,,,False,,,,False,,,,False,NONE,False,False,0,,,,NOT CHECKED,NO LIVE SIGNAL,-2.5,False
CCL,22.12,REJECT,REJECT,"volume contraction, low-volume pullback",10,16,40,NO TRADE,WEAK,32.0,price<EMA20; EMA20>EMA50; EMA20 falling,-18.2,14.5,0.56,2.96,0,False,3.14,461173466.0,24.11,25.59,27.21,22.11,27.66,22.28,30.83,23.21,31.44,27.72,RESISTANCE_BREAKOUT,BREAKOUT,0.2,,,0,,,0,False,False,26.55,ATR_FALLBACK,26.68,3.75,4.2,22.11,22.11,29.1,29.93,30.49,1.9,30.83,11.23,True,5.0,29.93,8.0,1.9,False,2.5,27.02,0.0,19013373.0,439670565.0,2.74,True,True,Carnival Corporation Ltd. Common Shares,0,-2.7,UNCLASSIFIED,,0.0,NONE,0.0,0.0,NONE,,True,0,NOT CHECKED,NONE,NEUTRAL,,,,NOT CHECKED,False,NOT CHECKED,NONE,0,,False,-2.7,NO TRADE,NOT CHECKED,,,,,,,,,False,,,False,,,,False,,,,False,NONE,False,False,0,,,,NOT CHECKED,NO LIVE SIGNAL,-2.7,False
ALK,40.01,REJECT,REJECT,none,0,6,20,NO TRADE,WEAK,32.0,price<EMA20; EMA20>EMA50; EMA20 falling,-7.12,31.0,0.56,4.66,0,False,3.2,92803916.0,41.97,43.91,46.25,39.4,44.38,39.4,54.32,33.03,54.32,44.48,RESISTANCE_BREAKOUT,BREAKOUT,0.23,,,0,,,0,False,False,43.52,EMA50,43.91,1.29,2.16,39.4,39.4,46.71,48.04,48.93,3.71,54.32,22.12,True,5.0,48.04,8.0,3.71,True,2.5,13.95,0.0,2244583.0,92093887.0,2.91,True,True,"Alaska Air Group, Inc. Common Stock",0,-2.7,UNCLASSIFIED,,0.0,NONE,0.0,0.0,NONE,,True,0,NOT CHECKED,NONE,NEUTRAL,,,,NOT CHECKED,False,NOT CHECKED,NONE,0,,False,-2.7,NO TRADE,NOT CHECKED,,,,,,,,,False,,,False,,,,False,,,,False,NONE,False,False,0,,,,NOT CHECKED,NO LIVE SIGNAL,-2.7,False
LQDA,65.29,REJECT,REJECT,"volume contraction, low-volume pullback",10,16,55,NO TRADE,WEAK,32.0,price<EMA20; EMA20>EMA50; EMA20 falling,-13.94,34.1,0.62,5.4,0,False,3.92,75634213.0,69.98,72.3,56.81,65.13,76.77,66.1,93.61,29.81,93.61,76.97,RESISTANCE_BREAKOUT,BREAKOUT,0.27,,,0,,,0,False,False,72.36,EMA50,72.3,6.08,6.0,65.13,65.13,80.82,83.13,84.67,1.33,93.61,21.61,True,5.0,83.13,8.0,1.33,False,2.5,19.36,0.0,1090681.0,69551220.0,4.03,True,True,Liquidia Corporation - Common Stock,0,-2.8,UNCLASSIFIED,,0.0,NONE,0.0,0.0,NONE,,True,0,NOT CHECKED,NONE,NEUTRAL,,,,NOT CHECKED,False,NOT CHECKED,NONE,0,,False,-2.8,NO TRADE,NOT CHECKED,,,,,,,,,False,,,False,,,,False,,,,False,NONE,False,False,0,,,,NOT CHECKED,NO LIVE SIGNAL,-2.8,False
ASTS,59.7,REJECT,REJECT,"volume contraction, low-volume pullback",10,16,55,NO TRADE,WEAK,32.0,price<EMA20; EMA20>EMA50; EMA20 falling,-14.05,46.0,0.44,11.83,2,True,6.18,567324152.0,62.24,66.46,73.46,55.7,70.1,52.8,91.82,52.8,133.86,70.4,RESISTANCE_BREAKOUT,BREAKOUT,0.42,,,0,,,0,False,False,66.17,EMA50,66.46,5.59,6.0,57.27,55.7,73.92,76.03,77.43,1.33,91.82,30.43,True,5.0,76.03,8.0,1.33,False,2.5,24.72,0.0,9098507.0,509224391.0,5.64,True,True,"AST SpaceMobile, Inc. - Class A Common Stock",0,-2.9,UNCLASSIFIED,,0.0,NONE,0.0,0.0,NONE,,True,0,NOT CHECKED,NONE,NEUTRAL,,,,NOT CHECKED,False,NOT CHECKED,NONE,0,,False,-2.9,NO TRADE,NOT CHECKED,,,,,,,,,False,,,False,,,,False,,,,False,NONE,False,False,0,,,,NOT CHECKED,NO LIVE SIGNAL,-2.9,True
BROS,42.29,REJECT,REJECT,"volume contraction, low-volume pullback",10,16,55,NO TRADE,WEAK,32.0,price<EMA20; EMA20>EMA50; EMA20 falling,-14.1,20.0,0.54,4.17,0,False,4.21,179246226.0,47.75,53.05,56.77,43.15,52.57,43.29,74.02,44.58,74.02,52.71,RESISTANCE_BREAKOUT,BREAKOUT,0.27,,,0,,,0,False,False,49.72,ATR_FALLBACK,50.04,5.07,5.68,43.15,43.15,55.35,56.93,57.98,1.41,74.02,40.43,True,5.0,56.93,8.0,1.41,False,2.5,24.31,0.0,3759961.0,167186329.0,3.75,True,True,Dutch Bros Inc. Class A Common Stock,0,-2.9,UNCLASSIFIED,,0.0,NONE,0.0,0.0,NONE,,True,0,NOT CHECKED,NONE,NEUTRAL,,,,NOT CHECKED,False,NOT CHECKED,NONE,0,,False,-2.9,NO TRADE,NOT CHECKED,,,,,,,,,False,,,False,,,,False,,,,False,NONE,False,False,0,,,,NOT CHECKED,NO LIVE SIGNAL,-2.9,False
FLO,6.01,REJECT,REJECT,"volume contraction, low-volume pullback",10,16,55,NO TRADE,WEAK,32.0,price<EMA20; EMA20>EMA50; EMA20 falling,-14.04,20.8,0.33,5.02,0,False,3.75,50101298.0,6.5,6.98,8.37,5.95,7.44,5.98,8.74,6.55,9.27,7.46,RESISTANCE_BREAKOUT,BREAKOUT,0.24,,,0,,,0,False,False,7.01,EMA50,6.98,6.51,6.0,5.95,5.95,7.84,8.06,8.21,1.33,8.74,17.08,True,5.0,8.06,8.0,1.33,False,2.5,23.87,0.0,7601616.0,46636440.0,4.01,True,True,"Flowers Foods, Inc. Common Stock",0,-2.9,UNCLASSIFIED,,0.0,NONE,0.0,0.0,NONE,,True,0,NOT CHECKED,NONE,NEUTRAL,,,,NOT CHECKED,False,NOT CHECKED,NONE,0,,False,-2.9,NO TRADE,NOT CHECKED,,,,,,,,,False,,,False,,,,False,,,,False,NONE,False,False,0,,,,NOT CHECKED,NO LIVE SIGNAL,-2.9,False
AAP,44.05,REJECT,REJECT,volume contraction,6,18,40,NO TRADE,WEAK,32.0,price<EMA20; EMA20>EMA50; EMA20 falling,-20.32,52.1,0.22,7.17,0,False,3.46,113860338.0,45.69,49.75,53.3,40.66,59.28,40.66,62.91,40.66,62.91,59.4,RESISTANCE_BREAKOUT,BREAKOUT,0.21,,,0,,,0,False,False,56.84,ATR_FALLBACK,57.11,3.85,4.32,41.69,41.49,62.37,64.15,65.34,1.85,62.91,5.91,True,5.0,62.91,5.91,1.37,False,2.5,34.59,0.0,2587108.0,76334250.0,4.31,True,True,Advance Auto Parts Inc.,0,-3.1,UNCLASSIFIED,,0.0,NONE,0.0,0.0,NONE,,True,0,NOT CHECKED,NONE,NEUTRAL,,,,NOT CHECKED,False,NOT CHECKED,NONE,0,,False,-3.1,NO TRADE,NOT CHECKED,,,,,,,,,False,,,False,,,,False,,,,False,NONE,False,False,0,,,,NOT CHECKED,NO LIVE SIGNAL,-3.1,False
IMVT,36.52,REJECT,REJECT,"volume contraction, low-volume pullback",10,16,55,NO TRADE,WEAK,32.0,price<EMA20; EMA20>EMA50; EMA20 falling,-14.42,12.3,0.43,4.52,0,False,4.22,46275082.0,39.7,39.34,32.04,37.0,45.42,35.94,45.42,22.79,45.42,45.54,RESISTANCE_BREAKOUT,BREAKOUT,0.27,,,0,,,0,False,False,42.96,ATR_FALLBACK,43.23,5.07,5.68,37.0,37.0,47.82,49.19,50.1,1.41,,,False,5.0,49.19,8.0,1.41,False,2.5,24.37,0.0,1125371.0,43463320.0,3.42,True,True,"Immunovant, Inc.  - Common Stock",0,-3.1,UNCLASSIFIED,,0.0,NONE,0.0,0.0,NONE,,True,0,NOT CHECKED,NONE,NEUTRAL,,,,NOT CHECKED,False,NOT CHECKED,NONE,0,,False,-3.1,NO TRADE,NOT CHECKED,,,,,,,,,False,,,False,,,,False,,,,False,NONE,False,False,0,,,,NOT CHECKED,NO LIVE SIGNAL,-3.1,False
RXO,19.57,REJECT,REJECT,near EMA200 pivot,10,16,55,NO TRADE,WEAK,32.0,price<EMA20; EMA20>EMA50; EMA20 falling,-14.52,32.0,0.39,7.21,0,False,5.26,29345720.0,20.74,22.14,20.47,18.78,23.51,19.27,29.9,11.68,29.9,23.59,RESISTANCE_BREAKOUT,BREAKOUT,0.35,,,0,,,0,False,False,22.18,EMA50,22.14,6.14,6.0,18.78,18.78,24.77,25.48,25.95,1.33,29.9,26.74,True,5.0,25.48,8.0,1.33,False,2.5,21.26,0.0,1408164.0,28063660.0,5.05,True,True,"RXO, Inc. Common Stock",0,-3.1,UNCLASSIFIED,,0.0,NONE,0.0,0.0,NONE,,True,0,NOT CHECKED,NONE,NEUTRAL,,,,NOT CHECKED,False,NOT CHECKED,NONE,0,,False,-3.1,NO TRADE,NOT CHECKED,,,,,,,,,False,,,False,,,,False,,,,False,NONE,False,False,0,,,,NOT CHECKED,NO LIVE SIGNAL,-3.1,False
NVT,147.46,REJECT,REJECT,"volume contraction, low-volume pullback",10,16,55,NO TRADE,WEAK,32.0,price<EMA20; EMA20>EMA50; EMA20 falling,-14.76,46.8,0.34,4.65,0,False,4.7,394423421.0,154.88,156.49,140.96,143.87,170.09,130.97,184.4,102.11,184.4,170.64,RESISTANCE_BREAKOUT,BREAKOUT,0.33,,,0,,,0,False,False,160.41,ATR_FALLBACK,160.25,6.09,6.0,143.89,143.87,179.18,184.3,187.71,1.33,184.4,8.06,True,5.0,184.3,8.0,1.33,False,2.5,20.29,0.0,2572303.0,313037276.0,4.09,True,True,nVent Electric plc Ordinary Shares ,0,-3.2,UNCLASSIFIED,,0.0,NONE,0.0,0.0,NONE,,True,0,NOT CHECKED,NONE,NEUTRAL,,,,NOT CHECKED,False,NOT CHECKED,NONE,0,,False,-3.2,NO TRADE,NOT CHECKED,,,,,,,,,False,,,False,,,,False,,,,False,NONE,False,False,0,,,,NOT CHECKED,NO LIVE SIGNAL,-3.2,False
STUB,5.91,REJECT,REJECT,"volume contraction, low-volume pullback",10,16,55,NO TRADE,WEAK,32.0,price<EMA20; EMA20>EMA50; EMA20 falling,-14.9,28.2,0.29,5.66,0,False,4.87,36727809.0,6.6,7.71,10.49,5.83,7.18,5.83,14.02,5.74,14.02,7.2,RESISTANCE_BREAKOUT,BREAKOUT,0.32,,,0,,,0,False,False,6.77,ATR_FALLBACK,6.77,6.0,6.0,5.83,5.83,7.56,7.77,7.92,1.33,14.02,94.77,True,5.0,7.77,8.0,1.33,False,2.5,35.76,0.0,5681164.0,35347347.0,4.14,True,True,"StubHub Holdings, Inc. Class A Common Stock",0,-3.3,UNCLASSIFIED,,0.0,NONE,0.0,0.0,NONE,,True,0,NOT CHECKED,NONE,NEUTRAL,,,,NOT CHECKED,False,NOT CHECKED,NONE,0,,False,-3.3,NO TRADE,NOT CHECKED,,,,,,,,,False,,,False,,,,False,,,,False,NONE,False,False,0,,,,NOT CHECKED,NO LIVE SIGNAL,-3.3,False
GLW,143.11,REJECT,REJECT,near EMA200 pivot,10,16,55,NO TRADE,WEAK,32.0,price<EMA20; EMA20>EMA50; EMA20 falling,-15.2,47.3,0.47,9.04,0,False,5.34,1341665344.0,154.22,159.46,147.1,139.25,171.3,114.28,271.27,114.28,271.27,171.91,RESISTANCE_BREAKOUT,BREAKOUT,0.36,,,0,,,0,False,False,161.6,ATR_FALLBACK,160.45,6.67,6.0,142.77,139.25,180.51,185.66,189.1,1.33,271.27,57.8,True,5.0,185.66,8.0,1.33,False,2.5,23.41,0.0,8816058.0,1291095133.0,4.18,True,True,Corning Incorporated Common Stock,0,-3.4,UNCLASSIFIED,,0.0,NONE,0.0,0.0,NONE,,True,0,NOT CHECKED,NONE,NEUTRAL,,,,NOT CHECKED,False,NOT CHECKED,NONE,0,,False,-3.4,NO TRADE,NOT CHECKED,,,,,,,,,False,,,False,,,,False,,,,False,NONE,False,False,0,,,,NOT CHECKED,NO LIVE SIGNAL,-3.4,False
CPNG,15.01,REJECT,REJECT,none,0,6,40,NO TRADE,WEAK,32.0,price<EMA20; EMA20>EMA50; EMA20 falling,-2.52,26.0,0.38,6.93,0,False,3.02,239789592.0,15.57,16.16,19.66,14.45,16.8,14.45,19.53,14.92,22.24,16.83,RESISTANCE_BREAKOUT,BREAKOUT,0.22,,,0,,,0,False,False,16.08,EMA50,16.16,3.97,4.45,14.45,14.45,17.67,18.18,18.51,1.8,19.53,16.03,True,5.0,18.18,8.0,1.8,False,2.5,11.93,0.0,15324408.0,214877058.0,2.89,True,True,"Coupang, Inc. Class A Common Stock",0,-3.4,UNCLASSIFIED,,0.0,NONE,0.0,0.0,NONE,,True,0,NOT CHECKED,NONE,NEUTRAL,,,,NOT CHECKED,False,NOT CHECKED,NONE,0,,False,-3.4,NO TRADE,NOT CHECKED,,,,,,,,,False,,,False,,,,False,,,,False,NONE,False,False,0,,,,NOT CHECKED,NO LIVE SIGNAL,-3.4,False
PRIM,76.14,REJECT,REJECT,none,0,12,55,NO TRADE,WEAK,32.0,price<EMA20; EMA20>EMA50; EMA20 falling,-6.29,53.1,0.58,4.52,0,False,4.13,80474389.0,76.14,83.47,110.81,70.12,82.35,64.95,108.98,64.95,205.33,82.6,RESISTANCE_BREAKOUT,BREAKOUT,0.31,,,0,,,0,False,False,77.65,ATR_FALLBACK,77.88,5.71,6.0,71.41,70.12,86.73,89.21,90.86,1.33,108.98,31.93,True,5.0,89.21,8.0,1.33,False,2.5,12.42,0.0,1068090.0,75679188.0,3.84,True,True,Primoris Services Corporation Common Stock,0,-3.6,UNCLASSIFIED,,0.0,NONE,0.0,0.0,NONE,,True,0,NOT CHECKED,NONE,NEUTRAL,,,,NOT CHECKED,False,NOT CHECKED,NONE,0,,False,-3.6,NO TRADE,NOT CHECKED,,,,,,,,,False,,,False,,,,False,,,,False,NONE,False,False,0,,,,NOT CHECKED,NO LIVE SIGNAL,-3.6,False
VFC,12.79,REJECT,REJECT,none,0,6,20,NO TRADE,WEAK,32.0,price<EMA20; EMA20>EMA50; EMA20 falling,-8.99,34.4,0.34,4.36,0,False,3.11,79935977.0,13.48,14.55,16.12,12.46,14.62,12.46,18.13,13.23,22.0,14.65,RESISTANCE_BREAKOUT,BREAKOUT,0.22,,,0,,,0,False,False,14.35,EMA50,14.55,0.65,2.04,12.46,12.46,15.38,15.82,16.11,3.92,18.13,23.78,True,5.0,15.82,8.0,3.92,True,2.5,18.9,0.0,5953425.0,81873250.0,2.77,True,True,V.F. Corporation Common Stock,0,-3.6,UNCLASSIFIED,,0.0,NONE,0.0,0.0,NONE,,True,0,NOT CHECKED,NONE,NEUTRAL,,,,NOT CHECKED,False,NOT CHECKED,NONE,0,,False,-3.6,NO TRADE,NOT CHECKED,,,,,,,,,False,,,False,,,,False,,,,False,NONE,False,False,0,,,,NOT CHECKED,NO LIVE SIGNAL,-3.6,False
LASR,37.92,REJECT,REJECT,"volume contraction, low-volume pullback",10,16,40,NO TRADE,WEAK,32.0,price<EMA20; EMA20>EMA50; EMA20 falling,-27.75,35.1,0.28,10.08,1,True,5.07,53383156.0,43.81,52.27,55.13,38.14,54.5,38.95,80.1,41.53,86.95,54.65,RESISTANCE_BREAKOUT,BREAKOUT,0.28,,,0,,,0,False,False,51.93,EMA50,52.27,4.36,4.99,38.14,38.14,57.39,59.03,60.12,1.6,80.1,46.56,True,5.0,59.03,8.0,1.6,False,2.5,43.72,0.0,1255201.0,48942206.0,5.36,True,True,"nLIGHT, Inc. - Common Stock",0,-3.6,UNCLASSIFIED,,0.0,NONE,0.0,0.0,NONE,,True,0,NOT CHECKED,NONE,NEUTRAL,,,,NOT CHECKED,False,NOT CHECKED,NONE,0,,False,-3.6,NO TRADE,NOT CHECKED,,,,,,,,,False,,,False,,,,False,,,,False,NONE,False,False,0,,,,NOT CHECKED,NO LIVE SIGNAL,-3.6,True
FLEX,107.0,REJECT,REJECT,"volume contraction, low-volume pullback",10,16,55,NO TRADE,WEAK,32.0,price<EMA20; EMA20>EMA50; EMA20 falling,-15.67,47.6,0.22,7.88,0,False,4.64,313782871.0,112.08,117.52,102.72,102.25,126.65,99.5,165.89,58.53,166.86,127.05,RESISTANCE_BREAKOUT,BREAKOUT,0.31,,,0,,,0,False,False,119.42,ATR_FALLBACK,119.6,5.86,6.0,106.62,102.25,133.4,137.21,139.75,1.33,165.89,30.57,True,5.0,137.21,8.0,1.33,False,2.5,23.02,0.0,2831305.0,316260610.0,4.11,True,True,Flex Ltd. - Ordinary Shares,0,-3.7,UNCLASSIFIED,,0.0,NONE,0.0,0.0,NONE,,True,0,NOT CHECKED,NONE,NEUTRAL,,,,NOT CHECKED,False,NOT CHECKED,NONE,0,,False,-3.7,NO TRADE,NOT CHECKED,,,,,,,,,False,,,False,,,,False,,,,False,NONE,False,False,0,,,,NOT CHECKED,NO LIVE SIGNAL,-3.7,False
ONDS,7.39,REJECT,REJECT,tight range,10,16,55,NO TRADE,WEAK,32.0,price<EMA20; EMA20>EMA50; EMA20 falling,-15.92,37.4,0.69,8.1,0,False,5.78,477776783.0,7.76,8.16,8.74,6.99,9.31,6.22,9.99,6.22,14.16,9.35,RESISTANCE_BREAKOUT,BREAKOUT,0.37,,,0,,,0,False,False,8.79,ATR_FALLBACK,8.71,6.85,6.0,6.99,6.99,9.82,10.1,10.28,1.33,9.99,6.85,True,5.0,9.99,6.85,1.14,False,2.5,26.13,0.0,60114931.0,474891093.0,5.36,True,True,Ondas Inc - Common Stock,0,-3.8,UNCLASSIFIED,,0.0,NONE,0.0,0.0,NONE,,True,0,NOT CHECKED,NONE,NEUTRAL,,,,NOT CHECKED,False,NOT CHECKED,NONE,0,,False,-3.8,NO TRADE,NOT CHECKED,,,,,,,,,False,,,False,,,,False,,,,False,NONE,False,False,0,,,,NOT CHECKED,NO LIVE SIGNAL,-3.8,False
ACHR,5.47,REJECT,REJECT,none,8,14,55,NO TRADE,WEAK,32.0,price<EMA20; EMA20>EMA50; EMA20 falling,-12.45,33.7,0.56,11.99,2,True,4.54,140763445.0,5.7,5.65,6.42,5.35,6.53,4.3,7.29,4.3,7.55,6.54,RESISTANCE_BREAKOUT,BREAKOUT,0.3,,,0,,,0,False,False,6.15,ATR_FALLBACK,6.17,5.69,6.0,5.35,5.35,6.87,7.07,7.2,1.33,7.29,11.39,True,5.0,7.07,8.0,1.33,False,2.5,19.67,0.0,23960103.0,132784649.0,4.44,True,True,Archer Aviation Inc. Class A Common Stock,0,-3.8,UNCLASSIFIED,,0.0,NONE,0.0,0.0,NONE,,True,0,NOT CHECKED,NONE,NEUTRAL,,,,NOT CHECKED,False,NOT CHECKED,NONE,0,,False,-3.8,NO TRADE,NOT CHECKED,,,,,,,,,False,,,False,,,,False,,,,False,NONE,False,False,0,,,,NOT CHECKED,NO LIVE SIGNAL,-3.8,True
LEVI,20.0,REJECT,REJECT,none,0,6,20,NO TRADE,WEAK,32.0,price<EMA20; EMA20>EMA50; EMA20 falling,-9.36,35.8,0.31,1.74,0,False,2.55,41953020.0,21.03,22.06,22.05,19.98,22.65,19.98,25.7,17.5,25.7,22.69,RESISTANCE_BREAKOUT,BREAKOUT,0.18,,,0,,,0,False,False,21.96,EMA50,22.06,2.77,3.18,19.98,19.98,23.82,24.5,24.95,2.52,25.7,13.29,True,5.0,24.5,8.0,2.52,True,2.5,13.23,0.0,2003556.0,42459621.0,2.48,True,True,Levi Strauss & Co Class A Common Stock,0,-3.8,UNCLASSIFIED,,0.0,NONE,0.0,0.0,NONE,,True,0,NOT CHECKED,NONE,NEUTRAL,,,,NOT CHECKED,False,NOT CHECKED,NONE,0,,False,-3.8,NO TRADE,NOT CHECKED,,,,,,,,,False,,,False,,,,False,,,,False,NONE,False,False,0,,,,NOT CHECKED,NO LIVE SIGNAL,-3.8,False
RGTI,15.27,REJECT,REJECT,"volume contraction, low-volume pullback",10,16,55,NO TRADE,WEAK,32.0,price<EMA20; EMA20>EMA50; EMA20 falling,-16.16,33.1,0.42,11.48,1,True,5.13,261059912.0,15.78,16.54,18.99,14.52,18.64,13.13,22.57,12.53,28.06,18.7,RESISTANCE_BREAKOUT,BREAKOUT,0.34,,,0,,,0,False,False,17.58,ATR_FALLBACK,17.52,6.29,6.0,14.52,14.52,19.63,20.19,20.57,1.33,22.57,20.71,True,5.0,20.19,8.0,1.33,False,2.5,24.09,0.0,16318918.0,228846773.0,5.5,True,True,"Rigetti Computing, Inc.  - Common stock",0,-3.9,UNCLASSIFIED,,0.0,NONE,0.0,0.0,NONE,,True,0,NOT CHECKED,NONE,NEUTRAL,,,,NOT CHECKED,False,NOT CHECKED,NONE,0,,False,-3.9,NO TRADE,NOT CHECKED,,,,,,,,,False,,,False,,,,False,,,,False,NONE,False,False,0,,,,NOT CHECKED,NO LIVE SIGNAL,-3.9,True
FIS,38.13,REJECT,REJECT,none,0,6,40,NO TRADE,WEAK,32.0,price<EMA20; EMA20>EMA50; EMA20 falling,-4.27,38.4,0.32,5.27,0,False,3.22,225351718.0,39.81,40.75,46.74,37.45,42.34,36.99,46.46,36.99,50.89,42.44,RESISTANCE_BREAKOUT,BREAKOUT,0.23,,,0,,,0,False,False,40.53,EMA50,40.75,3.97,4.49,37.45,37.45,44.56,45.83,46.68,1.78,46.46,9.48,True,5.0,45.83,8.0,1.78,False,2.5,11.03,0.0,5639457.0,219605148.0,2.95,True,True,"Fidelity National Information Services, Inc. Common Stock",0,-4.2,UNCLASSIFIED,,0.0,NONE,0.0,0.0,NONE,,True,0,NOT CHECKED,NONE,NEUTRAL,,,,NOT CHECKED,False,NOT CHECKED,NONE,0,,False,-4.2,NO TRADE,NOT CHECKED,,,,,,,,,False,,,False,,,,False,,,,False,NONE,False,False,0,,,,NOT CHECKED,NO LIVE SIGNAL,-4.2,False
ENPH,36.24,REJECT,REJECT,none,0,6,40,NO TRADE,WEAK,32.0,price<EMA20; EMA20>EMA50; EMA20 falling,-4.21,45.5,0.32,6.76,0,False,5.46,148274132.0,37.42,39.7,41.02,34.45,39.82,34.45,55.19,29.9,73.74,39.98,RESISTANCE_BREAKOUT,BREAKOUT,0.4,,,0,,,0,False,False,38.49,EMA50,39.7,0.7,3.71,34.65,34.45,41.98,43.18,43.98,2.15,55.19,38.05,True,5.0,43.18,8.0,2.15,False,2.5,11.31,0.0,3974014.0,150012760.0,4.78,True,True,"Enphase Energy, Inc. - Common Stock",0,-4.2,UNCLASSIFIED,,0.0,NONE,0.0,0.0,NONE,,True,0,NOT CHECKED,NONE,NEUTRAL,,,,NOT CHECKED,False,NOT CHECKED,NONE,0,,False,-4.2,NO TRADE,NOT CHECKED,,,,,,,,,False,,,False,,,,False,,,,False,NONE,False,False,0,,,,NOT CHECKED,NO LIVE SIGNAL,-4.2,False
FSLR,203.76,REJECT,REJECT,none,0,6,40,NO TRADE,WEAK,32.0,price<EMA20; EMA20>EMA50; EMA20 falling,-4.44,47.3,0.34,4.68,0,False,3.98,378749631.0,209.56,217.45,224.91,197.1,225.0,195.84,269.7,182.99,320.95,225.65,RESISTANCE_BREAKOUT,BREAKOUT,0.29,,,0,,,0,False,False,215.99,EMA50,217.45,3.63,4.28,197.1,197.1,236.93,243.7,248.21,1.87,269.7,19.52,True,5.0,243.7,8.0,1.87,False,2.5,11.11,0.0,1819010.0,342141314.0,3.7,True,True,"First Solar, Inc. - Common Stock",0,-4.3,UNCLASSIFIED,,0.0,NONE,0.0,0.0,NONE,,True,0,NOT CHECKED,NONE,NEUTRAL,,,,NOT CHECKED,False,NOT CHECKED,NONE,0,,False,-4.3,NO TRADE,NOT CHECKED,,,,,,,,,False,,,False,,,,False,,,,False,NONE,False,False,0,,,,NOT CHECKED,NO LIVE SIGNAL,-4.3,False
ASM,6.09,REJECT,REJECT,rising EMA50,8,14,55,NO TRADE,WEAK,32.0,price<EMA20; EMA20>EMA50; EMA20 falling,-13.46,29.1,0.46,10.83,1,True,6.69,30916141.0,6.97,6.8,6.56,6.08,7.9,5.15,7.9,5.15,9.7,7.93,RESISTANCE_BREAKOUT,BREAKOUT,0.41,,,0,,,0,False,False,7.46,ATR_FALLBACK,7.32,7.7,6.0,6.08,6.08,8.33,8.57,8.73,1.33,9.7,22.28,True,5.0,8.57,8.0,1.33,False,2.5,29.83,0.0,4255446.0,31016250.0,5.39,True,True,Avino Silver & Gold Mines Ltd. Common Shares (Canada),0,-4.3,UNCLASSIFIED,,0.0,NONE,0.0,0.0,NONE,,True,0,NOT CHECKED,NONE,NEUTRAL,,,,NOT CHECKED,False,NOT CHECKED,NONE,0,,False,-4.3,NO TRADE,NOT CHECKED,,,,,,,,,False,,,False,,,,False,,,,False,NONE,False,False,0,,,,NOT CHECKED,NO LIVE SIGNAL,-4.3,True
COMP,9.99,REJECT,REJECT,near EMA200 pivot,10,16,55,NO TRADE,WEAK,32.0,price<EMA20; EMA20>EMA50; EMA20 falling,-17.3,29.6,0.92,6.92,0,False,4.96,117819827.0,10.98,11.12,10.17,10.08,12.97,9.57,13.6,6.37,13.6,13.0,RESISTANCE_BREAKOUT,BREAKOUT,0.31,,,0,,,0,False,False,12.22,ATR_FALLBACK,12.26,5.72,6.0,10.08,10.08,13.65,14.05,14.31,1.33,13.6,4.58,False,5.0,13.6,4.58,0.76,False,2.5,29.71,0.0,10670108.0,120761386.0,4.19,True,True,"Compass, Inc. Class A Common Stock",0,-4.5,UNCLASSIFIED,,0.0,NONE,0.0,0.0,NONE,,True,0,NOT CHECKED,NONE,NEUTRAL,,,,NOT CHECKED,False,NOT CHECKED,NONE,0,,False,-4.5,NO TRADE,NOT CHECKED,,,,,,,,,False,,,False,,,,False,,,,False,NONE,False,False,0,,,,NOT CHECKED,NO LIVE SIGNAL,-4.5,False
MAT,13.59,REJECT,REJECT,none,0,6,40,NO TRADE,WEAK,32.0,price<EMA20; EMA20>EMA50; EMA20 falling,-4.76,24.0,0.88,2.97,0,False,2.95,46298592.0,14.34,14.48,15.64,13.52,15.58,12.73,15.65,12.73,16.64,15.61,RESISTANCE_BREAKOUT,BREAKOUT,0.21,,,0,,,0,False,False,14.94,ATR_FALLBACK,15.01,3.85,4.32,13.52,13.52,16.39,16.86,17.17,1.85,15.65,0.24,False,5.0,15.65,0.24,0.06,False,2.5,14.64,0.0,3195034.0,43356048.0,2.84,True,True,"Mattel, Inc. - Common Stock",0,-4.5,UNCLASSIFIED,,0.0,NONE,0.0,0.0,NONE,,True,0,NOT CHECKED,NONE,NEUTRAL,,,,NOT CHECKED,False,NOT CHECKED,NONE,0,,False,-4.5,NO TRADE,NOT CHECKED,,,,,,,,,False,,,False,,,,False,,,,False,NONE,False,False,0,,,,NOT CHECKED,NO LIVE SIGNAL,-4.5,False
RCUS,23.85,REJECT,REJECT,near EMA200 pivot,10,16,55,NO TRADE,WEAK,32.0,price<EMA20; EMA20>EMA50; EMA20 falling,-17.29,9.6,0.55,4.81,0,False,5.45,38613163.0,27.86,28.11,24.46,24.02,31.58,24.32,31.74,20.0,31.74,31.68,RESISTANCE_BREAKOUT,BREAKOUT,0.33,,,0,,,0,False,False,29.78,ATR_FALLBACK,29.74,6.15,6.0,24.02,24.02,33.27,34.22,34.85,1.33,31.74,0.16,False,5.0,31.74,0.16,0.03,False,2.5,32.41,0.0,1372415.0,34610669.0,4.39,True,True,"Arcus Biosciences, Inc. Common Stock",0,-4.5,UNCLASSIFIED,,0.0,NONE,0.0,0.0,NONE,,True,0,NOT CHECKED,NONE,NEUTRAL,,,,NOT CHECKED,False,NOT CHECKED,NONE,0,,False,-4.5,NO TRADE,NOT CHECKED,,,,,,,,,False,,,False,,,,False,,,,False,NONE,False,False,0,,,,NOT CHECKED,NO LIVE SIGNAL,-4.5,False
ALAB,257.55,REJECT,REJECT,near EMA200 pivot,10,16,55,NO TRADE,WEAK,32.0,price<EMA20; EMA20>EMA50; EMA20 falling,-17.53,43.5,0.41,12.65,1,True,7.57,976932434.0,288.89,302.9,260.21,256.51,321.65,244.61,499.48,97.89,499.48,323.21,RESISTANCE_BREAKOUT,BREAKOUT,0.48,,,0,,,0,False,False,303.82,EMA50,302.9,6.28,6.0,256.51,256.51,339.37,349.07,355.53,1.33,499.48,54.54,True,5.0,349.07,8.0,1.33,False,2.5,37.45,0.0,3397006.0,845588897.0,5.66,True,True,"Astera Labs, Inc. - Common Stock",0,-4.6,UNCLASSIFIED,,0.0,NONE,0.0,0.0,NONE,,True,0,NOT CHECKED,NONE,NEUTRAL,,,,NOT CHECKED,False,NOT CHECKED,NONE,0,,False,-4.6,NO TRADE,NOT CHECKED,,,,,,,,,False,,,False,,,,False,,,,False,NONE,False,False,0,,,,NOT CHECKED,NO LIVE SIGNAL,-4.6,True
ATI,186.3,REJECT,REJECT,"volume contraction, low-volume pullback",10,16,55,NO TRADE,WEAK,32.0,price<EMA20; EMA20>EMA50; EMA20 falling,-17.6,22.0,0.35,8.93,0,False,4.04,380449689.0,203.6,201.56,165.97,187.0,230.62,174.77,243.57,135.48,243.57,231.22,RESISTANCE_BREAKOUT,BREAKOUT,0.26,,,0,,,0,False,False,218.58,ATR_FALLBACK,219.93,4.88,5.47,187.0,187.0,242.78,249.72,254.34,1.46,243.57,5.34,True,5.0,243.57,5.34,0.98,False,2.5,24.99,0.0,1844146.0,283910890.0,3.63,True,True,ATI Inc. Common Stock,0,-4.6,UNCLASSIFIED,,0.0,NONE,0.0,0.0,NONE,,True,0,NOT CHECKED,NONE,NEUTRAL,,,,NOT CHECKED,False,NOT CHECKED,NONE,0,,False,-4.6,NO TRADE,NOT CHECKED,,,,,,,,,False,,,False,,,,False,,,,False,NONE,False,False,0,,,,NOT CHECKED,NO LIVE SIGNAL,-4.6,False
NRG,106.1,REJECT,REJECT,none,0,6,20,NO TRADE,WEAK,32.0,price<EMA20; EMA20>EMA50; EMA20 falling,-11.27,39.7,0.5,6.42,0,False,4.02,298530370.0,114.38,121.42,139.86,107.41,122.52,108.34,150.44,108.54,180.39,122.86,RESISTANCE_BREAKOUT,BREAKOUT,0.28,,,0,,,0,False,False,119.66,EMA50,121.42,1.17,2.6,107.41,107.41,129.0,132.69,135.15,3.08,150.44,22.44,True,5.0,132.69,8.0,3.08,True,2.5,20.2,0.0,2630667.0,305516144.0,3.71,True,True,"NRG Energy, Inc. Common Stock",0,-4.7,UNCLASSIFIED,,0.0,NONE,0.0,0.0,NONE,,True,0,NOT CHECKED,NONE,NEUTRAL,,,,NOT CHECKED,False,NOT CHECKED,NONE,0,,False,-4.7,NO TRADE,NOT CHECKED,,,,,,,,,False,,,False,,,,False,,,,False,NONE,False,False,0,,,,NOT CHECKED,NO LIVE SIGNAL,-4.7,False
DECK,78.11,REJECT,REJECT,none,0,6,20,NO TRADE,WEAK,32.0,price<EMA20; EMA20>EMA50; EMA20 falling,-11.29,25.7,0.71,3.17,0,False,2.99,244254958.0,85.38,92.03,101.07,78.8,93.09,79.34,110.78,86.11,116.5,93.28,RESISTANCE_BREAKOUT,BREAKOUT,0.2,,,0,,,0,False,False,91.52,EMA50,92.03,1.33,1.88,78.8,78.8,97.94,100.74,102.6,4.26,110.78,18.76,True,5.0,100.74,8.0,4.26,True,2.5,19.18,0.0,2859007.0,243867575.0,2.6,True,True,Deckers Outdoor Corporation Common Stock,0,-4.7,UNCLASSIFIED,,0.0,NONE,0.0,0.0,NONE,,True,0,NOT CHECKED,NONE,NEUTRAL,,,,NOT CHECKED,False,NOT CHECKED,NONE,0,,False,-4.7,NO TRADE,NOT CHECKED,,,,,,,,,False,,,False,,,,False,,,,False,NONE,False,False,0,,,,NOT CHECKED,NO LIVE SIGNAL,-4.7,False
PVH,72.56,REJECT,REJECT,none,0,6,40,NO TRADE,WEAK,32.0,price<EMA20; EMA20>EMA50; EMA20 falling,-5.11,45.8,0.31,5.35,0,False,3.92,77498137.0,74.32,77.49,78.72,67.62,80.59,67.62,91.08,59.55,100.7,80.82,RESISTANCE_BREAKOUT,BREAKOUT,0.28,,,0,,,0,False,False,76.97,EMA50,77.49,4.12,4.75,67.62,67.62,84.86,87.28,88.9,1.68,91.08,12.7,True,5.0,87.28,8.0,1.68,False,2.5,12.46,0.0,1049010.0,69217084.0,3.58,True,True,PVH Corp. Common Stock,0,-4.7,UNCLASSIFIED,,0.0,NONE,0.0,0.0,NONE,,True,0,NOT CHECKED,NONE,NEUTRAL,,,,NOT CHECKED,False,NOT CHECKED,NONE,0,,False,-4.7,NO TRADE,NOT CHECKED,,,,,,,,,False,,,False,,,,False,,,,False,NONE,False,False,0,,,,NOT CHECKED,NO LIVE SIGNAL,-4.7,False
HE,10.23,REJECT,REJECT,none,0,6,20,NO TRADE,WEAK,32.0,price<EMA20; EMA20>EMA50; EMA20 falling,-11.35,20.6,0.3,1.46,0,False,2.64,26506019.0,11.05,11.91,13.05,10.28,11.95,10.28,14.16,11.15,16.83,11.97,RESISTANCE_BREAKOUT,BREAKOUT,0.18,,,0,,,0,False,False,11.77,EMA50,11.91,0.55,1.69,10.28,10.28,12.57,12.93,13.17,4.73,14.16,18.28,True,5.0,12.93,8.0,4.73,True,2.5,16.81,0.0,2397591.0,27629350.0,2.49,True,True,"Hawaiian Electric Industries, Inc. Common Stock",0,-4.8,UNCLASSIFIED,,0.0,NONE,0.0,0.0,NONE,,True,0,NOT CHECKED,NONE,NEUTRAL,,,,NOT CHECKED,False,NOT CHECKED,NONE,0,,False,-4.8,NO TRADE,NOT CHECKED,,,,,,,,,False,,,False,,,,False,,,,False,NONE,False,False,0,,,,NOT CHECKED,NO LIVE SIGNAL,-4.8,False
GFS,42.63,REJECT,REJECT,"volume contraction, low-volume pullback",10,16,55,NO TRADE,WEAK,32.0,price<EMA20; EMA20>EMA50; EMA20 falling,-18.19,34.9,0.42,7.09,0,False,3.78,165028803.0,46.41,52.17,53.17,42.7,51.61,42.7,90.65,40.48,92.42,51.74,RESISTANCE_BREAKOUT,BREAKOUT,0.25,,,0,,,0,False,False,49.03,ATR_FALLBACK,49.32,4.67,5.23,43.51,42.7,54.33,55.88,56.91,1.53,90.65,75.21,True,5.0,55.88,8.0,1.53,False,2.5,30.36,0.0,3606020.0,166283407.0,3.46,True,True,GlobalFoundries Inc. - Ordinary Share,0,-4.9,UNCLASSIFIED,,0.0,NONE,0.0,0.0,NONE,,True,0,NOT CHECKED,NONE,NEUTRAL,,,,NOT CHECKED,False,NOT CHECKED,NONE,0,,False,-4.9,NO TRADE,NOT CHECKED,,,,,,,,,False,,,False,,,,False,,,,False,NONE,False,False,0,,,,NOT CHECKED,NO LIVE SIGNAL,-4.9,False
AVGO,338.16,REJECT,REJECT,none,0,6,20,NO TRADE,WEAK,32.0,price<EMA20; EMA20>EMA50; EMA20 falling,-11.8,38.2,0.49,6.61,0,False,3.28,9244208128.0,365.02,376.99,374.22,342.33,385.78,342.33,432.73,289.5,494.22,386.67,RESISTANCE_BREAKOUT,BREAKOUT,0.23,,,0,,,0,False,False,375.0,EMA50,376.99,2.5,3.02,343.91,342.33,406.0,417.6,425.33,2.65,432.73,11.91,True,5.0,417.6,8.0,2.65,True,2.5,18.1,0.0,25515758.0,8026585311.0,2.48,True,True,Broadcom Inc. - Common Stock,0,-5.0,UNCLASSIFIED,,0.0,NONE,0.0,0.0,NONE,,True,0,NOT CHECKED,NONE,NEUTRAL,,,,NOT CHECKED,False,NOT CHECKED,NONE,0,,False,-5.0,NO TRADE,NOT CHECKED,,,,,,,,,False,,,False,,,,False,,,,False,NONE,False,False,0,,,,NOT CHECKED,NO LIVE SIGNAL,-5.0,False
Q,112.09,REJECT,REJECT,"volume contraction, low-volume pullback",10,16,55,NO TRADE,WEAK,32.0,price<EMA20; EMA20>EMA50; EMA20 falling,-18.29,32.3,0.7,6.28,0,False,4.53,210225727.0,123.74,130.73,125.78,113.33,137.57,113.33,177.16,105.29,177.16,137.97,RESISTANCE_BREAKOUT,BREAKOUT,0.3,,,0,,,0,False,False,129.81,EMA50,130.73,5.25,5.91,116.35,113.33,144.87,149.01,151.77,1.35,177.16,28.4,True,5.0,149.01,8.0,1.35,False,2.5,29.2,0.0,1700375.0,184907132.0,4.13,True,True,"Qnity Electronics, Inc. Common Stock",0,-5.0,UNCLASSIFIED,,0.0,NONE,0.0,0.0,NONE,,True,0,NOT CHECKED,NONE,NEUTRAL,,,,NOT CHECKED,False,NOT CHECKED,NONE,0,,False,-5.0,NO TRADE,NOT CHECKED,,,,,,,,,False,,,False,,,,False,,,,False,NONE,False,False,0,,,,NOT CHECKED,NO LIVE SIGNAL,-5.0,False
COUR,5.36,REJECT,REJECT,none,0,6,55,NO TRADE,WEAK,32.0,price<EMA20; EMA20>EMA50; EMA20 falling,-1.22,30.7,0.45,5.45,0,False,4.7,25055479.0,5.7,5.74,6.49,5.19,6.64,5.05,6.64,5.0,6.68,6.66,RESISTANCE_BREAKOUT,BREAKOUT,0.3,,,0,,,0,False,False,6.26,ATR_FALLBACK,6.28,5.68,6.0,5.19,5.19,6.99,7.19,7.32,1.33,6.68,0.3,False,5.0,6.68,0.3,0.05,False,2.5,23.79,0.0,4255489.0,25649266.0,3.96,True,True,"Coursera, Inc. Common Stock",0,-5.0,UNCLASSIFIED,,0.0,NONE,0.0,0.0,NONE,,True,0,NOT CHECKED,NONE,NEUTRAL,,,,NOT CHECKED,False,NOT CHECKED,NONE,0,,False,-5.0,NO TRADE,NOT CHECKED,,,,,,,,,False,,,False,,,,False,,,,False,NONE,False,False,0,,,,NOT CHECKED,NO LIVE SIGNAL,-5.0,False
LSCC,105.46,REJECT,REJECT,near EMA200 pivot,10,16,55,NO TRADE,WEAK,32.0,price<EMA20; EMA20>EMA50; EMA20 falling,-18.48,38.1,0.77,8.51,0,False,4.76,146239780.0,116.17,122.09,111.48,106.04,128.49,109.53,157.01,83.18,157.01,128.89,RESISTANCE_BREAKOUT,BREAKOUT,0.31,,,0,,,0,False,False,121.18,EMA50,122.09,5.28,5.98,106.04,106.04,135.34,139.2,141.78,1.34,157.01,21.82,True,5.0,139.2,8.0,1.34,False,2.5,29.91,0.0,1267078.0,135999917.0,3.95,True,True,Lattice Semiconductor Corporation - Common Stock,0,-5.1,UNCLASSIFIED,,0.0,NONE,0.0,0.0,NONE,,True,0,NOT CHECKED,NONE,NEUTRAL,,,,NOT CHECKED,False,NOT CHECKED,NONE,0,,False,-5.1,NO TRADE,NOT CHECKED,,,,,,,,,False,,,False,,,,False,,,,False,NONE,False,False,0,,,,NOT CHECKED,NO LIVE SIGNAL,-5.1,False
QBTS,16.57,REJECT,REJECT,"volume contraction, low-volume pullback",10,16,55,NO TRADE,WEAK,32.0,price<EMA20; EMA20>EMA50; EMA20 falling,-18.6,30.6,0.44,9.26,0,False,5.48,273281717.0,17.6,18.85,20.78,16.08,20.71,16.02,26.71,12.75,31.55,20.78,RESISTANCE_BREAKOUT,BREAKOUT,0.35,,,0,,,0,False,False,19.54,ATR_FALLBACK,19.42,6.56,6.0,16.08,16.08,21.82,22.45,22.86,1.33,26.71,28.52,True,5.0,22.45,8.0,1.33,False,2.5,28.92,0.0,15359934.0,236631176.0,4.9,True,True,D-Wave Quantum Inc. - Common Stock,0,-5.2,UNCLASSIFIED,,0.0,NONE,0.0,0.0,NONE,,True,0,NOT CHECKED,NONE,NEUTRAL,,,,NOT CHECKED,False,NOT CHECKED,NONE,0,,False,-5.2,NO TRADE,NOT CHECKED,,,,,,,,,False,,,False,,,,False,,,,False,NONE,False,False,0,,,,NOT CHECKED,NO LIVE SIGNAL,-5.2,False
CX,10.19,REJECT,REJECT,none,0,6,40,NO TRADE,WEAK,32.0,price<EMA20; EMA20>EMA50; EMA20 falling,-6.21,30.1,1.1,4.81,0,False,2.54,62674447.0,10.82,11.3,11.5,10.33,11.2,10.41,13.22,9.88,13.64,11.22,RESISTANCE_BREAKOUT,BREAKOUT,0.18,,,0,,,0,False,False,10.78,EMA20,10.82,3.54,3.95,10.33,10.33,11.78,12.12,12.34,2.02,13.22,17.82,True,5.0,12.12,8.0,2.02,False,2.5,9.86,0.0,5833775.0,54048422.0,2.46,True,True,"Cemex, S.A.B. de C.V. Sponsored ADR",0,-5.2,UNCLASSIFIED,,0.0,NONE,0.0,0.0,NONE,,True,0,NOT CHECKED,NONE,NEUTRAL,,,,NOT CHECKED,False,NOT CHECKED,NONE,0,,False,-5.2,NO TRADE,NOT CHECKED,,,,,,,,,False,,,False,,,,False,,,,False,NONE,False,False,0,,,,NOT CHECKED,NO LIVE SIGNAL,-5.2,False
CHWY,21.26,REJECT,REJECT,none,0,6,55,NO TRADE,WEAK,32.0,price<EMA20; EMA20>EMA50; EMA20 falling,-1.9,30.5,0.72,4.92,0,False,5.73,192473292.0,22.45,22.43,25.38,19.75,25.38,17.4,25.38,17.4,29.25,25.48,RESISTANCE_BREAKOUT,BREAKOUT,0.38,,,0,,,0,False,False,23.95,ATR_FALLBACK,23.65,7.17,6.0,19.75,19.75,26.75,27.52,28.03,1.33,29.25,14.81,True,5.0,27.52,8.0,1.33,False,2.5,19.38,0.0,8489471.0,172962181.0,4.65,True,True,"Chewy, Inc. Class A Common Stock",0,-5.3,UNCLASSIFIED,,0.0,NONE,0.0,0.0,NONE,,True,0,NOT CHECKED,NONE,NEUTRAL,,,,NOT CHECKED,False,NOT CHECKED,NONE,0,,False,-5.3,NO TRADE,NOT CHECKED,,,,,,,,,False,,,False,,,,False,,,,False,NONE,False,False,0,,,,NOT CHECKED,NO LIVE SIGNAL,-5.3,False
AMRZ,39.08,REJECT,REJECT,none,0,6,20,NO TRADE,WEAK,32.0,price<EMA20; EMA20>EMA50; EMA20 falling,-12.31,22.7,0.51,2.83,0,False,2.71,180584166.0,42.95,46.11,50.94,39.42,46.25,39.74,56.3,43.67,63.11,46.33,RESISTANCE_BREAKOUT,BREAKOUT,0.18,,,0,,,0,False,False,45.54,EMA50,46.11,0.49,1.71,39.42,39.42,48.65,50.04,50.97,4.67,56.3,21.51,True,5.0,50.04,8.0,4.67,True,2.5,19.5,0.0,4188551.0,162927772.0,2.25,True,True,Amrize Ltd Ordinary Shares,0,-5.3,UNCLASSIFIED,,0.0,NONE,0.0,0.0,NONE,,True,0,NOT CHECKED,NONE,NEUTRAL,,,,NOT CHECKED,False,NOT CHECKED,NONE,0,,False,-5.3,NO TRADE,NOT CHECKED,,,,,,,,,False,,,False,,,,False,,,,False,NONE,False,False,0,,,,NOT CHECKED,NO LIVE SIGNAL,-5.3,False
ARWR,72.96,REJECT,REJECT,20d volume expansion,8,14,55,NO TRADE,WEAK,32.0,price<EMA20; EMA20>EMA50; EMA20 falling,-15.72,18.2,1.51,4.16,0,False,5.32,113450353.0,83.6,83.24,70.76,79.93,90.21,69.88,95.49,54.02,95.49,90.52,RESISTANCE_BREAKOUT,BREAKOUT,0.34,,,0,,,0,False,False,85.09,ATR_FALLBACK,84.69,6.44,6.0,79.93,79.93,95.05,97.76,99.57,1.33,95.49,5.49,True,5.0,95.49,5.49,0.91,False,2.5,23.64,0.0,1346260.0,108049084.0,4.05,True,True,"Arrowhead Pharmaceuticals, Inc. - Common Stock",0,-5.4,UNCLASSIFIED,,0.0,NONE,0.0,0.0,NONE,,True,0,NOT CHECKED,NONE,NEUTRAL,,,,NOT CHECKED,False,NOT CHECKED,NONE,0,,False,-5.4,NO TRADE,NOT CHECKED,,,,,,,,,False,,,False,,,,False,,,,False,NONE,False,False,0,,,,NOT CHECKED,NO LIVE SIGNAL,-5.4,False
BIPC,35.56,REJECT,REJECT,none,0,6,40,NO TRADE,WEAK,32.0,price<EMA20; EMA20>EMA50; EMA20 falling,-6.89,21.0,0.52,4.44,0,False,2.6,40751107.0,37.6,38.62,40.28,35.1,39.91,36.2,44.7,33.41,49.09,39.98,RESISTANCE_BREAKOUT,BREAKOUT,0.19,,,0,,,0,False,False,38.46,EMA50,38.62,3.4,3.82,35.1,35.1,41.98,43.18,43.98,2.1,44.7,11.79,True,5.0,43.18,8.0,2.1,False,2.5,12.25,0.0,1082308.0,36306620.0,2.35,True,True,Brookfield Infrastructure Corporation Brookfield Infrastructure Corporation,0,-5.5,UNCLASSIFIED,,0.0,NONE,0.0,0.0,NONE,,True,0,NOT CHECKED,NONE,NEUTRAL,,,,NOT CHECKED,False,NOT CHECKED,NONE,0,,False,-5.5,NO TRADE,NOT CHECKED,,,,,,,,,False,,,False,,,,False,,,,False,NONE,False,False,0,,,,NOT CHECKED,NO LIVE SIGNAL,-5.5,False
LHX,252.21,REJECT,REJECT,none,0,6,40,NO TRADE,WEAK,32.0,price<EMA20; EMA20>EMA50; EMA20 falling,-6.94,37.1,0.29,2.68,0,False,2.23,412383288.0,260.15,273.74,296.69,244.76,282.65,244.76,307.42,257.31,374.59,283.1,RESISTANCE_BREAKOUT,BREAKOUT,0.16,,,0,,,0,False,False,272.73,EMA50,273.74,3.3,3.66,244.76,244.76,297.25,305.74,311.41,2.18,307.42,8.59,True,5.0,305.74,8.0,2.18,False,2.5,12.83,0.0,1585040.0,414045374.0,2.05,True,True,"L3Harris Technologies, Inc. Common Stock",0,-5.6,UNCLASSIFIED,,0.0,NONE,0.0,0.0,NONE,,True,0,NOT CHECKED,NONE,NEUTRAL,,,,NOT CHECKED,False,NOT CHECKED,NONE,0,,False,-5.6,NO TRADE,NOT CHECKED,,,,,,,,,False,,,False,,,,False,,,,False,NONE,False,False,0,,,,NOT CHECKED,NO LIVE SIGNAL,-5.6,False
TTMI,110.51,REJECT,REJECT,"volume contraction, low-volume pullback",10,16,55,NO TRADE,WEAK,32.0,price<EMA20; EMA20>EMA50; EMA20 falling,-19.59,48.6,0.29,9.55,0,False,6.81,251264007.0,121.21,130.39,121.85,103.66,135.57,99.19,223.83,85.88,223.83,136.17,RESISTANCE_BREAKOUT,BREAKOUT,0.44,,,0,,,0,False,False,129.04,EMA50,130.39,4.25,5.24,112.83,109.53,142.98,147.07,149.79,1.53,223.83,64.37,True,5.0,147.07,8.0,1.53,False,2.5,29.92,0.0,2119645.0,224453935.0,5.64,True,True,"TTM Technologies, Inc. - Common Stock",0,-5.6,UNCLASSIFIED,,0.0,NONE,0.0,0.0,NONE,,True,0,NOT CHECKED,NONE,NEUTRAL,,,,NOT CHECKED,False,NOT CHECKED,NONE,0,,False,-5.6,NO TRADE,NOT CHECKED,,,,,,,,,False,,,False,,,,False,,,,False,NONE,False,False,0,,,,NOT CHECKED,NO LIVE SIGNAL,-5.6,False
UAA,5.05,REJECT,REJECT,none,0,6,55,NO TRADE,WEAK,32.0,price<EMA20; EMA20>EMA50; EMA20 falling,-2.42,47.5,0.58,4.67,0,False,3.55,37175076.0,5.23,5.64,5.8,4.77,5.47,4.77,7.5,4.81,7.5,5.48,RESISTANCE_BREAKOUT,BREAKOUT,0.26,,,0,,,0,False,False,5.19,EMA20,5.23,4.7,5.29,4.77,4.77,5.76,5.92,6.03,1.51,7.5,36.75,True,5.0,5.92,8.0,1.51,False,2.5,8.21,0.0,7258265.0,35438045.0,3.64,True,True,"Under Armour, Inc. Class A Common Stock",0,-5.6,UNCLASSIFIED,,0.0,NONE,0.0,0.0,NONE,,True,0,NOT CHECKED,NONE,NEUTRAL,,,,NOT CHECKED,False,NOT CHECKED,NONE,0,,False,-5.6,NO TRADE,NOT CHECKED,,,,,,,,,False,,,False,,,,False,,,,False,NONE,False,False,0,,,,NOT CHECKED,NO LIVE SIGNAL,-5.6,False
WDC,411.31,REJECT,REJECT,"volume contraction, low-volume pullback",10,16,55,NO TRADE,WEAK,32.0,price<EMA20; EMA20>EMA50; EMA20 falling,-21.21,37.5,0.57,7.31,0,False,5.93,2587165791.0,458.01,480.9,398.48,416.0,519.83,407.35,779.55,237.86,799.61,521.78,RESISTANCE_BREAKOUT,BREAKOUT,0.38,,,0,,,0,False,False,490.48,ATR_FALLBACK,485.21,7.01,6.0,416.0,416.0,547.87,563.53,573.96,1.33,779.55,49.4,True,5.0,563.53,8.0,1.33,False,2.5,33.34,0.0,5652111.0,2454923728.0,5.31,True,True,Western Digital Corporation - Common Stock,0,-5.8,UNCLASSIFIED,,0.0,NONE,0.0,0.0,NONE,,True,0,NOT CHECKED,NONE,NEUTRAL,,,,NOT CHECKED,False,NOT CHECKED,NONE,0,,False,-5.8,NO TRADE,NOT CHECKED,,,,,,,,,False,,,False,,,,False,,,,False,NONE,False,False,0,,,,NOT CHECKED,NO LIVE SIGNAL,-5.8,False
LRCX,267.15,REJECT,REJECT,near EMA200 pivot,10,16,55,NO TRADE,WEAK,32.0,price<EMA20; EMA20>EMA50; EMA20 falling,-20.28,30.8,0.55,7.85,0,False,4.96,2336145371.0,300.73,309.68,269.25,273.24,329.07,250.5,438.5,193.94,438.5,330.13,RESISTANCE_BREAKOUT,BREAKOUT,0.32,,,0,,,0,False,False,310.32,EMA50,309.68,6.19,6.0,273.24,273.24,346.64,356.54,363.14,1.33,438.5,32.83,True,5.0,356.54,8.0,1.33,False,2.5,29.25,0.0,7705663.0,2253237205.0,3.77,True,True,Lam Research Corporation - Common Stock,0,-5.8,UNCLASSIFIED,,0.0,NONE,0.0,0.0,NONE,,True,0,NOT CHECKED,NONE,NEUTRAL,,,,NOT CHECKED,False,NOT CHECKED,NONE,0,,False,-5.8,NO TRADE,NOT CHECKED,,,,,,,,,False,,,False,,,,False,,,,False,NONE,False,False,0,,,,NOT CHECKED,NO LIVE SIGNAL,-5.8,False
COHR,270.66,REJECT,REJECT,near EMA200 pivot,10,16,55,NO TRADE,WEAK,32.0,price<EMA20; EMA20>EMA50; EMA20 falling,-20.91,43.9,0.43,13.44,2,True,6.49,1699687158.0,289.43,303.29,276.91,255.25,329.44,220.68,439.68,215.55,440.0,330.85,RESISTANCE_BREAKOUT,BREAKOUT,0.43,,,0,,,0,False,False,311.0,ATR_FALLBACK,304.48,7.97,6.0,265.49,255.25,347.39,357.31,363.93,1.33,439.68,32.9,True,5.0,357.31,8.0,1.33,False,2.5,33.87,0.0,5921957.0,1513566082.0,5.72,True,True,Coherent Corp. Common Stock,0,-5.8,UNCLASSIFIED,,0.0,NONE,0.0,0.0,NONE,,True,0,NOT CHECKED,NONE,NEUTRAL,,,,NOT CHECKED,False,NOT CHECKED,NONE,0,,False,-5.8,NO TRADE,NOT CHECKED,,,,,,,,,False,,,False,,,,False,,,,False,NONE,False,False,0,,,,NOT CHECKED,NO LIVE SIGNAL,-5.8,True
AAOI,96.04,REJECT,REJECT,"volume contraction, low-volume pullback",10,16,55,NO TRADE,WEAK,32.0,price<EMA20; EMA20>EMA50; EMA20 falling,-35.96,32.3,0.34,19.44,2,True,6.74,851742903.0,108.79,118.14,106.59,95.67,151.41,76.01,177.16,76.01,233.67,151.93,RESISTANCE_BREAKOUT,BREAKOUT,0.34,,,0,,,0,False,False,142.81,ATR_FALLBACK,142.22,6.39,6.0,95.67,95.67,159.53,164.08,167.12,1.33,177.16,16.61,True,5.0,164.08,8.0,1.33,False,2.5,67.62,0.0,7549718.0,676802612.0,6.83,True,True,"Applied Optoelectronics, Inc. - Common Stock",0,-5.8,UNCLASSIFIED,,0.0,NONE,0.0,0.0,NONE,,True,0,NOT CHECKED,NONE,NEUTRAL,,,,NOT CHECKED,False,NOT CHECKED,NONE,0,,False,-5.8,NO TRADE,NOT CHECKED,,,,,,,,,False,,,False,,,,False,,,,False,NONE,False,False,0,,,,NOT CHECKED,NO LIVE SIGNAL,-5.8,True
CIEN,332.7,REJECT,REJECT,"volume contraction, low-volume pullback",10,16,55,NO TRADE,WEAK,32.0,price<EMA20; EMA20>EMA50; EMA20 falling,-23.24,36.3,0.6,11.49,1,True,6.47,800055749.0,358.68,390.06,372.49,311.6,427.74,311.6,494.53,278.39,637.51,429.46,RESISTANCE_BREAKOUT,BREAKOUT,0.4,,,0,,,0,False,False,403.7,ATR_FALLBACK,397.15,7.52,6.0,318.43,311.6,450.94,463.82,472.41,1.33,494.53,15.15,True,5.0,463.82,8.0,1.33,False,2.5,37.66,0.0,2257108.0,695619220.0,5.57,True,True,Ciena Corporation Common Stock,0,-5.8,UNCLASSIFIED,,0.0,NONE,0.0,0.0,NONE,,True,0,NOT CHECKED,NONE,NEUTRAL,,,,NOT CHECKED,False,NOT CHECKED,NONE,0,,False,-5.8,NO TRADE,NOT CHECKED,,,,,,,,,False,,,False,,,,False,,,,False,NONE,False,False,0,,,,NOT CHECKED,NO LIVE SIGNAL,-5.8,True
BURL,228.41,REJECT,REJECT,"volume contraction, low-volume pullback",10,16,55,NO TRADE,WEAK,32.0,price<EMA20; EMA20>EMA50; EMA20 falling,-30.16,10.6,0.28,2.62,0,False,4.96,472061920.0,273.16,304.21,309.3,231.89,341.38,236.28,378.33,256.26,378.33,342.29,RESISTANCE_BREAKOUT,BREAKOUT,0.27,,,0,,,0,False,False,323.24,ATR_FALLBACK,325.28,4.97,5.56,231.89,231.89,359.4,369.67,376.52,1.44,378.33,10.53,True,5.0,369.67,8.0,1.44,False,2.5,52.14,0.0,1698077.0,438931102.0,3.92,True,True,"Burlington Stores, Inc. Common Stock",0,-5.8,UNCLASSIFIED,,0.0,NONE,0.0,0.0,NONE,,True,0,NOT CHECKED,NONE,NEUTRAL,,,,NOT CHECKED,False,NOT CHECKED,NONE,0,,False,-5.8,NO TRADE,NOT CHECKED,,,,,,,,,False,,,False,,,,False,,,,False,NONE,False,False,0,,,,NOT CHECKED,NO LIVE SIGNAL,-5.8,False
APLD,23.73,REJECT,REJECT,"volume contraction, low-volume pullback",10,16,55,NO TRADE,WEAK,32.0,price<EMA20; EMA20>EMA50; EMA20 falling,-21.87,33.7,0.51,7.36,0,False,6.48,388770142.0,26.58,29.03,30.86,23.83,30.69,22.93,47.96,20.0,50.72,30.81,RESISTANCE_BREAKOUT,BREAKOUT,0.4,,,0,,,0,False,False,28.96,EMA50,29.03,5.77,6.0,24.38,23.83,32.35,33.28,33.89,1.33,47.96,55.65,True,5.0,33.28,8.0,1.33,False,2.5,34.22,0.0,14584960.0,376137482.0,5.7,True,True,Applied Digital Corporation - Common Stock,0,-5.8,UNCLASSIFIED,,0.0,NONE,0.0,0.0,NONE,,True,0,NOT CHECKED,NONE,NEUTRAL,,,,NOT CHECKED,False,NOT CHECKED,NONE,0,,False,-5.8,NO TRADE,NOT CHECKED,,,,,,,,,False,,,False,,,,False,,,,False,NONE,False,False,0,,,,NOT CHECKED,NO LIVE SIGNAL,-5.8,False
MKSI,230.34,REJECT,REJECT,"volume contraction, low-volume pullback",10,16,55,NO TRADE,WEAK,32.0,price<EMA20; EMA20>EMA50; EMA20 falling,-26.09,30.2,0.49,4.7,0,False,4.99,336990999.0,265.18,288.85,265.31,238.29,308.85,241.51,447.2,200.16,447.2,309.77,RESISTANCE_BREAKOUT,BREAKOUT,0.3,,,0,,,0,False,False,291.19,ATR_FALLBACK,292.55,5.56,6.0,238.29,238.29,325.26,334.55,340.75,1.33,447.2,44.37,True,5.0,334.55,8.0,1.33,False,2.5,41.07,0.0,1272291.0,317819874.0,3.91,True,True,MKS Inc. - Common Stock,0,-5.8,UNCLASSIFIED,,0.0,NONE,0.0,0.0,NONE,,True,0,NOT CHECKED,NONE,NEUTRAL,,,,NOT CHECKED,False,NOT CHECKED,NONE,0,,False,-5.8,NO TRADE,NOT CHECKED,,,,,,,,,False,,,False,,,,False,,,,False,NONE,False,False,0,,,,NOT CHECKED,NO LIVE SIGNAL,-5.8,False
MTZ,222.41,REJECT,REJECT,"volume contraction, low-volume pullback",10,16,55,NO TRADE,WEAK,32.0,price<EMA20; EMA20>EMA50; EMA20 falling,-24.44,34.2,0.41,5.35,0,False,4.48,331592725.0,247.57,281.52,297.28,225.15,298.27,230.1,429.68,235.5,441.43,299.07,RESISTANCE_BREAKOUT,BREAKOUT,0.27,,,0,,,0,False,False,281.12,EMA50,281.52,5.87,6.0,225.15,225.15,314.02,322.99,328.97,1.33,429.68,43.67,True,5.0,322.99,8.0,1.33,False,2.5,39.86,0.0,1342692.0,344726999.0,4.6,True,True,"MasTec, Inc. Common Stock",0,-5.8,UNCLASSIFIED,,0.0,NONE,0.0,0.0,NONE,,True,0,NOT CHECKED,NONE,NEUTRAL,,,,NOT CHECKED,False,NOT CHECKED,NONE,0,,False,-5.8,NO TRADE,NOT CHECKED,,,,,,,,,False,,,False,,,,False,,,,False,NONE,False,False,0,,,,NOT CHECKED,NO LIVE SIGNAL,-5.8,False
ENTG,127.01,REJECT,REJECT,near EMA200 pivot,10,16,55,NO TRADE,WEAK,32.0,price<EMA20; EMA20>EMA50; EMA20 falling,-20.1,40.1,0.4,15.46,1,True,4.91,281574294.0,137.64,140.12,129.32,125.78,155.28,106.91,186.78,106.91,186.78,155.78,RESISTANCE_BREAKOUT,BREAKOUT,0.32,,,0,,,0,False,False,146.43,ATR_FALLBACK,146.42,6.01,6.0,128.14,125.78,163.57,168.24,171.36,1.33,186.78,19.9,True,5.0,168.24,8.0,1.33,False,2.5,30.86,0.0,2035232.0,237481267.0,3.84,True,True,"Entegris, Inc. - Common Stock",0,-5.8,UNCLASSIFIED,,0.0,NONE,0.0,0.0,NONE,,True,0,NOT CHECKED,NONE,NEUTRAL,,,,NOT CHECKED,False,NOT CHECKED,NONE,0,,False,-5.8,NO TRADE,NOT CHECKED,,,,,,,,,False,,,False,,,,False,,,,False,NONE,False,False,0,,,,NOT CHECKED,NO LIVE SIGNAL,-5.8,True
AMKR,45.88,REJECT,REJECT,"volume contraction, low-volume pullback",10,16,55,NO TRADE,WEAK,32.0,price<EMA20; EMA20>EMA50; EMA20 falling,-22.98,44.7,0.39,9.89,0,False,5.59,216018512.0,49.95,55.12,54.6,45.26,59.09,42.58,96.11,40.02,96.5,59.3,RESISTANCE_BREAKOUT,BREAKOUT,0.35,,,0,,,0,False,False,55.74,ATR_FALLBACK,55.45,6.48,6.0,46.8,45.26,62.26,64.04,65.23,1.33,96.11,62.09,True,5.0,64.04,8.0,1.33,False,2.5,35.37,0.0,4386191.0,205161805.0,4.48,True,True,"Amkor Technology, Inc. - Common Stock",0,-5.8,UNCLASSIFIED,,0.0,NONE,0.0,0.0,NONE,,True,0,NOT CHECKED,NONE,NEUTRAL,,,,NOT CHECKED,False,NOT CHECKED,NONE,0,,False,-5.8,NO TRADE,NOT CHECKED,,,,,,,,,False,,,False,,,,False,,,,False,NONE,False,False,0,,,,NOT CHECKED,NO LIVE SIGNAL,-5.8,False
VIAV,33.6,REJECT,REJECT,near EMA200 pivot,10,16,55,NO TRADE,WEAK,32.0,price<EMA20; EMA20>EMA50; EMA20 falling,-25.34,39.8,0.32,12.27,2,True,6.27,148796632.0,37.08,39.22,35.52,32.8,44.37,31.41,53.1,26.87,60.43,44.54,RESISTANCE_BREAKOUT,BREAKOUT,0.38,,,0,,,0,False,False,41.87,ATR_FALLBACK,41.38,7.1,6.0,33.76,32.8,46.77,48.1,48.99,1.33,53.1,19.22,True,5.0,48.1,8.0,1.33,False,2.5,38.87,0.0,3998090.0,145220975.0,5.43,True,True,Viavi Solutions Inc. - Common Stock,0,-5.8,UNCLASSIFIED,,0.0,NONE,0.0,0.0,NONE,,True,0,NOT CHECKED,NONE,NEUTRAL,,,,NOT CHECKED,False,NOT CHECKED,NONE,0,,False,-5.8,NO TRADE,NOT CHECKED,,,,,,,,,False,,,False,,,,False,,,,False,NONE,False,False,0,,,,NOT CHECKED,NO LIVE SIGNAL,-5.8,True
NVTS,10.73,REJECT,REJECT,"volume contraction, low-volume pullback",10,16,55,NO TRADE,WEAK,32.0,price<EMA20; EMA20>EMA50; EMA20 falling,-24.38,34.9,0.45,12.02,2,True,6.45,135792284.0,11.8,13.1,13.13,10.55,14.06,9.43,24.66,7.66,34.17,14.12,RESISTANCE_BREAKOUT,BREAKOUT,0.39,,,0,,,0,False,False,13.27,ATR_FALLBACK,13.08,7.36,6.0,10.55,10.55,14.82,15.24,15.53,1.33,24.66,74.7,True,5.0,15.24,8.0,1.33,False,2.5,39.33,0.0,11302921.0,126844521.0,5.57,True,True,Navitas Semiconductor Corporation - Common Stock,0,-5.8,UNCLASSIFIED,,0.0,NONE,0.0,0.0,NONE,,True,0,NOT CHECKED,NONE,NEUTRAL,,,,NOT CHECKED,False,NOT CHECKED,NONE,0,,False,-5.8,NO TRADE,NOT CHECKED,,,,,,,,,False,,,False,,,,False,,,,False,NONE,False,False,0,,,,NOT CHECKED,NO LIVE SIGNAL,-5.8,True
FORM,101.11,REJECT,REJECT,near EMA200 pivot,10,16,55,NO TRADE,WEAK,32.0,price<EMA20; EMA20>EMA50; EMA20 falling,-24.79,44.0,0.44,10.57,1,True,6.29,115325147.0,108.25,112.76,101.83,92.05,129.57,82.34,160.27,81.01,160.27,130.08,RESISTANCE_BREAKOUT,BREAKOUT,0.39,,,0,,,0,False,False,122.27,ATR_FALLBACK,120.53,7.34,6.0,102.54,92.05,136.58,140.49,143.09,1.33,160.27,23.21,True,5.0,140.49,8.0,1.33,False,2.5,38.27,0.0,1067581.0,113712645.0,5.65,True,True,"FormFactor, Inc. - Common Stock",0,-5.8,UNCLASSIFIED,,0.0,NONE,0.0,0.0,NONE,,True,0,NOT CHECKED,NONE,NEUTRAL,,,,NOT CHECKED,False,NOT CHECKED,NONE,0,,False,-5.8,NO TRADE,NOT CHECKED,,,,,,,,,False,,,False,,,,False,,,,False,NONE,False,False,0,,,,NOT CHECKED,NO LIVE SIGNAL,-5.8,True
LUNR,14.13,REJECT,REJECT,"volume contraction, low-volume pullback",10,16,55,NO TRADE,WEAK,32.0,price<EMA20; EMA20>EMA50; EMA20 falling,-28.64,26.9,0.45,9.85,0,False,5.41,101120615.0,15.3,16.84,18.48,13.69,20.28,11.29,22.56,11.29,46.75,20.34,RESISTANCE_BREAKOUT,BREAKOUT,0.3,,,0,,,0,False,False,19.12,ATR_FALLBACK,19.2,5.63,6.0,13.69,13.69,21.36,21.97,22.38,1.33,22.56,10.91,True,5.0,21.97,8.0,1.33,False,2.5,47.49,0.0,6243284.0,94578352.0,5.29,True,True,"Intuitive Machines, Inc. - Class A Common Stock",0,-5.8,UNCLASSIFIED,,0.0,NONE,0.0,0.0,NONE,,True,0,NOT CHECKED,NONE,NEUTRAL,,,,NOT CHECKED,False,NOT CHECKED,NONE,0,,False,-5.8,NO TRADE,NOT CHECKED,,,,,,,,,False,,,False,,,,False,,,,False,NONE,False,False,0,,,,NOT CHECKED,NO LIVE SIGNAL,-5.8,False
ALGM,33.37,REJECT,REJECT,"volume contraction, low-volume pullback",10,16,55,NO TRADE,WEAK,32.0,price<EMA20; EMA20>EMA50; EMA20 falling,-22.57,31.1,0.33,5.08,0,False,4.84,75697013.0,36.93,40.95,40.37,33.6,43.05,34.02,71.77,27.65,71.77,43.18,RESISTANCE_BREAKOUT,BREAKOUT,0.3,,,0,,,0,False,False,40.66,EMA50,40.95,5.16,5.83,33.6,33.6,45.34,46.63,47.5,1.37,71.77,66.21,True,5.0,46.63,8.0,1.37,False,2.5,39.61,0.0,2073031.0,76350307.0,4.46,True,True,"Allegro MicroSystems, Inc. - Common Stock",0,-5.8,UNCLASSIFIED,,0.0,NONE,0.0,0.0,NONE,,True,0,NOT CHECKED,NONE,NEUTRAL,,,,NOT CHECKED,False,NOT CHECKED,NONE,0,,False,-5.8,NO TRADE,NOT CHECKED,,,,,,,,,False,,,False,,,,False,,,,False,NONE,False,False,0,,,,NOT CHECKED,NO LIVE SIGNAL,-5.8,False
PENG,46.92,REJECT,REJECT,"volume contraction, low-volume pullback",10,16,55,NO TRADE,WEAK,32.0,price<EMA20; EMA20>EMA50; EMA20 falling,-23.59,42.0,0.25,9.96,0,False,5.85,69164902.0,50.9,53.62,43.15,45.62,61.0,43.61,89.86,16.04,89.86,61.22,RESISTANCE_BREAKOUT,BREAKOUT,0.36,,,0,,,0,False,False,57.55,ATR_FALLBACK,57.1,6.72,6.0,46.45,45.62,64.28,66.12,67.34,1.33,89.86,46.78,True,5.0,66.12,8.0,1.33,False,2.5,40.13,0.0,1367464.0,68069698.0,5.28,True,True,"Penguin Solutions, Inc. - Common Stock",0,-5.8,UNCLASSIFIED,,0.0,NONE,0.0,0.0,NONE,,True,0,NOT CHECKED,NONE,NEUTRAL,,,,NOT CHECKED,False,NOT CHECKED,NONE,0,,False,-5.8,NO TRADE,NOT CHECKED,,,,,,,,,False,,,False,,,,False,,,,False,NONE,False,False,0,,,,NOT CHECKED,NO LIVE SIGNAL,-5.8,False
FLNC,9.38,REJECT,REJECT,"volume contraction, low-volume pullback",10,16,55,NO TRADE,WEAK,32.0,price<EMA20; EMA20>EMA50; EMA20 falling,-23.75,31.4,0.32,7.62,0,False,6.0,61513067.0,10.8,12.9,15.53,9.24,12.29,9.64,26.58,10.72,29.97,12.33,RESISTANCE_BREAKOUT,BREAKOUT,0.37,,,0,,,0,False,False,11.59,ATR_FALLBACK,11.49,6.84,6.0,9.24,9.24,12.95,13.32,13.57,1.33,26.58,115.48,True,5.0,13.32,8.0,1.33,False,2.5,40.53,0.0,5712025.0,57333136.0,4.76,True,True,"Fluence Energy, Inc. - Class A Common Stock",0,-5.8,UNCLASSIFIED,,0.0,NONE,0.0,0.0,NONE,,True,0,NOT CHECKED,NONE,NEUTRAL,,,,NOT CHECKED,False,NOT CHECKED,NONE,0,,False,-5.8,NO TRADE,NOT CHECKED,,,,,,,,,False,,,False,,,,False,,,,False,NONE,False,False,0,,,,NOT CHECKED,NO LIVE SIGNAL,-5.8,False
WSC,18.28,REJECT,REJECT,"volume contraction, low-volume pullback",10,16,55,NO TRADE,WEAK,32.0,price<EMA20; EMA20>EMA50; EMA20 falling,-20.17,14.7,0.22,4.26,0,False,3.63,54472856.0,20.36,22.39,22.8,17.82,23.4,18.57,29.66,16.42,29.66,23.45,RESISTANCE_BREAKOUT,BREAKOUT,0.23,,,0,,,0,False,False,22.27,EMA50,22.39,4.53,5.04,17.82,17.82,24.62,25.33,25.79,1.59,29.66,26.5,True,5.0,25.33,8.0,1.59,False,2.5,31.42,0.0,2637823.0,43922126.0,3.56,True,True,WillScot Holdings Corporation - Class A Common Stock,0,-5.8,UNCLASSIFIED,,0.0,NONE,0.0,0.0,NONE,,True,0,NOT CHECKED,NONE,NEUTRAL,,,,NOT CHECKED,False,NOT CHECKED,NONE,0,,False,-5.8,NO TRADE,NOT CHECKED,,,,,,,,,False,,,False,,,,False,,,,False,NONE,False,False,0,,,,NOT CHECKED,NO LIVE SIGNAL,-5.8,False
RCAT,8.11,REJECT,REJECT,"volume contraction, low-volume pullback",10,16,55,NO TRADE,WEAK,32.0,price<EMA20; EMA20>EMA50; EMA20 falling,-20.24,36.8,0.62,8.8,0,False,5.77,52624597.0,8.56,9.06,10.42,7.64,10.96,6.7,11.81,6.7,18.78,11.0,RESISTANCE_BREAKOUT,BREAKOUT,0.34,,,0,,,0,False,False,10.34,ATR_FALLBACK,10.29,6.39,6.0,7.64,7.64,11.55,11.88,12.1,1.33,11.81,7.39,True,5.0,11.81,7.39,1.23,False,2.5,35.06,0.0,5964477.0,47465015.0,5.73,True,True,"Red Cat Holdings, Inc. - Common Stock",0,-5.8,UNCLASSIFIED,,0.0,NONE,0.0,0.0,NONE,,True,0,NOT CHECKED,NONE,NEUTRAL,,,,NOT CHECKED,False,NOT CHECKED,NONE,0,,False,-5.8,NO TRADE,NOT CHECKED,,,,,,,,,False,,,False,,,,False,,,,False,NONE,False,False,0,,,,NOT CHECKED,NO LIVE SIGNAL,-5.8,False
FLY,21.09,REJECT,REJECT,"volume contraction, low-volume pullback",10,16,55,NO TRADE,WEAK,32.0,price<EMA20; EMA20>EMA50; EMA20 falling,-20.38,41.1,0.61,11.01,1,True,5.63,49836961.0,22.11,24.0,28.74,20.35,26.97,17.71,31.09,17.71,62.17,27.07,RESISTANCE_BREAKOUT,BREAKOUT,0.35,,,0,,,0,False,False,25.44,ATR_FALLBACK,25.28,6.58,6.0,20.39,20.35,28.42,29.23,29.77,1.33,31.09,14.87,True,5.0,29.23,8.0,1.33,False,2.5,31.34,0.0,2229323.0,45516053.0,5.83,True,True,Firefly Aerospace Inc. - Common Stock,0,-5.8,UNCLASSIFIED,,0.0,NONE,0.0,0.0,NONE,,True,0,NOT CHECKED,NONE,NEUTRAL,,,,NOT CHECKED,False,NOT CHECKED,NONE,0,,False,-5.8,NO TRADE,NOT CHECKED,,,,,,,,,False,,,False,,,,False,,,,False,NONE,False,False,0,,,,NOT CHECKED,NO LIVE SIGNAL,-5.8,True
HYMC,20.22,REJECT,REJECT,"volume contraction, low-volume pullback",10,16,55,NO TRADE,WEAK,32.0,price<EMA20; EMA20>EMA50; EMA20 falling,-21.16,22.7,0.51,15.34,2,True,7.9,47712336.0,22.93,24.09,25.51,19.83,28.17,18.02,29.77,18.02,55.75,28.3,RESISTANCE_BREAKOUT,BREAKOUT,0.45,,,0,,,0,False,False,26.6,ATR_FALLBACK,25.9,8.47,6.0,19.83,19.83,29.71,30.56,31.13,1.33,29.77,5.2,True,5.0,29.77,5.2,0.87,False,2.5,39.35,0.0,1980722.0,44739357.0,6.61,True,True,Hycroft Mining Holding Corporation - Class A Common Stock,0,-5.8,UNCLASSIFIED,,0.0,NONE,0.0,0.0,NONE,,True,0,NOT CHECKED,NONE,NEUTRAL,,,,NOT CHECKED,False,NOT CHECKED,NONE,0,,False,-5.8,NO TRADE,NOT CHECKED,,,,,,,,,False,,,False,,,,False,,,,False,NONE,False,False,0,,,,NOT CHECKED,NO LIVE SIGNAL,-5.8,True
BLZE,12.89,REJECT,REJECT,"volume contraction, low-volume pullback",10,16,55,NO TRADE,WEAK,32.0,price<EMA20; EMA20>EMA50; EMA20 falling,-31.5,28.1,0.18,26.94,1,True,5.59,37885729.0,14.13,14.15,10.29,12.15,19.77,7.86,23.99,3.26,23.99,19.83,RESISTANCE_BREAKOUT,BREAKOUT,0.29,,,0,,,0,False,False,18.64,ATR_FALLBACK,18.75,5.45,6.0,12.15,12.15,20.82,21.41,21.81,1.33,23.99,20.99,True,5.0,21.41,8.0,1.33,False,2.5,53.84,0.0,2502064.0,26877003.0,5.57,True,True,"Backblaze, Inc. - Common Stock",0,-5.8,UNCLASSIFIED,,0.0,NONE,0.0,0.0,NONE,,True,0,NOT CHECKED,NONE,NEUTRAL,,,,NOT CHECKED,False,NOT CHECKED,NONE,0,,False,-5.8,NO TRADE,NOT CHECKED,,,,,,,,,False,,,False,,,,False,,,,False,NONE,False,False,0,,,,NOT CHECKED,NO LIVE SIGNAL,-5.8,True
STZ,123.97,REJECT,REJECT,none,0,6,55,NO TRADE,WEAK,32.0,price<EMA20; EMA20>EMA50; EMA20 falling,-3.02,24.7,0.4,2.44,0,False,2.59,259491074.0,127.94,131.63,138.36,120.25,138.9,120.25,146.96,127.28,166.17,139.16,RESISTANCE_BREAKOUT,BREAKOUT,0.19,,,0,,,0,False,False,131.05,EMA50,131.63,5.41,5.82,120.25,120.25,146.12,150.29,153.07,1.37,146.96,5.61,True,5.0,146.96,5.61,0.96,False,2.5,12.04,0.0,2020348.0,260052473.0,2.38,True,True,"Constellation Brands, Inc. Common Stock",0,-5.9,UNCLASSIFIED,,0.0,NONE,0.0,0.0,NONE,,True,0,NOT CHECKED,NONE,NEUTRAL,,,,NOT CHECKED,False,NOT CHECKED,NONE,0,,False,-5.9,NO TRADE,NOT CHECKED,,,,,,,,,False,,,False,,,,False,,,,False,NONE,False,False,0,,,,NOT CHECKED,NO LIVE SIGNAL,-5.9,False
NTLA,11.46,REJECT,REJECT,none,0,6,55,NO TRADE,WEAK,32.0,price<EMA20; EMA20>EMA50; EMA20 falling,-3.18,10.3,0.6,14.48,1,True,4.78,42567512.0,12.29,12.57,12.96,11.44,13.73,10.15,18.48,10.15,18.48,13.77,RESISTANCE_BREAKOUT,BREAKOUT,0.32,,,0,,,0,False,False,12.95,ATR_FALLBACK,12.95,5.97,6.0,11.65,11.65,14.46,14.88,15.15,1.33,18.48,34.17,True,5.0,14.88,8.0,1.33,False,2.5,19.81,0.0,3379670.0,38567889.0,4.79,True,True,"Intellia Therapeutics, Inc. - Common Stock",0,-5.9,UNCLASSIFIED,,0.0,NONE,0.0,0.0,NONE,,True,0,NOT CHECKED,NONE,NEUTRAL,,,,NOT CHECKED,False,NOT CHECKED,NONE,0,,False,-5.9,NO TRADE,NOT CHECKED,,,,,,,,,False,,,False,,,,False,,,,False,NONE,False,False,0,,,,NOT CHECKED,NO LIVE SIGNAL,-5.9,True
VVV,28.42,REJECT,REJECT,none,0,6,20,NO TRADE,WEAK,32.0,price<EMA20; EMA20>EMA50; EMA20 falling,-13.89,13.1,0.97,1.41,0,False,3.02,60400253.0,31.82,33.94,35.2,29.81,34.62,29.81,41.08,31.41,41.08,34.69,RESISTANCE_BREAKOUT,BREAKOUT,0.2,,,0,,,0,False,False,33.78,EMA50,33.94,2.16,2.61,29.81,29.81,36.42,37.46,38.16,3.07,41.08,18.42,True,5.0,37.46,8.0,3.07,True,2.5,21.82,0.0,1896374.0,59289097.0,2.66,True,True,Valvoline Inc. Common Stock,0,-6.0,UNCLASSIFIED,,0.0,NONE,0.0,0.0,NONE,,True,0,NOT CHECKED,NONE,NEUTRAL,,,,NOT CHECKED,False,NOT CHECKED,NONE,0,,False,-6.0,NO TRADE,NOT CHECKED,,,,,,,,,False,,,False,,,,False,,,,False,NONE,False,False,0,,,,NOT CHECKED,NO LIVE SIGNAL,-6.0,False
TNGX,23.96,REJECT,REJECT,none,0,6,55,NO TRADE,WEAK,32.0,price<EMA20; EMA20>EMA50; EMA20 falling,-3.23,45.2,0.3,7.9,0,False,5.9,52421212.0,24.12,25.23,21.0,21.64,27.0,21.64,33.53,10.8,34.39,27.11,RESISTANCE_BREAKOUT,BREAKOUT,0.42,,,0,,,0,False,False,25.49,ATR_FALLBACK,24.99,7.83,6.0,22.26,21.64,28.47,29.28,29.82,1.33,33.53,23.67,True,5.0,29.28,8.0,1.33,False,2.5,12.69,0.0,2191616.0,50269537.0,5.92,True,True,"Tango Therapeutics, Inc. - Common Stock",0,-6.0,UNCLASSIFIED,,0.0,NONE,0.0,0.0,NONE,,True,0,NOT CHECKED,NONE,NEUTRAL,,,,NOT CHECKED,False,NOT CHECKED,NONE,0,,False,-6.0,NO TRADE,NOT CHECKED,,,,,,,,,False,,,False,,,,False,,,,False,NONE,False,False,0,,,,NOT CHECKED,NO LIVE SIGNAL,-6.0,False
CNM,40.78,REJECT,REJECT,none,0,6,40,NO TRADE,WEAK,32.0,price<EMA20; EMA20>EMA50; EMA20 falling,-8.03,31.5,0.45,4.04,0,False,3.51,107109413.0,42.91,44.41,48.01,40.03,46.22,40.41,49.14,41.88,54.81,46.33,RESISTANCE_BREAKOUT,BREAKOUT,0.25,,,0,,,0,False,False,44.16,EMA50,44.41,4.14,4.7,40.03,40.03,48.65,50.04,50.97,1.7,49.14,6.05,True,5.0,49.14,6.05,1.29,False,2.5,13.33,0.0,2499573.0,92247831.0,2.97,True,True,"Core & Main, Inc. Class A Common Stock",0,-6.1,UNCLASSIFIED,,0.0,NONE,0.0,0.0,NONE,,True,0,NOT CHECKED,NONE,NEUTRAL,,,,NOT CHECKED,False,NOT CHECKED,NONE,0,,False,-6.1,NO TRADE,NOT CHECKED,,,,,,,,,False,,,False,,,,False,,,,False,NONE,False,False,0,,,,NOT CHECKED,NO LIVE SIGNAL,-6.1,False
ALKS,44.83,REJECT,REJECT,none,0,6,40,NO TRADE,WEAK,32.0,price<EMA20; EMA20>EMA50; EMA20 falling,-8.04,19.8,0.31,2.17,0,False,2.81,61136747.0,47.09,47.66,40.54,44.63,51.29,44.63,55.67,27.0,55.67,51.39,RESISTANCE_BREAKOUT,BREAKOUT,0.2,,,0,,,0,False,False,49.27,ATR_FALLBACK,49.5,3.68,4.12,44.63,44.63,53.96,55.5,56.53,1.94,55.67,8.33,True,5.0,55.5,8.0,1.94,False,2.5,14.41,0.0,1288211.0,62517649.0,2.64,True,True,Alkermes plc - Ordinary Shares,0,-6.1,UNCLASSIFIED,,0.0,NONE,0.0,0.0,NONE,,True,0,NOT CHECKED,NONE,NEUTRAL,,,,NOT CHECKED,False,NOT CHECKED,NONE,0,,False,-6.1,NO TRADE,NOT CHECKED,,,,,,,,,False,,,False,,,,False,,,,False,NONE,False,False,0,,,,NOT CHECKED,NO LIVE SIGNAL,-6.1,False
DOCN,116.38,REJECT,REJECT,none,0,12,55,NO TRADE,WEAK,32.0,price<EMA20; EMA20>EMA50; EMA20 falling,-11.94,52.7,0.23,12.64,2,True,7.28,272590588.0,119.82,123.9,104.99,101.73,136.44,101.73,174.93,51.68,187.5,137.12,RESISTANCE_BREAKOUT,BREAKOUT,0.5,,,0,,,0,False,False,128.89,ATR_FALLBACK,124.41,9.27,6.0,113.93,101.73,143.97,148.09,150.83,1.33,174.93,27.58,True,5.0,148.09,8.0,1.33,False,2.5,18.84,0.0,2299812.0,272288606.0,6.86,True,True,"DigitalOcean Holdings, Inc. Common Stock",0,-6.4,UNCLASSIFIED,,0.0,NONE,0.0,0.0,NONE,,True,0,NOT CHECKED,NONE,NEUTRAL,,,,NOT CHECKED,False,NOT CHECKED,NONE,0,,False,-6.4,NO TRADE,NOT CHECKED,,,,,,,,,False,,,False,,,,False,,,,False,NONE,False,False,0,,,,NOT CHECKED,NO LIVE SIGNAL,-6.4,True
WH,68.35,REJECT,REJECT,none,0,6,55,NO TRADE,WEAK,32.0,price<EMA20; EMA20>EMA50; EMA20 falling,-4.27,21.1,0.45,3.39,0,False,2.89,78192381.0,71.74,74.4,77.84,68.44,78.46,68.44,88.36,71.25,89.86,78.62,RESISTANCE_BREAKOUT,BREAKOUT,0.2,,,0,,,0,False,False,74.05,EMA50,74.4,5.36,5.81,68.44,68.44,82.55,84.91,86.48,1.38,88.36,12.39,True,5.0,84.91,8.0,1.38,False,2.5,14.79,0.0,1077022.0,73791659.0,2.58,True,True,"Wyndham Hotels & Resorts, Inc. Common Stock ",0,-6.5,UNCLASSIFIED,,0.0,NONE,0.0,0.0,NONE,,True,0,NOT CHECKED,NONE,NEUTRAL,,,,NOT CHECKED,False,NOT CHECKED,NONE,0,,False,-6.5,NO TRADE,NOT CHECKED,,,,,,,,,False,,,False,,,,False,,,,False,NONE,False,False,0,,,,NOT CHECKED,NO LIVE SIGNAL,-6.5,False
AON,308.83,REJECT,REJECT,none,0,6,40,NO TRADE,WEAK,32.0,price<EMA20; EMA20>EMA50; EMA20 falling,-9.03,27.1,0.46,2.92,0,False,3.33,463508678.0,327.48,337.91,338.88,302.44,361.73,302.44,381.47,305.52,381.47,362.55,RESISTANCE_BREAKOUT,BREAKOUT,0.23,,,0,,,0,False,False,345.27,ATR_FALLBACK,347.12,4.26,4.77,302.44,302.44,380.68,391.56,398.81,1.68,381.47,5.22,True,5.0,381.47,5.22,1.09,False,2.5,17.13,0.0,1430335.0,395261308.0,2.6,True,True,Aon plc Class A Ordinary Shares (Ireland),0,-6.6,UNCLASSIFIED,,0.0,NONE,0.0,0.0,NONE,,True,0,NOT CHECKED,NONE,NEUTRAL,,,,NOT CHECKED,False,NOT CHECKED,NONE,0,,False,-6.6,NO TRADE,NOT CHECKED,,,,,,,,,False,,,False,,,,False,,,,False,NONE,False,False,0,,,,NOT CHECKED,NO LIVE SIGNAL,-6.6,False
GEHC,64.21,REJECT,REJECT,none,0,6,40,NO TRADE,WEAK,32.0,price<EMA20; EMA20>EMA50; EMA20 falling,-9.25,4.3,0.71,2.74,0,False,2.51,190037421.0,68.22,68.38,70.52,63.22,75.65,60.2,75.65,58.72,82.84,75.78,RESISTANCE_BREAKOUT,BREAKOUT,0.17,,,0,,,0,False,False,73.08,ATR_FALLBACK,73.37,3.19,3.57,63.22,63.22,79.57,81.84,83.36,2.24,82.84,9.32,True,5.0,81.84,8.0,2.24,False,2.5,17.82,0.0,2721149.0,194577255.0,2.13,True,True,GE HealthCare Technologies Inc. - Common Stock,0,-6.7,UNCLASSIFIED,,0.0,NONE,0.0,0.0,NONE,,True,0,NOT CHECKED,NONE,NEUTRAL,,,,NOT CHECKED,False,NOT CHECKED,NONE,0,,False,-6.7,NO TRADE,NOT CHECKED,,,,,,,,,False,,,False,,,,False,,,,False,NONE,False,False,0,,,,NOT CHECKED,NO LIVE SIGNAL,-6.7,False
CC,14.66,REJECT,REJECT,none,0,6,55,NO TRADE,WEAK,32.0,price<EMA20; EMA20>EMA50; EMA20 falling,-4.72,31.6,0.48,4.79,0,False,3.56,24556799.0,15.37,16.5,17.88,14.52,16.31,14.38,21.71,14.38,28.4,16.35,RESISTANCE_BREAKOUT,BREAKOUT,0.26,,,0,,,0,False,False,15.37,EMA20,15.37,6.0,6.0,14.52,14.52,17.16,17.65,17.98,1.33,21.71,32.83,True,5.0,17.65,8.0,1.33,False,2.5,11.22,0.0,1591945.0,25261931.0,3.4,True,True,Chemours Company (The) Common Stock,0,-6.7,UNCLASSIFIED,,0.0,NONE,0.0,0.0,NONE,,True,0,NOT CHECKED,NONE,NEUTRAL,,,,NOT CHECKED,False,NOT CHECKED,NONE,0,,False,-6.7,NO TRADE,NOT CHECKED,,,,,,,,,False,,,False,,,,False,,,,False,NONE,False,False,0,,,,NOT CHECKED,NO LIVE SIGNAL,-6.7,False
BAM,46.15,REJECT,REJECT,none,0,6,40,NO TRADE,WEAK,32.0,price<EMA20; EMA20>EMA50; EMA20 falling,-9.33,13.4,0.36,4.77,0,False,2.58,108053423.0,49.25,49.25,49.0,45.97,52.79,43.19,55.44,41.37,55.44,52.89,RESISTANCE_BREAKOUT,BREAKOUT,0.18,,,0,,,0,False,False,50.88,ATR_FALLBACK,51.1,3.38,3.79,45.97,45.97,55.53,57.12,58.18,2.11,55.44,4.82,False,5.0,55.44,4.82,1.27,False,2.5,16.38,0.0,2177014.0,102344864.0,2.19,True,True,Brookfield Asset Management Inc Class A Limited Voting Shares,0,-6.8,UNCLASSIFIED,,0.0,NONE,0.0,0.0,NONE,,True,0,NOT CHECKED,NONE,NEUTRAL,,,,NOT CHECKED,False,NOT CHECKED,NONE,0,,False,-6.8,NO TRADE,NOT CHECKED,,,,,,,,,False,,,False,,,,False,,,,False,NONE,False,False,0,,,,NOT CHECKED,NO LIVE SIGNAL,-6.8,False
AOS,57.19,REJECT,REJECT,none,0,6,55,NO TRADE,WEAK,32.0,price<EMA20; EMA20>EMA50; EMA20 falling,-4.83,27.6,0.38,4.83,0,False,2.42,76615834.0,59.45,60.29,63.32,56.5,64.09,56.5,64.38,53.83,77.48,64.2,RESISTANCE_BREAKOUT,BREAKOUT,0.17,,,0,,,0,False,False,60.35,EMA50,60.29,6.09,6.0,56.5,56.5,67.41,69.34,70.62,1.33,64.38,0.28,False,5.0,64.38,0.28,0.05,False,2.5,12.07,0.0,1273067.0,75290683.0,2.28,True,True,A.O. Smith Corporation Common Stock,0,-6.8,UNCLASSIFIED,,0.0,NONE,0.0,0.0,NONE,,True,0,NOT CHECKED,NONE,NEUTRAL,,,,NOT CHECKED,False,NOT CHECKED,NONE,0,,False,-6.8,NO TRADE,NOT CHECKED,,,,,,,,,False,,,False,,,,False,,,,False,NONE,False,False,0,,,,NOT CHECKED,NO LIVE SIGNAL,-6.8,False
CELH,27.79,REJECT,REJECT,none,0,6,55,NO TRADE,WEAK,32.0,price<EMA20; EMA20>EMA50; EMA20 falling,-5.19,20.9,0.33,16.83,1,True,5.07,247598718.0,29.77,30.16,36.59,26.59,36.15,23.56,36.15,23.56,52.42,36.26,RESISTANCE_BREAKOUT,BREAKOUT,0.31,,,0,,,0,False,False,34.09,ATR_FALLBACK,34.15,5.82,6.0,26.59,26.59,38.08,39.16,39.89,1.33,52.42,44.56,True,5.0,39.16,8.0,1.33,False,2.5,30.08,0.0,7932393.0,241009798.0,4.23,True,True,"Celsius Holdings, Inc. - Common Stock",0,-6.9,UNCLASSIFIED,,0.0,NONE,0.0,0.0,NONE,,True,0,NOT CHECKED,NONE,NEUTRAL,,,,NOT CHECKED,False,NOT CHECKED,NONE,0,,False,-6.9,NO TRADE,NOT CHECKED,,,,,,,,,False,,,False,,,,False,,,,False,NONE,False,False,0,,,,NOT CHECKED,NO LIVE SIGNAL,-6.9,True
FNF,43.43,REJECT,REJECT,none,0,6,40,NO TRADE,WEAK,32.0,price<EMA20; EMA20>EMA50; EMA20 falling,-9.58,24.7,0.69,2.82,0,False,2.4,88777779.0,46.06,47.57,49.66,43.59,49.64,43.59,54.8,42.32,54.8,49.72,RESISTANCE_BREAKOUT,BREAKOUT,0.17,,,0,,,0,False,False,47.38,EMA50,47.57,4.33,4.71,43.59,43.59,52.21,53.7,54.7,1.7,54.8,10.21,True,5.0,53.7,8.0,1.7,False,2.5,14.3,0.0,1931800.0,78102068.0,2.04,True,True,"Fidelity National Financial, Inc. Common Stock",0,-6.9,UNCLASSIFIED,,0.0,NONE,0.0,0.0,NONE,,True,0,NOT CHECKED,NONE,NEUTRAL,,,,NOT CHECKED,False,NOT CHECKED,NONE,0,,False,-6.9,NO TRADE,NOT CHECKED,,,,,,,,,False,,,False,,,,False,,,,False,NONE,False,False,0,,,,NOT CHECKED,NO LIVE SIGNAL,-6.9,False
LEN,80.14,REJECT,REJECT,none,0,6,55,NO TRADE,WEAK,32.0,price<EMA20; EMA20>EMA50; EMA20 falling,-5.37,29.8,0.71,3.96,0,False,2.76,236859974.0,82.81,84.79,95.61,76.63,89.65,76.63,95.46,79.83,110.6,89.83,RESISTANCE_BREAKOUT,BREAKOUT,0.2,,,0,,,0,False,False,84.44,EMA50,84.79,5.61,6.0,76.63,76.63,94.32,97.01,98.81,1.33,95.46,6.27,True,5.0,95.46,6.27,1.05,False,2.5,11.87,0.0,2844708.0,200176949.0,2.41,True,True,Lennar Corporation Class A Common Stock,0,-7.0,UNCLASSIFIED,,0.0,NONE,0.0,0.0,NONE,,True,0,NOT CHECKED,NONE,NEUTRAL,,,,NOT CHECKED,False,NOT CHECKED,NONE,0,,False,-7.0,NO TRADE,NOT CHECKED,,,,,,,,,False,,,False,,,,False,,,,False,NONE,False,False,0,,,,NOT CHECKED,NO LIVE SIGNAL,-7.0,False
GMED,75.03,REJECT,REJECT,none,0,6,40,NO TRADE,WEAK,32.0,price<EMA20; EMA20>EMA50; EMA20 falling,-9.83,22.1,0.59,4.61,0,False,2.95,93781376.0,78.72,80.37,80.44,72.84,88.89,72.84,88.89,74.39,97.39,89.07,RESISTANCE_BREAKOUT,BREAKOUT,0.2,,,0,,,0,False,False,85.35,ATR_FALLBACK,85.75,3.73,4.18,72.84,72.84,93.52,96.19,97.97,1.92,97.39,9.34,True,5.0,96.19,8.0,1.92,False,2.5,18.47,0.0,1175681.0,87766592.0,2.7,True,True,"Globus Medical, Inc. Class A Common Stock",0,-7.0,UNCLASSIFIED,,0.0,NONE,0.0,0.0,NONE,,True,0,NOT CHECKED,NONE,NEUTRAL,,,,NOT CHECKED,False,NOT CHECKED,NONE,0,,False,-7.0,NO TRADE,NOT CHECKED,,,,,,,,,False,,,False,,,,False,,,,False,NONE,False,False,0,,,,NOT CHECKED,NO LIVE SIGNAL,-7.0,False
QXO,11.45,REJECT,REJECT,none,0,6,20,NO TRADE,WEAK,32.0,price<EMA20; EMA20>EMA50; EMA20 falling,-16.03,19.6,1.0,8.87,0,False,4.33,175953582.0,13.11,14.17,17.5,11.97,14.34,12.17,18.6,13.15,25.44,14.38,RESISTANCE_BREAKOUT,BREAKOUT,0.28,,,0,,,0,False,False,14.01,EMA50,14.17,1.48,2.59,11.97,11.97,15.1,15.53,15.82,3.09,18.6,29.35,True,5.0,15.53,8.0,3.09,True,2.5,26.15,0.0,13360662.0,175425435.0,3.68,True,True,"QXO, Inc. Common Stock",0,-7.1,UNCLASSIFIED,,0.0,NONE,0.0,0.0,NONE,,True,0,NOT CHECKED,NONE,NEUTRAL,,,,NOT CHECKED,False,NOT CHECKED,NONE,0,,False,-7.1,NO TRADE,NOT CHECKED,,,,,,,,,False,,,False,,,,False,,,,False,NONE,False,False,0,,,,NOT CHECKED,NO LIVE SIGNAL,-7.1,False
BRBR,8.95,REJECT,REJECT,none,0,6,40,NO TRADE,WEAK,32.0,price<EMA20; EMA20>EMA50; EMA20 falling,-10.06,26.4,0.29,6.48,0,False,5.72,27748217.0,10.13,10.93,16.43,9.09,11.09,9.09,14.29,7.82,19.11,11.13,RESISTANCE_BREAKOUT,BREAKOUT,0.37,,,0,,,0,False,False,10.75,EMA50,10.93,1.84,3.45,9.09,9.09,11.69,12.02,12.24,2.32,14.29,28.38,True,5.0,12.02,8.0,2.32,False,2.5,23.91,0.0,2715472.0,27751696.0,4.82,True,True,"BellRing Brands, Inc. Common Stock ",0,-7.1,UNCLASSIFIED,,0.0,NONE,0.0,0.0,NONE,,True,0,NOT CHECKED,NONE,NEUTRAL,,,,NOT CHECKED,False,NOT CHECKED,NONE,0,,False,-7.1,NO TRADE,NOT CHECKED,,,,,,,,,False,,,False,,,,False,,,,False,NONE,False,False,0,,,,NOT CHECKED,NO LIVE SIGNAL,-7.1,False
DFTX,36.96,REJECT,REJECT,volume expanding,6,12,55,NO TRADE,WEAK,32.0,price<EMA20; EMA20>EMA50; EMA20 falling,-16.31,22.5,1.28,6.17,0,False,5.61,79144355.0,40.19,40.04,28.86,37.17,47.29,35.13,49.7,16.55,49.7,47.46,RESISTANCE_BREAKOUT,BREAKOUT,0.35,,,0,,,0,False,False,44.61,ATR_FALLBACK,44.35,6.55,6.0,37.17,37.17,49.83,51.25,52.2,1.33,49.7,4.73,False,5.0,49.7,4.73,0.79,False,2.5,27.95,0.0,1930857.0,65148864.0,4.99,True,True,"Definium Therapeutics, Inc.  - Common Shares",0,-7.4,UNCLASSIFIED,,0.0,NONE,0.0,0.0,NONE,,True,0,NOT CHECKED,NONE,NEUTRAL,,,,NOT CHECKED,False,NOT CHECKED,NONE,0,,False,-7.4,NO TRADE,NOT CHECKED,,,,,,,,,False,,,False,,,,False,,,,False,NONE,False,False,0,,,,NOT CHECKED,NO LIVE SIGNAL,-7.4,False
ALHC,10.15,REJECT,REJECT,20d volume expansion,8,14,55,NO TRADE,WEAK,32.0,price<EMA20; EMA20>EMA50; EMA20 falling,-22.6,17.0,2.71,7.4,0,False,7.34,60456219.0,13.26,15.11,17.55,12.39,14.55,12.39,25.12,12.7,25.12,14.61,RESISTANCE_BREAKOUT,BREAKOUT,0.41,,,0,,,0,False,False,13.73,ATR_FALLBACK,13.49,7.65,6.0,12.39,12.39,15.34,15.78,16.07,1.33,25.12,71.94,True,5.0,15.78,8.0,1.33,False,2.5,43.42,0.0,4687131.0,54814024.0,5.09,True,True,"Alignment Healthcare, Inc. - Common Stock",0,-7.6,UNCLASSIFIED,,0.0,NONE,0.0,0.0,NONE,,True,0,NOT CHECKED,NONE,NEUTRAL,,,,NOT CHECKED,False,NOT CHECKED,NONE,0,,False,-7.6,NO TRADE,NOT CHECKED,,,,,,,,,False,,,False,,,,False,,,,False,NONE,False,False,0,,,,NOT CHECKED,NO LIVE SIGNAL,-7.6,False
TSN,52.88,REJECT,REJECT,none,0,6,55,NO TRADE,WEAK,32.0,price<EMA20; EMA20>EMA50; EMA20 falling,-6.91,32.6,0.37,3.16,0,False,2.64,179833896.0,54.25,56.04,57.7,50.71,59.3,50.71,62.45,54.03,68.26,59.41,RESISTANCE_BREAKOUT,BREAKOUT,0.19,,,0,,,0,False,False,55.84,EMA50,56.04,5.67,6.0,51.35,50.71,62.38,64.16,65.35,1.33,62.45,5.12,True,5.0,62.45,5.12,0.85,False,2.5,12.13,0.0,3313888.0,168109444.0,2.16,True,True,"Tyson Foods, Inc. Common Stock",0,-7.8,UNCLASSIFIED,,0.0,NONE,0.0,0.0,NONE,,True,0,NOT CHECKED,NONE,NEUTRAL,,,,NOT CHECKED,False,NOT CHECKED,NONE,0,,False,-7.8,NO TRADE,NOT CHECKED,,,,,,,,,False,,,False,,,,False,,,,False,NONE,False,False,0,,,,NOT CHECKED,NO LIVE SIGNAL,-7.8,False
SFM,73.42,REJECT,REJECT,none,0,6,55,NO TRADE,WEAK,32.0,price<EMA20; EMA20>EMA50; EMA20 falling,-6.89,27.1,0.35,6.23,0,False,4.94,130832759.0,78.11,80.03,84.75,71.37,87.75,70.0,93.32,69.29,94.89,88.04,RESISTANCE_BREAKOUT,BREAKOUT,0.33,,,0,,,0,False,False,82.76,ATR_FALLBACK,82.6,6.18,6.0,71.37,71.37,92.44,95.08,96.84,1.33,93.32,6.0,True,5.0,93.32,6.0,1.0,False,2.5,19.53,0.0,1659983.0,125919043.0,4.32,True,True,"Sprouts Farmers Market, Inc. - Common Stock",0,-7.8,UNCLASSIFIED,,0.0,NONE,0.0,0.0,NONE,,True,0,NOT CHECKED,NONE,NEUTRAL,,,,NOT CHECKED,False,NOT CHECKED,NONE,0,,False,-7.8,NO TRADE,NOT CHECKED,,,,,,,,,False,,,False,,,,False,,,,False,NONE,False,False,0,,,,NOT CHECKED,NO LIVE SIGNAL,-7.8,False
IRT,15.19,REJECT,REJECT,none,0,6,55,NO TRADE,WEAK,32.0,price<EMA20; EMA20>EMA50; EMA20 falling,-6.82,14.0,0.4,1.79,0,False,2.26,46243014.0,15.95,16.28,16.27,14.99,17.05,14.99,17.7,14.44,17.7,17.08,RESISTANCE_BREAKOUT,BREAKOUT,0.16,,,0,,,0,False,False,16.22,EMA50,16.28,4.65,5.01,14.99,14.99,17.93,18.44,18.79,1.6,17.7,3.65,False,5.0,17.7,3.65,0.73,False,2.5,12.21,0.0,2925351.0,36034761.0,2.11,True,True,"Independence Realty Trust, Inc. Common Stock",0,-7.8,UNCLASSIFIED,,0.0,NONE,0.0,0.0,NONE,,True,0,NOT CHECKED,NONE,NEUTRAL,,,,NOT CHECKED,False,NOT CHECKED,NONE,0,,False,-7.8,NO TRADE,NOT CHECKED,,,,,,,,,False,,,False,,,,False,,,,False,NONE,False,False,0,,,,NOT CHECKED,NO LIVE SIGNAL,-7.8,False
BSY,31.56,REJECT,REJECT,none,0,6,55,NO TRADE,WEAK,32.0,price<EMA20; EMA20>EMA50; EMA20 falling,-7.13,20.9,0.42,3.7,0,False,3.87,70207810.0,33.87,34.06,36.48,30.61,38.43,28.08,38.43,28.08,40.21,38.53,RESISTANCE_BREAKOUT,BREAKOUT,0.25,,,0,,,0,False,False,36.48,ATR_FALLBACK,36.7,4.76,5.33,30.61,30.61,40.45,41.61,42.38,1.5,40.21,4.37,False,5.0,40.21,4.37,0.82,False,2.5,21.77,0.0,2012261.0,76339102.0,3.36,True,True,"Bentley Systems, Incorporated - Class B Common Stock",0,-7.9,UNCLASSIFIED,,0.0,NONE,0.0,0.0,NONE,,True,0,NOT CHECKED,NONE,NEUTRAL,,,,NOT CHECKED,False,NOT CHECKED,NONE,0,,False,-7.9,NO TRADE,NOT CHECKED,,,,,,,,,False,,,False,,,,False,,,,False,NONE,False,False,0,,,,NOT CHECKED,NO LIVE SIGNAL,-7.9,False
AROC,29.91,REJECT,REJECT,none,0,6,40,NO TRADE,WEAK,32.0,price<EMA20; EMA20>EMA50; EMA20 falling,-11.58,45.3,0.66,4.05,0,False,3.88,59283147.0,32.27,33.64,32.75,30.31,34.91,30.31,41.95,30.31,41.95,35.0,RESISTANCE_BREAKOUT,BREAKOUT,0.27,,,0,,,0,False,False,33.43,EMA50,33.64,3.9,4.5,30.44,30.44,36.75,37.8,38.5,1.78,41.95,19.86,True,5.0,37.8,8.0,1.78,False,2.5,16.72,0.0,1861317.0,58117934.0,3.7,True,True,"Archrock, Inc. Common Stock",0,-7.9,UNCLASSIFIED,,0.0,NONE,0.0,0.0,NONE,,True,0,NOT CHECKED,NONE,NEUTRAL,,,,NOT CHECKED,False,NOT CHECKED,NONE,0,,False,-7.9,NO TRADE,NOT CHECKED,,,,,,,,,False,,,False,,,,False,,,,False,NONE,False,False,0,,,,NOT CHECKED,NO LIVE SIGNAL,-7.9,False
PFGC,89.78,REJECT,REJECT,none,0,6,40,NO TRADE,WEAK,32.0,price<EMA20; EMA20>EMA50; EMA20 falling,-12.21,1.0,0.54,2.65,0,False,2.45,134398242.0,99.01,102.97,100.4,93.05,107.55,93.05,117.47,80.82,117.47,107.73,RESISTANCE_BREAKOUT,BREAKOUT,0.16,,,0,,,0,False,False,102.57,EMA50,102.97,4.41,4.78,93.05,93.05,113.11,116.34,118.5,1.67,117.47,9.05,True,5.0,116.34,8.0,1.67,False,2.5,19.8,0.0,1345637.0,137400161.0,2.19,True,True,Performance Food Group Company Common Stock,0,-8.2,UNCLASSIFIED,,0.0,NONE,0.0,0.0,NONE,,True,0,NOT CHECKED,NONE,NEUTRAL,,,,NOT CHECKED,False,NOT CHECKED,NONE,0,,False,-8.2,NO TRADE,NOT CHECKED,,,,,,,,,False,,,False,,,,False,,,,False,NONE,False,False,0,,,,NOT CHECKED,NO LIVE SIGNAL,-8.2,False
AEO,14.72,REJECT,REJECT,none,0,6,55,NO TRADE,WEAK,32.0,price<EMA20; EMA20>EMA50; EMA20 falling,-7.97,36.6,0.43,5.14,0,False,5.99,117029826.0,16.27,16.72,18.05,14.1,17.8,14.1,18.65,14.43,23.56,17.87,RESISTANCE_BREAKOUT,BREAKOUT,0.4,,,0,,,0,False,False,16.8,EMA50,16.72,6.43,6.0,14.1,14.1,18.76,19.3,19.66,1.33,18.65,4.36,False,5.0,18.65,4.36,0.73,False,2.5,20.96,0.0,7246910.0,80907534.0,3.84,True,True,"American Eagle Outfitters, Inc. Common Stock",0,-8.3,UNCLASSIFIED,,0.0,NONE,0.0,0.0,NONE,,True,0,NOT CHECKED,NONE,NEUTRAL,,,,NOT CHECKED,False,NOT CHECKED,NONE,0,,False,-8.3,NO TRADE,NOT CHECKED,,,,,,,,,False,,,False,,,,False,,,,False,NONE,False,False,0,,,,NOT CHECKED,NO LIVE SIGNAL,-8.3,False
PZZA,20.86,REJECT,REJECT,none,0,6,55,NO TRADE,WEAK,32.0,price<EMA20; EMA20>EMA50; EMA20 falling,-8.15,27.4,0.39,6.13,0,False,4.05,27035394.0,22.98,26.09,32.97,20.53,24.25,20.53,36.95,22.77,39.42,24.32,RESISTANCE_BREAKOUT,BREAKOUT,0.28,,,0,,,0,False,False,22.86,EMA20,22.98,5.52,6.0,20.53,20.53,25.53,26.26,26.75,1.33,36.95,51.95,True,5.0,26.26,8.0,1.33,False,2.5,16.22,0.0,1195557.0,26008801.0,3.41,True,True,"Papa John's International, Inc. - Common Stock",0,-8.4,UNCLASSIFIED,,0.0,NONE,0.0,0.0,NONE,,True,0,NOT CHECKED,NONE,NEUTRAL,,,,NOT CHECKED,False,NOT CHECKED,NONE,0,,False,-8.4,NO TRADE,NOT CHECKED,,,,,,,,,False,,,False,,,,False,,,,False,NONE,False,False,0,,,,NOT CHECKED,NO LIVE SIGNAL,-8.4,False
VKTX,30.06,REJECT,REJECT,none,0,6,55,NO TRADE,WEAK,32.0,price<EMA20; EMA20>EMA50; EMA20 falling,-8.6,30.0,0.86,7.82,0,False,4.59,59354867.0,32.97,33.64,32.74,31.39,36.26,30.52,42.79,27.16,42.79,36.37,RESISTANCE_BREAKOUT,BREAKOUT,0.3,,,0,,,0,False,False,34.19,ATR_FALLBACK,34.3,5.69,6.0,31.39,31.39,38.19,39.28,40.01,1.33,42.79,17.65,True,5.0,39.28,8.0,1.33,False,2.5,20.64,0.0,1780693.0,57709093.0,4.22,True,True,"Viking Therapeutics, Inc. - Common Stock",0,-8.6,UNCLASSIFIED,,0.0,NONE,0.0,0.0,NONE,,True,0,NOT CHECKED,NONE,NEUTRAL,,,,NOT CHECKED,False,NOT CHECKED,NONE,0,,False,-8.6,NO TRADE,NOT CHECKED,,,,,,,,,False,,,False,,,,False,,,,False,NONE,False,False,0,,,,NOT CHECKED,NO LIVE SIGNAL,-8.6,False
HUBG,33.58,REJECT,REJECT,none,0,6,40,NO TRADE,WEAK,32.0,price<EMA20; EMA20>EMA50; EMA20 falling,-12.9,23.4,0.47,5.82,0,False,5.56,43744405.0,37.83,40.82,41.35,31.41,41.24,35.19,51.62,32.81,51.62,41.39,RESISTANCE_BREAKOUT,BREAKOUT,0.36,,,0,,,0,False,False,39.99,EMA50,40.82,1.38,3.39,31.41,31.41,43.46,44.7,45.53,2.36,51.62,24.72,True,5.0,44.7,8.0,2.36,False,2.5,22.81,0.0,1159750.0,40653925.0,4.62,True,True,"Hub Group, Inc. - Class A Common Stock",0,-8.6,UNCLASSIFIED,,0.0,NONE,0.0,0.0,NONE,,True,0,NOT CHECKED,NONE,NEUTRAL,,,,NOT CHECKED,False,NOT CHECKED,NONE,0,,False,-8.6,NO TRADE,NOT CHECKED,,,,,,,,,False,,,False,,,,False,,,,False,NONE,False,False,0,,,,NOT CHECKED,NO LIVE SIGNAL,-8.6,False
SON,48.15,REJECT,REJECT,none,0,6,40,NO TRADE,WEAK,32.0,price<EMA20; EMA20>EMA50; EMA20 falling,-13.12,9.7,0.35,3.9,0,False,3.46,57454873.0,52.49,53.95,51.16,47.59,59.75,47.59,60.11,45.48,60.11,59.88,RESISTANCE_BREAKOUT,BREAKOUT,0.22,,,0,,,0,False,False,57.09,ATR_FALLBACK,57.39,4.17,4.67,47.59,47.59,62.88,64.67,65.87,1.71,60.11,0.37,False,5.0,60.11,0.37,0.08,False,2.5,24.08,0.0,1079122.0,51335148.0,2.94,True,True,Sonoco Products Company Common Stock,0,-8.7,UNCLASSIFIED,,0.0,NONE,0.0,0.0,NONE,,True,0,NOT CHECKED,NONE,NEUTRAL,,,,NOT CHECKED,False,NOT CHECKED,NONE,0,,False,-8.7,NO TRADE,NOT CHECKED,,,,,,,,,False,,,False,,,,False,,,,False,NONE,False,False,0,,,,NOT CHECKED,NO LIVE SIGNAL,-8.7,False
TRIP,9.09,REJECT,REJECT,none,0,6,55,NO TRADE,WEAK,32.0,price<EMA20; EMA20>EMA50; EMA20 falling,-8.64,28.6,0.28,3.45,0,False,4.02,33946395.0,9.74,10.87,12.45,8.41,10.65,8.41,15.15,9.01,15.15,10.68,RESISTANCE_BREAKOUT,BREAKOUT,0.27,,,0,,,0,False,False,10.07,ATR_FALLBACK,10.13,5.13,5.74,8.41,8.41,11.21,11.53,11.75,1.39,15.15,41.86,True,5.0,11.53,8.0,1.39,False,2.5,17.56,0.0,3589218.0,31180147.0,3.6,True,True,"TripAdvisor, Inc. - Common Stock",0,-8.7,UNCLASSIFIED,,0.0,NONE,0.0,0.0,NONE,,True,0,NOT CHECKED,NONE,NEUTRAL,,,,NOT CHECKED,False,NOT CHECKED,NONE,0,,False,-8.7,NO TRADE,NOT CHECKED,,,,,,,,,False,,,False,,,,False,,,,False,NONE,False,False,0,,,,NOT CHECKED,NO LIVE SIGNAL,-8.7,False
BBIO,67.44,REJECT,REJECT,none,0,6,40,NO TRADE,WEAK,32.0,price<EMA20; EMA20>EMA50; EMA20 falling,-13.56,8.5,1.0,3.87,0,False,3.65,145935255.0,75.87,77.34,72.3,71.98,85.65,66.3,93.42,62.5,93.42,85.85,RESISTANCE_BREAKOUT,BREAKOUT,0.23,,,0,,,0,False,False,81.71,ATR_FALLBACK,82.15,4.3,4.82,71.98,71.98,90.14,92.71,94.43,1.66,93.42,8.82,True,5.0,92.71,8.0,1.66,False,2.5,27.0,0.0,1887520.0,134661472.0,3.11,True,True,"BridgeBio Pharma, Inc. - Common Stock",0,-8.9,UNCLASSIFIED,,0.0,NONE,0.0,0.0,NONE,,True,0,NOT CHECKED,NONE,NEUTRAL,,,,NOT CHECKED,False,NOT CHECKED,NONE,0,,False,-8.9,NO TRADE,NOT CHECKED,,,,,,,,,False,,,False,,,,False,,,,False,NONE,False,False,0,,,,NOT CHECKED,NO LIVE SIGNAL,-8.9,False
CG,40.95,REJECT,REJECT,none,0,6,40,NO TRADE,WEAK,32.0,price<EMA20; EMA20>EMA50; EMA20 falling,-13.61,13.9,0.32,6.51,0,False,3.45,145624669.0,45.61,46.25,49.67,41.21,50.59,39.32,51.79,39.32,53.08,50.7,RESISTANCE_BREAKOUT,BREAKOUT,0.22,,,0,,,0,False,False,48.33,ATR_FALLBACK,48.58,4.18,4.68,41.21,41.21,53.24,54.76,55.77,1.71,51.79,2.14,False,5.0,51.79,2.14,0.46,False,2.5,23.54,0.0,3093053.0,143103957.0,2.89,True,True,The Carlyle Group Inc. - Common Stock,0,-8.9,UNCLASSIFIED,,0.0,NONE,0.0,0.0,NONE,,True,0,NOT CHECKED,NONE,NEUTRAL,,,,NOT CHECKED,False,NOT CHECKED,NONE,0,,False,-8.9,NO TRADE,NOT CHECKED,,,,,,,,,False,,,False,,,,False,,,,False,NONE,False,False,0,,,,NOT CHECKED,NO LIVE SIGNAL,-8.9,False
JEF,48.16,REJECT,REJECT,none,0,6,55,NO TRADE,WEAK,32.0,price<EMA20; EMA20>EMA50; EMA20 falling,-9.05,34.3,0.86,2.57,0,False,3.62,85458646.0,52.91,53.47,53.82,49.25,56.14,46.27,63.0,35.0,63.51,56.28,RESISTANCE_BREAKOUT,BREAKOUT,0.25,,,0,,,0,False,False,53.15,EMA50,53.47,5.0,5.56,49.25,49.25,59.09,60.78,61.91,1.44,63.0,11.95,True,5.0,60.78,8.0,1.44,False,2.5,16.57,0.0,1617564.0,76119509.0,3.1,True,True,Jefferies Financial Group Inc. Common Stock,0,-8.9,UNCLASSIFIED,,0.0,NONE,0.0,0.0,NONE,,True,0,NOT CHECKED,NONE,NEUTRAL,,,,NOT CHECKED,False,NOT CHECKED,NONE,0,,False,-8.9,NO TRADE,NOT CHECKED,,,,,,,,,False,,,False,,,,False,,,,False,NONE,False,False,0,,,,NOT CHECKED,NO LIVE SIGNAL,-8.9,False
REYN,21.8,REJECT,REJECT,none,0,6,40,NO TRADE,WEAK,32.0,price<EMA20; EMA20>EMA50; EMA20 falling,-13.86,10.6,0.28,4.28,0,False,2.53,35730808.0,23.04,23.94,23.3,21.26,26.36,21.26,27.08,20.05,27.08,26.41,RESISTANCE_BREAKOUT,BREAKOUT,0.17,,,0,,,0,False,False,25.48,ATR_FALLBACK,25.58,3.13,3.5,21.26,21.26,27.73,28.52,29.05,2.28,27.08,2.54,False,5.0,27.08,2.54,0.73,False,2.5,20.97,0.0,1543490.0,36732184.0,2.33,True,True,Reynolds Consumer Products Inc. - Common Stock,0,-9.0,UNCLASSIFIED,,0.0,NONE,0.0,0.0,NONE,,True,0,NOT CHECKED,NONE,NEUTRAL,,,,NOT CHECKED,False,NOT CHECKED,NONE,0,,False,-9.0,NO TRADE,NOT CHECKED,,,,,,,,,False,,,False,,,,False,,,,False,NONE,False,False,0,,,,NOT CHECKED,NO LIVE SIGNAL,-9.0,False
CAVA,50.33,REJECT,REJECT,volume expanding,6,12,55,NO TRADE,WEAK,32.0,price<EMA20; EMA20>EMA50; EMA20 falling,-27.11,10.7,1.26,14.24,1,True,5.11,159252789.0,60.99,66.03,70.49,53.91,74.47,53.91,88.7,60.15,98.79,74.68,RESISTANCE_BREAKOUT,BREAKOUT,0.28,,,0,,,0,False,False,70.35,ATR_FALLBACK,70.82,5.17,5.79,53.91,53.91,78.41,80.65,82.14,1.38,88.7,18.78,True,5.0,80.65,8.0,1.38,False,2.5,47.96,0.0,2560318.0,149569608.0,4.01,True,True,"CAVA Group, Inc. Common Stock",0,-9.2,UNCLASSIFIED,,0.0,NONE,0.0,0.0,NONE,,True,0,NOT CHECKED,NONE,NEUTRAL,,,,NOT CHECKED,False,NOT CHECKED,NONE,0,,False,-9.2,NO TRADE,NOT CHECKED,,,,,,,,,False,,,False,,,,False,,,,False,NONE,False,False,0,,,,NOT CHECKED,NO LIVE SIGNAL,-9.2,True
LAZ,38.54,REJECT,REJECT,none,0,6,55,NO TRADE,WEAK,32.0,price<EMA20; EMA20>EMA50; EMA20 falling,-9.88,28.7,0.6,4.48,0,False,4.87,48418985.0,42.43,42.97,45.24,38.65,46.95,38.58,46.95,37.82,50.25,47.1,RESISTANCE_BREAKOUT,BREAKOUT,0.32,,,0,,,0,False,False,44.27,ATR_FALLBACK,44.29,5.97,6.0,38.65,38.65,49.46,50.87,51.81,1.33,50.25,6.68,True,5.0,50.25,6.68,1.11,False,2.5,21.82,0.0,1124424.0,49023550.0,4.1,True,True,"Lazard, Inc. Common Stock",0,-9.3,UNCLASSIFIED,,0.0,NONE,0.0,0.0,NONE,,True,0,NOT CHECKED,NONE,NEUTRAL,,,,NOT CHECKED,False,NOT CHECKED,NONE,0,,False,-9.3,NO TRADE,NOT CHECKED,,,,,,,,,False,,,False,,,,False,,,,False,NONE,False,False,0,,,,NOT CHECKED,NO LIVE SIGNAL,-9.3,False
GPK,9.66,REJECT,REJECT,none,0,6,55,NO TRADE,WEAK,32.0,price<EMA20; EMA20>EMA50; EMA20 falling,-10.16,21.4,0.83,4.76,0,False,4.0,53054695.0,10.46,10.78,12.07,9.3,12.13,9.3,12.25,8.7,12.25,12.16,RESISTANCE_BREAKOUT,BREAKOUT,0.25,,,0,,,0,False,False,11.51,ATR_FALLBACK,11.58,4.77,5.34,9.3,9.3,12.77,13.13,13.38,1.5,12.25,0.73,False,5.0,12.25,0.73,0.14,False,2.5,25.57,0.0,5030212.0,51435817.0,3.65,True,True,Graphic Packaging Holding Company,0,-9.4,UNCLASSIFIED,,0.0,NONE,0.0,0.0,NONE,,True,0,NOT CHECKED,NONE,NEUTRAL,,,,NOT CHECKED,False,NOT CHECKED,NONE,0,,False,-9.4,NO TRADE,NOT CHECKED,,,,,,,,,False,,,False,,,,False,,,,False,NONE,False,False,0,,,,NOT CHECKED,NO LIVE SIGNAL,-9.4,False
RCL,251.29,REJECT,REJECT,none,0,6,40,NO TRADE,WEAK,32.0,price<EMA20; EMA20>EMA50; EMA20 falling,-14.71,2.6,0.42,1.52,0,False,2.71,478606994.0,272.67,284.81,290.12,252.74,304.22,256.71,334.0,230.9,334.0,304.77,RESISTANCE_BREAKOUT,BREAKOUT,0.18,,,0,,,0,False,False,293.32,ATR_FALLBACK,294.54,3.35,3.76,252.74,252.74,320.0,329.15,335.24,2.13,334.0,9.59,True,5.0,329.15,8.0,2.13,False,2.5,21.46,0.0,1751796.0,469510695.0,2.42,True,True,Royal Caribbean Cruises Ltd. Common Stock,0,-9.5,UNCLASSIFIED,,0.0,NONE,0.0,0.0,NONE,,True,0,NOT CHECKED,NONE,NEUTRAL,,,,NOT CHECKED,False,NOT CHECKED,NONE,0,,False,-9.5,NO TRADE,NOT CHECKED,,,,,,,,,False,,,False,,,,False,,,,False,NONE,False,False,0,,,,NOT CHECKED,NO LIVE SIGNAL,-9.5,False
MBLY,8.06,REJECT,REJECT,none,0,6,55,NO TRADE,WEAK,32.0,price<EMA20; EMA20>EMA50; EMA20 falling,-10.6,33.1,0.59,6.93,0,False,3.72,29585153.0,8.43,8.63,9.55,7.86,9.2,7.1,10.35,6.47,11.26,9.22,RESISTANCE_BREAKOUT,BREAKOUT,0.26,,,0,,,0,False,False,8.67,EMA50,8.63,6.4,6.0,7.86,7.86,9.69,9.96,10.15,1.33,10.35,12.21,True,5.0,9.96,8.0,1.33,False,2.5,16.92,0.0,3459785.0,27107807.0,3.58,True,True,Mobileye Global Inc. - Class A Common Stock,0,-9.6,UNCLASSIFIED,,0.0,NONE,0.0,0.0,NONE,,True,0,NOT CHECKED,NONE,NEUTRAL,,,,NOT CHECKED,False,NOT CHECKED,NONE,0,,False,-9.6,NO TRADE,NOT CHECKED,,,,,,,,,False,,,False,,,,False,,,,False,NONE,False,False,0,,,,NOT CHECKED,NO LIVE SIGNAL,-9.6,False
CLX,87.66,REJECT,REJECT,none,0,6,40,NO TRADE,WEAK,32.0,price<EMA20; EMA20>EMA50; EMA20 falling,-15.23,7.7,0.37,6.52,0,False,3.02,285487543.0,95.11,97.34,101.05,85.72,109.42,85.72,109.42,83.72,124.42,109.63,RESISTANCE_BREAKOUT,BREAKOUT,0.19,,,0,,,0,False,False,105.18,ATR_FALLBACK,105.66,3.62,4.06,85.72,85.72,115.11,118.4,120.6,1.97,124.42,13.49,True,5.0,118.4,8.0,1.97,False,2.5,24.82,0.0,2950222.0,224683764.0,2.56,True,True,Clorox Company (The) Common Stock,0,-9.7,UNCLASSIFIED,,0.0,NONE,0.0,0.0,NONE,,True,0,NOT CHECKED,NONE,NEUTRAL,,,,NOT CHECKED,False,NOT CHECKED,NONE,0,,False,-9.7,NO TRADE,NOT CHECKED,,,,,,,,,False,,,False,,,,False,,,,False,NONE,False,False,0,,,,NOT CHECKED,NO LIVE SIGNAL,-9.7,False
GWRE,150.15,REJECT,REJECT,none,0,6,55,NO TRADE,WEAK,32.0,price<EMA20; EMA20>EMA50; EMA20 falling,-10.67,34.0,0.26,8.57,0,False,7.66,270552326.0,167.14,163.03,165.45,137.44,207.49,102.3,207.49,102.3,207.49,208.41,RESISTANCE_BREAKOUT,BREAKOUT,0.44,,,0,,,0,False,False,195.91,ATR_FALLBACK,191.15,8.28,6.0,137.44,137.44,218.83,225.08,229.25,1.33,,,False,5.0,225.08,8.0,1.33,False,2.5,38.18,0.0,1556790.0,242459330.0,4.4,True,True,"Guidewire Software, Inc. Common Stock",0,-9.7,UNCLASSIFIED,,0.0,NONE,0.0,0.0,NONE,,True,0,NOT CHECKED,NONE,NEUTRAL,,,,NOT CHECKED,False,NOT CHECKED,NONE,0,,False,-9.7,NO TRADE,NOT CHECKED,,,,,,,,,False,,,False,,,,False,,,,False,NONE,False,False,0,,,,NOT CHECKED,NO LIVE SIGNAL,-9.7,False
RRX,152.12,REJECT,REJECT,none,0,6,55,NO TRADE,WEAK,32.0,price<EMA20; EMA20>EMA50; EMA20 falling,-10.81,38.4,0.53,4.18,0,False,3.5,191523246.0,163.74,178.37,183.65,153.04,174.24,154.06,247.8,155.45,247.8,174.67,RESISTANCE_BREAKOUT,BREAKOUT,0.24,,,0,,,0,False,False,164.19,EMA20,163.74,6.26,6.0,153.04,153.04,183.4,188.64,192.13,1.33,247.8,41.87,True,5.0,188.64,8.0,1.33,False,2.5,16.9,0.0,1182662.0,183727711.0,3.14,True,True,Regal Rexnord Corporation Common Stock,0,-9.8,UNCLASSIFIED,,0.0,NONE,0.0,0.0,NONE,,True,0,NOT CHECKED,NONE,NEUTRAL,,,,NOT CHECKED,False,NOT CHECKED,NONE,0,,False,-9.8,NO TRADE,NOT CHECKED,,,,,,,,,False,,,False,,,,False,,,,False,NONE,False,False,0,,,,NOT CHECKED,NO LIVE SIGNAL,-9.8,False
BHF,48.48,REJECT,REJECT,none,0,6,55,NO TRADE,WEAK,32.0,price<EMA20; EMA20>EMA50; EMA20 falling,-11.0,32.0,0.42,3.18,0,False,3.12,53322384.0,52.92,56.62,59.05,49.51,56.29,49.51,66.8,51.55,66.8,56.41,RESISTANCE_BREAKOUT,BREAKOUT,0.22,,,0,,,0,False,False,53.03,EMA20,52.92,6.19,6.0,49.51,49.51,59.23,60.92,62.05,1.33,66.8,18.42,True,5.0,60.92,8.0,1.33,False,2.5,23.15,0.0,1017226.0,44497481.0,2.94,True,True,"Brighthouse Financial, Inc. - Common Stock",0,-9.8,UNCLASSIFIED,,0.0,NONE,0.0,0.0,NONE,,True,0,NOT CHECKED,NONE,NEUTRAL,,,,NOT CHECKED,False,NOT CHECKED,NONE,0,,False,-9.8,NO TRADE,NOT CHECKED,,,,,,,,,False,,,False,,,,False,,,,False,NONE,False,False,0,,,,NOT CHECKED,NO LIVE SIGNAL,-9.8,False
MXL,66.75,REJECT,REJECT,none,0,12,55,NO TRADE,WEAK,32.0,price<EMA20; EMA20>EMA50; EMA20 falling,-19.22,50.4,0.39,10.68,1,True,6.92,143744612.0,67.07,70.72,55.68,55.93,80.66,55.93,128.3,14.7,128.3,81.03,RESISTANCE_BREAKOUT,BREAKOUT,0.46,,,0,,,0,False,False,76.17,ATR_FALLBACK,74.1,8.55,6.0,62.88,55.93,85.08,87.51,89.13,1.33,128.3,58.34,True,5.0,87.51,8.0,1.33,False,2.5,33.33,0.0,2199771.0,140506198.0,6.83,True,True,"MaxLinear, Inc - Common Stock",0,-10.1,UNCLASSIFIED,,0.0,NONE,0.0,0.0,NONE,,True,0,NOT CHECKED,NONE,NEUTRAL,,,,NOT CHECKED,False,NOT CHECKED,NONE,0,,False,-10.1,NO TRADE,NOT CHECKED,,,,,,,,,False,,,False,,,,False,,,,False,NONE,False,False,0,,,,NOT CHECKED,NO LIVE SIGNAL,-10.1,True
GT,5.22,REJECT,REJECT,none,0,6,55,NO TRADE,WEAK,32.0,price<EMA20; EMA20>EMA50; EMA20 falling,-11.77,27.9,0.45,3.67,0,False,5.14,45824217.0,5.89,6.22,6.98,5.3,6.58,5.35,7.56,5.43,8.28,6.6,RESISTANCE_BREAKOUT,BREAKOUT,0.33,,,0,,,0,False,False,6.21,EMA50,6.22,5.83,6.0,5.3,5.3,6.93,7.13,7.26,1.33,7.56,14.52,True,5.0,7.13,8.0,1.33,False,2.5,26.17,0.0,7768825.0,40150753.0,4.11,True,True,The Goodyear Tire & Rubber Company - Common Stock,0,-10.2,UNCLASSIFIED,,0.0,NONE,0.0,0.0,NONE,,True,0,NOT CHECKED,NONE,NEUTRAL,,,,NOT CHECKED,False,NOT CHECKED,NONE,0,,False,-10.2,NO TRADE,NOT CHECKED,,,,,,,,,False,,,False,,,,False,,,,False,NONE,False,False,0,,,,NOT CHECKED,NO LIVE SIGNAL,-10.2,False
BSX,44.19,REJECT,REJECT,none,0,6,55,NO TRADE,WEAK,32.0,price<EMA20; EMA20>EMA50; EMA20 falling,-12.05,31.5,0.38,4.82,0,False,4.24,952626296.0,46.51,47.68,62.07,42.78,52.56,42.2,52.99,42.2,76.68,52.71,RESISTANCE_BREAKOUT,BREAKOUT,0.29,,,0,,,0,False,False,49.56,ATR_FALLBACK,49.9,5.33,5.97,42.78,42.78,55.35,56.93,57.98,1.34,52.99,0.53,False,5.0,52.99,0.53,0.09,False,2.5,18.94,0.0,20113283.0,894225255.0,3.62,True,True,Boston Scientific Corporation Common Stock,0,-10.4,UNCLASSIFIED,,0.0,NONE,0.0,0.0,NONE,,True,0,NOT CHECKED,NONE,NEUTRAL,,,,NOT CHECKED,False,NOT CHECKED,NONE,0,,False,-10.4,NO TRADE,NOT CHECKED,,,,,,,,,False,,,False,,,,False,,,,False,NONE,False,False,0,,,,NOT CHECKED,NO LIVE SIGNAL,-10.4,False
HAYW,12.69,REJECT,REJECT,none,0,6,55,NO TRADE,WEAK,32.0,price<EMA20; EMA20>EMA50; EMA20 falling,-12.03,19.9,0.54,3.94,0,False,2.72,27562413.0,13.78,14.4,14.95,12.84,15.28,12.84,17.42,12.93,17.42,15.31,RESISTANCE_BREAKOUT,BREAKOUT,0.18,,,0,,,0,False,False,14.39,EMA50,14.4,5.95,6.0,12.84,12.84,16.08,16.54,16.84,1.33,17.42,13.73,True,5.0,16.54,8.0,1.33,False,2.5,20.5,0.0,1994421.0,27883292.0,2.36,True,True,"Hayward Holdings, Inc. Common Stock",0,-10.4,UNCLASSIFIED,,0.0,NONE,0.0,0.0,NONE,,True,0,NOT CHECKED,NONE,NEUTRAL,,,,NOT CHECKED,False,NOT CHECKED,NONE,0,,False,-10.4,NO TRADE,NOT CHECKED,,,,,,,,,False,,,False,,,,False,,,,False,NONE,False,False,0,,,,NOT CHECKED,NO LIVE SIGNAL,-10.4,False
BLDR,59.83,REJECT,REJECT,none,0,6,55,NO TRADE,WEAK,32.0,price<EMA20; EMA20>EMA50; EMA20 falling,-12.76,25.4,0.62,7.29,0,False,4.26,138155562.0,64.71,69.44,87.14,58.13,73.04,58.13,90.96,65.1,102.43,73.24,RESISTANCE_BREAKOUT,BREAKOUT,0.28,,,0,,,0,False,False,68.98,EMA50,69.44,5.2,5.82,58.13,58.13,76.91,79.1,80.57,1.37,90.96,24.19,True,5.0,79.1,8.0,1.37,False,2.5,22.08,0.0,2127671.0,139446992.0,3.85,True,True,"Builders FirstSource, Inc. Common Stock",0,-10.7,UNCLASSIFIED,,0.0,NONE,0.0,0.0,NONE,,True,0,NOT CHECKED,NONE,NEUTRAL,,,,NOT CHECKED,False,NOT CHECKED,NONE,0,,False,-10.7,NO TRADE,NOT CHECKED,,,,,,,,,False,,,False,,,,False,,,,False,NONE,False,False,0,,,,NOT CHECKED,NO LIVE SIGNAL,-10.7,False
UPST,25.38,REJECT,REJECT,none,0,6,55,NO TRADE,WEAK,32.0,price<EMA20; EMA20>EMA50; EMA20 falling,-12.68,22.5,0.34,6.43,0,False,5.18,115393843.0,27.67,28.99,35.1,25.09,31.8,25.09,36.9,23.97,36.9,31.91,RESISTANCE_BREAKOUT,BREAKOUT,0.33,,,0,,,0,False,False,29.99,ATR_FALLBACK,29.93,6.18,6.0,25.09,25.09,33.5,34.46,35.1,1.33,36.9,15.66,True,5.0,34.46,8.0,1.33,False,2.5,25.32,0.0,4081438.0,105281361.0,4.61,True,True,"Upstart Holdings, Inc. - Common stock",0,-10.7,UNCLASSIFIED,,0.0,NONE,0.0,0.0,NONE,,True,0,NOT CHECKED,NONE,NEUTRAL,,,,NOT CHECKED,False,NOT CHECKED,NONE,0,,False,-10.7,NO TRADE,NOT CHECKED,,,,,,,,,False,,,False,,,,False,,,,False,NONE,False,False,0,,,,NOT CHECKED,NO LIVE SIGNAL,-10.7,False
SYK,282.02,REJECT,REJECT,none,0,6,55,NO TRADE,WEAK,32.0,price<EMA20; EMA20>EMA50; EMA20 falling,-12.95,22.9,0.34,2.66,0,False,3.73,837761590.0,303.05,315.59,332.05,267.0,343.9,267.0,352.49,280.25,387.25,344.74,RESISTANCE_BREAKOUT,BREAKOUT,0.24,,,0,,,0,False,False,327.06,ATR_FALLBACK,328.95,4.58,5.13,267.0,267.0,361.98,372.32,379.22,1.56,352.49,2.25,False,5.0,352.49,2.25,0.44,False,2.5,21.94,0.0,2756313.0,734068658.0,3.23,True,True,Stryker Corporation Common Stock,0,-10.8,UNCLASSIFIED,,0.0,NONE,0.0,0.0,NONE,,True,0,NOT CHECKED,NONE,NEUTRAL,,,,NOT CHECKED,False,NOT CHECKED,NONE,0,,False,-10.8,NO TRADE,NOT CHECKED,,,,,,,,,False,,,False,,,,False,,,,False,NONE,False,False,0,,,,NOT CHECKED,NO LIVE SIGNAL,-10.8,False
ALB,113.39,REJECT,REJECT,none,0,6,55,NO TRADE,WEAK,32.0,price<EMA20; EMA20>EMA50; EMA20 falling,-13.06,25.7,0.35,6.75,0,False,4.69,281692577.0,126.5,131.69,140.35,114.27,143.58,111.18,159.82,111.18,219.7,144.0,RESISTANCE_BREAKOUT,BREAKOUT,0.3,,,0,,,0,False,False,135.36,ATR_FALLBACK,136.03,5.54,6.0,114.27,114.27,151.2,155.52,158.4,1.33,159.82,10.99,True,5.0,155.52,8.0,1.33,False,2.5,26.62,0.0,2155312.0,255874717.0,3.65,True,True,Albemarle Corporation Common Stock,0,-10.9,UNCLASSIFIED,,0.0,NONE,0.0,0.0,NONE,,True,0,NOT CHECKED,NONE,NEUTRAL,,,,NOT CHECKED,False,NOT CHECKED,NONE,0,,False,-10.9,NO TRADE,NOT CHECKED,,,,,,,,,False,,,False,,,,False,,,,False,NONE,False,False,0,,,,NOT CHECKED,NO LIVE SIGNAL,-10.9,False
BIRK,30.34,REJECT,REJECT,none,0,6,40,NO TRADE,WEAK,32.0,price<EMA20; EMA20>EMA50; EMA20 falling,-17.84,21.6,0.38,11.59,1,True,3.88,84533159.0,33.8,36.88,40.0,30.25,38.33,30.25,46.94,31.12,50.73,38.42,RESISTANCE_BREAKOUT,BREAKOUT,0.25,,,0,,,0,False,False,36.67,EMA50,36.88,4.0,4.55,30.25,30.25,40.34,41.49,42.26,1.76,46.94,22.18,True,5.0,41.49,8.0,1.76,False,2.5,30.59,0.0,2470937.0,85398120.0,3.61,True,True,Birkenstock Holding plc Ordinary Shares,0,-11.0,UNCLASSIFIED,,0.0,NONE,0.0,0.0,NONE,,True,0,NOT CHECKED,NONE,NEUTRAL,,,,NOT CHECKED,False,NOT CHECKED,NONE,0,,False,-11.0,NO TRADE,NOT CHECKED,,,,,,,,,False,,,False,,,,False,,,,False,NONE,False,False,0,,,,NOT CHECKED,NO LIVE SIGNAL,-11.0,True
BEPC,29.34,REJECT,REJECT,none,0,6,55,NO TRADE,WEAK,32.0,price<EMA20; EMA20>EMA50; EMA20 falling,-13.34,22.0,0.43,4.73,0,False,2.78,49981765.0,31.71,33.09,35.75,29.61,34.74,30.54,38.41,31.43,43.19,34.81,RESISTANCE_BREAKOUT,BREAKOUT,0.19,,,0,,,0,False,False,32.95,EMA50,33.09,4.92,5.34,29.61,29.61,36.55,37.59,38.29,1.5,38.41,10.34,True,5.0,37.59,8.0,1.5,False,2.5,20.41,0.0,1569841.0,52945045.0,2.58,True,True,Brookfield Renewable Corporation Brookfield Renewable Corporation Class A Subordinate Voting Shares,0,-11.0,UNCLASSIFIED,,0.0,NONE,0.0,0.0,NONE,,True,0,NOT CHECKED,NONE,NEUTRAL,,,,NOT CHECKED,False,NOT CHECKED,NONE,0,,False,-11.0,NO TRADE,NOT CHECKED,,,,,,,,,False,,,False,,,,False,,,,False,NONE,False,False,0,,,,NOT CHECKED,NO LIVE SIGNAL,-11.0,False
ASML,1591.33,REJECT,REJECT,none,0,6,55,NO TRADE,WEAK,32.0,price<EMA20; EMA20>EMA50; EMA20 falling,-13.47,34.1,0.96,4.22,0,False,3.31,1978372555.0,1696.29,1712.73,1513.36,1572.84,1820.41,1530.64,1997.38,1243.78,1997.38,1824.63,RESISTANCE_BREAKOUT,BREAKOUT,0.23,,,0,,,0,False,False,1715.15,EMA50,1712.73,6.13,6.0,1572.84,1572.84,1915.86,1970.6,2007.09,1.33,1997.38,9.47,True,5.0,1970.6,8.0,1.33,False,2.5,19.17,0.0,1160253.0,1826254781.0,2.2,True,True,ASML Holding N.V. - New York Registry Shares,0,-11.1,UNCLASSIFIED,,0.0,NONE,0.0,0.0,NONE,,True,0,NOT CHECKED,NONE,NEUTRAL,,,,NOT CHECKED,False,NOT CHECKED,NONE,0,,False,-11.1,NO TRADE,NOT CHECKED,,,,,,,,,False,,,False,,,,False,,,,False,NONE,False,False,0,,,,NOT CHECKED,NO LIVE SIGNAL,-11.1,False
WHR,33.31,REJECT,REJECT,none,0,6,55,NO TRADE,WEAK,32.0,price<EMA20; EMA20>EMA50; EMA20 falling,-13.83,23.1,0.81,13.8,1,True,5.06,89830734.0,37.82,39.53,52.51,33.86,41.97,35.07,47.1,35.45,67.7,42.1,RESISTANCE_BREAKOUT,BREAKOUT,0.32,,,0,,,0,False,False,39.58,EMA50,39.53,6.12,6.0,33.86,33.86,44.21,45.47,46.32,1.33,47.1,11.86,True,5.0,45.47,8.0,1.33,False,2.5,25.98,0.0,2358525.0,77510073.0,4.17,True,True,Whirlpool Corporation Common Stock,0,-11.3,UNCLASSIFIED,,0.0,NONE,0.0,0.0,NONE,,True,0,NOT CHECKED,NONE,NEUTRAL,,,,NOT CHECKED,False,NOT CHECKED,NONE,0,,False,-11.3,NO TRADE,NOT CHECKED,,,,,,,,,False,,,False,,,,False,,,,False,NONE,False,False,0,,,,NOT CHECKED,NO LIVE SIGNAL,-11.3,True
IP,33.81,REJECT,REJECT,none,0,6,55,NO TRADE,WEAK,32.0,price<EMA20; EMA20>EMA50; EMA20 falling,-14.01,14.1,0.58,2.8,0,False,3.78,154021089.0,36.99,37.83,37.96,33.82,42.21,33.82,44.32,28.51,44.32,42.31,RESISTANCE_BREAKOUT,BREAKOUT,0.24,,,0,,,0,False,False,40.17,ATR_FALLBACK,40.4,4.53,5.07,33.82,33.82,44.43,45.7,46.54,1.58,44.32,4.73,False,5.0,44.32,4.73,0.93,False,2.5,24.86,0.0,4101841.0,149466520.0,3.17,True,True,International Paper Company Common Stock,0,-11.4,UNCLASSIFIED,,0.0,NONE,0.0,0.0,NONE,,True,0,NOT CHECKED,NONE,NEUTRAL,,,,NOT CHECKED,False,NOT CHECKED,NONE,0,,False,-11.4,NO TRADE,NOT CHECKED,,,,,,,,,False,,,False,,,,False,,,,False,NONE,False,False,0,,,,NOT CHECKED,NO LIVE SIGNAL,-11.4,False
COCO,54.94,REJECT,REJECT,none,0,6,55,NO TRADE,WEAK,32.0,price<EMA20; EMA20>EMA50; EMA20 falling,-14.1,24.2,0.61,6.34,0,False,4.23,64580776.0,57.74,62.66,60.55,50.62,68.25,50.62,85.15,45.02,85.83,68.44,RESISTANCE_BREAKOUT,BREAKOUT,0.27,,,0,,,0,False,False,64.53,ATR_FALLBACK,64.95,5.1,5.71,50.62,50.62,71.86,73.91,75.28,1.4,85.15,24.42,True,5.0,73.91,8.0,1.4,False,2.5,24.23,0.0,1127133.0,58040707.0,4.09,True,True,"The Vita Coco Company, Inc. - Common Stock",0,-11.4,UNCLASSIFIED,,0.0,NONE,0.0,0.0,NONE,,True,0,NOT CHECKED,NONE,NEUTRAL,,,,NOT CHECKED,False,NOT CHECKED,NONE,0,,False,-11.4,NO TRADE,NOT CHECKED,,,,,,,,,False,,,False,,,,False,,,,False,NONE,False,False,0,,,,NOT CHECKED,NO LIVE SIGNAL,-11.4,False
AMPX,9.2,REJECT,REJECT,none,0,6,40,NO TRADE,WEAK,32.0,price<EMA20; EMA20>EMA50; EMA20 falling,-18.53,36.1,0.47,8.42,0,False,4.92,42066187.0,9.96,11.07,12.8,8.85,11.36,8.44,16.63,8.44,24.23,11.4,RESISTANCE_BREAKOUT,BREAKOUT,0.32,,,0,,,0,False,False,10.99,EMA50,11.07,2.86,3.57,8.85,8.85,11.97,12.31,12.54,2.24,16.63,45.93,True,5.0,12.31,8.0,2.24,False,2.5,35.33,0.0,4223742.0,40110984.0,4.47,True,True,"Amprius Technologies, Inc. Common Stock",0,-11.4,UNCLASSIFIED,,0.0,NONE,0.0,0.0,NONE,,True,0,NOT CHECKED,NONE,NEUTRAL,,,,NOT CHECKED,False,NOT CHECKED,NONE,0,,False,-11.4,NO TRADE,NOT CHECKED,,,,,,,,,False,,,False,,,,False,,,,False,NONE,False,False,0,,,,NOT CHECKED,NO LIVE SIGNAL,-11.4,False
GENI,6.52,REJECT,REJECT,none,0,6,55,NO TRADE,WEAK,32.0,price<EMA20; EMA20>EMA50; EMA20 falling,-14.01,28.5,0.38,14.29,1,True,6.07,33409838.0,7.25,7.12,7.41,6.68,8.41,5.42,8.59,3.83,8.59,8.44,RESISTANCE_BREAKOUT,BREAKOUT,0.38,,,0,,,0,False,False,7.94,ATR_FALLBACK,7.85,7.03,6.0,6.68,6.68,8.86,9.12,9.29,1.33,8.59,1.76,False,5.0,8.59,1.76,0.29,False,2.5,29.07,0.0,4466058.0,31322373.0,5.25,True,True,Genius Sports Limited Ordinary Shares,0,-11.4,UNCLASSIFIED,,0.0,NONE,0.0,0.0,NONE,,True,0,NOT CHECKED,NONE,NEUTRAL,,,,NOT CHECKED,False,NOT CHECKED,NONE,0,,False,-11.4,NO TRADE,NOT CHECKED,,,,,,,,,False,,,False,,,,False,,,,False,NONE,False,False,0,,,,NOT CHECKED,NO LIVE SIGNAL,-11.4,True
BKNG,171.04,REJECT,REJECT,none,0,6,55,NO TRADE,WEAK,32.0,price<EMA20; EMA20>EMA50; EMA20 falling,-14.24,15.3,0.55,6.56,0,False,4.09,1125677646.0,189.15,190.5,188.14,169.71,216.8,163.73,216.8,149.4,216.8,217.36,RESISTANCE_BREAKOUT,BREAKOUT,0.26,,,0,,,0,False,False,205.6,ATR_FALLBACK,206.86,4.83,5.41,169.71,169.71,228.22,234.74,239.09,1.48,,,False,5.0,234.74,8.0,1.48,False,2.5,26.75,0.0,5853731.0,1040121440.0,3.21,True,True,Booking Holdings Inc. - Common Stock,0,-11.5,UNCLASSIFIED,,0.0,NONE,0.0,0.0,NONE,,True,0,NOT CHECKED,NONE,NEUTRAL,,,,NOT CHECKED,False,NOT CHECKED,NONE,0,,False,-11.5,NO TRADE,NOT CHECKED,,,,,,,,,False,,,False,,,,False,,,,False,NONE,False,False,0,,,,NOT CHECKED,NO LIVE SIGNAL,-11.5,False
JOBY,6.26,REJECT,REJECT,none,0,6,40,NO TRADE,WEAK,32.0,price<EMA20; EMA20>EMA50; EMA20 falling,-18.9,21.7,0.56,7.99,0,False,4.32,173766784.0,6.87,7.52,9.8,6.18,7.81,6.24,10.3,6.63,12.48,7.83,RESISTANCE_BREAKOUT,BREAKOUT,0.28,,,0,,,0,False,False,7.47,EMA50,7.52,3.98,4.6,6.18,6.18,8.22,8.46,8.61,1.74,10.3,31.45,True,5.0,8.46,8.0,1.74,False,2.5,27.26,0.0,25132708.0,172258269.0,3.86,True,True,"Joby Aviation, Inc. Common Stock",0,-11.5,UNCLASSIFIED,,0.0,NONE,0.0,0.0,NONE,,True,0,NOT CHECKED,NONE,NEUTRAL,,,,NOT CHECKED,False,NOT CHECKED,NONE,0,,False,-11.5,NO TRADE,NOT CHECKED,,,,,,,,,False,,,False,,,,False,,,,False,NONE,False,False,0,,,,NOT CHECKED,NO LIVE SIGNAL,-11.5,False
AMBA,65.62,REJECT,REJECT,none,0,6,55,NO TRADE,WEAK,32.0,price<EMA20; EMA20>EMA50; EMA20 falling,-14.42,38.9,0.34,8.38,0,False,6.22,115359280.0,68.89,71.34,71.64,58.12,77.04,58.12,94.0,48.3,96.36,77.37,RESISTANCE_BREAKOUT,BREAKOUT,0.42,,,0,,,0,False,False,72.72,ATR_FALLBACK,71.24,7.92,6.0,61.59,58.12,81.24,83.56,85.1,1.33,94.0,21.5,True,5.0,83.56,8.0,1.33,False,2.5,25.23,0.0,1714288.0,86145946.0,5.27,True,True,"Ambarella, Inc. - Ordinary Shares",0,-11.6,UNCLASSIFIED,,0.0,NONE,0.0,0.0,NONE,,True,0,NOT CHECKED,NONE,NEUTRAL,,,,NOT CHECKED,False,NOT CHECKED,NONE,0,,False,-11.6,NO TRADE,NOT CHECKED,,,,,,,,,False,,,False,,,,False,,,,False,NONE,False,False,0,,,,NOT CHECKED,NO LIVE SIGNAL,-11.6,False
NCLH,14.32,REJECT,REJECT,none,0,6,40,NO TRADE,WEAK,32.0,price<EMA20; EMA20>EMA50; EMA20 falling,-19.21,10.9,0.56,3.33,0,False,3.59,237942004.0,16.0,17.39,19.64,14.42,18.01,14.45,21.95,14.53,22.88,18.05,RESISTANCE_BREAKOUT,BREAKOUT,0.23,,,0,,,0,False,False,17.3,EMA50,17.39,3.67,4.18,14.42,14.42,18.95,19.5,19.86,1.91,21.95,21.6,True,5.0,19.5,8.0,1.91,False,2.5,32.19,0.0,14877622.0,232409635.0,3.16,True,True,Norwegian Cruise Line Holdings Ltd. Ordinary Shares,0,-11.7,UNCLASSIFIED,,0.0,NONE,0.0,0.0,NONE,,True,0,NOT CHECKED,NONE,NEUTRAL,,,,NOT CHECKED,False,NOT CHECKED,NONE,0,,False,-11.7,NO TRADE,NOT CHECKED,,,,,,,,,False,,,False,,,,False,,,,False,NONE,False,False,0,,,,NOT CHECKED,NO LIVE SIGNAL,-11.7,False
RELY,21.84,REJECT,REJECT,none,0,6,55,NO TRADE,WEAK,32.0,price<EMA20; EMA20>EMA50; EMA20 falling,-14.93,26.8,0.31,7.93,0,False,5.21,88037042.0,24.36,24.07,20.52,21.76,27.48,20.26,27.48,14.99,27.15,27.57,RESISTANCE_BREAKOUT,BREAKOUT,0.33,,,0,,,0,False,False,25.92,ATR_FALLBACK,25.86,6.19,6.0,21.76,21.76,28.95,29.78,30.33,1.33,,,False,5.0,29.78,8.0,1.33,False,2.5,25.82,0.0,3515468.0,81275250.0,4.45,True,True,"Remitly Global, Inc. - Common stock",0,-11.8,UNCLASSIFIED,,0.0,NONE,0.0,0.0,NONE,,True,0,NOT CHECKED,NONE,NEUTRAL,,,,NOT CHECKED,False,NOT CHECKED,NONE,0,,False,-11.8,NO TRADE,NOT CHECKED,,,,,,,,,False,,,False,,,,False,,,,False,NONE,False,False,0,,,,NOT CHECKED,NO LIVE SIGNAL,-11.8,False
OKLO,36.17,REJECT,REJECT,none,0,6,55,NO TRADE,WEAK,32.0,price<EMA20; EMA20>EMA50; EMA20 falling,-15.54,30.1,0.42,14.77,2,True,7.07,397059663.0,40.32,44.0,62.13,34.38,46.2,36.2,61.3,36.61,81.5,46.4,RESISTANCE_BREAKOUT,BREAKOUT,0.44,,,0,,,0,False,False,43.62,EMA50,44.0,5.17,6.0,34.38,34.38,48.72,50.12,51.05,1.33,61.3,32.1,True,5.0,50.12,8.0,1.33,False,2.5,27.73,0.0,9815164.0,329168110.0,5.91,True,True,Oklo Inc. Class A common stock,0,-12.1,UNCLASSIFIED,,0.0,NONE,0.0,0.0,NONE,,True,0,NOT CHECKED,NONE,NEUTRAL,,,,NOT CHECKED,False,NOT CHECKED,NONE,0,,False,-12.1,NO TRADE,NOT CHECKED,,,,,,,,,False,,,False,,,,False,,,,False,NONE,False,False,0,,,,NOT CHECKED,NO LIVE SIGNAL,-12.1,True
PINS,18.88,REJECT,REJECT,none,0,6,55,NO TRADE,WEAK,32.0,price<EMA20; EMA20>EMA50; EMA20 falling,-16.16,20.9,0.37,5.88,0,False,4.72,238938316.0,20.94,21.77,23.25,18.05,23.8,18.05,25.73,16.6,25.73,23.87,RESISTANCE_BREAKOUT,BREAKOUT,0.3,,,0,,,0,False,False,22.44,ATR_FALLBACK,22.53,5.6,6.0,18.05,18.05,25.06,25.78,26.26,1.33,25.73,7.77,True,5.0,25.73,7.77,1.29,False,2.5,26.89,0.0,11342944.0,220443486.0,3.63,True,True,"Pinterest, Inc. Class A Common Stock",0,-12.4,UNCLASSIFIED,,0.0,NONE,0.0,0.0,NONE,,True,0,NOT CHECKED,NONE,NEUTRAL,,,,NOT CHECKED,False,NOT CHECKED,NONE,0,,False,-12.4,NO TRADE,NOT CHECKED,,,,,,,,,False,,,False,,,,False,,,,False,NONE,False,False,0,,,,NOT CHECKED,NO LIVE SIGNAL,-12.4,False
APG,36.66,REJECT,REJECT,none,0,6,55,NO TRADE,WEAK,32.0,price<EMA20; EMA20>EMA50; EMA20 falling,-16.0,28.3,0.24,4.27,0,False,3.85,124124544.0,39.36,40.48,40.85,35.57,44.27,35.57,44.95,37.48,49.99,44.39,RESISTANCE_BREAKOUT,BREAKOUT,0.25,,,0,,,0,False,False,42.02,ATR_FALLBACK,42.27,4.77,5.34,35.57,35.57,46.61,47.94,48.83,1.5,44.95,1.27,False,5.0,44.95,1.27,0.24,False,2.5,22.61,0.0,3132822.0,107749524.0,3.27,True,True,APi Group Corporation Common Stock,0,-12.4,UNCLASSIFIED,,0.0,NONE,0.0,0.0,NONE,,True,0,NOT CHECKED,NONE,NEUTRAL,,,,NOT CHECKED,False,NOT CHECKED,NONE,0,,False,-12.4,NO TRADE,NOT CHECKED,,,,,,,,,False,,,False,,,,False,,,,False,NONE,False,False,0,,,,NOT CHECKED,NO LIVE SIGNAL,-12.4,False
FUN,12.7,REJECT,REJECT,none,0,6,55,NO TRADE,WEAK,32.0,price<EMA20; EMA20>EMA50; EMA20 falling,-16.56,26.9,0.48,8.64,0,False,6.42,27443492.0,14.97,16.56,18.52,12.86,17.24,13.12,24.78,14.92,26.28,17.31,RESISTANCE_BREAKOUT,BREAKOUT,0.38,,,0,,,0,False,False,16.41,EMA50,16.56,4.3,5.15,12.86,12.86,18.17,18.69,19.04,1.55,24.78,43.19,True,5.0,18.69,8.0,1.55,False,2.5,35.75,0.0,1806153.0,26951735.0,4.83,True,True,Six Flags Entertainment Corporation Common Stock New,0,-12.6,UNCLASSIFIED,,0.0,NONE,0.0,0.0,NONE,,True,0,NOT CHECKED,NONE,NEUTRAL,,,,NOT CHECKED,False,NOT CHECKED,NONE,0,,False,-12.6,NO TRADE,NOT CHECKED,,,,,,,,,False,,,False,,,,False,,,,False,NONE,False,False,0,,,,NOT CHECKED,NO LIVE SIGNAL,-12.6,False
IONS,47.6,REJECT,REJECT,none,0,6,55,NO TRADE,WEAK,32.0,price<EMA20; EMA20>EMA50; EMA20 falling,-16.79,7.7,0.93,3.85,0,False,4.85,173811595.0,56.68,59.96,67.76,51.31,64.19,50.01,86.74,50.01,86.74,64.37,RESISTANCE_BREAKOUT,BREAKOUT,0.29,,,0,,,0,False,False,60.51,ATR_FALLBACK,60.91,5.38,6.0,51.31,51.31,67.59,69.52,70.81,1.33,86.74,34.74,True,5.0,69.52,8.0,1.33,False,2.5,34.85,0.0,3011097.0,145759159.0,3.62,True,True,"Ionis Pharmaceuticals, Inc. - Common Stock",0,-12.7,UNCLASSIFIED,,0.0,NONE,0.0,0.0,NONE,,True,0,NOT CHECKED,NONE,NEUTRAL,,,,NOT CHECKED,False,NOT CHECKED,NONE,0,,False,-12.7,NO TRADE,NOT CHECKED,,,,,,,,,False,,,False,,,,False,,,,False,NONE,False,False,0,,,,NOT CHECKED,NO LIVE SIGNAL,-12.7,False
BCRX,8.06,REJECT,REJECT,none,0,6,55,NO TRADE,WEAK,32.0,price<EMA20; EMA20>EMA50; EMA20 falling,-16.84,20.6,0.55,5.08,0,False,4.71,31420226.0,9.17,9.38,8.82,8.05,10.23,8.05,11.22,7.79,11.22,10.26,RESISTANCE_BREAKOUT,BREAKOUT,0.3,,,0,,,0,False,False,9.64,ATR_FALLBACK,9.69,5.56,6.0,8.05,8.05,10.77,11.08,11.29,1.33,11.22,9.35,True,5.0,11.08,8.0,1.33,False,2.5,26.84,0.0,3414574.0,25505103.0,3.39,True,True,"BioCryst Pharmaceuticals, Inc. - Common Stock",0,-12.8,UNCLASSIFIED,,0.0,NONE,0.0,0.0,NONE,,True,0,NOT CHECKED,NONE,NEUTRAL,,,,NOT CHECKED,False,NOT CHECKED,NONE,0,,False,-12.8,NO TRADE,NOT CHECKED,,,,,,,,,False,,,False,,,,False,,,,False,NONE,False,False,0,,,,NOT CHECKED,NO LIVE SIGNAL,-12.8,False
VRT,236.61,REJECT,REJECT,none,0,6,55,NO TRADE,WEAK,32.0,price<EMA20; EMA20>EMA50; EMA20 falling,-17.04,43.0,0.55,4.73,0,False,6.18,1328577275.0,261.19,273.92,259.33,226.94,295.27,220.87,358.45,220.87,379.76,296.44,RESISTANCE_BREAKOUT,BREAKOUT,0.4,,,0,,,0,False,False,278.65,ATR_FALLBACK,274.5,7.4,6.0,226.94,226.94,311.26,320.15,326.08,1.33,358.45,20.92,True,5.0,320.15,8.0,1.33,False,2.5,26.89,0.0,5126426.0,1117453439.0,4.87,True,True,"Vertiv Holdings, LLC Class A Common Stock",0,-12.9,UNCLASSIFIED,,0.0,NONE,0.0,0.0,NONE,,True,0,NOT CHECKED,NONE,NEUTRAL,,,,NOT CHECKED,False,NOT CHECKED,NONE,0,,False,-12.9,NO TRADE,NOT CHECKED,,,,,,,,,False,,,False,,,,False,,,,False,NONE,False,False,0,,,,NOT CHECKED,NO LIVE SIGNAL,-12.9,False
PUMP,10.35,REJECT,REJECT,none,0,6,55,NO TRADE,WEAK,32.0,price<EMA20; EMA20>EMA50; EMA20 falling,-17.09,46.9,0.41,5.74,0,False,5.54,33798907.0,11.32,11.95,11.97,10.3,12.95,10.0,15.1,10.0,18.5,13.0,RESISTANCE_BREAKOUT,BREAKOUT,0.35,,,0,,,0,False,False,12.22,ATR_FALLBACK,12.14,6.61,6.0,10.39,10.39,13.65,14.04,14.3,1.33,15.1,16.19,True,5.0,14.04,8.0,1.33,False,2.5,25.18,0.0,2993216.0,34198913.0,5.02,True,True,ProPetro Holding Corp. Common Stock,0,-12.9,UNCLASSIFIED,,0.0,NONE,0.0,0.0,NONE,,True,0,NOT CHECKED,NONE,NEUTRAL,,,,NOT CHECKED,False,NOT CHECKED,NONE,0,,False,-12.9,NO TRADE,NOT CHECKED,,,,,,,,,False,,,False,,,,False,,,,False,NONE,False,False,0,,,,NOT CHECKED,NO LIVE SIGNAL,-12.9,False
NNE,15.85,REJECT,REJECT,none,0,6,55,NO TRADE,WEAK,32.0,price<EMA20; EMA20>EMA50; EMA20 falling,-17.04,31.7,0.45,9.2,0,False,6.6,28397113.0,17.67,18.7,24.38,15.7,19.87,14.71,27.57,14.71,31.59,19.96,RESISTANCE_BREAKOUT,BREAKOUT,0.42,,,0,,,0,False,False,18.76,EMA50,18.7,6.27,6.0,15.7,15.7,20.95,21.55,21.95,1.33,27.57,38.16,True,5.0,21.55,8.0,1.33,False,2.5,25.76,0.0,1573881.0,28118360.0,5.61,True,True,Nano Nuclear Energy Inc. - common stock,0,-12.9,UNCLASSIFIED,,0.0,NONE,0.0,0.0,NONE,,True,0,NOT CHECKED,NONE,NEUTRAL,,,,NOT CHECKED,False,NOT CHECKED,NONE,0,,False,-12.9,NO TRADE,NOT CHECKED,,,,,,,,,False,,,False,,,,False,,,,False,NONE,False,False,0,,,,NOT CHECKED,NO LIVE SIGNAL,-12.9,False
USAR,15.44,REJECT,REJECT,none,0,6,55,NO TRADE,WEAK,32.0,price<EMA20; EMA20>EMA50; EMA20 falling,-17.96,18.0,0.35,12.57,2,True,6.51,224575785.0,17.17,18.01,18.93,15.25,20.52,12.93,26.07,12.93,32.8,20.6,RESISTANCE_BREAKOUT,BREAKOUT,0.39,,,0,,,0,False,False,19.36,ATR_FALLBACK,19.09,7.31,6.0,15.25,15.25,21.63,22.25,22.66,1.33,26.07,26.55,True,5.0,22.25,8.0,1.33,False,2.5,32.94,0.0,12658569.0,227814820.0,6.11,True,True,"USA Rare Earth, Inc. - Common Stock",0,-13.3,UNCLASSIFIED,,0.0,NONE,0.0,0.0,NONE,,True,0,NOT CHECKED,NONE,NEUTRAL,,,,NOT CHECKED,False,NOT CHECKED,NONE,0,,False,-13.3,NO TRADE,NOT CHECKED,,,,,,,,,False,,,False,,,,False,,,,False,NONE,False,False,0,,,,NOT CHECKED,NO LIVE SIGNAL,-13.3,True
SHAK,59.41,REJECT,REJECT,none,0,6,55,NO TRADE,WEAK,32.0,price<EMA20; EMA20>EMA50; EMA20 falling,-17.9,16.9,0.56,12.25,1,True,4.97,70193463.0,66.74,66.9,76.2,61.32,76.41,52.12,76.41,51.6,106.84,76.65,RESISTANCE_BREAKOUT,BREAKOUT,0.31,,,0,,,0,False,False,72.05,ATR_FALLBACK,72.22,5.77,6.0,61.32,61.32,80.48,82.78,84.31,1.33,106.84,39.39,True,5.0,82.78,8.0,1.33,False,2.5,28.61,0.0,1025075.0,67919860.0,3.87,True,True,"Shake Shack, Inc. Class A Common Stock",0,-13.3,UNCLASSIFIED,,0.0,NONE,0.0,0.0,NONE,,True,0,NOT CHECKED,NONE,NEUTRAL,,,,NOT CHECKED,False,NOT CHECKED,NONE,0,,False,-13.3,NO TRADE,NOT CHECKED,,,,,,,,,False,,,False,,,,False,,,,False,NONE,False,False,0,,,,NOT CHECKED,NO LIVE SIGNAL,-13.3,True
IONQ,37.4,REJECT,REJECT,none,0,6,55,NO TRADE,WEAK,32.0,price<EMA20; EMA20>EMA50; EMA20 falling,-18.13,36.2,0.44,11.86,1,True,6.33,729157084.0,39.32,41.52,45.97,35.0,46.46,31.81,61.99,25.89,73.65,46.65,RESISTANCE_BREAKOUT,BREAKOUT,0.41,,,0,,,0,False,False,43.85,ATR_FALLBACK,43.1,7.61,6.0,35.0,35.0,48.98,50.38,51.31,1.33,61.99,32.89,True,5.0,50.38,8.0,1.33,False,2.5,26.23,0.0,18231994.0,653889142.0,5.82,True,True,"IonQ, Inc. Common Stock",0,-13.4,UNCLASSIFIED,,0.0,NONE,0.0,0.0,NONE,,True,0,NOT CHECKED,NONE,NEUTRAL,,,,NOT CHECKED,False,NOT CHECKED,NONE,0,,False,-13.4,NO TRADE,NOT CHECKED,,,,,,,,,False,,,False,,,,False,,,,False,NONE,False,False,0,,,,NOT CHECKED,NO LIVE SIGNAL,-13.4,True
UUUU,11.81,REJECT,REJECT,none,0,6,55,NO TRADE,WEAK,32.0,price<EMA20; EMA20>EMA50; EMA20 falling,-18.16,10.0,0.71,9.61,0,False,6.47,91851212.0,13.85,14.18,16.07,12.21,16.5,10.69,16.93,10.69,25.79,16.56,RESISTANCE_BREAKOUT,BREAKOUT,0.37,,,0,,,0,False,False,15.57,ATR_FALLBACK,15.42,6.92,6.0,12.21,12.21,17.39,17.89,18.22,1.33,16.93,2.23,False,5.0,16.93,2.23,0.37,False,2.5,39.77,0.0,6392660.0,87745574.0,5.35,True,True,Energy Fuels Inc Ordinary Shares (Canada),0,-13.4,UNCLASSIFIED,,0.0,NONE,0.0,0.0,NONE,,True,0,NOT CHECKED,NONE,NEUTRAL,,,,NOT CHECKED,False,NOT CHECKED,NONE,0,,False,-13.4,NO TRADE,NOT CHECKED,,,,,,,,,False,,,False,,,,False,,,,False,NONE,False,False,0,,,,NOT CHECKED,NO LIVE SIGNAL,-13.4,False
NAMS,21.34,REJECT,REJECT,none,0,6,55,NO TRADE,WEAK,32.0,price<EMA20; EMA20>EMA50; EMA20 falling,-18.64,20.9,0.43,4.7,0,False,6.25,31877770.0,24.92,27.39,30.36,21.23,28.76,21.23,37.37,24.8,42.21,28.87,RESISTANCE_BREAKOUT,BREAKOUT,0.37,,,0,,,0,False,False,27.15,EMA50,27.39,5.1,5.93,21.23,21.23,30.31,31.18,31.75,1.35,37.37,29.46,True,5.0,31.18,8.0,1.35,False,2.5,34.77,0.0,1270725.0,25466583.0,4.92,True,True,NewAmsterdam Pharma Company N.V. - Ordinary Shares,0,-13.7,UNCLASSIFIED,,0.0,NONE,0.0,0.0,NONE,,True,0,NOT CHECKED,NONE,NEUTRAL,,,,NOT CHECKED,False,NOT CHECKED,NONE,0,,False,-13.7,NO TRADE,NOT CHECKED,,,,,,,,,False,,,False,,,,False,,,,False,NONE,False,False,0,,,,NOT CHECKED,NO LIVE SIGNAL,-13.7,False
RKLB,64.1,REJECT,REJECT,none,0,6,55,NO TRADE,WEAK,32.0,price<EMA20; EMA20>EMA50; EMA20 falling,-19.88,41.8,0.84,9.46,0,False,4.34,1079789454.0,66.44,73.33,77.4,60.51,81.04,58.2,107.6,56.13,151.0,81.26,RESISTANCE_BREAKOUT,BREAKOUT,0.27,,,0,,,0,False,False,76.59,ATR_FALLBACK,77.09,5.14,5.76,60.51,60.51,85.33,87.76,89.39,1.39,107.6,32.41,True,5.0,87.76,8.0,1.39,False,2.5,33.47,0.0,16266035.0,997541101.0,4.44,True,True,Rocket Lab Corporation - Common Stock,0,-14.3,UNCLASSIFIED,,0.0,NONE,0.0,0.0,NONE,,True,0,NOT CHECKED,NONE,NEUTRAL,,,,NOT CHECKED,False,NOT CHECKED,NONE,0,,False,-14.3,NO TRADE,NOT CHECKED,,,,,,,,,False,,,False,,,,False,,,,False,NONE,False,False,0,,,,NOT CHECKED,NO LIVE SIGNAL,-14.3,False
STX,763.52,REJECT,REJECT,none,0,6,55,NO TRADE,WEAK,32.0,price<EMA20; EMA20>EMA50; EMA20 falling,-21.22,40.9,0.7,7.03,0,False,5.91,2885977180.0,837.47,842.14,659.97,763.52,961.27,698.99,1127.19,341.16,1144.18,964.88,RESISTANCE_BREAKOUT,BREAKOUT,0.38,,,0,,,0,False,False,906.99,ATR_FALLBACK,897.15,7.02,6.0,769.0,763.52,1013.13,1042.07,1061.37,1.33,1127.19,16.82,True,5.0,1042.07,8.0,1.33,False,2.5,32.8,0.0,3431496.0,2650327540.0,5.36,True,True,Seagate Technology Holdings PLC - Ordinary Shares (Ireland),0,-14.4,UNCLASSIFIED,,0.0,NONE,0.0,0.0,NONE,,True,0,NOT CHECKED,NONE,NEUTRAL,,,,NOT CHECKED,False,NOT CHECKED,NONE,0,,False,-14.4,NO TRADE,NOT CHECKED,,,,,,,,,False,,,False,,,,False,,,,False,NONE,False,False,0,,,,NOT CHECKED,NO LIVE SIGNAL,-14.4,False
CRWV,81.63,REJECT,REJECT,none,0,6,55,NO TRADE,WEAK,32.0,price<EMA20; EMA20>EMA50; EMA20 falling,-20.96,43.0,0.34,19.28,2,True,6.51,1902427675.0,87.87,89.22,96.0,79.03,104.59,60.55,119.19,60.55,138.25,105.01,RESISTANCE_BREAKOUT,BREAKOUT,0.41,,,0,,,0,False,False,98.71,ATR_FALLBACK,97.05,7.59,6.0,82.08,79.03,110.27,113.42,115.52,1.33,119.19,13.5,True,5.0,113.42,8.0,1.33,False,2.5,34.63,0.0,21317736.0,1639244204.0,5.23,True,True,"CoreWeave, Inc. - Class A Common Stock",0,-14.4,UNCLASSIFIED,,0.0,NONE,0.0,0.0,NONE,,True,0,NOT CHECKED,NONE,NEUTRAL,,,,NOT CHECKED,False,NOT CHECKED,NONE,0,,False,-14.4,NO TRADE,NOT CHECKED,,,,,,,,,False,,,False,,,,False,,,,False,NONE,False,False,0,,,,NOT CHECKED,NO LIVE SIGNAL,-14.4,True
HWM,224.55,REJECT,REJECT,none,0,6,55,NO TRADE,WEAK,32.0,price<EMA20; EMA20>EMA50; EMA20 falling,-20.31,28.2,0.52,4.06,0,False,4.55,921612178.0,249.92,261.98,247.99,223.03,293.4,226.3,309.85,220.31,309.85,294.22,RESISTANCE_BREAKOUT,BREAKOUT,0.28,,,0,,,0,False,False,277.07,ATR_FALLBACK,278.9,5.2,5.83,223.03,223.03,308.93,317.75,323.64,1.37,309.85,5.31,True,5.0,309.85,5.31,0.91,False,2.5,30.66,0.0,3712229.0,730043038.0,3.3,True,True,Howmet Aerospace Inc. Common Stock,0,-14.4,UNCLASSIFIED,,0.0,NONE,0.0,0.0,NONE,,True,0,NOT CHECKED,NONE,NEUTRAL,,,,NOT CHECKED,False,NOT CHECKED,NONE,0,,False,-14.4,NO TRADE,NOT CHECKED,,,,,,,,,False,,,False,,,,False,,,,False,NONE,False,False,0,,,,NOT CHECKED,NO LIVE SIGNAL,-14.4,False
TER,327.16,REJECT,REJECT,none,0,6,55,NO TRADE,WEAK,32.0,price<EMA20; EMA20>EMA50; EMA20 falling,-24.12,39.1,0.49,10.32,1,True,5.73,881082143.0,361.05,367.78,319.92,325.87,424.6,296.71,487.72,262.82,487.72,426.1,RESISTANCE_BREAKOUT,BREAKOUT,0.35,,,0,,,0,False,False,400.53,ATR_FALLBACK,397.96,6.6,6.0,328.59,325.87,447.4,460.19,468.71,1.33,487.72,14.46,True,5.0,460.19,8.0,1.33,False,2.5,35.71,0.0,2423127.0,853547321.0,4.59,True,True,"Teradyne, Inc. - Common Stock",0,-14.4,UNCLASSIFIED,,0.0,NONE,0.0,0.0,NONE,,True,0,NOT CHECKED,NONE,NEUTRAL,,,,NOT CHECKED,False,NOT CHECKED,NONE,0,,False,-14.4,NO TRADE,NOT CHECKED,,,,,,,,,False,,,False,,,,False,,,,False,NONE,False,False,0,,,,NOT CHECKED,NO LIVE SIGNAL,-14.4,True
MTSI,236.65,REJECT,REJECT,none,0,6,55,NO TRADE,WEAK,32.0,price<EMA20; EMA20>EMA50; EMA20 falling,-25.72,36.9,0.35,14.49,1,True,5.56,334672613.0,267.91,283.06,264.85,239.27,315.09,228.02,401.69,197.63,418.9,316.14,RESISTANCE_BREAKOUT,BREAKOUT,0.33,,,0,,,0,False,False,297.17,ATR_FALLBACK,296.4,6.25,6.0,239.27,239.27,331.95,341.43,347.76,1.33,401.69,27.06,True,5.0,341.43,8.0,1.33,False,2.5,39.86,0.0,1246480.0,289929281.0,4.74,True,True,"MACOM Technology Solutions Holdings, Inc. - Common Stock",0,-14.4,UNCLASSIFIED,,0.0,NONE,0.0,0.0,NONE,,True,0,NOT CHECKED,NONE,NEUTRAL,,,,NOT CHECKED,False,NOT CHECKED,NONE,0,,False,-14.4,NO TRADE,NOT CHECKED,,,,,,,,,False,,,False,,,,False,,,,False,NONE,False,False,0,,,,NOT CHECKED,NO LIVE SIGNAL,-14.4,True
FTAI,175.75,REJECT,REJECT,none,0,6,55,NO TRADE,WEAK,32.0,price<EMA20; EMA20>EMA50; EMA20 falling,-20.7,31.5,0.52,7.42,0,False,4.94,243699961.0,193.36,207.95,221.01,174.8,222.5,177.43,284.37,178.71,306.49,223.19,RESISTANCE_BREAKOUT,BREAKOUT,0.31,,,0,,,0,False,False,209.8,ATR_FALLBACK,210.17,5.83,6.0,174.8,174.8,234.35,241.05,245.51,1.33,284.37,27.41,True,5.0,241.05,8.0,1.33,False,2.5,33.48,0.0,1260434.0,227671013.0,4.45,True,True,FTAI Aviation Ltd. - Common Stock,0,-14.4,UNCLASSIFIED,,0.0,NONE,0.0,0.0,NONE,,True,0,NOT CHECKED,NONE,NEUTRAL,,,,NOT CHECKED,False,NOT CHECKED,NONE,0,,False,-14.4,NO TRADE,NOT CHECKED,,,,,,,,,False,,,False,,,,False,,,,False,NONE,False,False,0,,,,NOT CHECKED,NO LIVE SIGNAL,-14.4,False
COO,53.5,REJECT,REJECT,none,0,6,55,NO TRADE,WEAK,32.0,price<EMA20; EMA20>EMA50; EMA20 falling,-26.73,8.1,0.46,2.82,0,False,4.98,205638646.0,65.41,68.81,70.28,51.01,78.11,51.01,78.11,58.89,84.09,78.32,RESISTANCE_BREAKOUT,BREAKOUT,0.27,,,0,,,0,False,False,73.85,ATR_FALLBACK,74.33,5.1,5.71,51.01,51.01,82.24,84.59,86.16,1.4,84.09,7.36,True,5.0,84.09,7.36,1.29,False,2.5,46.0,0.0,3311991.0,115920786.0,2.81,True,True,"The Cooper Companies, Inc.  - Common Stock",0,-14.4,UNCLASSIFIED,,0.0,NONE,0.0,0.0,NONE,,True,0,NOT CHECKED,NONE,NEUTRAL,,,,NOT CHECKED,False,NOT CHECKED,NONE,0,,False,-14.4,NO TRADE,NOT CHECKED,,,,,,,,,False,,,False,,,,False,,,,False,NONE,False,False,0,,,,NOT CHECKED,NO LIVE SIGNAL,-14.4,False
PL,16.17,REJECT,REJECT,none,0,6,55,NO TRADE,WEAK,32.0,price<EMA20; EMA20>EMA50; EMA20 falling,-31.65,10.7,0.44,6.04,0,False,6.72,189427211.0,19.08,22.41,24.85,15.98,23.92,16.44,34.25,19.16,51.76,24.0,RESISTANCE_BREAKOUT,BREAKOUT,0.36,,,0,,,0,False,False,22.56,ATR_FALLBACK,22.37,6.79,6.0,15.98,15.98,25.2,25.92,26.4,1.33,34.25,42.7,True,5.0,25.92,8.0,1.33,False,2.5,55.59,0.0,10143365.0,129191668.0,5.46,True,True,Planet Labs PBC Class A Common Stock,0,-14.4,UNCLASSIFIED,,0.0,NONE,0.0,0.0,NONE,,True,0,NOT CHECKED,NONE,NEUTRAL,,,,NOT CHECKED,False,NOT CHECKED,NONE,0,,False,-14.4,NO TRADE,NOT CHECKED,,,,,,,,,False,,,False,,,,False,,,,False,NONE,False,False,0,,,,NOT CHECKED,NO LIVE SIGNAL,-14.4,False
KTOS,48.73,REJECT,REJECT,none,0,6,55,NO TRADE,WEAK,32.0,price<EMA20; EMA20>EMA50; EMA20 falling,-20.98,33.7,0.72,6.69,0,False,4.49,158735548.0,50.46,52.75,64.27,45.47,64.15,43.09,67.1,43.09,97.1,64.32,RESISTANCE_BREAKOUT,BREAKOUT,0.27,,,0,,,0,False,False,60.65,ATR_FALLBACK,61.04,5.1,5.71,45.47,45.47,67.54,69.47,70.76,1.4,67.1,4.31,False,5.0,67.1,4.31,0.76,False,2.5,33.57,0.0,3102413.0,166246475.0,4.77,True,True,"Kratos Defense & Security Solutions, Inc. - Common Stock",0,-14.4,UNCLASSIFIED,,0.0,NONE,0.0,0.0,NONE,,True,0,NOT CHECKED,NONE,NEUTRAL,,,,NOT CHECKED,False,NOT CHECKED,NONE,0,,False,-14.4,NO TRADE,NOT CHECKED,,,,,,,,,False,,,False,,,,False,,,,False,NONE,False,False,0,,,,NOT CHECKED,NO LIVE SIGNAL,-14.4,False
KRMN,37.26,REJECT,REJECT,none,0,6,55,NO TRADE,WEAK,32.0,price<EMA20; EMA20>EMA50; EMA20 falling,-37.65,18.5,0.7,7.27,0,False,6.72,115527142.0,42.6,48.29,62.54,33.99,61.4,33.99,63.73,41.44,108.47,61.61,RESISTANCE_BREAKOUT,BREAKOUT,0.33,,,0,,,0,False,False,57.91,ATR_FALLBACK,57.85,6.09,6.0,33.99,33.99,64.69,66.53,67.77,1.33,63.73,3.45,False,5.0,63.73,3.45,0.57,False,2.5,71.02,0.0,2729185.0,113644516.0,6.12,True,True,Karman Holdings Inc. Common Stock,0,-14.4,UNCLASSIFIED,,0.0,NONE,0.0,0.0,NONE,,True,0,NOT CHECKED,NONE,NEUTRAL,,,,NOT CHECKED,False,NOT CHECKED,NONE,0,,False,-14.4,NO TRADE,NOT CHECKED,,,,,,,,,False,,,False,,,,False,,,,False,NONE,False,False,0,,,,NOT CHECKED,NO LIVE SIGNAL,-14.4,False
DYN,17.97,REJECT,REJECT,none,0,6,55,NO TRADE,WEAK,32.0,price<EMA20; EMA20>EMA50; EMA20 falling,-29.25,7.4,0.54,3.0,0,False,7.72,63662469.0,22.37,23.15,20.25,17.0,26.94,17.0,27.31,14.0,27.31,27.05,RESISTANCE_BREAKOUT,BREAKOUT,0.41,,,0,,,0,False,False,25.43,ATR_FALLBACK,24.97,7.69,6.0,17.0,17.0,28.4,29.22,29.76,1.33,27.31,0.94,False,5.0,27.31,0.94,0.16,False,2.5,49.92,0.0,2913600.0,40585375.0,4.53,True,True,"Dyne Therapeutics, Inc. - Common Stock",0,-14.4,UNCLASSIFIED,,0.0,NONE,0.0,0.0,NONE,,True,0,NOT CHECKED,NONE,NEUTRAL,,,,NOT CHECKED,False,NOT CHECKED,NONE,0,,False,-14.4,NO TRADE,NOT CHECKED,,,,,,,,,False,,,False,,,,False,,,,False,NONE,False,False,0,,,,NOT CHECKED,NO LIVE SIGNAL,-14.4,False
POET,7.24,REJECT,REJECT,none,0,6,55,NO TRADE,WEAK,32.0,price<EMA20; EMA20>EMA50; EMA20 falling,-20.9,40.0,0.45,16.44,1,True,6.23,63363655.0,7.83,8.33,8.24,7.02,9.08,6.28,12.7,4.87,20.81,9.12,RESISTANCE_BREAKOUT,BREAKOUT,0.4,,,0,,,0,False,False,8.57,ATR_FALLBACK,8.44,7.42,6.0,7.35,7.02,9.57,9.85,10.03,1.33,12.7,39.31,True,5.0,9.85,8.0,1.33,False,2.5,38.03,0.0,8027104.0,58693919.0,5.09,True,True,POET Technologies Inc. - Common Shares,0,-14.4,UNCLASSIFIED,,0.0,NONE,0.0,0.0,NONE,,True,0,NOT CHECKED,NONE,NEUTRAL,,,,NOT CHECKED,False,NOT CHECKED,NONE,0,,False,-14.4,NO TRADE,NOT CHECKED,,,,,,,,,False,,,False,,,,False,,,,False,NONE,False,False,0,,,,NOT CHECKED,NO LIVE SIGNAL,-14.4,True
CRI,29.0,REJECT,REJECT,none,0,6,55,NO TRADE,WEAK,32.0,price<EMA20; EMA20>EMA50; EMA20 falling,-20.7,25.6,0.57,2.28,0,False,4.56,47337231.0,32.94,35.38,35.56,30.02,38.53,30.02,43.94,31.01,43.94,38.64,RESISTANCE_BREAKOUT,BREAKOUT,0.27,,,0,,,0,False,False,36.41,ATR_FALLBACK,36.65,5.14,5.75,30.02,30.02,40.57,41.73,42.5,1.39,43.94,13.72,True,5.0,41.73,8.0,1.39,False,2.5,32.86,0.0,1440158.0,46445229.0,3.91,True,True,"Carter's, Inc. Common Stock",0,-14.4,UNCLASSIFIED,,0.0,NONE,0.0,0.0,NONE,,True,0,NOT CHECKED,NONE,NEUTRAL,,,,NOT CHECKED,False,NOT CHECKED,NONE,0,,False,-14.4,NO TRADE,NOT CHECKED,,,,,,,,,False,,,False,,,,False,,,,False,NONE,False,False,0,,,,NOT CHECKED,NO LIVE SIGNAL,-14.4,False
UTI,20.26,REJECT,REJECT,none,0,6,55,NO TRADE,WEAK,32.0,price<EMA20; EMA20>EMA50; EMA20 falling,-20.48,27.5,0.61,3.98,0,False,5.96,36016316.0,22.82,28.44,32.69,19.52,26.53,20.18,51.34,20.74,51.34,26.63,RESISTANCE_BREAKOUT,BREAKOUT,0.36,,,0,,,0,False,False,25.03,ATR_FALLBACK,24.81,6.8,6.0,19.52,19.52,27.96,28.76,29.29,1.33,51.34,92.81,True,5.0,28.76,8.0,1.33,False,2.5,30.92,0.0,1653450.0,36286245.0,5.93,True,True,Universal Technical Institute Inc Common Stock,0,-14.4,UNCLASSIFIED,,0.0,NONE,0.0,0.0,NONE,,True,0,NOT CHECKED,NONE,NEUTRAL,,,,NOT CHECKED,False,NOT CHECKED,NONE,0,,False,-14.4,NO TRADE,NOT CHECKED,,,,,,,,,False,,,False,,,,False,,,,False,NONE,False,False,0,,,,NOT CHECKED,NO LIVE SIGNAL,-14.4,False
TNDM,16.78,REJECT,REJECT,none,0,6,55,NO TRADE,WEAK,32.0,price<EMA20; EMA20>EMA50; EMA20 falling,-22.57,10.5,0.49,19.11,1,True,6.01,30214469.0,19.63,19.52,18.45,16.6,24.81,13.95,24.81,12.26,26.38,24.89,RESISTANCE_BREAKOUT,BREAKOUT,0.33,,,0,,,0,False,False,23.4,ATR_FALLBACK,23.38,6.08,6.0,16.6,16.6,26.14,26.88,27.38,1.33,26.38,5.98,True,5.0,26.38,5.98,1.0,False,2.5,47.85,0.0,1462015.0,29549401.0,5.21,True,True,"Tandem Diabetes Care, Inc. - Common Stock",0,-14.4,UNCLASSIFIED,,0.0,NONE,0.0,0.0,NONE,,True,0,NOT CHECKED,NONE,NEUTRAL,,,,NOT CHECKED,False,NOT CHECKED,NONE,0,,False,-14.4,NO TRADE,NOT CHECKED,,,,,,,,,False,,,False,,,,False,,,,False,NONE,False,False,0,,,,NOT CHECKED,NO LIVE SIGNAL,-14.4,True
