ticker,price,stage,technical_stage,pattern,formation_score,technical_score,risk_score,decision,market_regime_state,market_regime_score,market_regime_reason,rs20_vs_spy,rsi14,rvol,max_up_day_30d_pct,ten_pct_up_days_30d,explosive_move_30d,atr_pct,avg_dollar_volume,ema20,ema50,ema200,daily_support,daily_resistance,weekly_support,weekly_resistance,monthly_support,monthly_resistance,entry_trigger,entry_model,entry_condition,entry_buffer_pct,retest_reference,retest_distance_pct,retest_quality_score,retest_quality_reasons,ema20_slope5_pct,support_touch_count,higher_low,bullish_close,stop,stop_basis,stop_anchor,stop_anchor_distance_pct,risk_pct,swing5_low,swing10_low,target_5,target_8,target_10,rr_to_8pct,next_higher_resistance,runway_to_next_resistance_pct,runway_ok,min_runway_required_pct,effective_target,effective_target_pct,effective_rr,effective_rr_ok,min_effective_rr_required,distance_to_20d_high_pct,extension_above_20d_high_pct,avg_share_volume20,median_dollar_volume20,adr20_pct,liquidity_gate_passed,volatility_gate_passed,company_name,stage_rank,rank_score,theme,theme_etf,theme_score,theme_state,theme_bonus,theme_match_confidence,theme_match_source,theme_match_reason,sector_regime_ok,catalyst_score,catalyst_status,catalyst_type,catalyst_bias,catalyst_headline,catalyst_provider,catalyst_age_hours,catalyst_relevance,catalyst_fresh,news_freshness_status,catalyst_materiality,rejected_news_count,earnings_days,negative_catalyst_risk,final_score,final_decision,live_status,live_session_date,live_bar_at_et,live_bar_high,live_bar_low,live_price,session_high,session_low,live_vwap,live_above_vwap,opening_range_high,opening_range_low,live_above_or_high,intraday_rvol,volume_vs_9ma,opening_30m_rvol,opening_volume_spike_2x,quote_bid,quote_ask,bid_ask_spread_pct,spread_gate_passed,spread_gate_source,live_trigger_reached,live_retest_touched,live_confirmation_score,premarket_price,premarket_gap_pct,premarket_volume,premarket_status,live_trade_action,order_flow_mode,order_flow_score,order_flow_state,buy_pressure_pct,sell_pressure_pct,signed_volume_proxy,volume_imbalance_proxy,close_location_value,volume_impulse,vwap_pressure,market_hunt_score,universal_10pct_gate
DE,682.59,FORMING,FORMING,"20/50 uptrend, rising EMA50, compressed below 20d resistance, tight range, bull flag/pullback, volume contraction",76,94,35,WATCHLIST,WEAK,37.0,price<EMA20; EMA20>EMA50; EMA20 falling,18.48,72.1,0.32,6.94,0,False,2.51,909872115.0,663.61,637.42,579.87,586.48,705.88,576.45,705.88,513.82,660.7,707.25,RESISTANCE_BREAKOUT,BREAKOUT,0.19,,,0,,,0,False,False,664.82,SWING5,665.45,5.91,6.0,665.45,665.45,742.62,763.83,777.98,1.33,,,False,5.0,763.83,8.0,1.33,False,2.5,3.41,0.0,1372400.0,779128618.0,2.91,True,True,Deere & Company Common Stock,3,80.3,UNCLASSIFIED,,0.0,NONE,0.0,0.0,NONE,,True,30,ACTIVE,FRESH NEWS,NEUTRAL,Is Deere (DE) Undervalued As Its Earnings Beat Reframes The Valuation Debate?,Simply Wall St.,28.3,COMPANY_NAME,True,FRESH_72H,LOW,7,68.8,False,86.3,WATCHLIST,LIVE,2026-09-17,2026-09-17T13:30:00-04:00,682.68,682.68,682.68,682.74,672.09,678.45,True,680.0,672.09,True,1.01,0.0,1.65,False,,,,True,LIQUIDITY_PROXY,False,False,50,675.01,0.82,0.0,AVAILABLE,WAIT / LIVE CONFIRMATION,BAR_PROXY,60.3,BUYING PRESSURE,62.3,37.7,76560.0,17.48,0.448,0.7,0.62,91.3,False
GEN,30.53,FORMING,FORMING,"20/50 uptrend, rising EMA50, compressed below 20d resistance, tight range, bull flag/pullback, volume contraction",76,100,35,WATCHLIST,WEAK,37.0,price<EMA20; EMA20>EMA50; EMA20 falling,11.79,50.3,0.24,3.81,0,False,2.71,170811678.0,30.08,28.57,25.87,27.01,31.65,22.36,31.65,17.61,31.29,31.72,RESISTANCE_BREAKOUT,BREAKOUT,0.21,,,0,,,0,False,False,29.93,EMA20,30.08,5.17,5.64,29.6,29.55,33.3,34.25,34.89,1.42,,,False,5.0,34.25,8.0,1.42,False,2.5,3.65,0.0,5654909.0,168043742.0,2.76,True,True,Gen Digital Inc. - Common Stock,3,80.8,Cybersecurity,HACK,100.0,LEADING,6.0,1.0,STATIC_CONSTITUENT,verified theme membership,True,20,HISTORICAL / CONTEXT,HISTORICAL NEWS,NEUTRAL,Gen Digital Inc's Dividend Analysis,GuruFocus.com,750.4,COMPANY_NAME,False,HISTORICAL,LOW,3,49.1,False,90.8,WATCHLIST,LIVE,2026-09-17,2026-09-17T13:30:00-04:00,30.55,30.55,30.55,30.81,30.17,30.59,False,30.62,30.17,False,0.71,0.0,0.81,False,,,,True,LIQUIDITY_PROXY,False,False,0,30.56,-0.29,0.0,AVAILABLE,WAIT / ACTIVE CATALYST REQUIRED,BAR_PROXY,45.8,BALANCED,44.0,56.0,-68488.0,-5.07,0.012,0.71,-0.12,90.8,False
MOS,25.57,FORMING,FORMING,"20/50 uptrend, rising EMA50, tight range, bull flag/pullback, volume contraction, low-volume pullback",68,92,35,WATCHLIST,WEAK,37.0,price<EMA20; EMA20>EMA50; EMA20 falling,16.89,64.8,0.27,5.16,0,False,4.24,202608340.0,24.67,23.68,24.6,22.12,26.73,20.25,26.73,19.63,31.66,26.82,RESISTANCE_BREAKOUT,BREAKOUT,0.32,,,0,,,0,False,False,25.21,ATR_FALLBACK,25.2,6.06,6.0,24.35,24.35,28.16,28.97,29.5,1.33,31.66,18.04,True,5.0,28.97,8.0,1.33,False,2.5,4.57,0.0,8189248.0,196871230.0,4.26,True,True,Mosaic Company (The) Common Stock,3,76.6,UNCLASSIFIED,,0.0,NONE,0.0,0.0,NONE,,True,38,ACTIVE,FRESH NEWS,NEUTRAL,Mosaic (MOS) Bets On Enzymes While Its Core Business Bleeds,Insider Monkey,10.7,COMPANY_NAME,True,FRESH_24H,LOW,4,47.1,False,84.2,WATCHLIST,LIVE,2026-09-17,2026-09-17T13:30:00-04:00,25.56,25.56,25.56,25.75,24.95,25.44,True,25.39,24.95,True,0.55,0.0,0.54,False,,,,True,LIQUIDITY_PROXY,False,False,50,25.1,1.25,0.0,AVAILABLE,WAIT / LIVE CONFIRMATION,BAR_PROXY,48.6,BALANCED,59.8,40.2,201724.0,9.25,-0.006,0.31,0.47,89.2,False
NTR,79.06,FORMING,FORMING,"20/50 uptrend, rising EMA50, tight range, bull flag/pullback, volume contraction, low-volume pullback",68,92,20,WATCHLIST,WEAK,37.0,price<EMA20; EMA20>EMA50; EMA20 falling,13.06,66.6,0.2,3.72,0,False,2.92,196979272.0,76.59,72.96,68.21,70.91,82.55,59.18,82.55,59.18,83.98,82.73,RESISTANCE_BREAKOUT,BREAKOUT,0.22,,,0,,,0,False,False,78.85,ATR_FALLBACK,79.27,4.19,4.69,76.74,76.4,86.87,89.35,91.01,1.71,83.98,1.51,False,5.0,83.98,1.51,0.32,False,2.5,4.41,0.0,2551363.0,210962540.0,2.76,True,True,Nutrien Ltd. Common Shares,3,76.9,UNCLASSIFIED,,0.0,NONE,0.0,0.0,NONE,,True,22,WEAK,CONTEXT NEWS,NEUTRAL,Nutrien Gains 17% in the Past Month: What's Driving the Stock?,Zacks,149.4,COMPANY_NAME,False,CONTEXT_7D,LOW,6,48.1,False,81.3,WATCHLIST,LIVE,2026-09-17,2026-09-17T13:25:00-04:00,79.17,79.03,79.05,79.31,77.46,78.84,True,78.59,77.46,True,0.6,2.4,0.81,False,,,,True,LIQUIDITY_PROXY,False,False,55,77.57,-0.14,0.0,AVAILABLE,WAIT / ACTIVE CATALYST REQUIRED,BAR_PROXY,68.2,BUYING PRESSURE,59.8,40.2,122394.0,23.99,0.406,1.55,0.27,86.8,False
CNH,13.62,FORMING,FORMING,"20/50 uptrend, rising EMA50, tight range, bull flag/pullback, volume contraction, low-volume pullback",68,92,35,WATCHLIST,WEAK,37.0,price<EMA20; EMA20>EMA50; EMA20 falling,33.28,69.7,0.23,9.2,0,False,4.83,327332540.0,12.91,11.94,11.04,10.19,14.46,9.97,14.46,9.72,12.25,14.51,RESISTANCE_BREAKOUT,BREAKOUT,0.36,,,0,,,0,False,False,13.64,ATR_FALLBACK,13.52,6.81,6.0,13.28,12.39,15.24,15.67,15.96,1.33,,,False,5.0,15.67,8.0,1.33,False,2.5,6.17,0.0,25704274.0,251748971.0,4.82,True,True,CNH Industrial N.V. Common Shares,3,78.2,Infrastructure,PAVE,40.7,WEAK,0.0,0.75,INDUSTRY_KEYWORD,construction,False,20,HISTORICAL / CONTEXT,HISTORICAL NEWS,NEUTRAL,CNH Industrial (CNH) Looks Undervalued: Why Moerus Is Betting on a Farm Equipment Recovery,Insider Monkey,216.6,COMPANY_NAME,False,HISTORICAL,LOW,7,52.8,False,82.2,WATCHLIST,LIVE,2026-09-17,2026-09-17T13:30:00-04:00,13.62,13.62,13.62,13.87,13.44,13.54,True,13.87,13.47,False,0.75,0.0,0.44,False,13.54,13.55,0.074,True,QUOTE,False,False,25,13.87,2.59,0.0,AVAILABLE,WAIT / ACTIVE CATALYST REQUIRED,BAR_PROXY,57.0,BALANCED,62.0,38.0,385889.0,6.49,0.455,0.75,0.63,84.7,False
CF,133.98,FORMING,FORMING,"20/50 uptrend, rising EMA50, tight range, bull flag/pullback, volume contraction, low-volume pullback",68,92,35,WATCHLIST,WEAK,37.0,price<EMA20; EMA20>EMA50; EMA20 falling,13.49,60.1,0.24,6.24,0,False,4.31,343480411.0,131.17,125.67,112.0,121.5,141.66,100.18,141.66,99.49,140.66,142.12,RESISTANCE_BREAKOUT,BREAKOUT,0.33,,,0,,,0,False,False,133.6,ATR_FALLBACK,133.45,6.1,6.0,130.09,130.09,149.23,153.49,156.33,1.33,,,False,5.0,153.49,8.0,1.33,False,2.5,5.73,0.0,2593188.0,317710923.0,3.99,True,True,"CF Industries Holdings, Inc. Common Stock",3,74.9,UNCLASSIFIED,,0.0,NONE,0.0,0.0,NONE,,True,20,HISTORICAL / CONTEXT,HISTORICAL NEWS,NEUTRAL,CF Industries Stock Touches New Record on Fertilizer Supply Crunch,The Wall Street Journal,356.7,COMPANY_NAME,False,HISTORICAL,LOW,8,48.1,False,78.9,WATCHLIST,LIVE,2026-09-17,2026-09-17T13:25:00-04:00,134.1,133.98,133.98,134.5,130.0,133.48,True,133.19,130.0,True,0.69,1.13,0.66,False,,,,True,LIQUIDITY_PROXY,False,False,50,129.46,-1.92,0.0,AVAILABLE,WAIT / ACTIVE CATALYST REQUIRED,BAR_PROXY,59.9,BUYING PRESSURE,53.1,46.9,29791.0,4.82,0.556,1.09,0.38,83.9,False
GGB,5.12,FORMING,FORMING,"20/50 uptrend, rising EMA50, compressed below 20d resistance, tight range, bull flag/pullback",66,90,35,WATCHLIST,WEAK,37.0,price<EMA20; EMA20>EMA50; EMA20 falling,16.82,64.5,0.48,5.97,0,False,3.61,53377400.0,4.89,4.74,4.26,4.14,5.17,3.92,5.17,3.08,5.13,5.18,RESISTANCE_BREAKOUT,BREAKOUT,0.29,,,0,,,0,False,False,4.87,EMA20,4.89,5.69,6.0,4.86,4.78,5.44,5.6,5.7,1.33,,,False,5.0,5.6,8.0,1.33,False,2.5,1.06,0.0,11186366.0,54089786.0,3.38,True,True,Gerdau S.A. Common Stock,3,74.9,UNCLASSIFIED,,0.0,NONE,0.0,0.55,SUMMARY_KEYWORD,oil,True,20,HISTORICAL / CONTEXT,HISTORICAL NEWS,NEUTRAL,Why Gerdau (GGB) is a Great Dividend Stock Right Now,Zacks,577.7,COMPANY_NAME,False,HISTORICAL,LOW,2,39.1,False,78.9,WATCHLIST,LIVE,2026-09-17,2026-09-17T13:25:00-04:00,5.12,5.11,5.11,5.13,4.91,5.04,True,5.04,4.91,True,0.79,0.03,1.17,False,,,,False,NONE,False,False,50,5.02,0.6,0.0,AVAILABLE,WAIT / ACTIVE CATALYST REQUIRED,BAR_PROXY,65.1,BUYING PRESSURE,70.0,30.0,1523019.0,28.36,0.396,0.69,1.47,83.9,False
TSLA,367.86,FORMING,FORMING,"above EMA50, rising EMA50, near EMA50 support, near EMA200 pivot, tight range, volume contraction",70,90,35,WATCHLIST,WEAK,37.0,price<EMA20; EMA20>EMA50; EMA20 falling,5.69,55.4,0.68,5.51,0,False,3.93,13958100929.0,357.92,359.46,388.0,338.96,384.04,297.38,432.86,297.38,453.4,385.2,RESISTANCE_BREAKOUT,BREAKOUT,0.3,,,0,,,0,False,False,362.08,ATR_FALLBACK,363.51,5.63,6.0,354.05,349.92,404.46,416.01,423.72,1.33,432.86,12.37,True,5.0,416.01,8.0,1.33,False,2.5,4.4,0.0,38784792.0,11578697637.0,3.34,True,True,"Tesla, Inc.  - Common Stock",3,70.1,UNCLASSIFIED,,0.0,NONE,0.0,0.55,SUMMARY_KEYWORD,energy,True,44,ACTIVE,FRESH NEWS,NEUTRAL,Tesla expands Semi charging network with new California truck hubs,GuruFocus.com,2.3,COMPANY_NAME,True,FRESH_24H,LOW,4,34.1,False,78.9,WATCHLIST,LIVE,2026-09-17,2026-09-17T13:30:00-04:00,367.9,367.9,367.9,374.12,363.22,368.42,False,371.29,363.22,False,1.34,0.0,1.34,False,,,,True,LIQUIDITY_PROXY,False,False,20,367.62,2.66,0.0,AVAILABLE,WAIT / LIVE CONFIRMATION,BAR_PROXY,56.4,BALANCED,60.0,40.0,1325687.0,4.94,0.133,1.42,-0.14,80.9,False
UNM,95.96,FORMING,FORMING,"20/50 uptrend, rising EMA50, compressed below 20d resistance, tight range, bull flag/pullback",66,90,20,WATCHLIST,WEAK,37.0,price<EMA20; EMA20>EMA50; EMA20 falling,10.41,61.2,0.49,4.06,0,False,2.28,145905777.0,93.46,91.01,83.46,86.54,96.77,82.12,96.77,68.21,94.55,96.95,RESISTANCE_BREAKOUT,BREAKOUT,0.18,,,0,,,0,False,False,93.06,EMA20,93.46,3.6,4.0,93.1,91.75,101.79,104.7,106.64,2.0,,,False,5.0,104.7,8.0,2.0,False,2.5,0.84,0.0,1562109.0,131000796.0,2.15,True,True,Unum Group Common Stock,3,73.9,UNCLASSIFIED,,0.0,NONE,0.0,0.0,NONE,,True,20,HISTORICAL / CONTEXT,HISTORICAL NEWS,NEUTRAL,"Unum Group (UNM): Buy, Sell, or Hold Post Q2 Earnings?",StockStory,309.0,COMPANY_NAME,False,HISTORICAL,LOW,2,47.1,False,77.9,WATCHLIST,LIVE,2026-09-17,2026-09-17T13:30:00-04:00,95.88,95.88,95.88,96.37,95.02,95.86,True,96.15,95.4,False,0.75,0.0,1.02,False,,,,True,LIQUIDITY_PROXY,False,False,25,95.71,0.94,0.0,AVAILABLE,WAIT / ACTIVE CATALYST REQUIRED,BAR_PROXY,46.4,BALANCED,45.8,54.2,-89032.0,-11.63,-0.01,1.07,0.02,80.4,False
OPCH,24.04,FORMING,FORMING,"20/50 uptrend, rising EMA50, near EMA50 support, near EMA200 pivot, compressed below 20d resistance, tight range",76,92,35,WATCHLIST,WEAK,37.0,price<EMA20; EMA20>EMA50; EMA20 falling,3.87,50.6,0.75,4.04,0,False,2.64,40844544.0,23.79,23.4,25.28,22.97,24.88,20.68,24.96,18.01,32.34,24.93,RESISTANCE_BREAKOUT,BREAKOUT,0.2,,,0,,,0,False,False,23.68,EMA20,23.79,4.58,5.04,23.23,23.23,26.18,26.93,27.42,1.59,24.96,0.12,False,5.0,24.96,0.12,0.02,False,2.5,3.49,0.0,1712639.0,37274026.0,2.44,True,True,"Option Care Health, Inc. - Common Stock",3,71.7,UNCLASSIFIED,,0.0,NONE,0.0,0.55,SUMMARY_KEYWORD,gas,True,20,HISTORICAL / CONTEXT,HISTORICAL NEWS,NEUTRAL,Should Value Investors Buy Option Care Health (OPCH) Stock?,Zacks,243.8,COMPANY_NAME,False,HISTORICAL,LOW,6,41.8,False,75.7,WATCHLIST,LIVE,2026-09-17,2026-09-17T13:30:00-04:00,24.05,24.05,24.05,24.49,23.66,23.98,True,24.49,23.81,False,1.36,0.0,1.37,False,,,,False,NONE,False,False,45,24.29,-0.74,0.0,AVAILABLE,WAIT / ACTIVE CATALYST REQUIRED,BAR_PROXY,40.7,SELLING PRESSURE,38.9,61.1,-194320.0,-15.17,-0.093,0.57,0.3,80.2,False
PBR,20.98,FORMING,FORMING,"20/50 uptrend, rising EMA50, bull flag/pullback, volume contraction, low-volume pullback",58,76,35,WATCHLIST,WEAK,37.0,price<EMA20; EMA20>EMA50; EMA20 falling,17.4,71.4,0.35,5.06,0,False,3.25,463257031.0,20.12,19.03,17.08,17.54,21.99,15.41,21.59,15.41,21.44,22.04,RESISTANCE_BREAKOUT,BREAKOUT,0.25,,,0,,,0,False,False,20.72,SWING5,20.81,5.6,6.0,20.81,20.12,23.15,23.81,24.25,1.33,,,False,5.0,23.81,8.0,1.33,False,2.5,4.81,0.0,23304415.0,501780642.0,2.71,True,True,Petroleo Brasileiro S.A. Petrobras ADS,3,64.4,Energy,XLE,77.8,LEADING,3.17,0.95,INDUSTRY,oil & gas integrated -> oil & gas integrated,True,30,ACTIVE,FRESH NEWS,NEUTRAL,Petrobras (PBR) Advances While Market Declines: Some Information for Investors,Zacks,43.7,TICKER_IN_TITLE,True,FRESH_72H,LOW,10,54.1,False,73.6,WATCHLIST,LIVE,2026-09-17,2026-09-17T13:30:00-04:00,20.98,20.98,20.98,21.04,20.58,20.8,True,20.8,20.58,True,0.67,0.0,1.02,False,,,,True,LIQUIDITY_PROXY,False,False,50,20.73,-0.96,0.0,AVAILABLE,WATCH / NOT ARMED,BAR_PROXY,55.8,BALANCED,64.8,35.2,1205054.0,14.92,-0.208,1.17,0.84,78.6,False
HCA,430.78,FORMING,FORMING,"20/50 uptrend, rising EMA50, near EMA200 pivot, compressed below 20d resistance, volume contraction",66,86,20,WATCHLIST,WEAK,37.0,price<EMA20; EMA20>EMA50; EMA20 falling,6.94,58.9,0.35,5.64,0,False,3.16,543382652.0,417.95,411.47,426.46,395.27,435.7,353.34,435.7,353.34,553.56,436.79,RESISTANCE_BREAKOUT,BREAKOUT,0.25,,,0,,,0,False,False,415.5,EMA20,417.95,4.31,4.87,408.99,395.27,458.63,471.73,480.46,1.64,553.56,26.74,True,5.0,471.73,8.0,1.64,False,2.5,1.14,0.0,1299146.0,555526003.0,3.02,True,True,"HCA Healthcare, Inc. Common Stock",3,69.6,UNCLASSIFIED,,0.0,NONE,0.0,0.0,NONE,,True,30,ACTIVE,FRESH NEWS,NEUTRAL,Alluvium Increases HCA Healthcare (HCA) Holdings After Its 17.5% Selloff,Insider Monkey,29.2,COMPANY_NAME,True,FRESH_72H,LOW,4,35.8,False,75.6,WATCHLIST,LIVE,2026-09-17,2026-09-17T13:30:00-04:00,430.82,430.82,430.82,433.51,426.52,430.7,True,433.15,427.09,False,1.03,0.0,0.93,False,,,,True,LIQUIDITY_PROXY,False,False,25,432.49,0.48,0.0,AVAILABLE,WAIT / LIVE CONFIRMATION,BAR_PROXY,49.0,BALANCED,52.3,47.7,27530.0,6.1,-0.151,0.83,0.03,78.1,False
BGC,12.02,FORMING,FORMING,"20/50 uptrend, rising EMA50, tight range, bull flag/pullback",66,84,35,WATCHLIST,WEAK,37.0,price<EMA20; EMA20>EMA50; EMA20 falling,12.26,47.2,0.39,8.92,0,False,2.93,34664243.0,11.92,11.6,10.71,10.74,12.51,10.11,12.87,8.88,12.87,12.54,RESISTANCE_BREAKOUT,BREAKOUT,0.22,,,0,,,0,False,False,11.86,EMA20,11.92,4.9,5.4,11.78,11.59,13.17,13.54,13.79,1.48,12.87,2.62,False,5.0,12.87,2.62,0.49,False,2.5,4.03,0.0,2886346.0,30706744.0,2.99,True,True,"BGC Group, Inc. - Class A Common Stock",3,68.7,UNCLASSIFIED,,0.0,NONE,0.0,0.55,SUMMARY_KEYWORD,oil,True,22,WEAK,CONTEXT NEWS,NEUTRAL,Can Fenics AI Boost BGC's Trading Efficiency and Operating Leverage?,Zacks,147.3,TICKER_IN_TITLE,False,CONTEXT_7D,LOW,3,48.8,False,73.1,WATCHLIST,LIVE,2026-09-17,2026-09-17T13:25:00-04:00,12.02,12.02,12.02,12.23,11.9,11.98,True,12.23,11.95,False,1.22,0.71,0.98,False,,,,False,NONE,False,False,45,12.35,1.4,0.0,AVAILABLE,WAIT / ACTIVE CATALYST REQUIRED,BAR_PROXY,56.4,BALANCED,43.4,56.6,58793.0,5.19,0.529,0.69,0.37,77.6,False
AMT,176.18,FORMING,ARMED,"20/50 uptrend, rising EMA50, near EMA50 support, near EMA200 pivot, compressed below 20d resistance, tight range, effective R/R 2.00 < 2.50",76,80,20,WATCHLIST,WEAK,37.0,price<EMA20; EMA20>EMA50; EMA20 falling,1.88,54.3,0.54,2.82,0,False,2.3,357981607.0,175.58,174.55,176.57,171.73,180.98,160.06,180.98,160.06,194.23,181.3,RESISTANCE_BREAKOUT,BREAKOUT,0.18,,,0,,,0,False,False,174.85,EMA20,175.58,3.16,3.56,171.75,171.73,190.37,195.81,199.43,2.25,194.23,7.13,True,5.0,194.23,7.13,2.0,False,2.5,2.72,0.0,2033979.0,355625012.0,2.08,True,True,American Tower Corporation (REIT) Common Stock,3,65.1,UNCLASSIFIED,,0.0,NONE,0.0,0.55,SUMMARY_KEYWORD,data center,True,38,ACTIVE,FRESH NEWS,NEUTRAL,American Tower (AMT) Priced $1.6 Billion of Notes. Is $88.8 Million a Year Worth Longer Terms?,Insider Monkey,18.9,COMPANY_NAME,True,FRESH_24H,LOW,4,39.8,False,72.7,WATCHLIST,LIVE,2026-09-17,2026-09-17T13:25:00-04:00,176.3,176.12,176.24,177.38,174.75,175.9,True,177.38,174.98,False,1.28,0.54,1.46,False,,,,True,LIQUIDITY_PROXY,False,False,45,176.93,0.31,0.0,AVAILABLE,WAIT / LIVE CONFIRMATION,BAR_PROXY,54.6,BALANCED,57.6,42.4,74104.0,6.76,0.128,1.04,0.19,77.2,False
TGTX,56.25,FORMING,FORMING,"20/50 uptrend, rising EMA50, compressed below 20d resistance, bull flag/pullback, volume contraction, low-volume pullback",66,86,35,WATCHLIST,WEAK,37.0,price<EMA20; EMA20>EMA50; EMA20 falling,9.74,52.0,0.33,7.34,0,False,4.17,101862017.0,54.49,52.76,43.58,49.97,58.47,45.37,59.3,26.76,59.3,58.66,RESISTANCE_BREAKOUT,BREAKOUT,0.32,,,0,,,0,False,False,55.14,ATR_FALLBACK,55.14,6.0,6.0,52.5,52.5,61.59,63.35,64.52,1.33,59.3,1.1,False,5.0,59.3,1.1,0.18,False,2.5,3.95,0.0,1855160.0,82562800.0,4.81,True,True,"TG Therapeutics, Inc. - Common Stock",3,68.7,Biotechnology,XBI,57.7,NEUTRAL,0.88,0.95,INDUSTRY,biotechnology -> biotechnology,True,38,ACTIVE,FRESH NEWS,NEUTRAL,TG Therapeutics Makes A Bullish Move Amid Ongoing Roche Rivalry,Investor's Business Daily,21.5,COMPANY_NAME,True,FRESH_24H,LOW,2,45.8,False,77.2,WATCHLIST,LIVE,2026-09-17,2026-09-17T13:25:00-04:00,56.31,56.21,56.21,57.87,56.04,56.68,False,57.87,56.4,False,0.79,0.6,1.22,False,,,,True,LIQUIDITY_PROXY,False,False,0,57.93,3.72,0.0,AVAILABLE,WAIT / LIVE CONFIRMATION,BAR_PROXY,30.9,SELLING PRESSURE,35.8,64.2,-159415.0,-25.71,-0.538,0.75,-0.84,77.2,False
PGNY,27.34,FORMING,FORMING,"above EMA50, near EMA50 support, compressed below 20d resistance, tight range, volume contraction, low-volume pullback",60,80,0,WATCHLIST,WEAK,37.0,price<EMA20; EMA20>EMA50; EMA20 falling,8.01,65.4,0.38,4.66,0,False,2.71,26682987.0,27.05,27.29,24.91,25.24,27.98,25.09,33.06,16.1,33.06,28.04,RESISTANCE_BREAKOUT,BREAKOUT,0.21,,,0,,,0,False,False,27.16,EMA50,27.29,2.67,3.15,26.94,25.71,29.44,30.28,30.84,2.54,33.06,17.92,True,5.0,30.28,8.0,2.54,True,2.5,2.34,0.0,1006866.0,27185545.0,2.74,True,True,"Progyny, Inc. - Common Stock",3,68.0,UNCLASSIFIED,,0.0,NONE,0.0,0.0,NONE,,True,22,WEAK,CONTEXT NEWS,NEUTRAL,Spotting Winners: Progyny (NASDAQ:PGNY) And Health Insurance Providers Stocks In Q2,StockStory,164.7,COMPANY_NAME,False,CONTEXT_7D,LOW,6,49.1,False,72.4,WATCHLIST,LIVE,2026-09-17,2026-09-17T13:30:00-04:00,27.37,27.37,27.37,27.63,26.98,27.23,True,27.63,26.98,False,1.2,0.0,1.13,False,,,,False,NONE,False,False,45,27.52,0.51,0.0,AVAILABLE,WAIT / ACTIVE CATALYST REQUIRED,BAR_PROXY,50.4,BALANCED,52.1,47.9,8859.0,2.31,0.152,0.59,0.52,76.9,False
ASST,29.16,FORMING,FORMING,"20/50 uptrend, rising EMA50, compressed below 20d resistance, tight range, volume contraction",58,76,35,WATCHLIST,WEAK,37.0,price<EMA20; EMA20>EMA50; EMA20 falling,98.88,72.5,0.53,15.08,4,True,7.32,262577030.0,24.38,19.72,21.39,15.14,29.6,10.53,29.04,7.66,24.48,29.77,RESISTANCE_BREAKOUT,BREAKOUT,0.58,,,0,,,0,False,False,27.98,ATR_FALLBACK,26.57,10.76,6.0,25.82,22.3,31.26,32.15,32.75,1.33,,,False,5.0,32.15,8.0,1.33,False,2.5,1.51,0.0,10908255.0,251360514.0,8.33,True,True,"Strive, Inc. - Class A Common Stock",3,65.8,UNCLASSIFIED,,0.0,NONE,0.0,0.0,NONE,,True,30,ACTIVE,FRESH NEWS,NEUTRAL,"Strive's Bitcoin Stash Hits an Even 25,000 BTC After $36.6 Million Buy",decrypt,56.5,COMPANY_NAME,True,FRESH_72H,LOW,5,53.8,False,71.8,WATCHLIST,LIVE,2026-09-17,2026-09-17T13:30:00-04:00,29.16,29.16,29.16,29.23,27.61,28.53,True,28.54,27.61,True,1.17,0.0,1.1,False,,,,True,LIQUIDITY_PROXY,False,False,50,28.12,1.88,0.0,AVAILABLE,WATCH / NOT ARMED,BAR_PROXY,71.1,STRONG BUYING PRESSURE,71.7,28.3,925801.0,15.95,0.276,1.97,2.22,76.8,True
OKTA,190.38,DISCOVER,DISCOVER,"20/50 uptrend, rising EMA50, compressed below 20d resistance, volume contraction",48,72,35,WATCHLIST,WEAK,37.0,price<EMA20; EMA20>EMA50; EMA20 falling,35.74,61.8,0.5,28.63,2,True,4.8,716975750.0,169.16,153.1,117.46,127.6,191.99,113.87,179.44,62.66,174.85,192.72,RESISTANCE_BREAKOUT,BREAKOUT,0.38,,,0,,,0,False,False,181.16,ATR_FALLBACK,179.0,7.12,6.0,166.17,157.73,202.36,208.14,211.99,1.33,,,False,5.0,208.14,8.0,1.33,False,2.5,0.85,0.0,4315468.0,601569482.0,5.21,True,True,"Okta, Inc. - Class A Common Stock",2,61.2,Cybersecurity,HACK,100.0,LEADING,6.0,1.0,STATIC_CONSTITUENT,verified theme membership,True,38,ACTIVE,FRESH NEWS,NEUTRAL,Okta Just Rallied 28% in a Month and Cybersecurity Stocks Are Red-Hot Now. Is $200 Coming Soon?,24/7 Wall St.,22.4,COMPANY_NAME,True,FRESH_24H,LOW,4,75.1,False,74.8,WATCHLIST,NOT CHECKED,,,,,,,,,False,,,False,,,,False,,,,False,NONE,False,False,0,,,,NOT CHECKED,NO LIVE SIGNAL,BAR_PROXY,0.0,NO DATA,,,,,,,,74.8,True
MDT,92.83,FORMING,FORMING,"20/50 uptrend, rising EMA50, compressed below 20d resistance, tight range, volume contraction, low-volume pullback",70,82,20,WATCHLIST,WEAK,37.0,price<EMA20; EMA20>EMA50; EMA20 falling,-0.46,61.2,0.32,3.12,0,False,2.55,737261741.0,91.89,89.11,87.67,89.94,95.41,77.6,95.41,72.65,97.09,95.6,RESISTANCE_BREAKOUT,BREAKOUT,0.2,,,0,,,0,False,False,91.47,EMA20,91.89,3.88,4.32,90.26,90.26,100.38,103.25,105.16,1.85,97.09,1.56,False,5.0,97.09,1.56,0.36,False,2.5,2.77,0.0,7993111.0,694569951.0,2.22,True,True,Medtronic plc. Ordinary Shares,3,64.1,UNCLASSIFIED,,0.0,NONE,0.0,0.55,SUMMARY_KEYWORD,gas,True,38,ACTIVE,FRESH NEWS,NEUTRAL,Medtronic (MDT) Raises its Outlook Again as Heart Device Demand Keeps Climbing,Insider Monkey,2.9,COMPANY_NAME,True,FRESH_24H,LOW,5,60.8,False,71.7,WATCHLIST,LIVE,2026-09-17,2026-09-17T13:30:00-04:00,92.9,92.9,92.9,93.19,92.21,92.67,True,93.19,92.59,False,0.82,0.0,0.51,False,,,,True,LIQUIDITY_PROXY,False,False,25,93.02,0.45,0.0,AVAILABLE,WAIT / LIVE CONFIRMATION,BAR_PROXY,51.7,BALANCED,59.0,41.0,341842.0,13.04,-0.217,0.9,0.26,74.2,False
NUE,266.24,FORMING,FORMING,"20/50 uptrend, rising EMA50, compressed below 20d resistance, tight range, volume contraction",58,78,20,WATCHLIST,WEAK,37.0,price<EMA20; EMA20>EMA50; EMA20 falling,7.95,64.2,0.29,4.78,0,False,2.83,296406514.0,257.9,253.07,216.98,239.86,268.47,214.61,280.11,154.23,280.11,269.07,RESISTANCE_BREAKOUT,BREAKOUT,0.22,,,0,,,0,False,False,256.54,EMA20,257.9,4.15,4.66,252.01,252.01,282.53,290.6,295.98,1.72,280.11,4.1,False,5.0,280.11,4.1,0.88,False,2.5,1.41,0.0,1174319.0,270952494.0,2.85,True,True,Nucor Corporation Common Stock,3,63.3,UNCLASSIFIED,,0.0,NONE,0.0,0.55,SUMMARY_KEYWORD,gas,True,38,ACTIVE,FRESH NEWS,NEUTRAL,Nucor (NUE) Stock May Be 37% Undervalued On Cash Flow,Simply Wall St.,7.3,COMPANY_NAME,True,FRESH_24H,LOW,6,39.1,False,70.9,WATCHLIST,LIVE,2026-09-17,2026-09-17T13:25:00-04:00,266.38,265.76,265.76,268.08,263.89,266.47,False,268.08,263.89,False,0.83,0.5,0.92,False,,,,True,LIQUIDITY_PROXY,False,False,0,264.1,1.31,0.0,AVAILABLE,WATCH / NOT ARMED,BAR_PROXY,57.2,BALANCED,63.6,36.4,29067.0,8.45,-0.27,2.71,-0.27,70.9,False
KR,60.74,FORMING,FORMING,"20/50 uptrend, rising EMA50, near EMA200 pivot, compressed below 20d resistance",60,80,35,WATCHLIST,WEAK,37.0,price<EMA20; EMA20>EMA50; EMA20 falling,8.85,66.6,0.38,4.14,0,False,2.62,390205161.0,58.78,58.61,61.99,55.05,62.55,53.78,60.86,53.78,75.66,62.68,RESISTANCE_BREAKOUT,BREAKOUT,0.2,,,0,,,0,False,False,58.92,EMA20,58.78,6.22,6.0,55.65,55.65,65.81,67.69,68.95,1.33,75.66,20.71,True,5.0,67.69,8.0,1.33,False,2.5,2.99,0.0,6663200.0,366562917.0,2.39,True,True,Kroger Company (The) Common Stock,3,63.2,UNCLASSIFIED,,0.0,NONE,0.0,0.0,NONE,,True,38,ACTIVE,FRESH NEWS,NEUTRAL,Kroger no longer selling Red Bull at stores nationwide. What we know,USA TODAY,0.7,COMPANY_NAME,True,FRESH_24H,LOW,4,76.8,False,70.8,WATCHLIST,LIVE,2026-09-17,2026-09-17T13:30:00-04:00,60.74,60.74,60.74,61.28,60.64,60.86,False,61.28,60.7,False,0.7,0.0,0.76,False,,,,True,LIQUIDITY_PROXY,False,False,0,61.34,0.33,0.0,AVAILABLE,WAIT / LIVE CONFIRMATION,BAR_PROXY,42.4,BALANCED,45.6,54.4,-103828.0,-4.06,-0.173,0.53,-0.19,70.8,False
TDS,36.81,FORMING,FORMING,"20/50 uptrend, rising EMA50, near EMA50 support, near EMA200 pivot, tight range",68,82,40,WATCHLIST,WEAK,37.0,price<EMA20; EMA20>EMA50; EMA20 falling,7.2,77.0,0.43,6.69,0,False,2.92,44224330.0,36.23,35.96,38.58,32.61,38.37,31.48,40.07,31.48,49.02,38.46,RESISTANCE_BREAKOUT,BREAKOUT,0.22,,,0,,,0,False,False,36.57,SWING5,36.76,4.41,4.91,36.76,34.08,40.38,41.53,42.3,1.63,40.07,4.19,False,5.0,40.07,4.19,0.85,False,2.5,4.24,0.0,1226036.0,46128778.0,2.96,True,True,"Telephone and Data Systems, Inc. Common Shares",3,64.5,UNCLASSIFIED,,0.0,NONE,0.0,0.0,NONE,,True,30,ACTIVE,FRESH NEWS,NEUTRAL,Implied Volatility Surging for Telephone and Data Systems Stock Options,Zacks,26.8,COMPANY_NAME,True,FRESH_72H,LOW,3,52.8,False,70.5,WATCHLIST,NOT CHECKED,,,,,,,,,False,,,False,,,,False,,,,False,NONE,False,False,0,,,,NOT CHECKED,NO LIVE SIGNAL,BAR_PROXY,0.0,NO DATA,,,,,,,,70.5,False
AGCO,122.13,DISCOVER,DISCOVER,"20/50 uptrend, rising EMA50, bull flag/pullback, volume contraction, low-volume pullback",50,74,35,WATCHLIST,WEAK,37.0,price<EMA20; EMA20>EMA50; EMA20 falling,23.64,62.4,0.54,6.02,0,False,4.35,149637698.0,119.15,115.29,113.93,98.85,135.17,98.22,135.17,98.22,136.35,135.6,RESISTANCE_BREAKOUT,BREAKOUT,0.31,,,0,,,0,False,False,127.46,ATR_FALLBACK,127.62,5.88,6.0,118.0,118.0,142.37,146.44,149.15,1.33,136.35,0.55,False,5.0,136.35,0.55,0.09,False,2.5,10.67,0.0,1252159.0,126876608.0,3.96,True,True,AGCO Corporation Common Stock,2,62.8,Infrastructure,PAVE,40.7,WEAK,0.0,0.75,INDUSTRY_KEYWORD,construction,False,38,ACTIVE,FRESH NEWS,NEUTRAL,Constellium highlighted as Zacks Bull and AGCO Bear of the Day,Zacks,4.6,COMPANY_NAME,True,FRESH_24H,LOW,5,42.8,False,70.4,WATCHLIST,NOT CHECKED,,,,,,,,,False,,,False,,,,False,,,,False,NONE,False,False,0,,,,NOT CHECKED,NO LIVE SIGNAL,BAR_PROXY,0.0,NO DATA,,,,,,,,70.4,False
GFL,43.51,FORMING,FORMING,"20/50 uptrend, rising EMA50, compressed below 20d resistance, tight range, 20d volume expansion",60,80,35,WATCHLIST,WEAK,37.0,price<EMA20; EMA20>EMA50; EMA20 falling,5.7,59.6,1.38,5.93,0,False,3.32,100805004.0,42.1,41.08,41.09,40.64,44.0,34.58,44.0,33.32,45.52,44.12,RESISTANCE_BREAKOUT,BREAKOUT,0.26,,,0,,,0,False,False,41.84,EMA20,42.1,4.56,5.15,40.96,40.96,46.32,47.64,48.53,1.55,45.52,3.19,False,5.0,45.52,3.19,0.62,False,2.5,1.14,0.0,2378553.0,90337779.0,2.91,True,True,"GFL Environmental Inc. Subordinate voting shares, no par value",3,61.6,UNCLASSIFIED,,0.0,NONE,0.0,0.0,NONE,,True,38,ACTIVE,FRESH NEWS,NEUTRAL,GFL shares surge on report of PE bidding war,Investing.com,3.9,TICKER_IN_TITLE,True,FRESH_24H,LOW,3,48.1,False,69.2,WATCHLIST,NOT CHECKED,,,,,,,,,False,,,False,,,,False,,,,False,NONE,False,False,0,,,,NOT CHECKED,NO LIVE SIGNAL,BAR_PROXY,0.0,NO DATA,,,,,,,,69.2,False
VTRS,17.12,FORMING,FORMING,"20/50 uptrend, rising EMA50, compressed below 20d resistance, tight range",60,80,20,WATCHLIST,WEAK,37.0,price<EMA20; EMA20>EMA50; EMA20 falling,7.09,54.2,0.38,2.77,0,False,2.43,119331523.0,16.69,16.55,14.81,15.92,17.28,14.96,18.25,12.68,18.25,17.31,RESISTANCE_BREAKOUT,BREAKOUT,0.19,,,0,,,0,False,False,16.62,EMA20,16.69,3.6,4.03,16.15,16.15,18.18,18.7,19.04,1.98,18.25,5.43,True,5.0,18.25,5.43,1.35,False,2.5,0.91,0.0,7166903.0,111557128.0,2.31,True,True,Viatris Inc. - Common Stock,3,64.5,UNCLASSIFIED,,0.0,NONE,0.0,0.55,SUMMARY_KEYWORD,gas,True,20,HISTORICAL / CONTEXT,HISTORICAL NEWS,NEUTRAL,"Zacks Industry Outlook Highlights Amphastar Pharmaceuticals, Sandoz and Viatris",Zacks,410.3,COMPANY_NAME,False,HISTORICAL,LOW,8,48.8,False,68.5,WATCHLIST,NOT CHECKED,,,,,,,,,False,,,False,,,,False,,,,False,NONE,False,False,0,,,,NOT CHECKED,NO LIVE SIGNAL,BAR_PROXY,0.0,NO DATA,,,,,,,,68.5,False
GM,87.11,FORMING,FORMING,"20/50 uptrend, rising EMA50, compressed below 20d resistance, tight range",60,76,20,WATCHLIST,WEAK,37.0,price<EMA20; EMA20>EMA50; EMA20 falling,3.65,52.9,0.45,3.34,0,False,2.79,510344927.0,85.84,84.57,78.6,82.86,88.18,74.07,91.66,70.13,91.66,88.37,RESISTANCE_BREAKOUT,BREAKOUT,0.22,,,0,,,0,False,False,85.4,EMA20,85.84,2.87,3.36,82.86,82.86,92.79,95.44,97.21,2.38,91.66,3.72,False,5.0,91.66,3.72,1.11,False,2.5,1.23,0.0,5937880.0,491533401.0,2.56,True,True,General Motors Company Common Stock,3,60.2,UNCLASSIFIED,,0.0,NONE,0.0,0.0,NONE,,True,38,ACTIVE,FRESH NEWS,NEUTRAL,"Automaker Stocks Rally as Rotation Lifts Cyclicals: General Motors Climbs 4%, Stellantis Rises 4%, Ford Gains 3%, Tesla Adds 2%",24/7 Wall St.,0.5,COMPANY_NAME,True,FRESH_24H,LOW,9,32.8,False,67.8,WATCHLIST,NOT CHECKED,,,,,,,,,False,,,False,,,,False,,,,False,NONE,False,False,0,,,,NOT CHECKED,NO LIVE SIGNAL,BAR_PROXY,0.0,NO DATA,,,,,,,,67.8,False
SU,69.44,FORMING,FORMING,"20/50 uptrend, rising EMA50, compressed below 20d resistance, tight range, volume contraction, low-volume pullback",62,78,35,WATCHLIST,WEAK,37.0,price<EMA20; EMA20>EMA50; EMA20 falling,4.5,62.1,0.28,4.58,0,False,2.7,298097455.0,67.86,65.55,58.86,64.15,72.06,52.95,70.25,52.95,69.38,72.21,RESISTANCE_BREAKOUT,BREAKOUT,0.21,,,0,,,0,False,False,67.88,EMA20,67.86,6.02,6.0,67.79,66.51,75.82,77.99,79.43,1.33,,,False,5.0,77.99,8.0,1.33,False,2.5,3.77,0.0,4400830.0,257696011.0,2.4,True,True,Suncor Energy  Inc. Common Stock,3,60.1,Energy,XLE,77.8,LEADING,3.17,0.95,INDUSTRY,oil & gas integrated -> oil & gas integrated,True,22,WEAK,CONTEXT NEWS,NEUTRAL,Should You Buy Suncor Energy Stock After Its 63% Surge in a Year?,Zacks,76.7,COMPANY_NAME,False,CONTEXT_7D,LOW,9,47.1,False,67.7,WATCHLIST,NOT CHECKED,,,,,,,,,False,,,False,,,,False,,,,False,NONE,False,False,0,,,,NOT CHECKED,NO LIVE SIGNAL,BAR_PROXY,0.0,NO DATA,,,,,,,,67.7,False
PM,189.24,FORMING,FORMING,"above EMA50, rising EMA50, near EMA50 support, compressed below 20d resistance, tight range, volume contraction",68,78,20,WATCHLIST,WEAK,37.0,price<EMA20; EMA20>EMA50; EMA20 falling,0.55,48.0,0.26,2.19,0,False,2.4,721349867.0,189.63,187.76,176.66,181.01,196.66,170.87,207.76,150.38,207.76,197.02,RESISTANCE_BREAKOUT,BREAKOUT,0.18,,,0,,,0,False,False,188.81,EMA20,189.63,3.75,4.17,188.42,181.01,206.87,212.79,216.73,1.92,207.76,5.45,True,5.0,207.76,5.45,1.31,False,2.5,3.92,0.0,3801292.0,754642641.0,2.17,True,True,Philip Morris International Inc Common Stock,3,61.6,UNCLASSIFIED,,0.0,NONE,0.0,0.0,NONE,,True,30,ACTIVE,FRESH NEWS,NEUTRAL,"Q2 Earnings Highlights: Philip Morris (NYSE:PM) Vs The Rest Of The Beverages, Alcohol, and Tobacco Stocks",StockStory,49.5,COMPANY_NAME,True,FRESH_72H,LOW,7,33.8,False,67.6,WATCHLIST,NOT CHECKED,,,,,,,,,False,,,False,,,,False,,,,False,NONE,False,False,0,,,,NOT CHECKED,NO LIVE SIGNAL,BAR_PROXY,0.0,NO DATA,,,,,,,,67.6,False
VRNS,47.47,DISCOVER,DISCOVER,"20/50 uptrend, rising EMA50, compressed below 20d resistance, tight range",52,76,35,WATCHLIST,WEAK,37.0,price<EMA20; EMA20>EMA50; EMA20 falling,13.19,59.9,0.27,10.41,1,True,4.26,84211564.0,45.3,43.19,38.84,39.88,48.39,32.04,49.54,19.7,49.54,48.55,RESISTANCE_BREAKOUT,BREAKOUT,0.33,,,0,,,0,False,False,45.64,ATR_FALLBACK,45.52,6.24,6.0,44.17,40.89,50.98,52.44,53.41,1.33,49.54,2.04,False,5.0,49.54,2.04,0.34,False,2.5,1.94,0.0,1860960.0,71232177.0,4.25,True,True,"Varonis Systems, Inc. - Common Stock",2,61.1,Cybersecurity,HACK,100.0,LEADING,6.0,1.0,STATIC_CONSTITUENT,verified theme membership,True,0,NOT CHECKED,NONE,NEUTRAL,,,,NOT CHECKED,False,NOT CHECKED,NONE,0,,False,67.1,WATCHLIST,NOT CHECKED,,,,,,,,,False,,,False,,,,False,,,,False,NONE,False,False,0,,,,NOT CHECKED,NO LIVE SIGNAL,BAR_PROXY,0.0,NO DATA,,,,,,,,67.1,True
MGNI,25.32,FORMING,FORMING,"20/50 uptrend, rising EMA50, compressed below 20d resistance, volume contraction, 20d volume expansion",56,76,35,WATCHLIST,WEAK,37.0,price<EMA20; EMA20>EMA50; EMA20 falling,7.08,65.1,1.85,17.66,1,True,4.33,49563212.0,23.75,22.21,18.66,22.44,25.79,17.28,25.79,11.36,25.45,25.88,RESISTANCE_BREAKOUT,BREAKOUT,0.34,,,0,,,0,False,False,24.33,ATR_FALLBACK,24.23,6.35,6.0,23.1,22.44,27.17,27.95,28.47,1.33,,,False,5.0,27.95,8.0,1.33,False,2.5,1.86,0.0,2063160.0,39245081.0,3.84,True,True,"Magnite, Inc. - Common Stock",3,58.9,UNCLASSIFIED,,0.0,NONE,0.0,0.0,NONE,,True,38,ACTIVE,FRESH NEWS,NEUTRAL,Why Magnite Stock Rocketed Higher Today,Motley Fool,1.4,COMPANY_NAME,True,FRESH_24H,LOW,6,48.1,False,66.5,WATCHLIST,NOT CHECKED,,,,,,,,,False,,,False,,,,False,,,,False,NONE,False,False,0,,,,NOT CHECKED,NO LIVE SIGNAL,BAR_PROXY,0.0,NO DATA,,,,,,,,66.5,True
XP,20.3,FORMING,ARMED,"20/50 uptrend, rising EMA50, compressed below 20d resistance, tight range, bull flag/pullback, volume contraction, runway 4.2% < 5.0%",76,70,55,WATCHLIST,WEAK,37.0,price<EMA20; EMA20>EMA50; EMA20 falling,23.69,72.9,0.51,6.78,0,False,4.04,129829935.0,18.92,17.9,17.84,15.92,20.75,15.14,20.75,14.8,21.7,20.82,RESISTANCE_BREAKOUT,BREAKOUT,0.32,,,0,,,0,False,False,19.57,ATR_FALLBACK,19.58,5.91,6.0,18.79,18.79,21.86,22.48,22.9,1.33,21.7,4.24,False,5.0,21.7,4.24,0.71,False,2.5,2.24,0.0,6853050.0,104189852.0,3.93,True,True,XP Inc. - Class A Common Stock,3,62.4,UNCLASSIFIED,,0.0,NONE,0.0,0.55,SUMMARY_KEYWORD,infrastructure,True,20,WEAK,NONE,NEUTRAL,,,,NO VERIFIED NEWS,False,NO NEWS,NONE,12,60.1,False,66.4,WATCHLIST,NOT CHECKED,,,,,,,,,False,,,False,,,,False,,,,False,NONE,False,False,0,,,,NOT CHECKED,NO LIVE SIGNAL,BAR_PROXY,0.0,NO DATA,,,,,,,,66.4,False
ACN,190.29,FORMING,FORMING,"20/50 uptrend, rising EMA50, near EMA200 pivot, compressed below 20d resistance, volume contraction",58,74,35,WATCHLIST,WEAK,37.0,price<EMA20; EMA20>EMA50; EMA20 falling,4.8,52.8,0.29,6.04,0,False,3.18,824388155.0,184.68,175.94,189.41,175.49,197.63,116.75,195.32,116.75,214.19,198.11,RESISTANCE_BREAKOUT,BREAKOUT,0.25,,,0,,,0,False,False,187.94,ATR_FALLBACK,189.03,4.59,5.14,175.49,175.49,208.02,213.96,217.93,1.56,214.19,8.11,True,5.0,213.96,8.0,1.56,False,2.5,3.86,0.0,4419303.0,795382449.0,2.93,True,True,Accenture plc Class A Ordinary Shares (Ireland),3,56.8,UNCLASSIFIED,,0.0,NONE,0.0,0.55,SUMMARY_KEYWORD,energy,True,46,STRONG,FRESH NEWS,NEUTRAL,Is Trending Stock Accenture PLC (ACN) a Buy Now?,Zacks,4.5,COMPANY_NAME,True,FRESH_24H,LOW,3,13.8,False,66.0,WATCHLIST + CATALYST,NOT CHECKED,,,,,,,,,False,,,False,,,,False,,,,False,NONE,False,False,0,,,,NOT CHECKED,NO LIVE SIGNAL,BAR_PROXY,0.0,NO DATA,,,,,,,,66.0,False
GILD,149.48,FORMING,FORMING,"20/50 uptrend, rising EMA50, compressed below 20d resistance, tight range, volume contraction",58,74,20,WATCHLIST,WEAK,37.0,price<EMA20; EMA20>EMA50; EMA20 falling,2.76,53.1,0.43,3.25,0,False,2.22,749760747.0,145.21,140.34,132.19,142.38,151.7,122.31,151.7,119.92,148.78,151.96,RESISTANCE_BREAKOUT,BREAKOUT,0.17,,,0,,,0,False,False,144.61,EMA20,145.21,4.44,4.84,142.7,142.7,159.56,164.12,167.16,1.65,,,False,5.0,164.12,8.0,1.65,False,2.5,1.48,0.0,5118468.0,737378434.0,2.14,True,True,"Gilead Sciences, Inc. - Common Stock",3,58.1,UNCLASSIFIED,,0.0,NONE,0.0,0.0,NONE,,True,38,ACTIVE,FRESH NEWS,NEUTRAL,"Investors Heavily Search Gilead Sciences, Inc. (GILD): Here is What You Need to Know",Zacks,4.5,COMPANY_NAME,True,FRESH_24H,LOW,2,42.1,False,65.7,WATCHLIST,NOT CHECKED,,,,,,,,,False,,,False,,,,False,,,,False,NONE,False,False,0,,,,NOT CHECKED,NO LIVE SIGNAL,BAR_PROXY,0.0,NO DATA,,,,,,,,65.7,False
STLD,244.87,FORMING,FORMING,"above EMA50, near EMA50 support, compressed below 20d resistance, tight range, volume contraction",56,76,20,WATCHLIST,WEAK,37.0,price<EMA20; EMA20>EMA50; EMA20 falling,6.91,59.1,0.23,5.79,0,False,3.17,257043945.0,240.5,241.87,216.2,218.02,251.88,216.36,273.36,161.29,288.09,252.5,RESISTANCE_BREAKOUT,BREAKOUT,0.25,,,0,,,0,False,False,240.47,EMA50,241.87,4.21,4.76,233.8,233.8,265.13,272.7,277.75,1.68,273.36,8.26,True,5.0,272.7,8.0,1.68,False,2.5,3.14,0.0,1095497.0,231551614.0,3.2,True,True,"Steel Dynamics, Inc. - Common Stock",3,61.1,UNCLASSIFIED,,0.0,NONE,0.0,0.55,SUMMARY_KEYWORD,energy,True,22,WEAK,CONTEXT NEWS,NEUTRAL,Steel Dynamics (STLD) Dips More Than Broader Market: What You Should Know,Zacks,163.2,COMPANY_NAME,False,CONTEXT_7D,LOW,3,32.1,False,65.5,WATCHLIST,NOT CHECKED,,,,,,,,,False,,,False,,,,False,,,,False,NONE,False,False,0,,,,NOT CHECKED,NO LIVE SIGNAL,BAR_PROXY,0.0,NO DATA,,,,,,,,65.5,False
HNGE,94.81,FORMING,FORMING,"20/50 uptrend, rising EMA50, compressed below 20d resistance, tight range, volume contraction",58,78,35,WATCHLIST,WEAK,37.0,price<EMA20; EMA20>EMA50; EMA20 falling,8.09,52.9,0.49,11.55,1,True,4.62,169283535.0,90.76,85.45,66.57,84.23,95.62,67.86,95.57,34.64,95.57,95.97,RESISTANCE_BREAKOUT,BREAKOUT,0.37,,,0,,,0,False,False,90.21,EMA20,90.76,5.42,6.0,86.29,86.29,100.77,103.65,105.57,1.33,,,False,5.0,103.65,8.0,1.33,False,2.5,0.85,0.0,1864452.0,162011133.0,4.94,True,True,"Hinge Health, Inc. Class A Common Stock",3,61.1,UNCLASSIFIED,,0.0,NONE,0.0,0.0,NONE,,True,22,WEAK,CONTEXT NEWS,NEUTRAL,Jim Cramer Explains Why He Added Hinge Health (HNGE) to His Fantasy Lineup,Insider Monkey,126.5,COMPANY_NAME,False,CONTEXT_7D,LOW,6,47.1,False,65.5,WATCHLIST,NOT CHECKED,,,,,,,,,False,,,False,,,,False,,,,False,NONE,False,False,0,,,,NOT CHECKED,NO LIVE SIGNAL,BAR_PROXY,0.0,NO DATA,,,,,,,,65.5,True
WMG,28.09,FORMING,FORMING,"20/50 uptrend, rising EMA50, near EMA50 support, near EMA200 pivot, tight range",68,78,35,WATCHLIST,WEAK,37.0,price<EMA20; EMA20>EMA50; EMA20 falling,4.91,49.3,0.48,4.23,0,False,3.05,45250153.0,28.08,27.81,28.62,26.89,29.67,24.33,29.67,23.04,34.97,29.74,RESISTANCE_BREAKOUT,BREAKOUT,0.23,,,0,,,0,False,False,27.95,EMA20,28.08,5.57,6.0,27.71,27.71,31.23,32.12,32.71,1.33,34.97,17.58,True,5.0,32.12,8.0,1.33,False,2.5,5.62,0.0,1600624.0,43105814.0,2.64,True,True,Warner Music Group Corp. - Class A Common Stock,3,61.5,UNCLASSIFIED,,0.0,NONE,0.0,0.0,NONE,,True,20,HISTORICAL / CONTEXT,HISTORICAL NEWS,NEUTRAL,"Warner Music Group (WMG) Beat Expectations, Is The Stock Still Cheap?",Simply Wall St.,370.4,COMPANY_NAME,False,HISTORICAL,LOW,3,63.1,False,65.5,WATCHLIST,NOT CHECKED,,,,,,,,,False,,,False,,,,False,,,,False,NONE,False,False,0,,,,NOT CHECKED,NO LIVE SIGNAL,BAR_PROXY,0.0,NO DATA,,,,,,,,65.5,False
HALO,109.92,FORMING,FORMING,"20/50 uptrend, rising EMA50, compressed below 20d resistance, tight range, volume contraction",58,74,35,WATCHLIST,WEAK,37.0,price<EMA20; EMA20>EMA50; EMA20 falling,3.05,58.8,0.67,20.24,1,True,2.5,153076445.0,106.18,97.52,80.84,103.47,111.15,68.27,111.15,61.33,109.66,111.37,RESISTANCE_BREAKOUT,BREAKOUT,0.2,,,0,,,0,False,False,105.68,EMA20,106.18,4.66,5.11,105.5,105.48,116.94,120.28,122.51,1.57,,,False,5.0,120.28,8.0,1.57,False,2.5,1.12,0.0,1417671.0,162047552.0,2.36,True,True,"Halozyme Therapeutics, Inc. - Common Stock",3,56.0,Biotechnology,XBI,57.7,NEUTRAL,0.88,0.95,INDUSTRY,biotechnology -> biotechnology,True,38,ACTIVE,FRESH NEWS,NEUTRAL,Is Halozyme Therapeutics (HALO) Fully Priced Ahead Of Its September Conference Run?,Simply Wall St.,22.3,COMPANY_NAME,True,FRESH_24H,LOW,4,46.1,False,64.5,WATCHLIST,NOT CHECKED,,,,,,,,,False,,,False,,,,False,,,,False,NONE,False,False,0,,,,NOT CHECKED,NO LIVE SIGNAL,BAR_PROXY,0.0,NO DATA,,,,,,,,64.5,True
CRM,243.14,DISCOVER,DISCOVER,"20/50 uptrend, rising EMA50, bull flag/pullback, volume contraction, low-volume pullback",50,68,35,WATCHLIST,WEAK,37.0,price<EMA20; EMA20>EMA50; EMA20 falling,18.89,43.5,0.54,22.58,1,True,3.96,3894031955.0,239.51,216.06,203.93,198.95,268.27,146.32,268.27,146.32,263.53,269.04,RESISTANCE_BREAKOUT,BREAKOUT,0.29,,,0,,,0,False,False,252.9,ATR_FALLBACK,254.59,5.37,6.0,241.75,241.75,282.49,290.56,295.94,1.33,,,False,5.0,290.56,8.0,1.33,False,2.5,10.34,0.0,15854442.0,2917445093.0,3.52,True,True,"Salesforce, Inc. Common Stock",2,58.4,Cloud Computing,SKYY,98.0,LEADING,5.76,1.0,STATIC_CONSTITUENT,verified theme membership,True,0,NOT CHECKED,NONE,NEUTRAL,,,,NOT CHECKED,False,NOT CHECKED,NONE,0,,False,64.2,WATCHLIST,NOT CHECKED,,,,,,,,,False,,,False,,,,False,,,,False,NONE,False,False,0,,,,NOT CHECKED,NO LIVE SIGNAL,BAR_PROXY,0.0,NO DATA,,,,,,,,64.2,True
BG,119.75,FORMING,FORMING,"20/50 uptrend, rising EMA50, near EMA50 support, volume contraction, low-volume pullback",58,78,35,WATCHLIST,WEAK,37.0,price<EMA20; EMA20>EMA50; EMA20 falling,5.96,62.3,0.64,4.36,0,False,4.09,197637049.0,118.71,116.71,111.56,106.57,127.47,102.17,127.47,102.17,134.02,127.86,RESISTANCE_BREAKOUT,BREAKOUT,0.31,,,0,,,0,False,False,120.19,ATR_FALLBACK,120.52,5.75,6.0,116.62,116.62,134.25,138.09,140.65,1.33,134.02,4.82,False,5.0,134.02,4.82,0.8,False,2.5,6.45,0.0,1668453.0,188210258.0,3.99,True,True,Bunge Limited Common Shares,3,60.0,UNCLASSIFIED,,0.0,NONE,0.0,0.55,SUMMARY_KEYWORD,oil,True,20,HISTORICAL / CONTEXT,HISTORICAL NEWS,NEUTRAL,"Bunge Global and Nature's Sunshine Shares Are Falling, What You Need To Know",StockStory,326.7,COMPANY_NAME,False,HISTORICAL,LOW,5,47.8,False,64.0,WATCHLIST,NOT CHECKED,,,,,,,,,False,,,False,,,,False,,,,False,NONE,False,False,0,,,,NOT CHECKED,NO LIVE SIGNAL,BAR_PROXY,0.0,NO DATA,,,,,,,,64.0,False
NWSA,30.35,FORMING,FORMING,"20/50 uptrend, rising EMA50, compressed below 20d resistance, tight range, volume contraction",66,76,35,WATCHLIST,WEAK,37.0,price<EMA20; EMA20>EMA50; EMA20 falling,4.32,40.9,0.26,3.8,0,False,2.05,106410778.0,30.0,29.07,27.36,29.02,31.55,24.27,31.55,23.36,31.55,31.6,RESISTANCE_BREAKOUT,BREAKOUT,0.16,,,0,,,0,False,False,29.89,EMA20,30.0,5.08,5.44,29.07,29.07,33.18,34.13,34.76,1.47,,,False,5.0,34.13,8.0,1.47,False,2.5,3.97,0.0,3504110.0,103337090.0,2.01,True,True,News Corporation - Class A Common Stock,3,59.5,UNCLASSIFIED,,0.0,NONE,0.0,0.55,SUMMARY_KEYWORD,energy,True,20,HISTORICAL / CONTEXT,HISTORICAL NEWS,NEUTRAL,News (NWSA) Stock Looks Above Fair Value As Earnings Beat Lifts Shares,Simply Wall St.,289.3,COMPANY_NAME,False,HISTORICAL,LOW,4,49.1,False,63.5,WATCHLIST,NOT CHECKED,,,,,,,,,False,,,False,,,,False,,,,False,NONE,False,False,0,,,,NOT CHECKED,NO LIVE SIGNAL,BAR_PROXY,0.0,NO DATA,,,,,,,,63.5,False
CNC,67.26,FORMING,FORMING,"20/50 uptrend, rising EMA50, compressed below 20d resistance, volume contraction",56,72,35,WATCHLIST,WEAK,37.0,price<EMA20; EMA20>EMA50; EMA20 falling,4.87,55.2,0.42,4.5,0,False,3.68,261296061.0,66.17,64.88,54.08,61.81,69.63,56.67,69.36,31.63,69.36,69.83,RESISTANCE_BREAKOUT,BREAKOUT,0.28,,,0,,,0,False,False,65.73,EMA20,66.17,5.23,5.87,64.52,61.81,73.32,75.41,76.81,1.36,,,False,5.0,75.41,8.0,1.36,False,2.5,3.52,0.0,3971588.0,242891188.0,3.08,True,True,Centene Corporation Common Stock,3,55.2,UNCLASSIFIED,,0.0,NONE,0.0,0.0,NONE,,True,38,ACTIVE,FRESH NEWS,NEUTRAL,Can Centene Sustain Its Turnaround Amid Membership Pressure?,Zacks,2.0,COMPANY_NAME,True,FRESH_24H,LOW,9,39.8,False,62.8,WATCHLIST,NOT CHECKED,,,,,,,,,False,,,False,,,,False,,,,False,NONE,False,False,0,,,,NOT CHECKED,NO LIVE SIGNAL,BAR_PROXY,0.0,NO DATA,,,,,,,,62.8,False
QGEN,44.33,FORMING,FORMING,"20/50 uptrend, rising EMA50, compressed below 20d resistance, tight range, volume contraction",58,74,35,WATCHLIST,WEAK,37.0,price<EMA20; EMA20>EMA50; EMA20 falling,0.55,54.0,0.44,5.15,0,False,2.51,99314660.0,42.95,42.08,41.87,41.42,45.53,35.96,45.53,32.24,49.27,45.62,RESISTANCE_BREAKOUT,BREAKOUT,0.2,,,0,,,0,False,False,42.88,EMA20,42.95,5.86,6.0,41.74,41.74,47.9,49.27,50.18,1.33,49.27,7.99,True,5.0,49.27,7.99,1.33,False,2.5,2.7,0.0,2300565.0,67953079.0,2.47,True,True,Qiagen N.V. Common Shares,3,54.7,UNCLASSIFIED,,0.0,NONE,0.0,0.55,SUMMARY_KEYWORD,genomic,True,38,ACTIVE,FRESH NEWS,NEUTRAL,Qiagen Shares Rise 4% Following Report of Private Equity Takeover Interest,InvestorsHub,5.0,COMPANY_NAME,True,FRESH_24H,LOW,4,48.1,False,62.3,WATCHLIST,NOT CHECKED,,,,,,,,,False,,,False,,,,False,,,,False,NONE,False,False,0,,,,NOT CHECKED,NO LIVE SIGNAL,BAR_PROXY,0.0,NO DATA,,,,,,,,62.3,False
WTTR,20.37,FORMING,FORMING,"20/50 uptrend, rising EMA50, near EMA50 support, tight range",58,74,35,WATCHLIST,WEAK,37.0,price<EMA20; EMA20>EMA50; EMA20 falling,0.52,58.4,0.32,3.69,0,False,3.6,26301054.0,20.18,19.79,16.68,18.39,21.18,17.59,22.47,12.81,22.47,21.24,RESISTANCE_BREAKOUT,BREAKOUT,0.28,,,0,,,0,False,False,20.05,EMA20,20.18,4.96,5.58,19.74,19.42,22.3,22.94,23.36,1.43,22.47,5.82,True,5.0,22.47,5.82,1.04,False,2.5,4.37,0.0,1317354.0,26067650.0,3.69,True,True,"Select Water Solutions, Inc. Class A common stock",3,54.7,Oil Services,OIH,46.6,WEAK,0.0,0.95,INDUSTRY,oil & gas equipment & services -> oil & gas equipment & services,False,38,ACTIVE,FRESH NEWS,NEUTRAL,"Select Water Solutions (WTTR) Cools After A Strong Run, Is It Still Undervalued?",Simply Wall St.,6.3,COMPANY_NAME,True,FRESH_24H,LOW,3,47.1,False,62.3,WATCHLIST,NOT CHECKED,,,,,,,,,False,,,False,,,,False,,,,False,NONE,False,False,0,,,,NOT CHECKED,NO LIVE SIGNAL,BAR_PROXY,0.0,NO DATA,,,,,,,,62.3,False
BILL,48.54,FORMING,FORMING,"20/50 uptrend, rising EMA50, tight range, volume contraction, low-volume pullback",62,72,35,WATCHLIST,WEAK,37.0,price<EMA20; EMA20>EMA50; EMA20 falling,2.66,49.0,0.25,5.36,0,False,3.69,92806833.0,48.49,46.47,44.51,46.2,50.89,31.47,52.6,31.41,52.6,51.03,RESISTANCE_BREAKOUT,BREAKOUT,0.28,,,0,,,0,False,False,48.17,EMA20,48.49,4.98,5.61,47.15,46.94,53.59,55.12,56.14,1.43,52.6,3.07,False,5.0,52.6,3.07,0.55,False,2.5,4.84,0.0,1911290.0,90474192.0,3.57,True,True,"BILL Holdings, Inc. Common Stock",3,55.3,UNCLASSIFIED,,0.0,NONE,0.0,0.55,SUMMARY_KEYWORD,artificial intelligence,True,30,ACTIVE,FRESH NEWS,NEUTRAL,"Zacks.com featured highlights include Halozyme Therapeutics, Avnet, BILL and Venture Global",Zacks,50.8,COMPANY_NAME,True,FRESH_72H,LOW,4,49.1,False,61.3,WATCHLIST,NOT CHECKED,,,,,,,,,False,,,False,,,,False,,,,False,NONE,False,False,0,,,,NOT CHECKED,NO LIVE SIGNAL,BAR_PROXY,0.0,NO DATA,,,,,,,,61.3,False
TH,20.27,DISCOVER,DISCOVER,"20/50 uptrend, rising EMA50, compressed below 20d resistance, volume contraction",48,72,35,WATCHLIST,WEAK,37.0,price<EMA20; EMA20>EMA50; EMA20 falling,19.87,59.7,0.59,12.99,1,True,4.64,37214886.0,18.62,17.84,14.47,16.7,20.47,14.08,20.85,7.48,20.85,20.55,RESISTANCE_BREAKOUT,BREAKOUT,0.37,,,0,,,0,False,False,19.31,ATR_FALLBACK,19.13,6.87,6.0,18.43,17.86,21.57,22.19,22.6,1.33,20.85,1.48,False,5.0,20.85,1.48,0.25,False,2.5,0.99,0.0,1978818.0,27987842.0,5.01,True,True,Target Hospitality Corp. - Common Stock,2,61.1,UNCLASSIFIED,,0.0,NONE,0.0,0.55,SUMMARY_KEYWORD,construction,True,0,NOT CHECKED,NONE,NEUTRAL,,,,NOT CHECKED,False,NOT CHECKED,NONE,0,,False,61.1,WATCHLIST,NOT CHECKED,,,,,,,,,False,,,False,,,,False,,,,False,NONE,False,False,0,,,,NOT CHECKED,NO LIVE SIGNAL,BAR_PROXY,0.0,NO DATA,,,,,,,,61.1,True
GTLB,49.87,DISCOVER,DISCOVER,"20/50 uptrend, rising EMA50, tight range, volume contraction",42,66,35,WATCHLIST,WEAK,37.0,price<EMA20; EMA20>EMA50; EMA20 falling,17.98,64.8,0.3,9.98,0,False,5.19,262452766.0,46.23,41.18,35.78,40.14,55.55,25.22,55.55,18.73,46.65,55.76,RESISTANCE_BREAKOUT,BREAKOUT,0.37,,,0,,,0,False,False,52.41,ATR_FALLBACK,51.88,6.96,6.0,46.01,46.01,58.54,60.22,61.33,1.33,,,False,5.0,60.22,8.0,1.33,False,2.5,11.39,0.0,5569305.0,175219058.0,4.33,True,True,GitLab Inc. - Class A Common Stock,2,55.0,Cloud Computing,SKYY,98.0,LEADING,5.76,1.0,STATIC_CONSTITUENT,verified theme membership,True,0,NOT CHECKED,NONE,NEUTRAL,,,,NOT CHECKED,False,NOT CHECKED,NONE,0,,False,60.8,WATCHLIST,NOT CHECKED,,,,,,,,,False,,,False,,,,False,,,,False,NONE,False,False,0,,,,NOT CHECKED,NO LIVE SIGNAL,BAR_PROXY,0.0,NO DATA,,,,,,,,60.8,False
NEO,19.62,DISCOVER,DISCOVER,"20/50 uptrend, rising EMA50, compressed below 20d resistance, volume contraction",48,72,35,WATCHLIST,WEAK,37.0,price<EMA20; EMA20>EMA50; EMA20 falling,18.68,61.4,0.5,7.31,0,False,4.12,29898079.0,17.74,16.23,12.58,15.98,19.76,10.96,19.76,7.07,19.76,19.82,RESISTANCE_BREAKOUT,BREAKOUT,0.33,,,0,,,0,False,False,18.64,ATR_FALLBACK,18.61,6.11,6.0,17.21,16.87,20.82,21.41,21.81,1.33,,,False,5.0,21.41,8.0,1.33,False,2.5,0.71,0.0,1677637.0,27433635.0,4.71,True,True,"NeoGenomics, Inc. - Common Stock",2,60.5,UNCLASSIFIED,,0.0,NONE,0.0,0.55,SUMMARY_KEYWORD,genomic,True,0,NOT CHECKED,NONE,NEUTRAL,,,,NOT CHECKED,False,NOT CHECKED,NONE,0,,False,60.5,WATCHLIST,NOT CHECKED,,,,,,,,,False,,,False,,,,False,,,,False,NONE,False,False,0,,,,NOT CHECKED,NO LIVE SIGNAL,BAR_PROXY,0.0,NO DATA,,,,,,,,60.5,False
BMRN,65.69,FORMING,FORMING,"20/50 uptrend, rising EMA50, tight range, volume contraction, low-volume pullback",62,74,35,WATCHLIST,WEAK,37.0,price<EMA20; EMA20>EMA50; EMA20 falling,-4.33,51.7,0.31,7.95,0,False,2.52,112459042.0,65.37,63.62,58.99,63.57,68.75,54.96,70.98,49.26,70.98,68.88,RESISTANCE_BREAKOUT,BREAKOUT,0.19,,,0,,,0,False,False,65.07,EMA20,65.37,5.1,5.53,63.57,63.57,72.33,74.39,75.77,1.45,70.98,3.05,False,5.0,70.98,3.05,0.55,False,2.5,5.98,0.0,1713630.0,110928627.0,2.31,True,True,BioMarin Pharmaceutical Inc. - Common Stock,3,53.1,Biotechnology,XBI,57.7,NEUTRAL,0.92,1.0,STATIC_CONSTITUENT,verified theme membership,True,30,ACTIVE,FRESH NEWS,NEUTRAL,BioMarin Stops Voxzogo Development for Noonan Syndrome,Zacks,25.5,COMPANY_NAME,True,FRESH_72H,LOW,5,39.1,False,60.0,WATCHLIST,NOT CHECKED,,,,,,,,,False,,,False,,,,False,,,,False,NONE,False,False,0,,,,NOT CHECKED,NO LIVE SIGNAL,BAR_PROXY,0.0,NO DATA,,,,,,,,60.0,False
CDNA,54.0,DISCOVER,DISCOVER,"20/50 uptrend, rising EMA50, compressed below 20d resistance, volume contraction",48,72,35,WATCHLIST,WEAK,37.0,price<EMA20; EMA20>EMA50; EMA20 falling,17.02,57.6,0.37,6.95,0,False,4.22,53978804.0,50.17,44.46,29.89,45.33,54.49,24.5,53.67,15.56,53.67,54.67,RESISTANCE_BREAKOUT,BREAKOUT,0.33,,,0,,,0,False,False,51.39,ATR_FALLBACK,51.25,6.26,6.0,48.64,48.39,57.4,59.04,60.14,1.33,,,False,5.0,59.04,8.0,1.33,False,2.5,0.9,0.0,1071113.0,53161154.0,4.71,True,True,"CareDx, Inc. - Common Stock",2,59.7,UNCLASSIFIED,,0.0,NONE,0.0,0.0,NONE,,True,0,NOT CHECKED,NONE,NEUTRAL,,,,NOT CHECKED,False,NOT CHECKED,NONE,0,,False,59.7,WATCHLIST,NOT CHECKED,,,,,,,,,False,,,False,,,,False,,,,False,NONE,False,False,0,,,,NOT CHECKED,NO LIVE SIGNAL,BAR_PROXY,0.0,NO DATA,,,,,,,,59.7,False
ADM,87.89,FORMING,ARMED,"20/50 uptrend, rising EMA50, compressed below 20d resistance, tight range, bull flag/pullback, volume contraction, runway unknown",76,66,75,WATCHLIST,WEAK,37.0,price<EMA20; EMA20>EMA50; EMA20 falling,9.75,78.0,0.33,5.09,0,False,3.1,297928880.0,84.29,82.02,74.28,75.86,88.75,71.17,88.75,64.24,87.9,88.97,RESISTANCE_BREAKOUT,BREAKOUT,0.25,,,0,,,0,False,False,84.03,SWING5,84.52,5.0,5.55,84.52,83.01,93.42,96.09,97.87,1.44,,,False,5.0,96.09,8.0,1.44,False,2.5,0.98,0.0,3568690.0,296791508.0,3.32,True,True,Archer-Daniels-Midland Company Common Stock,3,51.7,UNCLASSIFIED,,0.0,NONE,0.0,0.55,SUMMARY_KEYWORD,oil,True,38,ACTIVE,FRESH NEWS,NEUTRAL,Archer Daniels Midland (ADM) Declines More Than Market: Some Information for Investors,Zacks,19.5,COMPANY_NAME,True,FRESH_24H,LOW,7,46.8,False,59.3,WATCHLIST,NOT CHECKED,,,,,,,,,False,,,False,,,,False,,,,False,NONE,False,False,0,,,,NOT CHECKED,NO LIVE SIGNAL,BAR_PROXY,0.0,NO DATA,,,,,,,,59.3,False
FRO,54.43,DISCOVER,DISCOVER,"20/50 uptrend, rising EMA50, compressed below 20d resistance, 20d volume expansion",50,68,55,WATCHLIST,WEAK,37.0,price<EMA20; EMA20>EMA50; EMA20 falling,23.37,96.4,1.35,6.19,0,False,3.09,147463878.0,47.36,43.36,35.24,41.16,54.69,34.13,49.56,28.58,45.29,54.82,RESISTANCE_BREAKOUT,BREAKOUT,0.25,,,0,,,0,False,False,52.0,ATR_FALLBACK,52.3,4.6,5.16,47.1,43.94,57.57,59.21,60.31,1.55,,,False,5.0,59.21,8.0,1.55,False,2.5,0.48,0.0,3107111.0,130944922.0,3.15,True,True,Frontline Plc Ordinary Shares,2,56.0,Energy,XLE,77.8,LEADING,3.17,0.95,INDUSTRY,oil & gas midstream -> oil & gas midstream,True,0,NOT CHECKED,NONE,NEUTRAL,,,,NOT CHECKED,False,NOT CHECKED,NONE,0,,False,59.2,WATCHLIST,NOT CHECKED,,,,,,,,,False,,,False,,,,False,,,,False,NONE,False,False,0,,,,NOT CHECKED,NO LIVE SIGNAL,BAR_PROXY,0.0,NO DATA,,,,,,,,59.2,False
GPC,131.44,FORMING,FORMING,"above EMA50, rising EMA50, near EMA50 support, tight range, volume contraction, low-volume pullback",60,66,20,WATCHLIST,WEAK,37.0,price<EMA20; EMA20>EMA50; EMA20 falling,-0.63,38.7,0.25,2.14,0,False,2.26,135730786.0,133.22,128.95,121.24,128.4,138.81,104.0,138.81,89.11,138.81,139.05,RESISTANCE_BREAKOUT,BREAKOUT,0.17,,,0,,,0,False,False,132.68,EMA20,133.22,4.19,4.58,129.39,129.39,146.0,150.17,152.95,1.75,,,False,5.0,150.17,8.0,1.75,False,2.5,5.6,0.0,1008739.0,125713788.0,2.09,True,True,Genuine Parts Company Common Stock,3,51.6,UNCLASSIFIED,,0.0,NONE,0.0,0.55,SUMMARY_KEYWORD,gas,True,38,ACTIVE,FRESH NEWS,NEUTRAL,Is Genuine Parts Underperforming the Nasdaq?,Barchart,7.7,COMPANY_NAME,True,FRESH_24H,LOW,6,32.8,False,59.2,WATCHLIST,NOT CHECKED,,,,,,,,,False,,,False,,,,False,,,,False,NONE,False,False,0,,,,NOT CHECKED,NO LIVE SIGNAL,BAR_PROXY,0.0,NO DATA,,,,,,,,59.2,False
BMNR,24.31,DISCOVER,DISCOVER,"20/50 uptrend, rising EMA50, near EMA200 pivot, bull flag/pullback",50,68,35,WATCHLIST,WEAK,37.0,price<EMA20; EMA20>EMA50; EMA20 falling,21.0,46.2,0.56,14.7,2,True,7.69,1132922249.0,23.47,21.28,24.95,20.62,26.97,12.8,26.97,12.8,26.91,27.12,RESISTANCE_BREAKOUT,BREAKOUT,0.55,,,0,,,0,False,False,25.49,ATR_FALLBACK,24.32,10.33,6.0,22.16,22.16,28.48,29.29,29.83,1.33,,,False,5.0,29.29,8.0,1.33,False,2.5,10.96,0.0,46625322.0,1154668741.0,6.48,True,True,"BitMine Immersion Technologies, Inc. Common Stock",2,59.0,UNCLASSIFIED,,0.0,NONE,0.0,0.55,SUMMARY_KEYWORD,gas,True,0,NOT CHECKED,NONE,NEUTRAL,,,,NOT CHECKED,False,NOT CHECKED,NONE,0,,False,59.0,WATCHLIST,NOT CHECKED,,,,,,,,,False,,,False,,,,False,,,,False,NONE,False,False,0,,,,NOT CHECKED,NO LIVE SIGNAL,BAR_PROXY,0.0,NO DATA,,,,,,,,59.0,True
ANF,138.6,DISCOVER,DISCOVER,"20/50 uptrend, rising EMA50, bull flag/pullback, volume contraction, low-volume pullback",50,68,35,WATCHLIST,WEAK,37.0,price<EMA20; EMA20>EMA50; EMA20 falling,32.35,43.8,0.1,35.67,1,True,4.35,351627834.0,135.53,120.62,100.22,102.3,155.22,83.98,155.22,69.68,154.58,155.7,RESISTANCE_BREAKOUT,BREAKOUT,0.31,,,0,,,0,False,False,146.36,ATR_FALLBACK,146.66,5.81,6.0,134.7,134.7,163.49,168.16,171.27,1.33,,,False,5.0,168.16,8.0,1.33,False,2.5,12.0,0.0,2482234.0,220709229.0,4.78,True,True,Abercrombie & Fitch Company Common Stock,2,59.0,UNCLASSIFIED,,0.0,NONE,0.0,0.0,NONE,,True,0,NOT CHECKED,NONE,NEUTRAL,,,,NOT CHECKED,False,NOT CHECKED,NONE,0,,False,59.0,WATCHLIST,NOT CHECKED,,,,,,,,,False,,,False,,,,False,,,,False,NONE,False,False,0,,,,NOT CHECKED,NO LIVE SIGNAL,BAR_PROXY,0.0,NO DATA,,,,,,,,59.0,True
DAN,30.85,FORMING,FORMING,"20/50 uptrend, rising EMA50, near EMA50 support, volume contraction, low-volume pullback",58,74,35,WATCHLIST,WEAK,37.0,price<EMA20; EMA20>EMA50; EMA20 falling,1.03,54.9,0.44,4.92,0,False,3.11,37596050.0,30.39,29.99,29.12,29.06,32.3,24.49,32.3,24.49,39.25,32.38,RESISTANCE_BREAKOUT,BREAKOUT,0.24,,,0,,,0,False,False,30.43,EMA20,30.39,6.13,6.0,29.39,29.39,34.0,34.97,35.61,1.33,39.25,21.23,True,5.0,34.97,8.0,1.33,False,2.5,4.68,0.0,1228709.0,36849178.0,2.8,True,True,Dana Incorporated Common Stock ,3,55.0,UNCLASSIFIED,,0.0,NONE,0.0,0.55,SUMMARY_KEYWORD,oil,True,20,HISTORICAL / CONTEXT,HISTORICAL NEWS,NEUTRAL,Here's Why You Should Offload Dana Stock From Your Portfolio,Zacks,361.3,COMPANY_NAME,False,HISTORICAL,LOW,3,40.8,False,59.0,WATCHLIST,NOT CHECKED,,,,,,,,,False,,,False,,,,False,,,,False,NONE,False,False,0,,,,NOT CHECKED,NO LIVE SIGNAL,BAR_PROXY,0.0,NO DATA,,,,,,,,59.0,False
BVN,34.83,FORMING,FORMING,"20/50 uptrend, rising EMA50, tight range, volume contraction",58,68,35,WATCHLIST,WEAK,37.0,price<EMA20; EMA20>EMA50; EMA20 falling,3.42,43.4,0.22,5.32,0,False,4.3,43170977.0,34.04,33.48,31.5,32.24,36.94,27.31,36.94,27.31,42.78,37.06,RESISTANCE_BREAKOUT,BREAKOUT,0.32,,,0,,,0,False,False,34.84,ATR_FALLBACK,34.81,6.06,6.0,32.24,32.24,38.91,40.02,40.77,1.33,42.78,15.43,True,5.0,40.02,8.0,1.33,False,2.5,6.06,0.0,1242320.0,37425820.0,4.0,True,True,Buenaventura Mining Company Inc.,3,52.3,Gold Miners,GDX,77.3,NEUTRAL,2.46,0.75,INDUSTRY_KEYWORD,precious metals,True,20,HISTORICAL / CONTEXT,HISTORICAL NEWS,NEUTRAL,Buenaventura (BVN) Stock Looks Cheap On Earnings But Mixed On Value,Simply Wall St.,703.3,COMPANY_NAME,False,HISTORICAL,LOW,5,42.1,False,58.8,WATCHLIST,NOT CHECKED,,,,,,,,,False,,,False,,,,False,,,,False,NONE,False,False,0,,,,NOT CHECKED,NO LIVE SIGNAL,BAR_PROXY,0.0,NO DATA,,,,,,,,58.8,False
NOV,20.58,FORMING,FORMING,"above EMA50, rising EMA50, near EMA50 support, tight range, volume contraction, low-volume pullback",60,70,35,WATCHLIST,WEAK,37.0,price<EMA20; EMA20>EMA50; EMA20 falling,0.83,48.6,0.25,5.34,0,False,2.98,61332702.0,20.81,20.41,18.73,19.34,21.84,17.66,21.84,17.59,21.59,21.89,RESISTANCE_BREAKOUT,BREAKOUT,0.22,,,0,,,0,False,False,20.7,EMA20,20.81,4.9,5.4,20.23,20.23,22.98,23.64,24.08,1.48,,,False,5.0,23.64,8.0,1.48,False,2.5,6.08,0.0,2959807.0,61472510.0,3.17,True,True,NOV Inc. Common Stock,3,52.7,Oil Services,OIH,46.6,WEAK,0.0,0.95,INDUSTRY,oil & gas equipment & services -> oil & gas equipment & services,False,30,ACTIVE,FRESH NEWS,NEUTRAL,Q2 Earnings Outperformers: NOV (NYSE:NOV) And The Rest Of The Oilfield Services Stocks,StockStory,49.6,TICKER_IN_TITLE,True,FRESH_72H,LOW,7,40.1,False,58.7,WATCHLIST,NOT CHECKED,,,,,,,,,False,,,False,,,,False,,,,False,NONE,False,False,0,,,,NOT CHECKED,NO LIVE SIGNAL,BAR_PROXY,0.0,NO DATA,,,,,,,,58.7,False
BTDR,11.57,DISCOVER,DISCOVER,"rising EMA50, near EMA50 support, bull flag/pullback, volume contraction, low-volume pullback",46,70,55,WATCHLIST,WEAK,37.0,price<EMA20; EMA20>EMA50; EMA20 falling,21.06,51.6,0.45,10.89,1,True,7.37,128699781.0,11.28,11.59,12.86,10.07,12.95,8.44,19.32,6.92,20.72,13.02,RESISTANCE_BREAKOUT,BREAKOUT,0.53,,,0,,,0,False,False,12.24,ATR_FALLBACK,11.74,9.83,6.0,10.7,10.14,13.67,14.06,14.32,1.33,19.32,48.41,True,5.0,14.06,8.0,1.33,False,2.5,11.93,0.0,11432973.0,119845350.0,7.26,True,True,Bitdeer Technologies Group - Ordinary Shares,2,56.4,Crypto & Digital Infrastructure,WGMI,65.6,STRONG,1.87,1.0,STATIC_CONSTITUENT,verified theme membership,True,0,NOT CHECKED,NONE,NEUTRAL,,,,NOT CHECKED,False,NOT CHECKED,NONE,0,,False,58.3,WATCHLIST,NOT CHECKED,,,,,,,,,False,,,False,,,,False,,,,False,NONE,False,False,0,,,,NOT CHECKED,NO LIVE SIGNAL,BAR_PROXY,0.0,NO DATA,,,,,,,,58.3,True
INSM,123.6,FORMING,FORMING,"above EMA50, rising EMA50, near EMA50 support, near EMA200 pivot, tight range",60,72,35,WATCHLIST,WEAK,37.0,price<EMA20; EMA20>EMA50; EMA20 falling,-4.49,53.2,0.43,33.86,1,True,4.12,230536604.0,123.92,120.44,130.68,117.15,130.83,95.27,137.7,90.39,166.19,131.24,RESISTANCE_BREAKOUT,BREAKOUT,0.31,,,0,,,0,False,False,123.36,EMA20,123.92,5.57,6.0,118.34,118.34,137.8,141.74,144.36,1.33,137.7,4.92,False,5.0,137.7,4.92,0.82,False,2.5,6.07,0.0,1852796.0,224008212.0,3.79,True,True,Insmed Incorporated - Common Stock,3,51.3,Biotechnology,XBI,57.7,NEUTRAL,0.88,0.95,INDUSTRY,biotechnology -> biotechnology,True,30,ACTIVE,FRESH NEWS,NEUTRAL,The Fund Exited Insmed (INSM) After the Investment Thesis Played Out,Insider Monkey,26.8,COMPANY_NAME,True,FRESH_72H,LOW,3,41.8,False,58.2,WATCHLIST,NOT CHECKED,,,,,,,,,False,,,False,,,,False,,,,False,NONE,False,False,0,,,,NOT CHECKED,NO LIVE SIGNAL,BAR_PROXY,0.0,NO DATA,,,,,,,,58.2,True
AUGO,89.58,DISCOVER,DISCOVER,"20/50 uptrend, rising EMA50, compressed below 20d resistance, tight range",52,72,35,WATCHLIST,WEAK,37.0,price<EMA20; EMA20>EMA50; EMA20 falling,6.3,50.8,0.93,12.95,2,True,5.61,87551580.0,84.03,77.21,66.64,78.59,90.64,47.61,90.64,47.61,108.18,91.04,RESISTANCE_BREAKOUT,BREAKOUT,0.44,,,0,,,0,False,False,85.58,ATR_FALLBACK,83.51,8.28,6.0,82.22,82.09,95.59,98.33,100.15,1.33,108.18,18.83,True,5.0,98.33,8.0,1.33,False,2.5,1.18,0.0,1017496.0,79717210.0,4.7,True,True,Aura Minerals Inc. - Common Shares,2,55.1,Gold Miners,GDX,77.3,NEUTRAL,3.11,0.95,INDUSTRY,gold -> gold,True,0,NOT CHECKED,NONE,NEUTRAL,,,,NOT CHECKED,False,NOT CHECKED,NONE,0,,False,58.2,WATCHLIST,NOT CHECKED,,,,,,,,,False,,,False,,,,False,,,,False,NONE,False,False,0,,,,NOT CHECKED,NO LIVE SIGNAL,BAR_PROXY,0.0,NO DATA,,,,,,,,58.2,True
TTEK,36.14,FORMING,FORMING,"20/50 uptrend, rising EMA50, tight range, volume contraction, low-volume pullback",62,68,20,WATCHLIST,WEAK,37.0,price<EMA20; EMA20>EMA50; EMA20 falling,-0.34,43.8,0.37,3.39,0,False,2.07,77691966.0,36.02,34.58,33.09,35.3,37.59,26.66,37.59,25.76,37.59,37.65,RESISTANCE_BREAKOUT,BREAKOUT,0.16,,,0,,,0,False,False,35.88,EMA20,36.02,4.33,4.69,35.42,35.3,39.53,40.66,41.41,1.71,,,False,5.0,40.66,8.0,1.71,False,2.5,4.01,0.0,2134452.0,70126629.0,2.07,True,True,"Tetra Tech, Inc. - Common Stock",3,53.4,Infrastructure,PAVE,40.7,WEAK,0.0,0.95,INDUSTRY,engineering & construction -> engineering & construction,False,24,WEAK,CONTEXT NEWS,BULLISH,Tetra Tech's Board Approves Additional Share Buyback Program,Zacks,72.6,COMPANY_NAME,False,CONTEXT_7D,MEDIUM,4,55.1,False,58.2,WATCHLIST,NOT CHECKED,,,,,,,,,False,,,False,,,,False,,,,False,NONE,False,False,0,,,,NOT CHECKED,NO LIVE SIGNAL,BAR_PROXY,0.0,NO DATA,,,,,,,,58.2,False
INCY,126.05,FORMING,FORMING,"20/50 uptrend, rising EMA50, compressed below 20d resistance, tight range",60,66,35,WATCHLIST,WEAK,37.0,price<EMA20; EMA20>EMA50; EMA20 falling,-0.97,46.8,0.29,4.05,0,False,2.58,153009703.0,124.39,121.0,107.62,119.97,130.8,99.79,132.6,89.25,132.6,131.06,RESISTANCE_BREAKOUT,BREAKOUT,0.2,,,0,,,0,False,False,123.81,EMA20,124.39,5.09,5.54,119.97,119.97,137.61,141.54,144.17,1.45,132.6,1.18,False,5.0,132.6,1.18,0.21,False,2.5,3.77,0.0,1218947.0,156604893.0,2.39,True,True,Incyte Corporation - Common Stock,3,49.2,Biotechnology,XBI,57.7,NEUTRAL,0.88,0.95,INDUSTRY,biotechnology -> biotechnology,True,38,ACTIVE,FRESH NEWS,NEUTRAL,Is Incyte (INCY) Undervalued After Ontario Backed MINJUVI Access?,Simply Wall St.,15.3,COMPANY_NAME,True,FRESH_24H,LOW,7,39.8,False,57.7,WATCHLIST,NOT CHECKED,,,,,,,,,False,,,False,,,,False,,,,False,NONE,False,False,0,,,,NOT CHECKED,NO LIVE SIGNAL,BAR_PROXY,0.0,NO DATA,,,,,,,,57.7,False
LYB,64.14,FORMING,FORMING,"20/50 uptrend, rising EMA50, near EMA50 support, tight range",58,70,35,WATCHLIST,WEAK,37.0,price<EMA20; EMA20>EMA50; EMA20 falling,-0.99,54.0,0.23,5.14,0,False,3.43,205279758.0,64.04,63.0,60.2,61.48,68.42,51.45,68.42,51.45,82.22,68.6,RESISTANCE_BREAKOUT,BREAKOUT,0.26,,,0,,,0,False,False,64.9,ATR_FALLBACK,65.3,4.81,5.39,62.41,62.41,72.03,74.09,75.46,1.48,82.22,19.86,True,5.0,74.09,8.0,1.48,False,2.5,6.68,0.0,3179729.0,201061655.0,3.09,True,True,LyondellBasell Industries NV Ordinary Shares Class A (Netherlands),3,51.4,UNCLASSIFIED,,0.0,NONE,0.0,0.0,NONE,,True,30,ACTIVE,FRESH NEWS,NEUTRAL,LyondellBasell (LYB) Retraces Amid Shifting Commodity Sentiment,Insider Monkey,29.0,COMPANY_NAME,True,FRESH_72H,LOW,8,42.8,False,57.4,WATCHLIST,NOT CHECKED,,,,,,,,,False,,,False,,,,False,,,,False,NONE,False,False,0,,,,NOT CHECKED,NO LIVE SIGNAL,BAR_PROXY,0.0,NO DATA,,,,,,,,57.4,False
RMD,227.46,FORMING,FORMING,"20/50 uptrend, rising EMA50, near EMA200 pivot, volume contraction",58,64,20,WATCHLIST,WEAK,37.0,price<EMA20; EMA20>EMA50; EMA20 falling,-0.19,39.6,0.34,4.85,0,False,2.83,295540026.0,225.97,220.45,225.77,215.8,242.4,186.71,242.4,179.75,258.71,242.91,RESISTANCE_BREAKOUT,BREAKOUT,0.21,,,0,,,0,False,False,232.11,ATR_FALLBACK,233.27,3.97,4.45,215.8,215.8,255.06,262.35,267.21,1.8,258.71,6.5,True,5.0,258.71,6.5,1.46,False,2.5,6.57,0.0,1284143.0,280318600.0,2.5,True,True,ResMed Inc. Common Stock,3,50.1,UNCLASSIFIED,,0.0,NONE,0.0,0.0,NONE,,True,36,ACTIVE,NEWS,BULLISH,Sleep Device Maker ResMed Gets an Upgrade. Analysts See a Lot to Like.,Barrons.com,45.4,COMPANY_NAME,True,FRESH_72H,MEDIUM,4,42.1,False,57.3,WATCHLIST,NOT CHECKED,,,,,,,,,False,,,False,,,,False,,,,False,NONE,False,False,0,,,,NOT CHECKED,NO LIVE SIGNAL,BAR_PROXY,0.0,NO DATA,,,,,,,,57.3,False
SMCI,40.64,DISCOVER,DISCOVER,"20/50 uptrend, rising EMA50, compressed below 20d resistance, volume expanding",48,72,35,WATCHLIST,WEAK,37.0,price<EMA20; EMA20>EMA50; EMA20 falling,12.02,55.3,1.27,19.02,2,True,5.77,1410176340.0,37.38,35.14,34.19,34.09,41.53,23.38,42.31,19.48,51.4,41.72,RESISTANCE_BREAKOUT,BREAKOUT,0.45,,,0,,,0,False,False,39.21,ATR_FALLBACK,38.2,8.43,6.0,35.36,35.36,43.8,45.05,45.89,1.33,42.31,1.42,False,5.0,42.31,1.42,0.24,False,2.5,2.19,0.0,37166115.0,1331204712.0,5.55,True,True,"Super Micro Computer, Inc. - Common Stock",2,57.2,UNCLASSIFIED,,0.0,NONE,0.0,0.55,SUMMARY_KEYWORD,cloud computing,True,0,NOT CHECKED,NONE,NEUTRAL,,,,NOT CHECKED,False,NOT CHECKED,NONE,0,,False,57.2,WATCHLIST,NOT CHECKED,,,,,,,,,False,,,False,,,,False,,,,False,NONE,False,False,0,,,,NOT CHECKED,NO LIVE SIGNAL,BAR_PROXY,0.0,NO DATA,,,,,,,,57.2,True
TWLO,241.94,DISCOVER,DISCOVER,"20/50 uptrend, rising EMA50, compressed below 20d resistance, tight range",52,72,35,WATCHLIST,WEAK,37.0,price<EMA20; EMA20>EMA50; EMA20 falling,9.96,50.4,0.36,24.89,1,True,4.09,367841809.0,231.88,221.52,178.5,215.79,244.89,179.2,258.35,112.99,258.35,245.68,RESISTANCE_BREAKOUT,BREAKOUT,0.32,,,0,,,0,False,False,230.94,EMA20,231.88,5.62,6.0,222.63,221.86,257.96,265.34,270.25,1.33,258.35,5.16,True,5.0,258.35,5.16,0.86,False,2.5,1.22,0.0,1586156.0,344751380.0,3.9,True,True,Twilio Inc. Class A Common Stock,2,56.9,Infrastructure,PAVE,40.7,WEAK,0.0,0.75,INDUSTRY_KEYWORD,infrastructure,False,0,NOT CHECKED,NONE,NEUTRAL,,,,NOT CHECKED,False,NOT CHECKED,NONE,0,,False,56.9,WATCHLIST,NOT CHECKED,,,,,,,,,False,,,False,,,,False,,,,False,NONE,False,False,0,,,,NOT CHECKED,NO LIVE SIGNAL,BAR_PROXY,0.0,NO DATA,,,,,,,,56.9,True
TEAM,192.1,DISCOVER,DISCOVER,"20/50 uptrend, rising EMA50, compressed below 20d resistance, volume contraction",48,72,35,WATCHLIST,WEAK,37.0,price<EMA20; EMA20>EMA50; EMA20 falling,11.17,55.0,0.36,35.31,2,True,4.83,640867441.0,178.74,152.12,123.94,160.96,198.6,74.41,198.6,56.01,197.3,199.34,RESISTANCE_BREAKOUT,BREAKOUT,0.37,,,0,,,0,False,False,187.38,ATR_FALLBACK,185.43,6.98,6.0,174.46,174.21,209.31,215.29,219.28,1.33,,,False,5.0,215.29,8.0,1.33,False,2.5,3.38,0.0,3502389.0,639145873.0,4.64,True,True,Atlassian Corporation  - Class A Common Stock,2,56.7,UNCLASSIFIED,,0.0,NONE,0.0,0.55,SUMMARY_KEYWORD,cloud platform,True,0,NOT CHECKED,NONE,NEUTRAL,,,,NOT CHECKED,False,NOT CHECKED,NONE,0,,False,56.7,WATCHLIST,NOT CHECKED,,,,,,,,,False,,,False,,,,False,,,,False,NONE,False,False,0,,,,NOT CHECKED,NO LIVE SIGNAL,BAR_PROXY,0.0,NO DATA,,,,,,,,56.7,True
ZIM,30.13,DISCOVER,DISCOVER,"20/50 uptrend, rising EMA50, compressed below 20d resistance, volume contraction",48,72,35,WATCHLIST,WEAK,37.0,price<EMA20; EMA20>EMA50; EMA20 falling,10.84,65.6,0.61,6.13,0,False,2.6,38495639.0,28.64,27.38,24.29,26.85,30.4,23.28,30.4,22.93,29.56,30.46,RESISTANCE_BREAKOUT,BREAKOUT,0.21,,,0,,,0,False,False,28.71,SWING5,28.85,5.29,5.76,28.85,27.02,31.99,32.9,33.51,1.39,,,False,5.0,32.9,8.0,1.39,False,2.5,0.9,0.0,1341786.0,28762703.0,2.48,True,True,ZIM Integrated Shipping Services Ltd. Ordinary Shares,2,56.6,UNCLASSIFIED,,0.0,NONE,0.0,0.0,NONE,,True,0,NOT CHECKED,NONE,NEUTRAL,,,,NOT CHECKED,False,NOT CHECKED,NONE,0,,False,56.6,WATCHLIST,NOT CHECKED,,,,,,,,,False,,,False,,,,False,,,,False,NONE,False,False,0,,,,NOT CHECKED,NO LIVE SIGNAL,BAR_PROXY,0.0,NO DATA,,,,,,,,56.6,False
IQV,269.86,DISCOVER,DISCOVER,"20/50 uptrend, rising EMA50, compressed below 20d resistance, tight range",52,72,35,WATCHLIST,WEAK,37.0,price<EMA20; EMA20>EMA50; EMA20 falling,9.17,58.0,0.56,3.85,0,False,2.49,350798285.0,259.98,241.97,209.48,246.87,273.56,163.35,271.8,154.5,265.25,274.1,RESISTANCE_BREAKOUT,BREAKOUT,0.2,,,0,,,0,False,False,258.77,EMA20,259.98,5.15,5.59,252.53,252.53,287.8,296.03,301.51,1.43,,,False,5.0,296.03,8.0,1.43,False,2.5,1.37,0.0,1334421.0,339636475.0,2.56,True,True,"IQVIA Holdings, Inc. Common Stock",2,56.5,UNCLASSIFIED,,0.0,NONE,0.0,0.55,SUMMARY_KEYWORD,genomic,True,0,NOT CHECKED,NONE,NEUTRAL,,,,NOT CHECKED,False,NOT CHECKED,NONE,0,,False,56.5,WATCHLIST,NOT CHECKED,,,,,,,,,False,,,False,,,,False,,,,False,NONE,False,False,0,,,,NOT CHECKED,NO LIVE SIGNAL,BAR_PROXY,0.0,NO DATA,,,,,,,,56.5,False
BE,278.67,DISCOVER,DISCOVER,"20/50 uptrend, rising EMA50, compressed below 20d resistance",42,66,35,WATCHLIST,WEAK,37.0,price<EMA20; EMA20>EMA50; EMA20 falling,35.78,69.2,0.73,12.29,1,True,6.25,3119704080.0,246.91,238.2,203.86,185.93,283.83,157.33,351.28,116.5,351.28,285.22,RESISTANCE_BREAKOUT,BREAKOUT,0.49,,,0,,,0,False,False,268.11,ATR_FALLBACK,259.1,9.16,6.0,249.05,204.3,299.48,308.04,313.75,1.33,351.28,23.16,True,5.0,308.04,8.0,1.33,False,2.5,1.85,0.0,12963931.0,2881507320.0,6.18,True,True,Bloom Energy Corporation Class A Common Stock,2,56.0,UNCLASSIFIED,,0.0,NONE,0.0,0.55,SUMMARY_KEYWORD,gas,True,0,NOT CHECKED,NONE,NEUTRAL,,,,NOT CHECKED,False,NOT CHECKED,NONE,0,,False,56.0,WATCHLIST,NOT CHECKED,,,,,,,,,False,,,False,,,,False,,,,False,NONE,False,False,0,,,,NOT CHECKED,NO LIVE SIGNAL,BAR_PROXY,0.0,NO DATA,,,,,,,,56.0,True
NTSK,17.53,DISCOVER,DISCOVER,"20/50 uptrend, rising EMA50, compressed below 20d resistance",42,66,35,WATCHLIST,WEAK,37.0,price<EMA20; EMA20>EMA50; EMA20 falling,20.17,66.0,0.53,15.65,2,True,6.36,93731209.0,15.38,14.18,14.04,13.14,17.9,8.69,16.58,7.66,16.58,17.99,RESISTANCE_BREAKOUT,BREAKOUT,0.5,,,0,,,0,False,False,16.91,ATR_FALLBACK,16.32,9.29,6.0,14.2,13.26,18.89,19.43,19.79,1.33,,,False,5.0,19.43,8.0,1.33,False,2.5,2.11,0.0,6148079.0,81867959.0,6.61,True,True,"Netskope, Inc. - Class A Common Stock",2,56.0,Infrastructure,PAVE,40.7,WEAK,0.0,0.75,INDUSTRY_KEYWORD,infrastructure,False,0,NOT CHECKED,NONE,NEUTRAL,,,,NOT CHECKED,False,NOT CHECKED,NONE,0,,False,56.0,WATCHLIST,NOT CHECKED,,,,,,,,,False,,,False,,,,False,,,,False,NONE,False,False,0,,,,NOT CHECKED,NO LIVE SIGNAL,BAR_PROXY,0.0,NO DATA,,,,,,,,56.0,True
SG,6.87,DISCOVER,DISCOVER,"above EMA50, rising EMA50, near EMA50 support, near EMA200 pivot, tight range",52,72,35,WATCHLIST,WEAK,37.0,price<EMA20; EMA20>EMA50; EMA20 falling,7.93,51.4,0.37,10.31,1,True,6.38,31220165.0,6.76,6.82,7.07,6.38,7.4,5.0,9.49,4.49,10.63,7.44,RESISTANCE_BREAKOUT,BREAKOUT,0.47,,,0,,,0,False,False,6.99,ATR_FALLBACK,6.78,8.85,6.0,6.58,6.38,7.81,8.03,8.18,1.33,9.49,27.64,True,5.0,8.03,8.0,1.33,False,2.5,7.71,0.0,4560947.0,29894839.0,5.64,True,True,"Sweetgreen, Inc. Class A Common Stock",2,55.9,UNCLASSIFIED,,0.0,NONE,0.0,0.0,NONE,,True,0,NOT CHECKED,NONE,NEUTRAL,,,,NOT CHECKED,False,NOT CHECKED,NONE,0,,False,55.9,WATCHLIST,NOT CHECKED,,,,,,,,,False,,,False,,,,False,,,,False,NONE,False,False,0,,,,NOT CHECKED,NO LIVE SIGNAL,BAR_PROXY,0.0,NO DATA,,,,,,,,55.9,True
MU,977.13,DISCOVER,DISCOVER,"20/50 uptrend, rising EMA50, volume contraction, low-volume pullback",52,72,35,WATCHLIST,WEAK,37.0,price<EMA20; EMA20>EMA50; EMA20 falling,5.19,56.1,0.61,6.1,0,False,4.39,22934612563.0,954.09,933.14,695.41,887.61,1042.4,737.88,1254.81,311.44,1254.81,1045.83,RESISTANCE_BREAKOUT,BREAKOUT,0.33,,,0,,,0,False,False,983.08,ATR_FALLBACK,981.5,6.15,6.0,902.6,902.6,1098.12,1129.5,1150.41,1.33,1254.81,19.98,True,5.0,1129.5,8.0,1.33,False,2.5,6.68,0.0,23925512.0,22401217994.0,3.82,True,True,"Micron Technology, Inc. - Common Stock",2,54.5,Semiconductors,SMH,61.1,STRONG,1.33,1.0,STATIC_CONSTITUENT,verified theme membership,True,0,NOT CHECKED,NONE,NEUTRAL,,,,NOT CHECKED,False,NOT CHECKED,NONE,0,,False,55.8,WATCHLIST,NOT CHECKED,,,,,,,,,False,,,False,,,,False,,,,False,NONE,False,False,0,,,,NOT CHECKED,NO LIVE SIGNAL,BAR_PROXY,0.0,NO DATA,,,,,,,,55.8,False
SHC,19.14,FORMING,FORMING,"20/50 uptrend, rising EMA50, compressed below 20d resistance, volume contraction",56,66,35,WATCHLIST,WEAK,37.0,price<EMA20; EMA20>EMA50; EMA20 falling,1.63,44.6,0.3,5.17,0,False,2.29,35171730.0,18.83,18.39,17.12,18.01,19.73,15.6,19.79,13.09,19.79,19.77,RESISTANCE_BREAKOUT,BREAKOUT,0.18,,,0,,,0,False,False,18.75,EMA20,18.83,4.73,5.13,18.01,18.01,20.75,21.35,21.74,1.56,19.79,0.12,False,5.0,19.79,0.12,0.02,False,2.5,3.11,0.0,1849342.0,34518643.0,2.2,True,True,Sotera Health Company - Common Stock,3,49.7,UNCLASSIFIED,,0.0,NONE,0.0,0.0,NONE,,True,30,ACTIVE,FRESH NEWS,NEUTRAL,Here’s Why Sotera Health Company (SHC) Surges 25% in Q2,Insider Monkey,52.3,COMPANY_NAME,True,FRESH_72H,LOW,3,46.8,False,55.7,WATCHLIST,NOT CHECKED,,,,,,,,,False,,,False,,,,False,,,,False,NONE,False,False,0,,,,NOT CHECKED,NO LIVE SIGNAL,BAR_PROXY,0.0,NO DATA,,,,,,,,55.7,False
ALLE,153.67,FORMING,FORMING,"above EMA50, rising EMA50, near EMA50 support, near EMA200 pivot, tight range, volume contraction",62,68,35,WATCHLIST,WEAK,37.0,price<EMA20; EMA20>EMA50; EMA20 falling,-4.33,39.4,0.21,2.14,0,False,2.3,203569121.0,155.26,153.19,151.68,150.16,165.43,128.23,170.27,124.05,170.27,165.72,RESISTANCE_BREAKOUT,BREAKOUT,0.17,,,0,,,0,False,False,155.77,EMA20,155.26,6.31,6.0,150.16,150.16,174.0,178.97,182.29,1.33,170.27,2.75,False,5.0,170.27,2.75,0.46,False,2.5,8.05,0.0,1306474.0,160838690.0,2.14,True,True,Allegion plc Ordinary Shares,3,49.2,UNCLASSIFIED,,0.0,NONE,0.0,0.0,NONE,,True,30,ACTIVE,FRESH NEWS,NEUTRAL,Allegion PLC's Dividend Analysis,GuruFocus.com,54.3,COMPANY_NAME,True,FRESH_72H,LOW,4,34.8,False,55.2,WATCHLIST,NOT CHECKED,,,,,,,,,False,,,False,,,,False,,,,False,NONE,False,False,0,,,,NOT CHECKED,NO LIVE SIGNAL,BAR_PROXY,0.0,NO DATA,,,,,,,,55.2,False
HPE,61.2,DISCOVER,DISCOVER,"20/50 uptrend, rising EMA50, compressed below 20d resistance",42,66,35,WATCHLIST,WEAK,37.0,price<EMA20; EMA20>EMA50; EMA20 falling,16.11,58.6,0.47,12.44,1,True,6.74,1372142137.0,55.61,52.22,39.17,45.7,62.15,40.72,63.44,20.41,64.06,62.48,RESISTANCE_BREAKOUT,BREAKOUT,0.53,,,0,,,0,False,False,58.73,ATR_FALLBACK,56.3,9.9,6.0,55.02,45.7,65.6,67.48,68.73,1.33,63.44,1.54,False,5.0,63.44,1.54,0.26,False,2.5,1.55,0.0,24979657.0,1197698461.0,5.52,True,True,Hewlett Packard Enterprise Company Common Stock,2,54.1,UNCLASSIFIED,,0.0,NONE,0.0,0.0,NONE,,True,0,NOT CHECKED,NONE,NEUTRAL,,,,NOT CHECKED,False,NOT CHECKED,NONE,0,,False,54.1,WATCHLIST,NOT CHECKED,,,,,,,,,False,,,False,,,,False,,,,False,NONE,False,False,0,,,,NOT CHECKED,NO LIVE SIGNAL,BAR_PROXY,0.0,NO DATA,,,,,,,,54.1,True
MARA,11.74,DISCOVER,DISCOVER,"rising EMA50, near EMA200 pivot, tight range",44,62,35,WATCHLIST,WEAK,37.0,price<EMA20; EMA20>EMA50; EMA20 falling,22.57,49.0,0.88,15.54,2,True,6.88,566226041.0,11.25,11.37,12.1,9.96,12.47,8.68,16.43,7.63,16.43,12.53,RESISTANCE_BREAKOUT,BREAKOUT,0.52,,,0,,,0,False,False,11.78,ATR_FALLBACK,11.32,9.66,6.0,10.77,9.99,13.16,13.54,13.79,1.33,16.43,31.08,True,5.0,13.54,8.0,1.33,False,2.5,6.22,0.0,49813942.0,525951931.0,7.56,True,True,"MARA Holdings, Inc. - Common Stock",2,53.9,UNCLASSIFIED,,0.0,NONE,0.0,0.0,NONE,,True,0,NOT CHECKED,NONE,NEUTRAL,,,,NOT CHECKED,False,NOT CHECKED,NONE,0,,False,53.9,WATCHLIST,NOT CHECKED,,,,,,,,,False,,,False,,,,False,,,,False,NONE,False,False,0,,,,NOT CHECKED,NO LIVE SIGNAL,BAR_PROXY,0.0,NO DATA,,,,,,,,53.9,True
KBR,36.88,FORMING,FORMING,"above EMA50, rising EMA50, near EMA50 support, near EMA200 pivot, tight range",60,66,35,WATCHLIST,WEAK,37.0,price<EMA20; EMA20>EMA50; EMA20 falling,-1.5,39.8,0.35,3.41,0,False,2.62,39697377.0,36.92,36.64,38.01,35.59,38.78,31.47,38.78,29.67,41.69,38.85,RESISTANCE_BREAKOUT,BREAKOUT,0.2,,,0,,,0,False,False,36.75,EMA20,36.92,4.96,5.41,35.59,35.59,40.8,41.96,42.74,1.48,41.69,7.3,True,5.0,41.69,7.3,1.35,False,2.5,5.13,0.0,1068776.0,37927805.0,2.45,True,True,"KBR, Inc. Common Stock",3,48.9,Infrastructure,PAVE,40.7,WEAK,0.0,0.95,INDUSTRY,engineering & construction -> engineering & construction,False,24,WEAK,CONTEXT NEWS,BULLISH,Should New National Security RF Contract Shape the Spin-Off Path for KBR (KBR) Investors?,Simply Wall St.,75.3,TICKER_IN_TITLE,False,CONTEXT_7D,MEDIUM,5,34.8,False,53.7,WATCHLIST,NOT CHECKED,,,,,,,,,False,,,False,,,,False,,,,False,NONE,False,False,0,,,,NOT CHECKED,NO LIVE SIGNAL,BAR_PROXY,0.0,NO DATA,,,,,,,,53.7,False
SNAP,5.79,DISCOVER,DISCOVER,"20/50 uptrend, rising EMA50, near EMA200 pivot",44,68,35,WATCHLIST,WEAK,37.0,price<EMA20; EMA20>EMA50; EMA20 falling,11.44,62.3,0.94,7.05,0,False,4.89,197452519.0,5.54,5.34,5.79,5.05,6.07,4.27,6.04,3.81,6.36,6.09,RESISTANCE_BREAKOUT,BREAKOUT,0.37,,,0,,,0,False,False,5.73,ATR_FALLBACK,5.67,6.97,6.0,5.22,5.19,6.4,6.58,6.7,1.33,6.36,4.31,False,5.0,6.36,4.31,0.72,False,2.5,4.81,0.0,35541541.0,181786234.0,5.36,True,True,Snap Inc. Class A Common Stock,2,53.5,UNCLASSIFIED,,0.0,NONE,0.0,0.0,NONE,,True,0,NOT CHECKED,NONE,NEUTRAL,,,,NOT CHECKED,False,NOT CHECKED,NONE,0,,False,53.5,WATCHLIST,NOT CHECKED,,,,,,,,,False,,,False,,,,False,,,,False,NONE,False,False,0,,,,NOT CHECKED,NO LIVE SIGNAL,BAR_PROXY,0.0,NO DATA,,,,,,,,53.5,False
MTCH,43.49,DISCOVER,DISCOVER,"20/50 uptrend, rising EMA50, compressed below 20d resistance",42,66,20,WATCHLIST,WEAK,37.0,price<EMA20; EMA20>EMA50; EMA20 falling,10.45,63.3,0.32,3.95,0,False,2.96,129922978.0,41.88,40.13,36.54,39.33,44.94,34.13,43.47,29.36,42.49,45.04,RESISTANCE_BREAKOUT,BREAKOUT,0.23,,,0,,,0,False,False,42.88,ATR_FALLBACK,43.11,4.28,4.8,41.24,40.11,47.29,48.64,49.54,1.67,,,False,5.0,48.64,8.0,1.67,False,2.5,3.33,0.0,3086608.0,127065810.0,2.78,True,True,"Match Group, Inc. - Common Stock",2,53.5,UNCLASSIFIED,,0.0,NONE,0.0,0.0,NONE,,True,0,NOT CHECKED,NONE,NEUTRAL,,,,NOT CHECKED,False,NOT CHECKED,NONE,0,,False,53.5,WATCHLIST,NOT CHECKED,,,,,,,,,False,,,False,,,,False,,,,False,NONE,False,False,0,,,,NOT CHECKED,NO LIVE SIGNAL,BAR_PROXY,0.0,NO DATA,,,,,,,,53.5,False
CNQ,50.42,DISCOVER,DISCOVER,"20/50 uptrend, rising EMA50, compressed below 20d resistance, tight range",52,68,20,WATCHLIST,WEAK,37.0,price<EMA20; EMA20>EMA50; EMA20 falling,3.69,55.5,0.25,3.82,0,False,2.73,350532698.0,49.86,47.93,42.94,48.18,51.84,38.48,51.84,38.48,51.02,51.95,RESISTANCE_BREAKOUT,BREAKOUT,0.21,,,0,,,0,False,False,49.61,EMA20,49.86,4.04,4.52,49.3,49.3,54.55,56.11,57.15,1.77,,,False,5.0,56.11,8.0,1.77,False,2.5,2.83,0.0,6977659.0,334468022.0,2.26,True,True,Canadian Natural Resources Limited Common Stock,2,53.4,UNCLASSIFIED,,0.0,NONE,0.0,0.0,NONE,,True,0,NOT CHECKED,NONE,NEUTRAL,,,,NOT CHECKED,False,NOT CHECKED,NONE,0,,False,53.4,WATCHLIST,NOT CHECKED,,,,,,,,,False,,,False,,,,False,,,,False,NONE,False,False,0,,,,NOT CHECKED,NO LIVE SIGNAL,BAR_PROXY,0.0,NO DATA,,,,,,,,53.4,False
NWS,33.52,FORMING,FORMING,"above EMA50, rising EMA50, near EMA50 support, tight range, volume contraction",56,66,35,WATCHLIST,WEAK,37.0,price<EMA20; EMA20>EMA50; EMA20 falling,1.19,33.5,0.38,3.52,0,False,2.08,36196407.0,33.57,32.77,30.98,32.49,35.65,27.7,35.65,25.73,35.65,35.71,RESISTANCE_BREAKOUT,BREAKOUT,0.16,,,0,,,0,False,False,33.57,EMA20,33.57,5.99,6.0,32.49,32.49,37.49,38.57,39.28,1.33,,,False,5.0,38.57,8.0,1.33,False,2.5,6.36,0.0,1061107.0,35128508.0,2.03,True,True,News Corporation - Class B Common Stock,3,49.4,UNCLASSIFIED,,0.0,NONE,0.0,0.55,SUMMARY_KEYWORD,energy,True,20,HISTORICAL / CONTEXT,HISTORICAL NEWS,NEUTRAL,News (NWSA) Stock Looks Above Fair Value As Earnings Beat Lifts Shares,Simply Wall St.,289.3,COMPANY_NAME,False,HISTORICAL,LOW,4,49.1,False,53.4,WATCHLIST,NOT CHECKED,,,,,,,,,False,,,False,,,,False,,,,False,NONE,False,False,0,,,,NOT CHECKED,NO LIVE SIGNAL,BAR_PROXY,0.0,NO DATA,,,,,,,,53.4,False
AAPL,335.45,FORMING,FORMING,"20/50 uptrend, rising EMA50, compressed below 20d resistance, tight range, volume contraction",58,78,20,WATCHLIST,WEAK,37.0,price<EMA20; EMA20>EMA50; EMA20 falling,6.79,68.6,0.4,3.56,0,False,2.29,12903620617.0,323.68,316.78,291.08,307.01,336.22,273.51,344.27,245.07,344.27,336.84,RESISTANCE_BREAKOUT,BREAKOUT,0.18,,,0,,,0,False,False,322.3,EMA20,323.68,3.9,4.32,316.51,309.9,353.68,363.78,370.52,1.85,344.27,2.21,False,5.0,344.27,2.21,0.51,False,2.5,0.23,0.0,40168143.0,12287046576.0,2.19,True,True,Apple Inc. - Common Stock,3,62.7,UNCLASSIFIED,,0.0,NONE,0.0,0.0,NONE,,True,28,NEGATIVE RISK,NEGATIVE NEWS,BEARISH,Apple (AAPL) Faces a $2.7 Billion UK Lawsuit over its App Tracking Rules,Insider Monkey,0.8,COMPANY_NAME,True,FRESH_24H,MEDIUM,5,42.1,True,53.3,WATCHLIST,NOT CHECKED,,,,,,,,,False,,,False,,,,False,,,,False,NONE,False,False,0,,,,NOT CHECKED,NO LIVE SIGNAL,BAR_PROXY,0.0,NO DATA,,,,,,,,53.3,False
NET,330.92,DISCOVER,DISCOVER,"20/50 uptrend, rising EMA50, compressed below 20d resistance",42,66,35,WATCHLIST,WEAK,37.0,price<EMA20; EMA20>EMA50; EMA20 falling,14.29,58.0,0.5,10.51,1,True,5.02,893098819.0,305.51,288.75,244.7,269.3,334.6,212.32,332.22,164.05,332.22,335.93,RESISTANCE_BREAKOUT,BREAKOUT,0.4,,,0,,,0,False,False,315.77,ATR_FALLBACK,311.03,7.41,6.0,302.88,269.3,352.72,362.8,369.52,1.33,,,False,5.0,362.8,8.0,1.33,False,2.5,1.11,0.0,2972084.0,848128256.0,5.22,True,True,"Cloudflare, Inc. Class A Common Stock",2,53.2,UNCLASSIFIED,,0.0,NONE,0.0,0.0,NONE,,True,0,NOT CHECKED,NONE,NEUTRAL,,,,NOT CHECKED,False,NOT CHECKED,NONE,0,,False,53.2,WATCHLIST,NOT CHECKED,,,,,,,,,False,,,False,,,,False,,,,False,NONE,False,False,0,,,,NOT CHECKED,NO LIVE SIGNAL,BAR_PROXY,0.0,NO DATA,,,,,,,,53.2,True
FTNT,172.98,DISCOVER,DISCOVER,"20/50 uptrend, rising EMA50, compressed below 20d resistance",42,66,35,WATCHLIST,WEAK,37.0,price<EMA20; EMA20>EMA50; EMA20 falling,14.09,50.2,0.52,9.67,0,False,4.26,674129803.0,162.97,157.41,125.05,148.25,174.61,143.47,173.89,76.01,173.89,175.2,RESISTANCE_BREAKOUT,BREAKOUT,0.34,,,0,,,0,False,False,164.69,ATR_FALLBACK,164.14,6.31,6.0,154.0,151.8,183.96,189.22,192.72,1.33,,,False,5.0,189.22,8.0,1.33,False,2.5,0.94,0.0,4157537.0,592681358.0,4.22,True,True,"Fortinet, Inc. - Common Stock",2,53.1,UNCLASSIFIED,,0.0,NONE,0.0,0.0,NONE,,True,0,NOT CHECKED,NONE,NEUTRAL,,,,NOT CHECKED,False,NOT CHECKED,NONE,0,,False,53.1,WATCHLIST,NOT CHECKED,,,,,,,,,False,,,False,,,,False,,,,False,NONE,False,False,0,,,,NOT CHECKED,NO LIVE SIGNAL,BAR_PROXY,0.0,NO DATA,,,,,,,,53.1,False
ELV,415.48,DISCOVER,DISCOVER,"20/50 uptrend, rising EMA50, compressed below 20d resistance",50,70,35,WATCHLIST,WEAK,37.0,price<EMA20; EMA20>EMA50; EMA20 falling,5.65,60.0,0.59,5.41,0,False,2.64,419343602.0,406.64,398.3,366.62,389.11,427.17,361.41,434.35,270.87,434.35,428.05,RESISTANCE_BREAKOUT,BREAKOUT,0.21,,,0,,,0,False,False,404.66,EMA20,406.64,5.0,5.46,406.0,389.7,449.45,462.29,470.85,1.46,434.35,1.47,False,5.0,434.35,1.47,0.27,False,2.5,2.81,0.0,1031448.0,434236589.0,2.27,True,True,"Elevance Health, Inc. Common Stock",2,53.1,UNCLASSIFIED,,0.0,NONE,0.0,0.0,NONE,,True,0,NOT CHECKED,NONE,NEUTRAL,,,,NOT CHECKED,False,NOT CHECKED,NONE,0,,False,53.1,WATCHLIST,NOT CHECKED,,,,,,,,,False,,,False,,,,False,,,,False,NONE,False,False,0,,,,NOT CHECKED,NO LIVE SIGNAL,BAR_PROXY,0.0,NO DATA,,,,,,,,53.1,False
IBRX,8.52,DISCOVER,DISCOVER,"20/50 uptrend, rising EMA50, compressed below 20d resistance, 20d volume expansion",50,70,35,WATCHLIST,WEAK,37.0,price<EMA20; EMA20>EMA50; EMA20 falling,5.68,51.7,1.32,8.05,0,False,5.42,68602439.0,8.03,7.88,6.78,7.46,8.76,6.65,9.6,6.54,10.98,8.8,RESISTANCE_BREAKOUT,BREAKOUT,0.42,,,0,,,0,False,False,8.27,ATR_FALLBACK,8.1,7.87,6.0,7.64,7.64,9.24,9.5,9.68,1.33,9.6,9.13,True,5.0,9.5,8.0,1.33,False,2.5,2.85,0.0,8489115.0,66076692.0,5.06,True,True,"ImmunityBio, Inc. - Common Stock",2,53.1,UNCLASSIFIED,,0.0,NONE,0.0,0.0,NONE,,True,0,NOT CHECKED,NONE,NEUTRAL,,,,NOT CHECKED,False,NOT CHECKED,NONE,0,,False,53.1,WATCHLIST,NOT CHECKED,,,,,,,,,False,,,False,,,,False,,,,False,NONE,False,False,0,,,,NOT CHECKED,NO LIVE SIGNAL,BAR_PROXY,0.0,NO DATA,,,,,,,,53.1,False
EQH,54.42,DISCOVER,DISCOVER,"20/50 uptrend, rising EMA50, compressed below 20d resistance, tight range",52,66,35,WATCHLIST,WEAK,37.0,price<EMA20; EMA20>EMA50; EMA20 falling,9.84,73.4,0.43,4.38,0,False,2.33,128281504.0,52.15,50.02,46.47,48.58,54.79,42.97,53.87,34.72,53.32,54.9,RESISTANCE_BREAKOUT,BREAKOUT,0.18,,,0,,,0,False,False,51.93,EMA20,52.15,4.99,5.41,51.95,49.64,57.64,59.29,60.39,1.48,,,False,5.0,59.29,8.0,1.48,False,2.5,0.69,0.0,2483684.0,120698021.0,2.26,True,True,"Equitable Holdings, Inc. Common Stock",2,53.0,UNCLASSIFIED,,0.0,NONE,0.0,0.0,NONE,,True,0,NOT CHECKED,NONE,NEUTRAL,,,,NOT CHECKED,False,NOT CHECKED,NONE,0,,False,53.0,WATCHLIST,NOT CHECKED,,,,,,,,,False,,,False,,,,False,,,,False,NONE,False,False,0,,,,NOT CHECKED,NO LIVE SIGNAL,BAR_PROXY,0.0,NO DATA,,,,,,,,53.0,False
CRBG,35.22,DISCOVER,DISCOVER,"20/50 uptrend, rising EMA50, compressed below 20d resistance, tight range",52,66,35,WATCHLIST,WEAK,37.0,price<EMA20; EMA20>EMA50; EMA20 falling,9.83,74.7,0.52,4.26,0,False,2.27,112686883.0,33.69,32.35,29.78,31.39,35.42,27.48,34.75,21.74,34.56,35.49,RESISTANCE_BREAKOUT,BREAKOUT,0.18,,,0,,,0,False,False,33.54,EMA20,33.69,5.08,5.48,33.49,32.12,37.26,38.33,39.04,1.46,,,False,5.0,38.33,8.0,1.46,False,2.5,0.58,0.0,3371332.0,104400506.0,2.21,True,True,Corebridge Financial Inc. Common Stock,2,53.0,UNCLASSIFIED,,0.0,NONE,0.0,0.0,NONE,,True,0,NOT CHECKED,NONE,NEUTRAL,,,,NOT CHECKED,False,NOT CHECKED,NONE,0,,False,53.0,WATCHLIST,NOT CHECKED,,,,,,,,,False,,,False,,,,False,,,,False,NONE,False,False,0,,,,NOT CHECKED,NO LIVE SIGNAL,BAR_PROXY,0.0,NO DATA,,,,,,,,53.0,False
BOX,34.69,DISCOVER,DISCOVER,"20/50 uptrend, rising EMA50, tight range, volume contraction, low-volume pullback",54,68,35,WATCHLIST,WEAK,37.0,price<EMA20; EMA20>EMA50; EMA20 falling,5.66,49.7,0.41,4.36,0,False,3.25,103028851.0,34.19,32.43,29.34,32.33,36.34,24.07,36.34,21.34,36.34,36.43,RESISTANCE_BREAKOUT,BREAKOUT,0.25,,,0,,,0,False,False,34.24,EMA20,34.19,6.14,6.0,33.65,33.65,38.25,39.34,40.07,1.33,,,False,5.0,39.34,8.0,1.33,False,2.5,4.76,0.0,2993544.0,85013381.0,3.01,True,True,"Box, Inc. Class A Common Stock",2,52.6,UNCLASSIFIED,,0.0,NONE,0.0,0.0,NONE,,True,0,NOT CHECKED,NONE,NEUTRAL,,,,NOT CHECKED,False,NOT CHECKED,NONE,0,,False,52.6,WATCHLIST,NOT CHECKED,,,,,,,,,False,,,False,,,,False,,,,False,NONE,False,False,0,,,,NOT CHECKED,NO LIVE SIGNAL,BAR_PROXY,0.0,NO DATA,,,,,,,,52.6,False
MT,75.1,DISCOVER,DISCOVER,"20/50 uptrend, rising EMA50, volume contraction, low-volume pullback",52,68,20,WATCHLIST,WEAK,37.0,price<EMA20; EMA20>EMA50; EMA20 falling,1.6,51.5,0.79,3.6,0,False,2.69,92867928.0,74.24,71.8,61.1,69.29,79.68,58.41,79.68,47.16,75.93,79.84,RESISTANCE_BREAKOUT,BREAKOUT,0.2,,,0,,,0,False,False,76.45,ATR_FALLBACK,76.82,3.79,4.24,71.52,71.52,83.83,86.23,87.83,1.89,,,False,5.0,86.23,8.0,1.89,False,2.5,6.1,0.0,1250579.0,85406992.0,2.06,True,True,Arcelor Mittal NY Registry Shares NEW,2,52.4,UNCLASSIFIED,,0.0,NONE,0.0,0.0,NONE,,True,0,NOT CHECKED,NONE,NEUTRAL,,,,NOT CHECKED,False,NOT CHECKED,NONE,0,,False,52.4,WATCHLIST,NOT CHECKED,,,,,,,,,False,,,False,,,,False,,,,False,NONE,False,False,0,,,,NOT CHECKED,NO LIVE SIGNAL,BAR_PROXY,0.0,NO DATA,,,,,,,,52.4,False
DT,55.38,DISCOVER,DISCOVER,"20/50 uptrend, rising EMA50, compressed below 20d resistance",42,66,35,WATCHLIST,WEAK,37.0,price<EMA20; EMA20>EMA50; EMA20 falling,12.56,56.5,0.51,4.44,0,False,3.14,307459285.0,52.08,49.09,44.43,48.08,55.76,39.65,54.83,31.64,54.83,55.9,RESISTANCE_BREAKOUT,BREAKOUT,0.25,,,0,,,0,False,False,52.98,ATR_FALLBACK,53.29,4.67,5.23,50.05,49.56,58.69,60.37,61.49,1.53,,,False,5.0,60.37,8.0,1.53,False,2.5,0.7,0.0,5890565.0,279981303.0,3.01,True,True,"Dynatrace, Inc. Common Stock",2,52.3,UNCLASSIFIED,,0.0,NONE,0.0,0.0,NONE,,True,0,NOT CHECKED,NONE,NEUTRAL,,,,NOT CHECKED,False,NOT CHECKED,NONE,0,,False,52.3,WATCHLIST,NOT CHECKED,,,,,,,,,False,,,False,,,,False,,,,False,NONE,False,False,0,,,,NOT CHECKED,NO LIVE SIGNAL,BAR_PROXY,0.0,NO DATA,,,,,,,,52.3,False
NVAX,10.11,DISCOVER,DISCOVER,"20/50 uptrend, rising EMA50, volume contraction",40,64,35,WATCHLIST,WEAK,37.0,price<EMA20; EMA20>EMA50; EMA20 falling,15.99,63.8,0.97,10.84,1,True,6.45,52504420.0,9.42,9.03,8.75,8.02,10.75,7.15,10.75,7.15,11.61,10.8,RESISTANCE_BREAKOUT,BREAKOUT,0.49,,,0,,,0,False,False,10.15,ATR_FALLBACK,9.82,9.07,6.0,9.11,9.11,11.34,11.67,11.88,1.33,11.61,7.48,True,5.0,11.61,7.48,1.25,False,2.5,6.28,0.0,5505276.0,51340618.0,6.29,True,True,"Novavax, Inc. - Common Stock",2,52.3,UNCLASSIFIED,,0.0,NONE,0.0,0.0,NONE,,True,0,NOT CHECKED,NONE,NEUTRAL,,,,NOT CHECKED,False,NOT CHECKED,NONE,0,,False,52.3,WATCHLIST,NOT CHECKED,,,,,,,,,False,,,False,,,,False,,,,False,NONE,False,False,0,,,,NOT CHECKED,NO LIVE SIGNAL,BAR_PROXY,0.0,NO DATA,,,,,,,,52.3,True
MSTR,132.66,DISCOVER,DISCOVER,"20/50 uptrend, rising EMA50, tight range, volume contraction",42,60,35,WATCHLIST,WEAK,37.0,price<EMA20; EMA20>EMA50; EMA20 falling,28.17,47.3,0.43,17.56,3,True,6.74,3484504123.0,126.54,119.14,151.58,108.35,144.92,81.81,144.92,81.81,197.0,145.64,RESISTANCE_BREAKOUT,BREAKOUT,0.49,,,0,,,0,False,False,136.9,ATR_FALLBACK,132.21,9.22,6.0,123.33,121.38,152.92,157.29,160.2,1.33,197.0,35.27,True,5.0,157.29,8.0,1.33,False,2.5,9.24,0.0,26991461.0,2891926163.0,5.98,True,True,Strategy Inc - Class A Common Stock,2,52.2,UNCLASSIFIED,,0.0,NONE,0.0,0.0,NONE,,True,0,NOT CHECKED,NONE,NEUTRAL,,,,NOT CHECKED,False,NOT CHECKED,NONE,0,,False,52.2,WATCHLIST,NOT CHECKED,,,,,,,,,False,,,False,,,,False,,,,False,NONE,False,False,0,,,,NOT CHECKED,NO LIVE SIGNAL,BAR_PROXY,0.0,NO DATA,,,,,,,,52.2,True
SWKS,90.49,DISCOVER,DISCOVER,"20/50 uptrend, rising EMA50, compressed below 20d resistance",42,60,35,WATCHLIST,WEAK,37.0,price<EMA20; EMA20>EMA50; EMA20 falling,33.06,71.6,0.45,13.55,1,True,6.19,542028169.0,77.3,71.67,67.23,63.06,92.3,55.43,92.3,51.48,85.18,92.75,RESISTANCE_BREAKOUT,BREAKOUT,0.49,,,0,,,0,False,False,87.18,ATR_FALLBACK,84.35,9.05,6.0,74.79,66.39,97.39,100.17,102.02,1.33,,,False,5.0,100.17,8.0,1.33,False,2.5,2.0,0.0,7137113.0,361173098.0,5.85,True,True,"Skyworks Solutions, Inc. - Common Stock",2,52.2,UNCLASSIFIED,,0.0,NONE,0.0,0.0,NONE,,True,0,NOT CHECKED,NONE,NEUTRAL,,,,NOT CHECKED,False,NOT CHECKED,NONE,0,,False,52.2,WATCHLIST,NOT CHECKED,,,,,,,,,False,,,False,,,,False,,,,False,NONE,False,False,0,,,,NOT CHECKED,NO LIVE SIGNAL,BAR_PROXY,0.0,NO DATA,,,,,,,,52.2,True
NTNX,69.57,DISCOVER,DISCOVER,"20/50 uptrend, rising EMA50, tight range, volume contraction",50,64,20,WATCHLIST,WEAK,37.0,price<EMA20; EMA20>EMA50; EMA20 falling,7.27,48.8,0.38,6.81,0,False,2.97,183665467.0,66.91,62.82,56.24,64.8,74.42,45.17,74.42,34.01,74.42,74.59,RESISTANCE_BREAKOUT,BREAKOUT,0.22,,,0,,,0,False,False,71.12,ATR_FALLBACK,71.49,4.15,4.65,65.25,65.25,78.31,80.55,82.04,1.72,,,False,5.0,80.55,8.0,1.72,False,2.5,6.96,0.0,2714546.0,164783037.0,3.24,True,True,"Nutanix, Inc. - Class A Common Stock",2,52.2,UNCLASSIFIED,,0.0,NONE,0.0,0.0,NONE,,True,0,NOT CHECKED,NONE,NEUTRAL,,,,NOT CHECKED,False,NOT CHECKED,NONE,0,,False,52.2,WATCHLIST,NOT CHECKED,,,,,,,,,False,,,False,,,,False,,,,False,NONE,False,False,0,,,,NOT CHECKED,NO LIVE SIGNAL,BAR_PROXY,0.0,NO DATA,,,,,,,,52.2,False
QRVO,118.75,DISCOVER,DISCOVER,"20/50 uptrend, rising EMA50, compressed below 20d resistance",42,60,35,WATCHLIST,WEAK,37.0,price<EMA20; EMA20>EMA50; EMA20 falling,23.58,71.9,0.44,9.34,0,False,4.43,125663335.0,105.76,99.46,91.91,91.86,120.52,81.39,120.52,74.92,109.49,120.94,RESISTANCE_BREAKOUT,BREAKOUT,0.35,,,0,,,0,False,False,113.68,ATR_FALLBACK,113.05,6.52,6.0,103.61,96.1,126.99,130.62,133.03,1.33,,,False,5.0,130.62,8.0,1.33,False,2.5,1.49,0.0,1188336.0,92952162.0,3.99,True,True,"Qorvo, Inc. - Common Stock",2,52.2,UNCLASSIFIED,,0.0,NONE,0.0,0.0,NONE,,True,0,NOT CHECKED,NONE,NEUTRAL,,,,NOT CHECKED,False,NOT CHECKED,NONE,0,,False,52.2,WATCHLIST,NOT CHECKED,,,,,,,,,False,,,False,,,,False,,,,False,NONE,False,False,0,,,,NOT CHECKED,NO LIVE SIGNAL,BAR_PROXY,0.0,NO DATA,,,,,,,,52.2,False
SIG,101.75,DISCOVER,DISCOVER,"20/50 uptrend, rising EMA50, compressed below 20d resistance",42,60,35,WATCHLIST,WEAK,37.0,price<EMA20; EMA20>EMA50; EMA20 falling,20.28,73.9,0.29,23.96,1,True,4.73,99138801.0,93.0,90.24,89.45,79.01,104.75,79.01,103.49,71.34,100.41,105.13,RESISTANCE_BREAKOUT,BREAKOUT,0.37,,,0,,,0,False,False,98.83,ATR_FALLBACK,97.92,6.87,6.0,95.33,80.0,110.39,113.55,115.65,1.33,,,False,5.0,113.55,8.0,1.33,False,2.5,2.95,0.0,1074383.0,67326133.0,4.04,True,True,Signet Jewelers Limited Common Shares,2,52.2,UNCLASSIFIED,,0.0,NONE,0.0,0.0,NONE,,True,0,NOT CHECKED,NONE,NEUTRAL,,,,NOT CHECKED,False,NOT CHECKED,NONE,0,,False,52.2,WATCHLIST,NOT CHECKED,,,,,,,,,False,,,False,,,,False,,,,False,NONE,False,False,0,,,,NOT CHECKED,NO LIVE SIGNAL,BAR_PROXY,0.0,NO DATA,,,,,,,,52.2,True
BAH,78.98,DISCOVER,DISCOVER,"20/50 uptrend, rising EMA50, near EMA200 pivot, compressed below 20d resistance",52,68,20,WATCHLIST,WEAK,37.0,price<EMA20; EMA20>EMA50; EMA20 falling,1.09,62.9,0.23,4.82,0,False,2.98,113636271.0,75.85,73.91,77.65,71.14,81.19,59.05,80.4,59.05,84.35,81.38,RESISTANCE_BREAKOUT,BREAKOUT,0.23,,,0,,,0,False,False,77.42,ATR_FALLBACK,77.85,4.34,4.86,72.67,71.14,85.45,87.89,89.52,1.65,84.35,3.65,False,5.0,84.35,3.65,0.75,False,2.5,2.8,0.0,1505937.0,120409129.0,2.8,True,True,Booz Allen Hamilton Holding Corporation Common Stock,2,52.1,UNCLASSIFIED,,0.0,NONE,0.0,0.0,NONE,,True,0,NOT CHECKED,NONE,NEUTRAL,,,,NOT CHECKED,False,NOT CHECKED,NONE,0,,False,52.1,WATCHLIST,NOT CHECKED,,,,,,,,,False,,,False,,,,False,,,,False,NONE,False,False,0,,,,NOT CHECKED,NO LIVE SIGNAL,BAR_PROXY,0.0,NO DATA,,,,,,,,52.1,False
S,23.64,DISCOVER,DISCOVER,"20/50 uptrend, rising EMA50, compressed below 20d resistance",42,66,35,WATCHLIST,WEAK,37.0,price<EMA20; EMA20>EMA50; EMA20 falling,11.8,54.8,0.89,14.48,2,True,5.27,186712610.0,21.35,20.29,17.66,19.07,23.92,14.4,23.95,11.81,23.95,24.02,RESISTANCE_BREAKOUT,BREAKOUT,0.42,,,0,,,0,False,False,22.57,ATR_FALLBACK,22.15,7.78,6.0,19.16,19.07,25.22,25.94,26.42,1.33,,,False,5.0,25.94,8.0,1.33,False,2.5,1.17,0.0,8747841.0,136737612.0,5.04,True,True,"SentinelOne, Inc. Class A Common Stock",2,52.0,UNCLASSIFIED,,0.0,NONE,0.0,0.0,NONE,,True,0,NOT CHECKED,NONE,NEUTRAL,,,,NOT CHECKED,False,NOT CHECKED,NONE,0,,False,52.0,WATCHLIST,NOT CHECKED,,,,,,,,,False,,,False,,,,False,,,,False,NONE,False,False,0,,,,NOT CHECKED,NO LIVE SIGNAL,BAR_PROXY,0.0,NO DATA,,,,,,,,52.0,True
PK,15.16,FORMING,FORMING,"above EMA50, rising EMA50, near EMA50 support, tight range, volume contraction, low-volume pullback",60,66,35,WATCHLIST,WEAK,37.0,price<EMA20; EMA20>EMA50; EMA20 falling,-3.28,40.6,0.26,3.56,0,False,2.89,51991330.0,15.26,14.92,12.91,14.62,16.2,13.66,16.2,9.76,16.2,16.24,RESISTANCE_BREAKOUT,BREAKOUT,0.22,,,0,,,0,False,False,15.26,EMA20,15.26,5.99,6.0,14.62,14.62,17.05,17.53,17.86,1.33,,,False,5.0,17.53,8.0,1.33,False,2.5,6.82,0.0,3359826.0,48373801.0,2.57,True,True,Park Hotels & Resorts Inc. Common Stock ,3,48.0,UNCLASSIFIED,,0.0,NONE,0.0,0.0,NONE,,True,20,HISTORICAL / CONTEXT,HISTORICAL NEWS,NEUTRAL,Park Hotels & Resorts shares rise 1% after BMO upgrade,InvestorsHub,388.5,COMPANY_NAME,False,HISTORICAL,MEDIUM,4,48.1,False,52.0,WATCHLIST,NOT CHECKED,,,,,,,,,False,,,False,,,,False,,,,False,NONE,False,False,0,,,,NOT CHECKED,NO LIVE SIGNAL,BAR_PROXY,0.0,NO DATA,,,,,,,,52.0,False
ADPT,28.22,DISCOVER,DISCOVER,"20/50 uptrend, rising EMA50, compressed below 20d resistance",42,66,35,WATCHLIST,WEAK,37.0,price<EMA20; EMA20>EMA50; EMA20 falling,11.63,62.4,0.95,7.67,0,False,4.37,48982237.0,25.4,23.83,19.05,23.53,28.72,17.13,26.87,12.0,26.87,28.82,RESISTANCE_BREAKOUT,BREAKOUT,0.34,,,0,,,0,False,False,27.09,ATR_FALLBACK,26.97,6.42,6.0,23.53,23.53,30.26,31.12,31.7,1.33,,,False,5.0,31.12,8.0,1.33,False,2.5,1.77,0.0,1901709.0,41451240.0,4.41,True,True,Adaptive Biotechnologies Corporation - Common Stock,2,51.9,UNCLASSIFIED,,0.0,NONE,0.0,0.0,NONE,,True,0,NOT CHECKED,NONE,NEUTRAL,,,,NOT CHECKED,False,NOT CHECKED,NONE,0,,False,51.9,WATCHLIST,NOT CHECKED,,,,,,,,,False,,,False,,,,False,,,,False,NONE,False,False,0,,,,NOT CHECKED,NO LIVE SIGNAL,BAR_PROXY,0.0,NO DATA,,,,,,,,51.9,False
BBY,94.24,DISCOVER,DISCOVER,"20/50 uptrend, rising EMA50, compressed below 20d resistance, volume contraction",48,68,35,WATCHLIST,WEAK,37.0,price<EMA20; EMA20>EMA50; EMA20 falling,6.55,70.0,0.43,5.29,0,False,3.42,371036924.0,88.97,85.12,75.21,76.7,95.81,72.52,91.37,54.38,91.27,96.07,RESISTANCE_BREAKOUT,BREAKOUT,0.27,,,0,,,0,False,False,90.65,ATR_FALLBACK,91.23,5.04,5.64,86.77,82.85,100.87,103.75,105.67,1.42,,,False,5.0,103.75,8.0,1.42,False,2.5,1.67,0.0,4256801.0,350061636.0,3.8,True,True,"Best Buy Co., Inc. Common Stock",2,51.8,UNCLASSIFIED,,0.0,NONE,0.0,0.0,NONE,,True,0,NOT CHECKED,NONE,NEUTRAL,,,,NOT CHECKED,False,NOT CHECKED,NONE,0,,False,51.8,WATCHLIST,NOT CHECKED,,,,,,,,,False,,,False,,,,False,,,,False,NONE,False,False,0,,,,NOT CHECKED,NO LIVE SIGNAL,BAR_PROXY,0.0,NO DATA,,,,,,,,51.8,False
DOCN,132.93,DISCOVER,DISCOVER,"compressed below 20d resistance, bull flag/pullback, volume contraction, low-volume pullback",40,64,35,WATCHLIST,WEAK,37.0,price<EMA20; EMA20>EMA50; EMA20 falling,14.86,57.5,0.57,12.64,2,True,6.73,268718259.0,121.53,124.3,105.41,101.73,136.44,101.73,174.93,51.68,187.5,137.16,RESISTANCE_BREAKOUT,BREAKOUT,0.52,,,0,,,0,False,False,128.93,ATR_FALLBACK,123.74,9.78,6.0,114.31,101.73,144.01,148.13,150.87,1.33,174.93,27.54,True,5.0,148.13,8.0,1.33,False,2.5,2.64,0.0,2259293.0,233800921.0,6.38,True,True,"DigitalOcean Holdings, Inc. Common Stock",2,51.8,UNCLASSIFIED,,0.0,NONE,0.0,0.0,NONE,,True,0,NOT CHECKED,NONE,NEUTRAL,,,,NOT CHECKED,False,NOT CHECKED,NONE,0,,False,51.8,WATCHLIST,NOT CHECKED,,,,,,,,,False,,,False,,,,False,,,,False,NONE,False,False,0,,,,NOT CHECKED,NO LIVE SIGNAL,BAR_PROXY,0.0,NO DATA,,,,,,,,51.8,True
DBX,37.49,DISCOVER,DISCOVER,"20/50 uptrend, rising EMA50, compressed below 20d resistance",42,66,35,WATCHLIST,WEAK,37.0,price<EMA20; EMA20>EMA50; EMA20 falling,11.23,58.8,0.55,6.84,0,False,3.13,123557169.0,35.54,33.5,29.74,33.49,38.17,25.06,36.37,21.69,36.37,38.26,RESISTANCE_BREAKOUT,BREAKOUT,0.25,,,0,,,0,False,False,36.29,ATR_FALLBACK,36.5,4.6,5.15,34.15,33.49,40.18,41.33,42.09,1.55,,,False,5.0,41.33,8.0,1.55,False,2.5,1.8,0.0,3481511.0,120382801.0,2.76,True,True,"Dropbox, Inc. - Class A Common Stock",2,51.7,UNCLASSIFIED,,0.0,NONE,0.0,0.0,NONE,,True,0,NOT CHECKED,NONE,NEUTRAL,,,,NOT CHECKED,False,NOT CHECKED,NONE,0,,False,51.7,WATCHLIST,NOT CHECKED,,,,,,,,,False,,,False,,,,False,,,,False,NONE,False,False,0,,,,NOT CHECKED,NO LIVE SIGNAL,BAR_PROXY,0.0,NO DATA,,,,,,,,51.7,False
SBLK,31.97,DISCOVER,DISCOVER,"20/50 uptrend, rising EMA50, compressed below 20d resistance, tight range",52,76,20,WATCHLIST,WEAK,37.0,price<EMA20; EMA20>EMA50; EMA20 falling,10.15,61.8,0.41,4.6,0,False,2.7,51470807.0,30.67,29.03,24.81,28.97,32.88,23.15,32.88,20.45,31.25,32.95,RESISTANCE_BREAKOUT,BREAKOUT,0.21,,,0,,,0,False,False,31.5,ATR_FALLBACK,31.65,3.93,4.4,30.35,30.35,34.6,35.59,36.24,1.82,,,False,5.0,35.59,8.0,1.82,False,2.5,2.85,0.0,1663913.0,48978473.0,2.63,True,True,Star Bulk Carriers Corp. - Common Shares,2,61.9,UNCLASSIFIED,,0.0,NONE,0.0,0.0,NONE,,True,24,NEGATIVE RISK,NEGATIVE NEWS,BEARISH,Star Bulk Carriers (SBLK) Unveiled A Follow On Equity Offering,Simply Wall St.,13.0,COMPANY_NAME,True,FRESH_24H,HIGH,6,62.1,True,51.7,WATCHLIST,NOT CHECKED,,,,,,,,,False,,,False,,,,False,,,,False,NONE,False,False,0,,,,NOT CHECKED,NO LIVE SIGNAL,BAR_PROXY,0.0,NO DATA,,,,,,,,51.7,False
DOCU,70.41,DISCOVER,DISCOVER,"20/50 uptrend, rising EMA50, volume contraction",40,64,35,WATCHLIST,WEAK,37.0,price<EMA20; EMA20>EMA50; EMA20 falling,14.28,65.7,0.51,10.31,1,True,4.22,224485278.0,65.76,60.44,57.62,58.73,74.07,42.25,70.4,41.37,66.33,74.3,RESISTANCE_BREAKOUT,BREAKOUT,0.32,,,0,,,0,False,False,69.84,ATR_FALLBACK,69.85,5.99,6.0,63.82,63.63,78.02,80.25,81.73,1.33,,,False,5.0,80.25,8.0,1.33,False,2.5,5.19,0.0,3415948.0,204876584.0,3.89,True,True,"DocuSign, Inc. - Common Stock",2,51.5,UNCLASSIFIED,,0.0,NONE,0.0,0.0,NONE,,True,0,NOT CHECKED,NONE,NEUTRAL,,,,NOT CHECKED,False,NOT CHECKED,NONE,0,,False,51.5,WATCHLIST,NOT CHECKED,,,,,,,,,False,,,False,,,,False,,,,False,NONE,False,False,0,,,,NOT CHECKED,NO LIVE SIGNAL,BAR_PROXY,0.0,NO DATA,,,,,,,,51.5,True
DAR,66.94,DISCOVER,DISCOVER,"20/50 uptrend, rising EMA50, tight range, volume contraction, low-volume pullback",54,70,35,WATCHLIST,WEAK,37.0,price<EMA20; EMA20>EMA50; EMA20 falling,0.92,65.7,0.27,5.76,0,False,3.75,169356304.0,65.49,63.62,55.42,58.96,69.98,50.89,69.98,50.89,69.98,70.18,RESISTANCE_BREAKOUT,BREAKOUT,0.29,,,0,,,0,False,False,65.97,ATR_FALLBACK,66.42,5.36,6.0,64.82,63.69,73.69,75.8,77.2,1.33,,,False,5.0,75.8,8.0,1.33,False,2.5,4.53,0.0,2592759.0,143960124.0,4.27,True,True,Darling Ingredients Inc. Common Stock,2,51.5,UNCLASSIFIED,,0.0,NONE,0.0,0.0,NONE,,True,0,NOT CHECKED,NONE,NEUTRAL,,,,NOT CHECKED,False,NOT CHECKED,NONE,0,,False,51.5,WATCHLIST,NOT CHECKED,,,,,,,,,False,,,False,,,,False,,,,False,NONE,False,False,0,,,,NOT CHECKED,NO LIVE SIGNAL,BAR_PROXY,0.0,NO DATA,,,,,,,,51.5,False
CXW,35.12,DISCOVER,DISCOVER,"20/50 uptrend, rising EMA50, compressed below 20d resistance",42,66,35,WATCHLIST,WEAK,37.0,price<EMA20; EMA20>EMA50; EMA20 falling,10.7,59.0,0.29,4.75,0,False,3.58,59342029.0,34.05,32.26,25.96,31.73,36.07,28.5,35.3,17.15,34.86,36.17,RESISTANCE_BREAKOUT,BREAKOUT,0.28,,,0,,,0,False,False,34.0,EMA20,34.05,5.87,6.0,33.71,32.17,37.98,39.06,39.79,1.33,,,False,5.0,39.06,8.0,1.33,False,2.5,2.71,0.0,1739452.0,59031796.0,3.57,True,True,"CoreCivic, Inc. Common Stock",2,51.4,UNCLASSIFIED,,0.0,NONE,0.0,0.0,NONE,,True,0,NOT CHECKED,NONE,NEUTRAL,,,,NOT CHECKED,False,NOT CHECKED,NONE,0,,False,51.4,WATCHLIST,NOT CHECKED,,,,,,,,,False,,,False,,,,False,,,,False,NONE,False,False,0,,,,NOT CHECKED,NO LIVE SIGNAL,BAR_PROXY,0.0,NO DATA,,,,,,,,51.4,False
CE,46.87,DISCOVER,DISCOVER,"near EMA50 support, near EMA200 pivot, compressed below 20d resistance, tight range",50,66,20,WATCHLIST,WEAK,37.0,price<EMA20; EMA20>EMA50; EMA20 falling,2.22,58.0,0.33,5.73,0,False,3.78,68693279.0,45.65,46.4,49.14,43.9,47.84,41.11,50.95,41.11,70.65,47.98,RESISTANCE_BREAKOUT,BREAKOUT,0.3,,,0,,,0,False,False,46.08,EMA50,46.4,3.3,3.97,44.44,44.04,50.38,51.82,52.78,2.02,50.95,6.18,True,5.0,50.95,6.18,1.56,False,2.5,2.08,0.0,1506685.0,61084094.0,3.53,True,True,Celanese Corporation Common Stock,2,51.0,UNCLASSIFIED,,0.0,NONE,0.0,0.0,NONE,,True,0,NOT CHECKED,NONE,NEUTRAL,,,,NOT CHECKED,False,NOT CHECKED,NONE,0,,False,51.0,WATCHLIST,NOT CHECKED,,,,,,,,,False,,,False,,,,False,,,,False,NONE,False,False,0,,,,NOT CHECKED,NO LIVE SIGNAL,BAR_PROXY,0.0,NO DATA,,,,,,,,51.0,False
IREN,43.32,DISCOVER,DISCOVER,"above EMA50, rising EMA50, near EMA50 support, near EMA200 pivot, volume contraction, low-volume pullback",52,68,35,WATCHLIST,WEAK,37.0,price<EMA20; EMA20>EMA50; EMA20 falling,2.04,55.7,0.78,9.86,0,False,6.96,1669050532.0,42.18,42.55,44.95,34.81,49.29,28.93,61.28,28.93,70.71,49.53,RESISTANCE_BREAKOUT,BREAKOUT,0.49,,,0,,,0,False,False,46.56,ATR_FALLBACK,45.01,9.13,6.0,40.97,35.76,52.01,53.49,54.48,1.33,61.28,23.72,True,5.0,53.49,8.0,1.33,False,2.5,13.78,0.0,40487831.0,1540360722.0,6.39,True,True,IREN Limited - Ordinary Shares,2,50.4,UNCLASSIFIED,,0.0,NONE,0.0,0.0,NONE,,True,0,NOT CHECKED,NONE,NEUTRAL,,,,NOT CHECKED,False,NOT CHECKED,NONE,0,,False,50.4,WATCHLIST,NOT CHECKED,,,,,,,,,False,,,False,,,,False,,,,False,NONE,False,False,0,,,,NOT CHECKED,NO LIVE SIGNAL,BAR_PROXY,0.0,NO DATA,,,,,,,,50.4,False
SBET,8.48,DISCOVER,DISCOVER,"20/50 uptrend, rising EMA50, bull flag/pullback",40,58,35,WATCHLIST,WEAK,37.0,price<EMA20; EMA20>EMA50; EMA20 falling,20.69,46.5,0.55,12.56,2,True,7.53,77525128.0,8.2,7.42,8.25,7.17,9.49,4.46,9.49,4.46,9.06,9.54,RESISTANCE_BREAKOUT,BREAKOUT,0.54,,,0,,,0,False,False,8.97,ATR_FALLBACK,8.58,10.03,6.0,7.81,7.81,10.02,10.3,10.5,1.33,,,False,5.0,10.3,8.0,1.33,False,2.5,11.91,0.0,9213799.0,66497760.0,6.27,True,True,"Sharplink, Inc. - Common Stock",2,50.4,UNCLASSIFIED,,0.0,NONE,0.0,0.0,NONE,,True,0,NOT CHECKED,NONE,NEUTRAL,,,,NOT CHECKED,False,NOT CHECKED,NONE,0,,False,50.4,WATCHLIST,NOT CHECKED,,,,,,,,,False,,,False,,,,False,,,,False,NONE,False,False,0,,,,NOT CHECKED,NO LIVE SIGNAL,BAR_PROXY,0.0,NO DATA,,,,,,,,50.4,True
ZETA,30.51,DISCOVER,DISCOVER,"20/50 uptrend, rising EMA50, tight range, volume contraction, low-volume pullback",46,66,35,WATCHLIST,WEAK,37.0,price<EMA20; EMA20>EMA50; EMA20 falling,6.89,51.6,0.33,7.36,0,False,4.63,193579480.0,29.97,27.23,22.17,27.11,32.81,17.77,32.81,14.36,31.05,32.92,RESISTANCE_BREAKOUT,BREAKOUT,0.34,,,0,,,0,False,False,30.95,ATR_FALLBACK,30.8,6.44,6.0,29.68,29.68,34.57,35.56,36.22,1.33,,,False,5.0,35.56,8.0,1.33,False,2.5,7.54,0.0,6349391.0,159387817.0,4.48,True,True,Zeta Global Holdings Corp. Class A Common Stock,2,50.3,UNCLASSIFIED,,0.0,NONE,0.0,0.0,NONE,,True,0,NOT CHECKED,NONE,NEUTRAL,,,,NOT CHECKED,False,NOT CHECKED,NONE,0,,False,50.3,WATCHLIST,NOT CHECKED,,,,,,,,,False,,,False,,,,False,,,,False,NONE,False,False,0,,,,NOT CHECKED,NO LIVE SIGNAL,BAR_PROXY,0.0,NO DATA,,,,,,,,50.3,False
HTFL,49.41,DISCOVER,DISCOVER,"20/50 uptrend, rising EMA50, tight range",44,64,35,WATCHLIST,WEAK,37.0,price<EMA20; EMA20>EMA50; EMA20 falling,9.44,54.4,0.28,35.7,1,True,4.89,90140771.0,46.6,40.52,33.09,45.41,51.78,23.87,51.78,20.41,51.19,51.97,RESISTANCE_BREAKOUT,BREAKOUT,0.37,,,0,,,0,False,False,48.85,ATR_FALLBACK,48.35,6.98,6.0,45.41,45.41,54.57,56.13,57.17,1.33,,,False,5.0,56.13,8.0,1.33,False,2.5,4.79,0.0,1846789.0,87423832.0,4.84,True,True,"Heartflow, Inc. - Common Stock",2,49.9,UNCLASSIFIED,,0.0,NONE,0.0,0.0,NONE,,True,0,NOT CHECKED,NONE,NEUTRAL,,,,NOT CHECKED,False,NOT CHECKED,NONE,0,,False,49.9,WATCHLIST,NOT CHECKED,,,,,,,,,False,,,False,,,,False,,,,False,NONE,False,False,0,,,,NOT CHECKED,NO LIVE SIGNAL,BAR_PROXY,0.0,NO DATA,,,,,,,,49.9,True
AI,10.73,DISCOVER,DISCOVER,"20/50 uptrend, rising EMA50, near EMA200 pivot, volume contraction",50,66,35,WATCHLIST,WEAK,37.0,price<EMA20; EMA20>EMA50; EMA20 falling,4.29,55.4,0.25,6.49,0,False,4.8,55834703.0,10.46,10.09,10.98,9.48,11.38,7.91,11.09,7.68,11.82,11.42,RESISTANCE_BREAKOUT,BREAKOUT,0.36,,,0,,,0,False,False,10.73,ATR_FALLBACK,10.64,6.77,6.0,10.23,10.06,11.99,12.33,12.56,1.33,11.82,3.54,False,5.0,11.82,3.54,0.59,False,2.5,6.01,0.0,5310164.0,50415616.0,4.42,True,True,"C3.ai, Inc. Class A Common Stock",2,49.8,UNCLASSIFIED,,0.0,NONE,0.0,0.0,NONE,,True,0,NOT CHECKED,NONE,NEUTRAL,,,,NOT CHECKED,False,NOT CHECKED,NONE,0,,False,49.8,WATCHLIST,NOT CHECKED,,,,,,,,,False,,,False,,,,False,,,,False,NONE,False,False,0,,,,NOT CHECKED,NO LIVE SIGNAL,BAR_PROXY,0.0,NO DATA,,,,,,,,49.8,False
TGT,158.39,DISCOVER,DISCOVER,"20/50 uptrend, rising EMA50, tight range, volume contraction, low-volume pullback",54,64,20,WATCHLIST,WEAK,37.0,price<EMA20; EMA20>EMA50; EMA20 falling,0.53,37.2,0.4,4.54,0,False,2.34,631641764.0,157.98,151.45,127.73,153.55,170.75,123.75,170.75,109.37,170.75,171.05,RESISTANCE_BREAKOUT,BREAKOUT,0.17,,,0,,,0,False,False,164.81,ATR_FALLBACK,165.48,3.25,3.64,153.55,153.55,179.6,184.73,188.15,2.2,,,False,5.0,184.73,8.0,2.2,False,2.5,7.8,0.0,3900030.0,546759060.0,2.46,True,True,Target Corporation Common Stock,2,49.7,UNCLASSIFIED,,0.0,NONE,0.0,0.0,NONE,,True,0,NOT CHECKED,NONE,NEUTRAL,,,,NOT CHECKED,False,NOT CHECKED,NONE,0,,False,49.7,WATCHLIST,NOT CHECKED,,,,,,,,,False,,,False,,,,False,,,,False,NONE,False,False,0,,,,NOT CHECKED,NO LIVE SIGNAL,BAR_PROXY,0.0,NO DATA,,,,,,,,49.7,False
CDW,149.63,DISCOVER,DISCOVER,"20/50 uptrend, rising EMA50, volume contraction",40,64,35,WATCHLIST,WEAK,37.0,price<EMA20; EMA20>EMA50; EMA20 falling,10.5,50.7,0.27,7.85,0,False,4.1,233732307.0,146.95,141.79,136.72,130.1,158.05,112.46,158.05,96.09,154.15,158.54,RESISTANCE_BREAKOUT,BREAKOUT,0.31,,,0,,,0,False,False,149.03,ATR_FALLBACK,149.35,5.8,6.0,141.0,140.91,166.47,171.22,174.39,1.33,,,False,5.0,171.22,8.0,1.33,False,2.5,5.63,0.0,1603362.0,245272680.0,4.48,True,True,CDW Corporation - Common Stock,2,49.6,UNCLASSIFIED,,0.0,NONE,0.0,0.0,NONE,,True,0,NOT CHECKED,NONE,NEUTRAL,,,,NOT CHECKED,False,NOT CHECKED,NONE,0,,False,49.6,WATCHLIST,NOT CHECKED,,,,,,,,,False,,,False,,,,False,,,,False,NONE,False,False,0,,,,NOT CHECKED,NO LIVE SIGNAL,BAR_PROXY,0.0,NO DATA,,,,,,,,49.6,False
BWIN,32.02,DISCOVER,DISCOVER,"20/50 uptrend, rising EMA50, compressed below 20d resistance, 20d volume expansion",50,66,35,WATCHLIST,WEAK,37.0,price<EMA20; EMA20>EMA50; EMA20 falling,3.71,59.3,1.5,7.93,0,False,3.61,118236110.0,30.71,29.07,25.99,27.74,32.71,22.65,32.59,16.84,32.59,32.8,RESISTANCE_BREAKOUT,BREAKOUT,0.28,,,0,,,0,False,False,30.83,EMA20,30.71,6.37,6.0,28.26,27.74,34.44,35.42,36.08,1.33,,,False,5.0,35.42,8.0,1.33,False,2.5,2.14,0.0,3721133.0,27912667.0,3.12,True,True,"The Baldwin Insurance Group, Inc. - Class A Common Stock",2,49.5,UNCLASSIFIED,,0.0,NONE,0.0,0.0,NONE,,True,0,NOT CHECKED,NONE,NEUTRAL,,,,NOT CHECKED,False,NOT CHECKED,NONE,0,,False,49.5,WATCHLIST,NOT CHECKED,,,,,,,,,False,,,False,,,,False,,,,False,NONE,False,False,0,,,,NOT CHECKED,NO LIVE SIGNAL,BAR_PROXY,0.0,NO DATA,,,,,,,,49.5,False
DHT,23.06,DISCOVER,DISCOVER,"20/50 uptrend, rising EMA50, compressed below 20d resistance",42,60,40,WATCHLIST,WEAK,37.0,price<EMA20; EMA20>EMA50; EMA20 falling,16.25,97.0,0.79,5.62,0,False,2.99,76817298.0,20.83,19.23,16.26,18.25,23.46,15.32,22.28,14.98,20.62,23.52,RESISTANCE_BREAKOUT,BREAKOUT,0.24,,,0,,,0,False,False,22.36,ATR_FALLBACK,22.48,4.4,4.93,21.07,19.55,24.69,25.4,25.87,1.62,,,False,5.0,25.4,8.0,1.62,False,2.5,1.76,0.0,3701022.0,72287193.0,3.32,True,True,"DHT Holdings, Inc.",2,49.5,UNCLASSIFIED,,0.0,NONE,0.0,0.0,NONE,,True,0,NOT CHECKED,NONE,NEUTRAL,,,,NOT CHECKED,False,NOT CHECKED,NONE,0,,False,49.5,WATCHLIST,NOT CHECKED,,,,,,,,,False,,,False,,,,False,,,,False,NONE,False,False,0,,,,NOT CHECKED,NO LIVE SIGNAL,BAR_PROXY,0.0,NO DATA,,,,,,,,49.5,False
TEL,203.86,DISCOVER,DISCOVER,"near EMA50 support, near EMA200 pivot, tight range, volume contraction, low-volume pullback",52,68,40,WATCHLIST,WEAK,37.0,price<EMA20; EMA20>EMA50; EMA20 falling,1.45,51.0,0.54,3.58,0,False,3.1,401380015.0,205.31,206.11,210.94,198.67,213.71,189.53,221.12,189.53,250.61,214.22,RESISTANCE_BREAKOUT,BREAKOUT,0.24,,,0,,,0,False,False,204.98,EMA50,206.11,3.78,4.31,200.43,199.82,224.93,231.35,235.64,1.86,221.12,3.22,False,5.0,221.12,3.22,0.75,False,2.5,4.83,0.0,1962038.0,370646737.0,2.6,True,True,TE Connectivity plc Ordinary Shares,2,49.3,UNCLASSIFIED,,0.0,NONE,0.0,0.0,NONE,,True,0,NOT CHECKED,NONE,NEUTRAL,,,,NOT CHECKED,False,NOT CHECKED,NONE,0,,False,49.3,WATCHLIST,NOT CHECKED,,,,,,,,,False,,,False,,,,False,,,,False,NONE,False,False,0,,,,NOT CHECKED,NO LIVE SIGNAL,BAR_PROXY,0.0,NO DATA,,,,,,,,49.3,False
BJ,92.94,DISCOVER,DISCOVER,"20/50 uptrend, near EMA50 support, near EMA200 pivot, volume contraction",48,64,20,WATCHLIST,WEAK,37.0,price<EMA20; EMA20>EMA50; EMA20 falling,2.17,57.4,0.13,5.61,0,False,2.43,175422475.0,92.7,92.69,93.41,87.72,100.17,83.21,100.26,83.21,101.96,100.35,RESISTANCE_BREAKOUT,BREAKOUT,0.18,,,0,,,0,False,False,96.55,ATR_FALLBACK,96.96,3.38,3.78,88.88,87.72,105.37,108.38,110.39,2.11,101.96,1.6,False,5.0,101.96,1.6,0.42,False,2.5,7.78,0.0,1886560.0,145992527.0,2.67,True,True,"BJ's Wholesale Club Holdings, Inc. Common Stock",2,49.3,UNCLASSIFIED,,0.0,NONE,0.0,0.0,NONE,,True,0,NOT CHECKED,NONE,NEUTRAL,,,,NOT CHECKED,False,NOT CHECKED,NONE,0,,False,49.3,WATCHLIST,NOT CHECKED,,,,,,,,,False,,,False,,,,False,,,,False,NONE,False,False,0,,,,NOT CHECKED,NO LIVE SIGNAL,BAR_PROXY,0.0,NO DATA,,,,,,,,49.3,False
META,678.04,DISCOVER,DISCOVER,"20/50 uptrend, rising EMA50, compressed below 20d resistance",42,60,55,WATCHLIST,WEAK,37.0,price<EMA20; EMA20>EMA50; EMA20 falling,25.09,87.3,0.45,6.55,0,False,3.09,10766346906.0,625.55,608.24,629.76,539.31,685.31,524.49,686.08,519.78,690.88,686.99,RESISTANCE_BREAKOUT,BREAKOUT,0.24,,,0,,,0,False,False,645.77,SWING5,642.14,6.53,6.0,642.14,577.0,721.34,741.95,755.69,1.33,690.88,0.57,False,5.0,690.88,0.57,0.09,False,2.5,1.07,0.0,17584792.0,9830370638.0,2.88,True,True,"Meta Platforms, Inc. - Class A Common Stock",2,49.2,UNCLASSIFIED,,0.0,NONE,0.0,0.0,NONE,,True,0,NOT CHECKED,NONE,NEUTRAL,,,,NOT CHECKED,False,NOT CHECKED,NONE,0,,False,49.2,WATCHLIST,NOT CHECKED,,,,,,,,,False,,,False,,,,False,,,,False,NONE,False,False,0,,,,NOT CHECKED,NO LIVE SIGNAL,BAR_PROXY,0.0,NO DATA,,,,,,,,49.2,False
ECHO,94.65,DISCOVER,DISCOVER,"near EMA50 support, near EMA200 pivot, compressed below 20d resistance, volume contraction",46,60,20,WATCHLIST,WEAK,37.0,price<EMA20; EMA20>EMA50; EMA20 falling,7.94,73.3,0.41,5.14,0,False,2.94,228154396.0,90.94,93.18,99.82,84.26,95.7,82.48,108.74,82.48,147.25,95.92,RESISTANCE_BREAKOUT,BREAKOUT,0.23,,,0,,,0,False,False,92.68,EMA50,93.18,2.86,3.38,89.13,85.74,100.72,103.6,105.52,2.37,108.74,13.36,True,5.0,103.6,8.0,2.37,False,2.5,1.11,0.0,2549494.0,220857232.0,2.81,True,True,EchoStar Corporation - Common stock,2,49.2,UNCLASSIFIED,,0.0,NONE,0.0,0.0,NONE,,True,0,NOT CHECKED,NONE,NEUTRAL,,,,NOT CHECKED,False,NOT CHECKED,NONE,0,,False,49.2,WATCHLIST,NOT CHECKED,,,,,,,,,False,,,False,,,,False,,,,False,NONE,False,False,0,,,,NOT CHECKED,NO LIVE SIGNAL,BAR_PROXY,0.0,NO DATA,,,,,,,,49.2,False
CLMT,58.9,DISCOVER,DISCOVER,"20/50 uptrend, rising EMA50, compressed below 20d resistance",42,60,55,WATCHLIST,WEAK,37.0,price<EMA20; EMA20>EMA50; EMA20 falling,20.66,95.7,0.61,15.17,1,True,4.08,62405492.0,53.27,47.85,35.84,45.73,59.08,31.7,58.4,26.41,51.5,59.27,RESISTANCE_BREAKOUT,BREAKOUT,0.33,,,0,,,0,False,False,55.72,ATR_FALLBACK,55.67,6.08,6.0,54.91,51.77,62.24,64.01,65.2,1.33,,,False,5.0,64.01,8.0,1.33,False,2.5,0.3,0.0,1180394.0,61646262.0,4.28,True,True,"Calumet, Inc - Common Stock",2,49.2,UNCLASSIFIED,,0.0,NONE,0.0,0.0,NONE,,True,0,NOT CHECKED,NONE,NEUTRAL,,,,NOT CHECKED,False,NOT CHECKED,NONE,0,,False,49.2,WATCHLIST,NOT CHECKED,,,,,,,,,False,,,False,,,,False,,,,False,NONE,False,False,0,,,,NOT CHECKED,NO LIVE SIGNAL,BAR_PROXY,0.0,NO DATA,,,,,,,,49.2,True
TRMD,36.85,DISCOVER,DISCOVER,"20/50 uptrend, rising EMA50, compressed below 20d resistance",42,60,55,WATCHLIST,WEAK,37.0,price<EMA20; EMA20>EMA50; EMA20 falling,28.68,85.4,0.48,8.97,0,False,3.87,50038116.0,32.86,30.38,26.39,27.87,37.22,23.77,35.94,21.89,32.15,37.33,RESISTANCE_BREAKOUT,BREAKOUT,0.31,,,0,,,0,False,False,35.09,ATR_FALLBACK,35.2,5.73,6.0,32.43,30.6,39.2,40.32,41.07,1.33,,,False,5.0,40.32,8.0,1.33,False,2.5,1.0,0.0,1499644.0,31746601.0,3.2,True,True,TORM plc - Class A Common Stock,2,49.2,UNCLASSIFIED,,0.0,NONE,0.0,0.0,NONE,,True,0,NOT CHECKED,NONE,NEUTRAL,,,,NOT CHECKED,False,NOT CHECKED,NONE,0,,False,49.2,WATCHLIST,NOT CHECKED,,,,,,,,,False,,,False,,,,False,,,,False,NONE,False,False,0,,,,NOT CHECKED,NO LIVE SIGNAL,BAR_PROXY,0.0,NO DATA,,,,,,,,49.2,False
AVAH,14.1,DISCOVER,DISCOVER,"20/50 uptrend, rising EMA50, volume contraction, low-volume pullback",44,64,35,WATCHLIST,WEAK,37.0,price<EMA20; EMA20>EMA50; EMA20 falling,8.06,55.0,0.36,24.75,1,True,3.79,46155915.0,13.44,11.86,9.32,12.39,14.71,7.76,14.54,5.93,14.0,14.75,RESISTANCE_BREAKOUT,BREAKOUT,0.29,,,0,,,0,False,False,13.87,ATR_FALLBACK,13.95,5.44,6.0,13.68,13.02,15.49,15.93,16.23,1.33,,,False,5.0,15.93,8.0,1.33,False,2.5,4.33,0.0,3373948.0,40993374.0,4.06,True,True,Aveanna Healthcare Holdings Inc. - Common Stock,2,49.2,UNCLASSIFIED,,0.0,NONE,0.0,0.0,NONE,,True,0,NOT CHECKED,NONE,NEUTRAL,,,,NOT CHECKED,False,NOT CHECKED,NONE,0,,False,49.2,WATCHLIST,NOT CHECKED,,,,,,,,,False,,,False,,,,False,,,,False,NONE,False,False,0,,,,NOT CHECKED,NO LIVE SIGNAL,BAR_PROXY,0.0,NO DATA,,,,,,,,49.2,True
SNDK,1595.18,DISCOVER,DISCOVER,"20/50 uptrend, rising EMA50, near EMA50 support, volume contraction, low-volume pullback",50,66,35,WATCHLIST,WEAK,37.0,price<EMA20; EMA20>EMA50; EMA20 falling,2.59,58.3,0.56,13.67,2,True,6.0,16325158286.0,1577.2,1549.9,1155.73,1416.56,1807.38,998.19,2354.39,517.0,2354.39,1815.03,RESISTANCE_BREAKOUT,BREAKOUT,0.42,,,0,,,0,False,False,1706.13,ATR_FALLBACK,1671.55,7.91,6.0,1504.2,1504.2,1905.78,1960.24,1996.54,1.33,2354.39,29.72,True,5.0,1960.24,8.0,1.33,False,2.5,13.3,0.0,10289333.0,14337551324.0,5.29,True,True,Sandisk Corporation - Common Stock When-Issued,2,48.9,UNCLASSIFIED,,0.0,NONE,0.0,0.0,NONE,,True,0,NOT CHECKED,NONE,NEUTRAL,,,,NOT CHECKED,False,NOT CHECKED,NONE,0,,False,48.9,WATCHLIST,NOT CHECKED,,,,,,,,,False,,,False,,,,False,,,,False,NONE,False,False,0,,,,NOT CHECKED,NO LIVE SIGNAL,BAR_PROXY,0.0,NO DATA,,,,,,,,48.9,True
WFC,87.18,DISCOVER,DISCOVER,"above EMA50, rising EMA50, near EMA50 support, tight range",50,66,35,WATCHLIST,WEAK,37.0,price<EMA20; EMA20>EMA50; EMA20 falling,2.36,56.9,0.43,2.56,0,False,2.6,1128290403.0,87.9,86.61,84.01,83.48,91.99,82.05,91.16,72.36,89.66,92.17,RESISTANCE_BREAKOUT,BREAKOUT,0.2,,,0,,,0,False,False,87.49,EMA20,87.9,4.64,5.08,86.1,86.1,96.78,99.54,101.39,1.58,,,False,5.0,99.54,8.0,1.58,False,2.5,5.51,0.0,12902634.0,1158226016.0,2.28,True,True,Wells Fargo & Company Common Stock,2,48.8,UNCLASSIFIED,,0.0,NONE,0.0,0.0,NONE,,True,0,NOT CHECKED,NONE,NEUTRAL,,,,NOT CHECKED,False,NOT CHECKED,NONE,0,,False,48.8,WATCHLIST,NOT CHECKED,,,,,,,,,False,,,False,,,,False,,,,False,NONE,False,False,0,,,,NOT CHECKED,NO LIVE SIGNAL,BAR_PROXY,0.0,NO DATA,,,,,,,,48.8,False
QCOM,190.37,DISCOVER,DISCOVER,"20/50 uptrend, rising EMA50, compressed below 20d resistance",42,60,55,WATCHLIST,WEAK,37.0,price<EMA20; EMA20>EMA50; EMA20 falling,19.13,78.9,0.48,4.66,0,False,4.24,1954875267.0,174.71,173.13,170.42,155.38,191.28,142.12,232.18,120.88,257.56,191.93,RESISTANCE_BREAKOUT,BREAKOUT,0.34,,,0,,,0,False,False,180.41,ATR_FALLBACK,179.83,6.3,6.0,170.51,164.19,201.52,207.28,211.12,1.33,232.18,20.97,True,5.0,207.28,8.0,1.33,False,2.5,0.48,0.0,11387858.0,1748259404.0,3.7,True,True,QUALCOMM Incorporated - Common Stock,2,48.7,UNCLASSIFIED,,0.0,NONE,0.0,0.0,NONE,,True,0,NOT CHECKED,NONE,NEUTRAL,,,,NOT CHECKED,False,NOT CHECKED,NONE,0,,False,48.7,WATCHLIST,NOT CHECKED,,,,,,,,,False,,,False,,,,False,,,,False,NONE,False,False,0,,,,NOT CHECKED,NO LIVE SIGNAL,BAR_PROXY,0.0,NO DATA,,,,,,,,48.7,False
SLDE,25.27,REJECT,REJECT,"20/50 uptrend, rising EMA50",34,58,20,NO TRADE,WEAK,37.0,price<EMA20; EMA20>EMA50; EMA20 falling,13.35,65.8,0.42,5.6,0,False,3.07,29684670.0,24.28,22.54,19.21,22.19,26.75,16.38,25.09,15.9,23.75,26.81,RESISTANCE_BREAKOUT,BREAKOUT,0.23,,,0,,,0,False,False,25.51,ATR_FALLBACK,25.65,4.34,4.86,24.16,23.16,28.15,28.96,29.49,1.65,,,False,5.0,28.96,8.0,1.65,False,2.5,5.84,0.0,1211008.0,27766727.0,3.08,True,True,"Slide Insurance Holdings, Inc. - Common Stock",0,48.2,UNCLASSIFIED,,0.0,NONE,0.0,0.0,NONE,,True,0,NOT CHECKED,NONE,NEUTRAL,,,,NOT CHECKED,False,NOT CHECKED,NONE,0,,False,48.2,NO TRADE,NOT CHECKED,,,,,,,,,False,,,False,,,,False,,,,False,NONE,False,False,0,,,,NOT CHECKED,NO LIVE SIGNAL,BAR_PROXY,0.0,NO DATA,,,,,,,,48.2,False
ASO,49.81,DISCOVER,DISCOVER,"20/50 uptrend, rising EMA50, near EMA200 pivot",44,64,35,WATCHLIST,WEAK,37.0,price<EMA20; EMA20>EMA50; EMA20 falling,5.89,68.1,0.25,14.4,1,True,4.62,111070620.0,48.46,48.06,50.03,41.9,56.71,41.9,56.71,41.9,61.27,56.89,RESISTANCE_BREAKOUT,BREAKOUT,0.32,,,0,,,0,False,False,53.48,ATR_FALLBACK,53.45,6.06,6.0,49.76,42.91,59.74,61.45,62.58,1.33,61.27,7.69,True,5.0,61.27,7.69,1.28,False,2.5,13.85,0.0,2332869.0,83922965.0,3.94,True,True,"Academy Sports and Outdoors, Inc. - Common Stock",2,48.1,UNCLASSIFIED,,0.0,NONE,0.0,0.0,NONE,,True,0,NOT CHECKED,NONE,NEUTRAL,,,,NOT CHECKED,False,NOT CHECKED,NONE,0,,False,48.1,WATCHLIST,NOT CHECKED,,,,,,,,,False,,,False,,,,False,,,,False,NONE,False,False,0,,,,NOT CHECKED,NO LIVE SIGNAL,BAR_PROXY,0.0,NO DATA,,,,,,,,48.1,True
CHKP,136.2,DISCOVER,DISCOVER,"20/50 uptrend, rising EMA50, near EMA50 support",48,64,35,WATCHLIST,WEAK,37.0,price<EMA20; EMA20>EMA50; EMA20 falling,3.82,54.2,0.42,5.21,0,False,3.9,136328937.0,134.42,132.93,146.92,126.7,141.96,119.04,142.1,112.23,166.31,142.39,RESISTANCE_BREAKOUT,BREAKOUT,0.3,,,0,,,0,False,False,133.84,EMA20,134.42,5.59,6.0,128.49,128.49,149.5,153.78,156.62,1.33,166.31,16.8,True,5.0,153.78,8.0,1.33,False,2.5,4.23,0.0,1012364.0,122685969.0,3.26,True,True,Check Point Software Technologies Ltd. - Ordinary Shares,2,47.9,UNCLASSIFIED,,0.0,NONE,0.0,0.0,NONE,,True,0,NOT CHECKED,NONE,NEUTRAL,,,,NOT CHECKED,False,NOT CHECKED,NONE,0,,False,47.9,WATCHLIST,NOT CHECKED,,,,,,,,,False,,,False,,,,False,,,,False,NONE,False,False,0,,,,NOT CHECKED,NO LIVE SIGNAL,BAR_PROXY,0.0,NO DATA,,,,,,,,47.9,False
SEI,68.17,REJECT,REJECT,"above EMA50, rising EMA50, compressed below 20d resistance",34,58,35,NO TRADE,WEAK,37.0,price<EMA20; EMA20>EMA50; EMA20 falling,17.08,67.8,0.56,16.29,1,True,6.66,156985552.0,60.23,60.47,58.73,47.72,70.19,42.59,83.8,42.59,86.02,70.56,RESISTANCE_BREAKOUT,BREAKOUT,0.52,,,0,,,0,False,False,66.32,ATR_FALLBACK,63.75,9.65,6.0,60.47,47.72,74.08,76.2,77.61,1.33,83.8,18.77,True,5.0,76.2,8.0,1.33,False,2.5,2.97,0.0,2682948.0,142308034.0,5.9,True,True,"Solaris Energy Infrastructure, Inc. Class A Common Stock",0,47.8,UNCLASSIFIED,,0.0,NONE,0.0,0.0,NONE,,True,0,NOT CHECKED,NONE,NEUTRAL,,,,NOT CHECKED,False,NOT CHECKED,NONE,0,,False,47.8,NO TRADE,NOT CHECKED,,,,,,,,,False,,,False,,,,False,,,,False,NONE,False,False,0,,,,NOT CHECKED,NO LIVE SIGNAL,BAR_PROXY,0.0,NO DATA,,,,,,,,47.8,True
GEO,31.8,DISCOVER,DISCOVER,"20/50 uptrend, rising EMA50, tight range",52,62,35,WATCHLIST,WEAK,37.0,price<EMA20; EMA20>EMA50; EMA20 falling,4.57,43.3,0.12,3.56,0,False,3.44,65993475.0,31.44,30.54,24.86,30.04,33.15,28.49,33.15,13.28,33.15,33.24,RESISTANCE_BREAKOUT,BREAKOUT,0.26,,,0,,,0,False,False,31.24,EMA20,31.44,5.42,6.0,30.46,30.04,34.9,35.9,36.56,1.33,,,False,5.0,35.9,8.0,1.33,False,2.5,4.25,0.0,2087505.0,64840685.0,3.38,True,True,Geo Group Inc (The) REIT,2,47.7,UNCLASSIFIED,,0.0,NONE,0.0,0.0,NONE,,True,0,NOT CHECKED,NONE,NEUTRAL,,,,NOT CHECKED,False,NOT CHECKED,NONE,0,,False,47.7,WATCHLIST,NOT CHECKED,,,,,,,,,False,,,False,,,,False,,,,False,NONE,False,False,0,,,,NOT CHECKED,NO LIVE SIGNAL,BAR_PROXY,0.0,NO DATA,,,,,,,,47.7,False
SMTC,179.01,REJECT,REJECT,"20/50 uptrend, rising EMA50, volume contraction",32,56,35,NO TRADE,WEAK,37.0,price<EMA20; EMA20>EMA50; EMA20 falling,43.71,66.6,0.82,11.16,3,True,6.47,504569413.0,149.96,141.54,117.03,115.0,170.52,103.1,175.69,69.16,177.35,179.01,RESISTANCE_BREAKOUT,BREAKOUT,4.98,,,0,,,0,False,False,168.27,ATR_FALLBACK,161.64,9.71,6.0,146.91,126.73,187.96,193.33,196.91,1.33,,,False,5.0,193.33,8.0,1.33,False,2.5,-4.74,4.98,3487058.0,408170500.0,6.85,True,True,Semtech Corporation - Common Stock,0,47.6,UNCLASSIFIED,,0.0,NONE,0.0,0.0,NONE,,True,0,NOT CHECKED,NONE,NEUTRAL,,,,NOT CHECKED,False,NOT CHECKED,NONE,0,,False,47.6,NO TRADE,NOT CHECKED,,,,,,,,,False,,,False,,,,False,,,,False,NONE,False,False,0,,,,NOT CHECKED,NO LIVE SIGNAL,BAR_PROXY,0.0,NO DATA,,,,,,,,47.6,True
SMMT,17.58,REJECT,REJECT,"20/50 uptrend, rising EMA50, volume contraction",32,56,35,NO TRADE,WEAK,37.0,price<EMA20; EMA20>EMA50; EMA20 falling,35.05,68.8,0.53,17.33,1,True,5.66,96419157.0,16.14,15.29,16.24,12.22,18.83,12.07,18.32,12.07,29.23,18.91,RESISTANCE_BREAKOUT,BREAKOUT,0.42,,,0,,,0,False,False,17.78,ATR_FALLBACK,17.42,7.9,6.0,16.8,14.06,19.86,20.42,20.8,1.33,29.23,54.58,True,5.0,20.42,8.0,1.33,False,2.5,7.08,0.0,6166836.0,82940645.0,5.54,True,True,Summit Therapeutics Inc.  - Common Stock,0,47.6,UNCLASSIFIED,,0.0,NONE,0.0,0.0,NONE,,True,0,NOT CHECKED,NONE,NEUTRAL,,,,NOT CHECKED,False,NOT CHECKED,NONE,0,,False,47.6,NO TRADE,NOT CHECKED,,,,,,,,,False,,,False,,,,False,,,,False,NONE,False,False,0,,,,NOT CHECKED,NO LIVE SIGNAL,BAR_PROXY,0.0,NO DATA,,,,,,,,47.6,True
RBRK,107.03,DISCOVER,DISCOVER,"20/50 uptrend, rising EMA50, compressed below 20d resistance",42,62,35,WATCHLIST,WEAK,37.0,price<EMA20; EMA20>EMA50; EMA20 falling,8.18,50.0,0.56,15.64,2,True,5.89,354796696.0,95.76,89.67,75.79,85.78,107.91,67.31,107.91,42.25,107.91,108.41,RESISTANCE_BREAKOUT,BREAKOUT,0.47,,,0,,,0,False,False,101.91,ATR_FALLBACK,98.96,8.72,6.0,85.78,85.78,113.84,117.09,119.26,1.33,,,False,5.0,117.09,8.0,1.33,False,2.5,0.83,0.0,3692669.0,279528013.0,6.15,True,True,"Rubrik, Inc. Class A Common Stock",2,47.5,UNCLASSIFIED,,0.0,NONE,0.0,0.0,NONE,,True,0,NOT CHECKED,NONE,NEUTRAL,,,,NOT CHECKED,False,NOT CHECKED,NONE,0,,False,47.5,WATCHLIST,NOT CHECKED,,,,,,,,,False,,,False,,,,False,,,,False,NONE,False,False,0,,,,NOT CHECKED,NO LIVE SIGNAL,BAR_PROXY,0.0,NO DATA,,,,,,,,47.5,True
AVT,94.36,DISCOVER,DISCOVER,"20/50 uptrend, rising EMA50",42,62,35,WATCHLIST,WEAK,37.0,price<EMA20; EMA20>EMA50; EMA20 falling,8.16,56.5,0.29,7.16,0,False,3.77,100431072.0,92.12,90.25,76.95,85.18,99.92,79.81,99.92,57.59,99.6,100.2,RESISTANCE_BREAKOUT,BREAKOUT,0.28,,,0,,,0,False,False,94.23,ATR_FALLBACK,94.87,5.32,5.96,90.68,86.36,105.21,108.22,110.22,1.34,,,False,5.0,108.22,8.0,1.34,False,2.5,5.89,0.0,1100837.0,96362921.0,3.31,True,True,"Avnet, Inc. - Common Stock",2,47.5,UNCLASSIFIED,,0.0,NONE,0.0,0.0,NONE,,True,0,NOT CHECKED,NONE,NEUTRAL,,,,NOT CHECKED,False,NOT CHECKED,NONE,0,,False,47.5,WATCHLIST,NOT CHECKED,,,,,,,,,False,,,False,,,,False,,,,False,NONE,False,False,0,,,,NOT CHECKED,NO LIVE SIGNAL,BAR_PROXY,0.0,NO DATA,,,,,,,,47.5,False
WAY,26.53,DISCOVER,DISCOVER,"20/50 uptrend, rising EMA50, compressed below 20d resistance",42,62,35,WATCHLIST,WEAK,37.0,price<EMA20; EMA20>EMA50; EMA20 falling,7.74,57.4,0.34,7.11,0,False,4.25,59280259.0,25.07,24.08,25.64,22.95,27.28,17.26,26.87,17.26,27.91,27.37,RESISTANCE_BREAKOUT,BREAKOUT,0.33,,,0,,,0,False,False,25.73,ATR_FALLBACK,25.68,6.18,6.0,22.95,22.95,28.74,29.56,30.11,1.33,27.91,1.97,False,5.0,27.91,1.97,0.33,False,2.5,2.81,0.0,2342327.0,52909192.0,4.11,True,True,Waystar Holding Corp. - Common Stock,2,47.3,UNCLASSIFIED,,0.0,NONE,0.0,0.0,NONE,,True,0,NOT CHECKED,NONE,NEUTRAL,,,,NOT CHECKED,False,NOT CHECKED,NONE,0,,False,47.3,WATCHLIST,NOT CHECKED,,,,,,,,,False,,,False,,,,False,,,,False,NONE,False,False,0,,,,NOT CHECKED,NO LIVE SIGNAL,BAR_PROXY,0.0,NO DATA,,,,,,,,47.3,False
HPQ,34.12,REJECT,REJECT,"20/50 uptrend, rising EMA50",34,58,35,NO TRADE,WEAK,37.0,price<EMA20; EMA20>EMA50; EMA20 falling,16.0,66.6,0.37,8.4,0,False,4.93,513289322.0,31.81,29.24,24.93,26.47,36.23,21.46,36.23,17.62,31.88,36.36,RESISTANCE_BREAKOUT,BREAKOUT,0.37,,,0,,,0,False,False,34.18,ATR_FALLBACK,33.84,6.94,6.0,31.73,30.59,38.18,39.27,40.0,1.33,,,False,5.0,39.27,8.0,1.33,False,2.5,6.17,0.0,16354920.0,469405826.0,4.94,True,True,HP Inc. Common Stock,0,47.2,UNCLASSIFIED,,0.0,NONE,0.0,0.0,NONE,,True,0,NOT CHECKED,NONE,NEUTRAL,,,,NOT CHECKED,False,NOT CHECKED,NONE,0,,False,47.2,NO TRADE,NOT CHECKED,,,,,,,,,False,,,False,,,,False,,,,False,NONE,False,False,0,,,,NOT CHECKED,NO LIVE SIGNAL,BAR_PROXY,0.0,NO DATA,,,,,,,,47.2,False
EXEL,57.96,DISCOVER,DISCOVER,"20/50 uptrend, rising EMA50, compressed below 20d resistance",42,62,35,WATCHLIST,WEAK,37.0,price<EMA20; EMA20>EMA50; EMA20 falling,7.48,61.3,0.3,4.12,0,False,2.87,111846450.0,56.48,55.14,49.58,53.39,59.72,49.97,59.72,39.71,57.57,59.85,RESISTANCE_BREAKOUT,BREAKOUT,0.22,,,0,,,0,False,False,56.26,EMA20,56.48,5.63,6.0,54.55,54.55,62.85,64.64,65.84,1.33,,,False,5.0,64.64,8.0,1.33,False,2.5,3.04,0.0,1978868.0,106081733.0,2.65,True,True,"Exelixis, Inc. - Common Stock",2,47.2,UNCLASSIFIED,,0.0,NONE,0.0,0.0,NONE,,True,0,NOT CHECKED,NONE,NEUTRAL,,,,NOT CHECKED,False,NOT CHECKED,NONE,0,,False,47.2,WATCHLIST,NOT CHECKED,,,,,,,,,False,,,False,,,,False,,,,False,NONE,False,False,0,,,,NOT CHECKED,NO LIVE SIGNAL,BAR_PROXY,0.0,NO DATA,,,,,,,,47.2,False
HOOD,107.66,DISCOVER,DISCOVER,"above EMA50, rising EMA50, bull flag/pullback",40,58,35,WATCHLIST,WEAK,37.0,price<EMA20; EMA20>EMA50; EMA20 falling,13.33,48.1,0.58,16.57,2,True,6.41,2609022420.0,108.8,103.79,99.7,93.65,125.25,83.68,125.25,63.51,120.05,125.8,RESISTANCE_BREAKOUT,BREAKOUT,0.44,,,0,,,0,False,False,118.25,ATR_FALLBACK,115.45,8.22,6.0,101.71,101.71,132.09,135.87,138.38,1.33,,,False,5.0,135.87,8.0,1.33,False,2.5,16.34,0.0,23555492.0,2258026966.0,5.91,True,True,"Robinhood Markets, Inc. - Class A Common Stock",2,47.1,UNCLASSIFIED,,0.0,NONE,0.0,0.0,NONE,,True,0,NOT CHECKED,NONE,NEUTRAL,,,,NOT CHECKED,False,NOT CHECKED,NONE,0,,False,47.1,WATCHLIST,NOT CHECKED,,,,,,,,,False,,,False,,,,False,,,,False,NONE,False,False,0,,,,NOT CHECKED,NO LIVE SIGNAL,BAR_PROXY,0.0,NO DATA,,,,,,,,47.1,True
DNOW,15.98,DISCOVER,DISCOVER,"20/50 uptrend, rising EMA50, compressed below 20d resistance, tight range",52,62,35,WATCHLIST,WEAK,37.0,price<EMA20; EMA20>EMA50; EMA20 falling,3.32,45.5,0.46,8.23,0,False,3.09,32781158.0,15.79,15.22,14.22,15.29,16.55,12.43,17.2,10.94,17.2,16.59,RESISTANCE_BREAKOUT,BREAKOUT,0.24,,,0,,,0,False,False,15.7,EMA20,15.79,4.84,5.37,15.29,15.29,17.42,17.92,18.25,1.49,17.2,3.68,False,5.0,17.2,3.68,0.68,False,2.5,3.53,0.0,2069462.0,32385132.0,2.78,True,True,DNOW Inc. Common Stock,2,47.1,UNCLASSIFIED,,0.0,NONE,0.0,0.0,NONE,,True,0,NOT CHECKED,NONE,NEUTRAL,,,,NOT CHECKED,False,NOT CHECKED,NONE,0,,False,47.1,WATCHLIST,NOT CHECKED,,,,,,,,,False,,,False,,,,False,,,,False,NONE,False,False,0,,,,NOT CHECKED,NO LIVE SIGNAL,BAR_PROXY,0.0,NO DATA,,,,,,,,47.1,False
TDC,29.3,DISCOVER,DISCOVER,"near EMA50 support, near EMA200 pivot, compressed below 20d resistance",40,60,20,WATCHLIST,WEAK,37.0,price<EMA20; EMA20>EMA50; EMA20 falling,5.93,56.5,0.3,5.51,0,False,3.21,50449365.0,28.54,29.14,28.86,26.75,30.14,25.54,37.52,23.86,37.52,30.22,RESISTANCE_BREAKOUT,BREAKOUT,0.25,,,0,,,0,False,False,28.97,EMA50,29.14,3.55,4.11,27.31,27.2,31.73,32.63,33.24,1.94,37.52,24.18,True,5.0,32.63,8.0,1.94,False,2.5,2.87,0.0,1785599.0,47177674.0,2.92,True,True,Teradata Corporation Common Stock,2,47.0,UNCLASSIFIED,,0.0,NONE,0.0,0.0,NONE,,True,0,NOT CHECKED,NONE,NEUTRAL,,,,NOT CHECKED,False,NOT CHECKED,NONE,0,,False,47.0,WATCHLIST,NOT CHECKED,,,,,,,,,False,,,False,,,,False,,,,False,NONE,False,False,0,,,,NOT CHECKED,NO LIVE SIGNAL,BAR_PROXY,0.0,NO DATA,,,,,,,,47.0,False
NVDA,218.89,DISCOVER,DISCOVER,"20/50 uptrend, rising EMA50, near EMA50 support, volume contraction, low-volume pullback",50,60,20,WATCHLIST,WEAK,37.0,price<EMA20; EMA20>EMA50; EMA20 falling,1.64,42.2,0.4,8.74,0,False,2.95,27957226312.0,217.93,214.62,200.94,207.02,234.5,189.59,234.5,163.9,236.0,235.01,RESISTANCE_BREAKOUT,BREAKOUT,0.22,,,0,,,0,False,False,224.15,ATR_FALLBACK,225.32,4.13,4.62,208.93,208.93,246.77,253.82,258.52,1.73,236.0,0.42,False,5.0,236.0,0.42,0.09,False,2.5,7.13,0.0,127631502.0,26764948610.0,2.54,True,True,NVIDIA Corporation - Common Stock,2,46.8,UNCLASSIFIED,,0.0,NONE,0.0,0.0,NONE,,True,0,NOT CHECKED,NONE,NEUTRAL,,,,NOT CHECKED,False,NOT CHECKED,NONE,0,,False,46.8,WATCHLIST,NOT CHECKED,,,,,,,,,False,,,False,,,,False,,,,False,NONE,False,False,0,,,,NOT CHECKED,NO LIVE SIGNAL,BAR_PROXY,0.0,NO DATA,,,,,,,,46.8,False
ZS,194.79,DISCOVER,DISCOVER,"20/50 uptrend, rising EMA50, compressed below 20d resistance",42,62,35,WATCHLIST,WEAK,37.0,price<EMA20; EMA20>EMA50; EMA20 falling,6.44,54.3,0.51,16.52,1,True,5.13,607500167.0,178.52,168.97,179.18,159.2,196.57,121.72,190.97,114.62,191.25,197.37,RESISTANCE_BREAKOUT,BREAKOUT,0.41,,,0,,,0,False,False,185.53,ATR_FALLBACK,182.38,7.6,6.0,160.75,159.2,207.24,213.16,217.11,1.33,,,False,5.0,213.16,8.0,1.33,False,2.5,0.92,0.0,3405410.0,458541631.0,5.18,True,True,"Zscaler, Inc. - Common Stock",2,46.7,UNCLASSIFIED,,0.0,NONE,0.0,0.0,NONE,,True,0,NOT CHECKED,NONE,NEUTRAL,,,,NOT CHECKED,False,NOT CHECKED,NONE,0,,False,46.7,WATCHLIST,NOT CHECKED,,,,,,,,,False,,,False,,,,False,,,,False,NONE,False,False,0,,,,NOT CHECKED,NO LIVE SIGNAL,BAR_PROXY,0.0,NO DATA,,,,,,,,46.7,True
SPOT,533.41,DISCOVER,DISCOVER,"above EMA50, rising EMA50, near EMA50 support, near EMA200 pivot, volume contraction",48,64,35,WATCHLIST,WEAK,37.0,price<EMA20; EMA20>EMA50; EMA20 falling,0.92,52.2,0.41,5.81,0,False,3.59,777776533.0,535.62,518.53,527.17,507.83,576.0,438.7,576.0,411.24,570.64,577.53,RESISTANCE_BREAKOUT,BREAKOUT,0.27,,,0,,,0,False,False,545.36,ATR_FALLBACK,548.8,4.97,5.57,507.83,507.83,606.41,623.73,635.29,1.44,,,False,5.0,623.73,8.0,1.44,False,2.5,7.99,0.0,1436028.0,761863228.0,3.23,True,True,Spotify Technology S.A. Ordinary Shares,2,46.4,UNCLASSIFIED,,0.0,NONE,0.0,0.0,NONE,,True,0,NOT CHECKED,NONE,NEUTRAL,,,,NOT CHECKED,False,NOT CHECKED,NONE,0,,False,46.4,WATCHLIST,NOT CHECKED,,,,,,,,,False,,,False,,,,False,,,,False,NONE,False,False,0,,,,NOT CHECKED,NO LIVE SIGNAL,BAR_PROXY,0.0,NO DATA,,,,,,,,46.4,False
AESI,13.68,DISCOVER,DISCOVER,"above EMA50, rising EMA50, near EMA50 support, volume contraction, low-volume pullback",42,62,35,WATCHLIST,WEAK,37.0,price<EMA20; EMA20>EMA50; EMA20 falling,5.9,56.3,0.17,7.71,0,False,5.42,38665490.0,13.28,13.35,13.33,11.77,14.72,9.53,17.18,9.35,20.13,14.78,RESISTANCE_BREAKOUT,BREAKOUT,0.4,,,0,,,0,False,False,13.89,ATR_FALLBACK,13.67,7.52,6.0,12.83,12.3,15.52,15.96,16.26,1.33,17.18,16.24,True,5.0,15.96,8.0,1.33,False,2.5,7.6,0.0,2929616.0,37074720.0,5.41,True,True,Atlas Energy Solutions Inc. Common Stock,2,46.4,UNCLASSIFIED,,0.0,NONE,0.0,0.0,NONE,,True,0,NOT CHECKED,NONE,NEUTRAL,,,,NOT CHECKED,False,NOT CHECKED,NONE,0,,False,46.4,WATCHLIST,NOT CHECKED,,,,,,,,,False,,,False,,,,False,,,,False,NONE,False,False,0,,,,NOT CHECKED,NO LIVE SIGNAL,BAR_PROXY,0.0,NO DATA,,,,,,,,46.4,False
FA,21.14,DISCOVER,DISCOVER,"20/50 uptrend, rising EMA50, volume contraction",48,64,35,WATCHLIST,WEAK,37.0,price<EMA20; EMA20>EMA50; EMA20 falling,0.92,51.7,0.39,17.32,1,True,3.82,26358098.0,21.09,20.41,17.03,19.9,22.37,15.82,25.15,10.28,25.15,22.43,RESISTANCE_BREAKOUT,BREAKOUT,0.29,,,0,,,0,False,False,21.09,EMA20,21.09,5.98,6.0,20.37,19.9,23.56,24.23,24.68,1.33,25.15,12.1,True,5.0,24.23,8.0,1.33,False,2.5,5.82,0.0,1260435.0,25208293.0,3.4,True,True,First Advantage Corporation - Common Stock,2,46.4,UNCLASSIFIED,,0.0,NONE,0.0,0.0,NONE,,True,0,NOT CHECKED,NONE,NEUTRAL,,,,NOT CHECKED,False,NOT CHECKED,NONE,0,,False,46.4,WATCHLIST,NOT CHECKED,,,,,,,,,False,,,False,,,,False,,,,False,NONE,False,False,0,,,,NOT CHECKED,NO LIVE SIGNAL,BAR_PROXY,0.0,NO DATA,,,,,,,,46.4,True
TEVA,39.24,DISCOVER,DISCOVER,"20/50 uptrend, rising EMA50, compressed below 20d resistance",42,62,35,WATCHLIST,WEAK,37.0,price<EMA20; EMA20>EMA50; EMA20 falling,5.64,58.6,0.56,4.39,0,False,3.16,173427093.0,37.33,35.99,32.11,35.42,39.52,29.6,38.37,27.93,38.37,39.62,RESISTANCE_BREAKOUT,BREAKOUT,0.25,,,0,,,0,False,False,37.24,EMA20,37.33,5.79,6.0,36.04,35.42,41.6,42.79,43.58,1.33,,,False,5.0,42.79,8.0,1.33,False,2.5,0.71,0.0,4641349.0,167893132.0,2.92,True,True,Teva Pharmaceutical Industries Limited Ordinary Shares,2,46.3,UNCLASSIFIED,,0.0,NONE,0.0,0.0,NONE,,True,0,NOT CHECKED,NONE,NEUTRAL,,,,NOT CHECKED,False,NOT CHECKED,NONE,0,,False,46.3,WATCHLIST,NOT CHECKED,,,,,,,,,False,,,False,,,,False,,,,False,NONE,False,False,0,,,,NOT CHECKED,NO LIVE SIGNAL,BAR_PROXY,0.0,NO DATA,,,,,,,,46.3,False
EPAM,117.46,REJECT,REJECT,"20/50 uptrend, rising EMA50, near EMA200 pivot",36,60,35,NO TRADE,WEAK,37.0,price<EMA20; EMA20>EMA50; EMA20 falling,10.32,57.5,0.19,7.1,0,False,3.96,128981308.0,114.72,108.02,123.1,105.05,126.5,73.06,121.53,73.06,148.34,126.87,RESISTANCE_BREAKOUT,BREAKOUT,0.29,,,0,,,0,False,False,119.26,ATR_FALLBACK,119.9,5.5,6.0,112.13,111.24,133.22,137.02,139.56,1.33,148.34,16.92,True,5.0,137.02,8.0,1.33,False,2.5,7.69,0.0,1114476.0,122044034.0,3.67,True,True,"EPAM Systems, Inc. Common Stock",0,46.1,UNCLASSIFIED,,0.0,NONE,0.0,0.0,NONE,,True,0,NOT CHECKED,NONE,NEUTRAL,,,,NOT CHECKED,False,NOT CHECKED,NONE,0,,False,46.1,NO TRADE,NOT CHECKED,,,,,,,,,False,,,False,,,,False,,,,False,NONE,False,False,0,,,,NOT CHECKED,NO LIVE SIGNAL,BAR_PROXY,0.0,NO DATA,,,,,,,,46.1,False
KD,13.05,DISCOVER,DISCOVER,"above EMA50, rising EMA50, near EMA50 support, volume contraction",46,60,35,WATCHLIST,WEAK,37.0,price<EMA20; EMA20>EMA50; EMA20 falling,6.29,47.3,0.31,6.57,0,False,4.22,42392381.0,13.06,12.92,16.07,12.23,13.85,10.36,14.71,10.36,14.94,13.89,RESISTANCE_BREAKOUT,BREAKOUT,0.32,,,0,,,0,False,False,13.06,EMA20,13.06,5.97,6.0,12.55,12.41,14.58,15.0,15.28,1.33,14.71,5.91,True,5.0,14.71,5.91,0.99,False,2.5,6.13,0.0,3261048.0,41467720.0,4.07,True,True,"Kyndryl Holdings, Inc. Common Stock",2,46.1,UNCLASSIFIED,,0.0,NONE,0.0,0.0,NONE,,True,0,NOT CHECKED,NONE,NEUTRAL,,,,NOT CHECKED,False,NOT CHECKED,NONE,0,,False,46.1,WATCHLIST,NOT CHECKED,,,,,,,,,False,,,False,,,,False,,,,False,NONE,False,False,0,,,,NOT CHECKED,NO LIVE SIGNAL,BAR_PROXY,0.0,NO DATA,,,,,,,,46.1,False
LITE,909.74,DISCOVER,DISCOVER,"20/50 uptrend, rising EMA50, bull flag/pullback",40,58,35,WATCHLIST,WEAK,37.0,price<EMA20; EMA20>EMA50; EMA20 falling,10.84,45.7,0.69,13.63,2,True,6.6,3625589850.0,892.39,865.39,710.41,784.47,1026.76,594.84,1026.76,548.24,1085.68,1031.56,RESISTANCE_BREAKOUT,BREAKOUT,0.47,,,0,,,0,False,False,969.67,ATR_FALLBACK,941.53,8.73,6.0,832.11,818.89,1083.14,1114.09,1134.72,1.33,1085.68,5.25,True,5.0,1085.68,5.25,0.87,False,2.5,12.86,0.0,4009319.0,3213100770.0,6.19,True,True,Lumentum Holdings Inc. - Common Stock,2,45.9,UNCLASSIFIED,,0.0,NONE,0.0,0.0,NONE,,True,0,NOT CHECKED,NONE,NEUTRAL,,,,NOT CHECKED,False,NOT CHECKED,NONE,0,,False,45.9,WATCHLIST,NOT CHECKED,,,,,,,,,False,,,False,,,,False,,,,False,NONE,False,False,0,,,,NOT CHECKED,NO LIVE SIGNAL,BAR_PROXY,0.0,NO DATA,,,,,,,,45.9,True
DHR,211.33,DISCOVER,DISCOVER,"20/50 uptrend, rising EMA50, tight range",52,62,35,WATCHLIST,WEAK,37.0,price<EMA20; EMA20>EMA50; EMA20 falling,0.84,44.2,0.7,5.97,0,False,2.58,671342107.0,207.36,203.17,198.48,199.09,220.67,165.75,220.67,160.6,220.67,221.11,RESISTANCE_BREAKOUT,BREAKOUT,0.2,,,0,,,0,False,False,207.84,EMA20,207.36,6.21,6.0,199.09,199.09,232.16,238.79,243.22,1.33,,,False,5.0,238.79,8.0,1.33,False,2.5,4.42,0.0,3187657.0,625315960.0,2.59,True,True,Danaher Corporation Common Stock,2,45.9,UNCLASSIFIED,,0.0,NONE,0.0,0.0,NONE,,True,0,NOT CHECKED,NONE,NEUTRAL,,,,NOT CHECKED,False,NOT CHECKED,NONE,0,,False,45.9,WATCHLIST,NOT CHECKED,,,,,,,,,False,,,False,,,,False,,,,False,NONE,False,False,0,,,,NOT CHECKED,NO LIVE SIGNAL,BAR_PROXY,0.0,NO DATA,,,,,,,,45.9,False
PAAS,49.87,DISCOVER,DISCOVER,"above EMA50, rising EMA50, near EMA50 support, near EMA200 pivot, volume contraction, low-volume pullback",52,62,35,WATCHLIST,WEAK,37.0,price<EMA20; EMA20>EMA50; EMA20 falling,0.41,36.5,0.36,7.94,0,False,4.4,238742337.0,50.18,49.47,48.96,46.74,56.0,40.62,56.0,40.62,68.22,56.18,RESISTANCE_BREAKOUT,BREAKOUT,0.31,,,0,,,0,False,False,52.81,ATR_FALLBACK,52.88,5.86,6.0,46.74,46.74,58.98,60.67,61.79,1.33,68.22,21.44,True,5.0,60.67,8.0,1.33,False,2.5,12.29,0.0,4590788.0,226597973.0,3.42,True,True,Pan American Silver Corp. Common Stock,2,45.7,UNCLASSIFIED,,0.0,NONE,0.0,0.0,NONE,,True,0,NOT CHECKED,NONE,NEUTRAL,,,,NOT CHECKED,False,NOT CHECKED,NONE,0,,False,45.7,WATCHLIST,NOT CHECKED,,,,,,,,,False,,,False,,,,False,,,,False,NONE,False,False,0,,,,NOT CHECKED,NO LIVE SIGNAL,BAR_PROXY,0.0,NO DATA,,,,,,,,45.7,False
RNG,73.82,REJECT,REJECT,"20/50 uptrend, rising EMA50",34,58,35,NO TRADE,WEAK,37.0,price<EMA20; EMA20>EMA50; EMA20 falling,12.87,63.1,0.37,7.79,0,False,4.2,96744228.0,69.54,61.87,45.77,63.0,77.95,33.35,77.95,32.93,70.43,78.2,RESISTANCE_BREAKOUT,BREAKOUT,0.32,,,0,,,0,False,False,73.51,ATR_FALLBACK,73.55,5.94,6.0,67.97,67.97,82.11,84.45,86.02,1.33,,,False,5.0,84.45,8.0,1.33,False,2.5,5.59,0.0,1379206.0,98863439.0,4.12,True,True,"RingCentral, Inc. Class A Common Stock",0,45.7,UNCLASSIFIED,,0.0,NONE,0.0,0.0,NONE,,True,0,NOT CHECKED,NONE,NEUTRAL,,,,NOT CHECKED,False,NOT CHECKED,NONE,0,,False,45.7,NO TRADE,NOT CHECKED,,,,,,,,,False,,,False,,,,False,,,,False,NONE,False,False,0,,,,NOT CHECKED,NO LIVE SIGNAL,BAR_PROXY,0.0,NO DATA,,,,,,,,45.7,False
AUR,6.47,DISCOVER,DISCOVER,"above EMA50, rising EMA50, near EMA50 support",40,60,35,WATCHLIST,WEAK,37.0,price<EMA20; EMA20>EMA50; EMA20 falling,5.35,68.7,0.38,8.03,0,False,4.82,177686459.0,6.29,6.3,5.85,5.4,6.76,5.4,7.66,3.82,8.56,6.78,RESISTANCE_BREAKOUT,BREAKOUT,0.37,,,0,,,0,False,False,6.38,ATR_FALLBACK,6.32,6.89,6.0,6.24,5.4,7.12,7.33,7.46,1.33,7.66,12.9,True,5.0,7.33,8.0,1.33,False,2.5,4.48,0.0,29080860.0,164089474.0,4.98,True,True,"Aurora Innovation, Inc.  - Class A Common Stock",2,44.4,UNCLASSIFIED,,0.0,NONE,0.0,0.0,NONE,,True,0,NOT CHECKED,NONE,NEUTRAL,,,,NOT CHECKED,False,NOT CHECKED,NONE,0,,False,44.4,WATCHLIST,NOT CHECKED,,,,,,,,,False,,,False,,,,False,,,,False,NONE,False,False,0,,,,NOT CHECKED,NO LIVE SIGNAL,BAR_PROXY,0.0,NO DATA,,,,,,,,44.4,False
DVN,48.53,DISCOVER,DISCOVER,"20/50 uptrend, rising EMA50",42,58,20,WATCHLIST,WEAK,37.0,price<EMA20; EMA20>EMA50; EMA20 falling,2.27,58.2,0.45,5.54,0,False,2.84,486510014.0,48.26,46.64,43.38,45.86,51.56,39.74,49.92,39.74,52.0,51.67,RESISTANCE_BREAKOUT,BREAKOUT,0.21,,,0,,,0,False,False,49.35,ATR_FALLBACK,49.6,4.0,4.49,48.19,47.14,54.25,55.8,56.84,1.78,52.0,0.64,False,5.0,52.0,0.64,0.14,False,2.5,6.24,0.0,10005733.0,480436141.0,2.38,True,True,Devon Energy Corporation Common Stock,2,44.2,UNCLASSIFIED,,0.0,NONE,0.0,0.0,NONE,,True,0,NOT CHECKED,NONE,NEUTRAL,,,,NOT CHECKED,False,NOT CHECKED,NONE,0,,False,44.2,WATCHLIST,NOT CHECKED,,,,,,,,,False,,,False,,,,False,,,,False,NONE,False,False,0,,,,NOT CHECKED,NO LIVE SIGNAL,BAR_PROXY,0.0,NO DATA,,,,,,,,44.2,False
WAL,79.5,DISCOVER,DISCOVER,"near EMA50 support, near EMA200 pivot, compressed below 20d resistance, tight range",50,62,40,WATCHLIST,WEAK,37.0,price<EMA20; EMA20>EMA50; EMA20 falling,-0.2,53.9,0.47,2.41,0,False,2.67,81996088.0,79.49,79.97,80.61,76.59,81.39,77.04,85.05,65.12,85.11,81.56,RESISTANCE_BREAKOUT,BREAKOUT,0.21,,,0,,,0,False,False,79.59,EMA50,79.97,1.95,2.42,76.59,76.59,85.64,88.08,89.72,3.3,85.05,4.27,False,5.0,85.05,4.27,1.77,False,2.5,2.37,0.0,1037194.0,75767499.0,2.44,True,True,Western Alliance Bancorporation Common Stock (DE),2,44.2,UNCLASSIFIED,,0.0,NONE,0.0,0.0,NONE,,True,0,NOT CHECKED,NONE,NEUTRAL,,,,NOT CHECKED,False,NOT CHECKED,NONE,0,,False,44.2,WATCHLIST,NOT CHECKED,,,,,,,,,False,,,False,,,,False,,,,False,NONE,False,False,0,,,,NOT CHECKED,NO LIVE SIGNAL,BAR_PROXY,0.0,NO DATA,,,,,,,,44.2,False
SAP,214.55,DISCOVER,DISCOVER,"20/50 uptrend, rising EMA50, tight range, volume contraction",50,60,35,WATCHLIST,WEAK,37.0,price<EMA20; EMA20>EMA50; EMA20 falling,0.43,43.3,0.33,5.78,0,False,2.72,453461978.0,211.36,199.92,198.5,203.74,223.28,144.97,223.28,144.97,223.28,223.75,RESISTANCE_BREAKOUT,BREAKOUT,0.21,,,0,,,0,False,False,210.32,EMA20,211.36,5.54,6.0,203.74,203.74,234.93,241.65,246.12,1.33,,,False,5.0,241.65,8.0,1.33,False,2.5,4.07,0.0,2108833.0,462140018.0,2.11,True,True,SAP  SE ADS,2,44.0,UNCLASSIFIED,,0.0,NONE,0.0,0.0,NONE,,True,0,NOT CHECKED,NONE,NEUTRAL,,,,NOT CHECKED,False,NOT CHECKED,NONE,0,,False,44.0,WATCHLIST,NOT CHECKED,,,,,,,,,False,,,False,,,,False,,,,False,NONE,False,False,0,,,,NOT CHECKED,NO LIVE SIGNAL,BAR_PROXY,0.0,NO DATA,,,,,,,,44.0,False
EOG,144.95,DISCOVER,DISCOVER,"above EMA50, rising EMA50, near EMA50 support, tight range",50,62,35,WATCHLIST,WEAK,37.0,price<EMA20; EMA20>EMA50; EMA20 falling,-2.11,50.8,0.36,5.55,0,False,2.73,439142988.0,146.62,143.85,132.49,142.76,154.16,126.36,153.67,122.31,153.67,154.48,RESISTANCE_BREAKOUT,BREAKOUT,0.21,,,0,,,0,False,False,145.91,EMA20,146.62,5.08,5.54,144.34,142.82,162.2,166.83,169.92,1.44,,,False,5.0,166.83,8.0,1.44,False,2.5,6.35,0.0,2976946.0,439032475.0,2.26,True,True,"EOG Resources, Inc. Common Stock",2,44.0,UNCLASSIFIED,,0.0,NONE,0.0,0.0,NONE,,True,0,NOT CHECKED,NONE,NEUTRAL,,,,NOT CHECKED,False,NOT CHECKED,NONE,0,,False,44.0,WATCHLIST,NOT CHECKED,,,,,,,,,False,,,False,,,,False,,,,False,NONE,False,False,0,,,,NOT CHECKED,NO LIVE SIGNAL,BAR_PROXY,0.0,NO DATA,,,,,,,,44.0,False
TRGP,286.55,DISCOVER,DISCOVER,"above EMA50, rising EMA50, near EMA50 support, tight range, volume contraction, low-volume pullback",52,58,20,WATCHLIST,WEAK,37.0,price<EMA20; EMA20>EMA50; EMA20 falling,-2.63,46.3,0.24,7.13,0,False,2.16,314223989.0,287.88,281.25,246.1,281.09,307.94,254.83,307.94,228.16,307.94,308.43,RESISTANCE_BREAKOUT,BREAKOUT,0.16,,,0,,,0,False,False,298.06,ATR_FALLBACK,299.17,3.0,3.36,281.09,281.09,323.86,333.11,339.28,2.38,,,False,5.0,333.11,8.0,2.38,False,2.5,7.46,0.0,1072551.0,269692438.0,2.4,True,True,"Targa Resources, Inc. Common Stock",2,43.8,UNCLASSIFIED,,0.0,NONE,0.0,0.0,NONE,,True,0,NOT CHECKED,NONE,NEUTRAL,,,,NOT CHECKED,False,NOT CHECKED,NONE,0,,False,43.8,WATCHLIST,NOT CHECKED,,,,,,,,,False,,,False,,,,False,,,,False,NONE,False,False,0,,,,NOT CHECKED,NO LIVE SIGNAL,BAR_PROXY,0.0,NO DATA,,,,,,,,43.8,False
OSCR,32.76,DISCOVER,DISCOVER,"20/50 uptrend, rising EMA50, tight range",44,60,35,WATCHLIST,WEAK,37.0,price<EMA20; EMA20>EMA50; EMA20 falling,2.36,64.4,0.58,6.43,0,False,5.56,151369753.0,31.85,30.43,23.95,29.08,34.48,25.37,34.23,10.69,33.55,34.63,RESISTANCE_BREAKOUT,BREAKOUT,0.42,,,0,,,0,False,False,32.55,ATR_FALLBACK,31.89,7.89,6.0,30.75,29.38,36.36,37.4,38.09,1.33,,,False,5.0,37.4,8.0,1.33,False,2.5,5.23,0.0,4769042.0,152033730.0,5.76,True,True,"Oscar Health, Inc. Class A Common Stock",2,43.7,UNCLASSIFIED,,0.0,NONE,0.0,0.0,NONE,,True,0,NOT CHECKED,NONE,NEUTRAL,,,,NOT CHECKED,False,NOT CHECKED,NONE,0,,False,43.7,WATCHLIST,NOT CHECKED,,,,,,,,,False,,,False,,,,False,,,,False,NONE,False,False,0,,,,NOT CHECKED,NO LIVE SIGNAL,BAR_PROXY,0.0,NO DATA,,,,,,,,43.7,False
CVE,32.73,DISCOVER,DISCOVER,"20/50 uptrend, rising EMA50, tight range",44,60,35,WATCHLIST,WEAK,37.0,price<EMA20; EMA20>EMA50; EMA20 falling,2.17,59.1,0.34,4.64,0,False,2.81,209065202.0,32.33,30.73,26.01,29.99,34.1,24.12,34.0,21.75,33.24,34.17,RESISTANCE_BREAKOUT,BREAKOUT,0.22,,,0,,,0,False,False,32.2,SWING5,32.37,5.29,5.77,32.37,31.86,35.88,36.91,37.59,1.39,,,False,5.0,36.91,8.0,1.39,False,2.5,4.19,0.0,6452003.0,185037333.0,2.63,True,True,Cenovus Energy Inc Common Stock,2,43.6,UNCLASSIFIED,,0.0,NONE,0.0,0.0,NONE,,True,0,NOT CHECKED,NONE,NEUTRAL,,,,NOT CHECKED,False,NOT CHECKED,NONE,0,,False,43.6,WATCHLIST,NOT CHECKED,,,,,,,,,False,,,False,,,,False,,,,False,NONE,False,False,0,,,,NOT CHECKED,NO LIVE SIGNAL,BAR_PROXY,0.0,NO DATA,,,,,,,,43.6,False
ANET,199.6,DISCOVER,DISCOVER,"20/50 uptrend, rising EMA50, compressed below 20d resistance",42,56,35,WATCHLIST,WEAK,37.0,price<EMA20; EMA20>EMA50; EMA20 falling,7.97,48.8,0.75,6.39,0,False,3.92,907094710.0,193.21,186.63,163.67,181.27,206.13,154.74,214.89,115.42,214.89,206.76,RESISTANCE_BREAKOUT,BREAKOUT,0.3,,,0,,,0,False,False,194.35,ATR_FALLBACK,195.02,5.67,6.0,186.11,181.27,217.09,223.3,227.43,1.33,214.89,3.93,False,5.0,214.89,3.93,0.66,False,2.5,3.27,0.0,4695305.0,860206649.0,3.37,True,True,"Arista Networks, Inc. Common Stock",2,43.5,UNCLASSIFIED,,0.0,NONE,0.0,0.0,NONE,,True,0,NOT CHECKED,NONE,NEUTRAL,,,,NOT CHECKED,False,NOT CHECKED,NONE,0,,False,43.5,WATCHLIST,NOT CHECKED,,,,,,,,,False,,,False,,,,False,,,,False,NONE,False,False,0,,,,NOT CHECKED,NO LIVE SIGNAL,BAR_PROXY,0.0,NO DATA,,,,,,,,43.5,False
TWST,158.06,REJECT,REJECT,"20/50 uptrend, rising EMA50, volume expanding",32,56,35,NO TRADE,WEAK,37.0,price<EMA20; EMA20>EMA50; EMA20 falling,11.92,53.7,1.26,22.64,2,True,6.3,225492844.0,134.06,119.73,79.12,120.19,155.44,80.59,155.44,41.52,155.44,158.06,RESISTANCE_BREAKOUT,BREAKOUT,1.69,,,0,,,0,False,False,148.58,ATR_FALLBACK,143.13,9.44,6.0,120.19,120.19,165.96,170.7,173.87,1.33,,,False,5.0,170.7,8.0,1.33,False,2.5,-1.66,1.69,1626606.0,230770760.0,6.76,True,True,Twist Bioscience Corporation - Common Stock,0,43.5,UNCLASSIFIED,,0.0,NONE,0.0,0.0,NONE,,True,0,NOT CHECKED,NONE,NEUTRAL,,,,NOT CHECKED,False,NOT CHECKED,NONE,0,,False,43.5,NO TRADE,NOT CHECKED,,,,,,,,,False,,,False,,,,False,,,,False,NONE,False,False,0,,,,NOT CHECKED,NO LIVE SIGNAL,BAR_PROXY,0.0,NO DATA,,,,,,,,43.5,True
BANC,18.61,DISCOVER,DISCOVER,"near EMA50 support, near EMA200 pivot, compressed below 20d resistance, tight range",50,56,20,WATCHLIST,WEAK,37.0,price<EMA20; EMA20>EMA50; EMA20 falling,-0.18,49.9,0.4,3.8,0,False,2.29,41803035.0,18.61,19.0,18.69,17.86,19.05,18.02,21.79,16.03,21.79,19.08,RESISTANCE_BREAKOUT,BREAKOUT,0.18,,,0,,,0,False,False,18.76,EMA50,19.0,0.44,1.67,17.86,17.86,20.03,20.61,20.99,4.78,21.79,14.19,True,5.0,20.61,8.0,4.78,True,2.5,3.62,0.0,2260992.0,41772710.0,2.07,True,True,"Banc of California, Inc. Common Stock",2,43.3,UNCLASSIFIED,,0.0,NONE,0.0,0.0,NONE,,True,0,NOT CHECKED,NONE,NEUTRAL,,,,NOT CHECKED,False,NOT CHECKED,NONE,0,,False,43.3,WATCHLIST,NOT CHECKED,,,,,,,,,False,,,False,,,,False,,,,False,NONE,False,False,0,,,,NOT CHECKED,NO LIVE SIGNAL,BAR_PROXY,0.0,NO DATA,,,,,,,,43.3,False
GH,180.15,REJECT,REJECT,"20/50 uptrend, rising EMA50, volume contraction",32,56,35,NO TRADE,WEAK,37.0,price<EMA20; EMA20>EMA50; EMA20 falling,11.21,61.5,0.47,6.92,0,False,4.71,285878883.0,166.03,158.53,124.76,154.0,179.39,125.12,176.58,74.55,176.58,180.15,RESISTANCE_BREAKOUT,BREAKOUT,0.43,,,0,,,0,False,False,169.35,ATR_FALLBACK,167.43,7.06,6.0,155.78,154.0,189.16,194.57,198.17,1.33,,,False,5.0,194.57,8.0,1.33,False,2.5,-0.42,0.43,1721686.0,290294114.0,4.83,True,True,"Guardant Health, Inc. - Common Stock",0,43.2,UNCLASSIFIED,,0.0,NONE,0.0,0.0,NONE,,True,0,NOT CHECKED,NONE,NEUTRAL,,,,NOT CHECKED,False,NOT CHECKED,NONE,0,,False,43.2,NO TRADE,NOT CHECKED,,,,,,,,,False,,,False,,,,False,,,,False,NONE,False,False,0,,,,NOT CHECKED,NO LIVE SIGNAL,BAR_PROXY,0.0,NO DATA,,,,,,,,43.2,False
GLNG,51.2,DISCOVER,DISCOVER,"above EMA50, rising EMA50, near EMA50 support, tight range",50,56,20,WATCHLIST,WEAK,37.0,price<EMA20; EMA20>EMA50; EMA20 falling,-0.6,48.6,0.39,2.5,0,False,2.65,61440991.0,51.45,51.08,48.12,49.85,53.56,47.03,55.23,42.47,57.22,53.67,RESISTANCE_BREAKOUT,BREAKOUT,0.2,,,0,,,0,False,False,51.21,EMA20,51.45,4.13,4.58,49.85,49.85,56.35,57.96,59.04,1.75,55.23,2.92,False,5.0,55.23,2.92,0.64,False,2.5,4.61,0.0,1188719.0,59978768.0,2.63,True,True,Golar LNG Limited - Common Shares,2,43.1,UNCLASSIFIED,,0.0,NONE,0.0,0.0,NONE,,True,0,NOT CHECKED,NONE,NEUTRAL,,,,NOT CHECKED,False,NOT CHECKED,NONE,0,,False,43.1,WATCHLIST,NOT CHECKED,,,,,,,,,False,,,False,,,,False,,,,False,NONE,False,False,0,,,,NOT CHECKED,NO LIVE SIGNAL,BAR_PROXY,0.0,NO DATA,,,,,,,,43.1,False
LFST,12.84,DISCOVER,DISCOVER,"20/50 uptrend, rising EMA50, tight range",44,60,35,WATCHLIST,WEAK,37.0,price<EMA20; EMA20>EMA50; EMA20 falling,0.99,61.0,1.08,9.78,0,False,3.75,57295163.0,12.63,11.76,9.05,11.91,13.56,8.97,13.28,6.2,12.97,13.6,RESISTANCE_BREAKOUT,BREAKOUT,0.28,,,0,,,0,False,False,12.79,ATR_FALLBACK,12.88,5.31,5.94,12.6,12.38,14.28,14.69,14.96,1.35,,,False,5.0,14.69,8.0,1.35,False,2.5,5.61,0.0,4506571.0,50171515.0,3.52,True,True,"LifeStance Health Group, Inc. - Common Stock",2,43.0,UNCLASSIFIED,,0.0,NONE,0.0,0.0,NONE,,True,0,NOT CHECKED,NONE,NEUTRAL,,,,NOT CHECKED,False,NOT CHECKED,NONE,0,,False,43.0,WATCHLIST,NOT CHECKED,,,,,,,,,False,,,False,,,,False,,,,False,NONE,False,False,0,,,,NOT CHECKED,NO LIVE SIGNAL,BAR_PROXY,0.0,NO DATA,,,,,,,,43.0,False
TW,102.71,DISCOVER,DISCOVER,"near EMA50 support, near EMA200 pivot, tight range, volume contraction, low-volume pullback",52,62,55,WATCHLIST,WEAK,37.0,price<EMA20; EMA20>EMA50; EMA20 falling,0.47,36.9,0.4,2.72,0,False,2.53,121432281.0,103.89,103.77,107.26,100.61,109.66,91.3,109.66,91.3,127.35,109.87,RESISTANCE_BREAKOUT,BREAKOUT,0.19,,,0,,,0,False,False,103.42,EMA20,103.89,5.44,5.86,100.61,100.61,115.36,118.65,120.85,1.36,127.35,15.91,True,5.0,118.65,8.0,1.36,False,2.5,6.77,0.0,1154426.0,121327221.0,2.19,True,True,Tradeweb Markets Inc. - Class A Common Stock,2,42.7,UNCLASSIFIED,,0.0,NONE,0.0,0.0,NONE,,True,0,NOT CHECKED,NONE,NEUTRAL,,,,NOT CHECKED,False,NOT CHECKED,NONE,0,,False,42.7,WATCHLIST,NOT CHECKED,,,,,,,,,False,,,False,,,,False,,,,False,NONE,False,False,0,,,,NOT CHECKED,NO LIVE SIGNAL,BAR_PROXY,0.0,NO DATA,,,,,,,,42.7,False
KNTK,54.02,DISCOVER,DISCOVER,"20/50 uptrend, rising EMA50, tight range",52,58,35,WATCHLIST,WEAK,37.0,price<EMA20; EMA20>EMA50; EMA20 falling,-0.35,47.1,0.44,4.25,0,False,2.63,57421564.0,54.0,52.26,46.72,53.26,56.92,45.71,56.92,42.14,56.1,57.03,RESISTANCE_BREAKOUT,BREAKOUT,0.2,,,0,,,0,False,False,53.74,EMA20,54.0,5.32,5.77,53.26,53.26,59.89,61.6,62.74,1.39,,,False,5.0,61.6,8.0,1.39,False,2.5,5.37,0.0,1053377.0,59240583.0,2.66,True,True,Kinetik Holdings Inc. Class A Common Stock,2,42.7,UNCLASSIFIED,,0.0,NONE,0.0,0.0,NONE,,True,0,NOT CHECKED,NONE,NEUTRAL,,,,NOT CHECKED,False,NOT CHECKED,NONE,0,,False,42.7,WATCHLIST,NOT CHECKED,,,,,,,,,False,,,False,,,,False,,,,False,NONE,False,False,0,,,,NOT CHECKED,NO LIVE SIGNAL,BAR_PROXY,0.0,NO DATA,,,,,,,,42.7,False
BDX,183.46,DISCOVER,DISCOVER,"20/50 uptrend, rising EMA50, tight range",52,58,35,WATCHLIST,WEAK,37.0,price<EMA20; EMA20>EMA50; EMA20 falling,-0.71,44.6,0.39,3.78,0,False,2.37,297627058.0,182.02,174.85,160.18,175.2,191.94,139.29,191.94,139.29,191.94,192.29,RESISTANCE_BREAKOUT,BREAKOUT,0.18,,,0,,,0,False,False,181.23,EMA20,182.02,5.34,5.75,175.2,175.2,201.9,207.67,211.52,1.39,,,False,5.0,207.67,8.0,1.39,False,2.5,4.62,0.0,1609377.0,278323200.0,2.07,True,True,"Becton, Dickinson and Company Common Stock",2,42.5,UNCLASSIFIED,,0.0,NONE,0.0,0.0,NONE,,True,0,NOT CHECKED,NONE,NEUTRAL,,,,NOT CHECKED,False,NOT CHECKED,NONE,0,,False,42.5,WATCHLIST,NOT CHECKED,,,,,,,,,False,,,False,,,,False,,,,False,NONE,False,False,0,,,,NOT CHECKED,NO LIVE SIGNAL,BAR_PROXY,0.0,NO DATA,,,,,,,,42.5,False
DELL,587.3,REJECT,REJECT,"20/50 uptrend, rising EMA50",26,50,35,NO TRADE,WEAK,37.0,price<EMA20; EMA20>EMA50; EMA20 falling,35.14,67.3,0.62,15.81,2,True,6.24,4866839587.0,512.14,465.22,318.56,421.89,576.75,358.88,567.75,136.85,514.0,587.3,RESISTANCE_BREAKOUT,BREAKOUT,1.83,,,0,,,0,False,False,552.07,ATR_FALLBACK,532.3,9.37,6.0,506.25,432.27,616.67,634.29,646.04,1.33,,,False,5.0,634.29,8.0,1.33,False,2.5,-1.8,1.83,9634966.0,3531048236.0,5.61,True,True,Dell Technologies Inc. Class C Common Stock ,0,42.4,UNCLASSIFIED,,0.0,NONE,0.0,0.0,NONE,,True,0,NOT CHECKED,NONE,NEUTRAL,,,,NOT CHECKED,False,NOT CHECKED,NONE,0,,False,42.4,NO TRADE,NOT CHECKED,,,,,,,,,False,,,False,,,,False,,,,False,NONE,False,False,0,,,,NOT CHECKED,NO LIVE SIGNAL,BAR_PROXY,0.0,NO DATA,,,,,,,,42.4,True
CRWD,246.8,REJECT,REJECT,"20/50 uptrend, rising EMA50",26,50,35,NO TRADE,WEAK,37.0,price<EMA20; EMA20>EMA50; EMA20 falling,23.32,58.3,0.63,20.5,2,True,5.48,2599788736.0,219.42,205.53,161.75,181.24,245.19,165.5,233.88,90.45,233.88,246.8,RESISTANCE_BREAKOUT,BREAKOUT,0.66,,,0,,,0,False,False,231.99,ATR_FALLBACK,226.53,8.21,6.0,204.27,200.6,259.14,266.54,271.48,1.33,,,False,5.0,266.54,8.0,1.33,False,2.5,-0.65,0.66,11937987.0,2190365797.0,5.66,True,True,"CrowdStrike Holdings, Inc. - Class A Common Stock",0,42.4,UNCLASSIFIED,,0.0,NONE,0.0,0.0,NONE,,True,0,NOT CHECKED,NONE,NEUTRAL,,,,NOT CHECKED,False,NOT CHECKED,NONE,0,,False,42.4,NO TRADE,NOT CHECKED,,,,,,,,,False,,,False,,,,False,,,,False,NONE,False,False,0,,,,NOT CHECKED,NO LIVE SIGNAL,BAR_PROXY,0.0,NO DATA,,,,,,,,42.4,True
GME,22.34,REJECT,REJECT,"above EMA50, rising EMA50, near EMA200 pivot, volume contraction",34,52,55,NO TRADE,WEAK,37.0,price<EMA20; EMA20>EMA50; EMA20 falling,24.81,84.7,0.68,5.29,0,False,3.31,146521717.0,20.13,20.18,21.98,17.79,22.06,17.79,23.11,17.79,26.88,22.34,RESISTANCE_BREAKOUT,BREAKOUT,1.26,,,0,,,0,False,False,21.1,ATR_FALLBACK,21.23,4.97,5.57,19.6,18.72,23.46,24.13,24.57,1.44,23.11,3.45,False,5.0,23.11,3.45,0.62,False,2.5,-1.25,1.26,7509187.0,130355311.0,2.9,True,True,GameStop Corporation Common Stock,0,42.4,UNCLASSIFIED,,0.0,NONE,0.0,0.0,NONE,,True,0,NOT CHECKED,NONE,NEUTRAL,,,,NOT CHECKED,False,NOT CHECKED,NONE,0,,False,42.4,NO TRADE,NOT CHECKED,,,,,,,,,False,,,False,,,,False,,,,False,NONE,False,False,0,,,,NOT CHECKED,NO LIVE SIGNAL,BAR_PROXY,0.0,NO DATA,,,,,,,,42.4,False
BLSH,35.44,REJECT,REJECT,"20/50 uptrend, rising EMA50",26,50,35,NO TRADE,WEAK,37.0,price<EMA20; EMA20>EMA50; EMA20 falling,32.55,54.3,0.53,11.57,3,True,7.07,52724731.0,33.02,30.35,34.62,27.51,39.56,20.55,37.1,20.55,48.93,39.76,RESISTANCE_BREAKOUT,BREAKOUT,0.51,,,0,,,0,False,False,37.37,ATR_FALLBACK,36.0,9.45,6.0,31.62,31.62,41.74,42.94,43.73,1.33,48.93,23.08,True,5.0,42.94,8.0,1.33,False,2.5,11.63,0.0,1574742.0,50180509.0,6.25,True,True,Bullish Ordinary Shares,0,42.4,UNCLASSIFIED,,0.0,NONE,0.0,0.0,NONE,,True,0,NOT CHECKED,NONE,NEUTRAL,,,,NOT CHECKED,False,NOT CHECKED,NONE,0,,False,42.4,NO TRADE,NOT CHECKED,,,,,,,,,False,,,False,,,,False,,,,False,NONE,False,False,0,,,,NOT CHECKED,NO LIVE SIGNAL,BAR_PROXY,0.0,NO DATA,,,,,,,,42.4,True
ILMN,243.4,REJECT,REJECT,"20/50 uptrend, rising EMA50",26,50,35,NO TRADE,WEAK,37.0,price<EMA20; EMA20>EMA50; EMA20 falling,19.65,58.0,0.81,8.87,0,False,4.14,447340241.0,214.99,202.54,162.81,200.01,236.0,158.91,231.81,115.31,231.81,243.4,RESISTANCE_BREAKOUT,BREAKOUT,3.14,,,0,,,0,False,False,228.8,ATR_FALLBACK,228.28,6.21,6.0,200.01,200.01,255.58,262.88,267.75,1.33,,,False,5.0,262.88,8.0,1.33,False,2.5,-3.04,3.14,2051648.0,411289913.0,4.54,True,True,"Illumina, Inc. - Common Stock",0,42.3,UNCLASSIFIED,,0.0,NONE,0.0,0.0,NONE,,True,0,NOT CHECKED,NONE,NEUTRAL,,,,NOT CHECKED,False,NOT CHECKED,NONE,0,,False,42.3,NO TRADE,NOT CHECKED,,,,,,,,,False,,,False,,,,False,,,,False,NONE,False,False,0,,,,NOT CHECKED,NO LIVE SIGNAL,BAR_PROXY,0.0,NO DATA,,,,,,,,42.3,False
RIOT,21.7,REJECT,REJECT,"rising EMA50, volume contraction",30,54,35,NO TRADE,WEAK,37.0,price<EMA20; EMA20>EMA50; EMA20 falling,12.91,53.1,0.65,13.44,1,True,6.66,312224818.0,20.67,21.01,20.01,17.39,22.87,17.39,30.32,11.5,30.32,22.99,RESISTANCE_BREAKOUT,BREAKOUT,0.51,,,0,,,0,False,False,21.61,ATR_FALLBACK,20.82,9.43,6.0,19.51,17.39,24.13,24.82,25.28,1.33,30.32,31.91,True,5.0,24.82,8.0,1.33,False,2.5,5.37,0.0,15230354.0,313093590.0,6.81,True,True,"Riot Platforms, Inc. - Common Stock",0,42.3,UNCLASSIFIED,,0.0,NONE,0.0,0.0,NONE,,True,0,NOT CHECKED,NONE,NEUTRAL,,,,NOT CHECKED,False,NOT CHECKED,NONE,0,,False,42.3,NO TRADE,NOT CHECKED,,,,,,,,,False,,,False,,,,False,,,,False,NONE,False,False,0,,,,NOT CHECKED,NO LIVE SIGNAL,BAR_PROXY,0.0,NO DATA,,,,,,,,42.3,True
PANW,374.53,DISCOVER,DISCOVER,"20/50 uptrend, rising EMA50, compressed below 20d resistance",42,56,35,WATCHLIST,WEAK,37.0,price<EMA20; EMA20>EMA50; EMA20 falling,5.02,47.1,0.5,13.09,2,True,5.31,2277534957.0,356.64,343.62,270.1,321.39,387.33,282.52,398.88,143.5,398.88,388.92,RESISTANCE_BREAKOUT,BREAKOUT,0.41,,,0,,,0,False,False,365.59,ATR_FALLBACK,359.1,7.67,6.0,327.05,321.39,408.37,420.03,427.81,1.33,398.88,2.56,False,5.0,398.88,2.56,0.43,False,2.5,3.42,0.0,6424414.0,1943351350.0,4.94,True,True,"Palo Alto Networks, Inc. - Common Stock",2,42.1,UNCLASSIFIED,,0.0,NONE,0.0,0.0,NONE,,True,0,NOT CHECKED,NONE,NEUTRAL,,,,NOT CHECKED,False,NOT CHECKED,NONE,0,,False,42.1,WATCHLIST,NOT CHECKED,,,,,,,,,False,,,False,,,,False,,,,False,NONE,False,False,0,,,,NOT CHECKED,NO LIVE SIGNAL,BAR_PROXY,0.0,NO DATA,,,,,,,,42.1,True
TRMB,57.8,DISCOVER,DISCOVER,"above EMA50, rising EMA50, near EMA50 support, tight range, volume contraction, low-volume pullback",52,58,35,WATCHLIST,WEAK,37.0,price<EMA20; EMA20>EMA50; EMA20 falling,-1.53,32.9,0.21,3.97,0,False,2.69,211713234.0,58.39,57.64,62.77,56.62,62.0,48.46,62.0,47.92,70.82,62.12,RESISTANCE_BREAKOUT,BREAKOUT,0.2,,,0,,,0,False,False,58.4,EMA20,58.39,6.01,6.0,56.62,56.62,65.23,67.09,68.34,1.33,70.82,14.0,True,5.0,67.09,8.0,1.33,False,2.5,7.27,0.0,3557989.0,139132178.0,2.49,True,True,Trimble Inc. - Common Stock,2,42.1,UNCLASSIFIED,,0.0,NONE,0.0,0.0,NONE,,True,0,NOT CHECKED,NONE,NEUTRAL,,,,NOT CHECKED,False,NOT CHECKED,NONE,0,,False,42.1,WATCHLIST,NOT CHECKED,,,,,,,,,False,,,False,,,,False,,,,False,NONE,False,False,0,,,,NOT CHECKED,NO LIVE SIGNAL,BAR_PROXY,0.0,NO DATA,,,,,,,,42.1,False
BTG,5.39,DISCOVER,DISCOVER,"20/50 uptrend, rising EMA50, tight range, volume contraction, low-volume pullback",46,56,35,WATCHLIST,WEAK,37.0,price<EMA20; EMA20>EMA50; EMA20 falling,3.56,40.1,0.33,22.98,1,True,4.46,160092131.0,5.3,4.96,4.66,5.07,5.88,3.56,5.88,3.56,6.2,5.9,RESISTANCE_BREAKOUT,BREAKOUT,0.33,,,0,,,0,False,False,5.54,ATR_FALLBACK,5.54,6.12,6.0,5.07,5.07,6.19,6.37,6.49,1.33,6.2,5.16,True,5.0,6.2,5.16,0.86,False,2.5,9.07,0.0,29049249.0,142669348.0,3.51,True,True,B2Gold Corp Common shares (Canada),2,42.1,UNCLASSIFIED,,0.0,NONE,0.0,0.0,NONE,,True,0,NOT CHECKED,NONE,NEUTRAL,,,,NOT CHECKED,False,NOT CHECKED,NONE,0,,False,42.1,WATCHLIST,NOT CHECKED,,,,,,,,,False,,,False,,,,False,,,,False,NONE,False,False,0,,,,NOT CHECKED,NO LIVE SIGNAL,BAR_PROXY,0.0,NO DATA,,,,,,,,42.1,True
AVTR,15.9,REJECT,REJECT,"20/50 uptrend, rising EMA50",26,50,20,NO TRADE,WEAK,37.0,price<EMA20; EMA20>EMA50; EMA20 falling,14.78,68.8,0.66,4.73,0,False,2.83,107817521.0,14.8,13.52,11.41,13.76,15.82,9.15,15.46,7.26,14.7,15.9,RESISTANCE_BREAKOUT,BREAKOUT,0.47,,,0,,,0,False,False,15.14,ATR_FALLBACK,15.22,4.24,4.75,14.6,14.22,16.69,17.17,17.48,1.69,,,False,5.0,17.17,8.0,1.69,False,2.5,-0.47,0.47,7232953.0,98319337.0,2.9,True,True,"Avantor, Inc. Common Stock",0,42.1,UNCLASSIFIED,,0.0,NONE,0.0,0.0,NONE,,True,0,NOT CHECKED,NONE,NEUTRAL,,,,NOT CHECKED,False,NOT CHECKED,NONE,0,,False,42.1,NO TRADE,NOT CHECKED,,,,,,,,,False,,,False,,,,False,,,,False,NONE,False,False,0,,,,NOT CHECKED,NO LIVE SIGNAL,BAR_PROXY,0.0,NO DATA,,,,,,,,42.1,False
FIVE,235.83,DISCOVER,DISCOVER,"above EMA50, rising EMA50, near EMA50 support, tight range, volume contraction, low-volume pullback",52,58,35,WATCHLIST,WEAK,37.0,price<EMA20; EMA20>EMA50; EMA20 falling,-1.67,41.9,0.28,5.89,0,False,4.59,309018839.0,241.95,232.11,209.13,233.24,263.88,173.1,263.88,173.1,263.88,264.75,RESISTANCE_BREAKOUT,BREAKOUT,0.33,,,0,,,0,False,False,248.86,ATR_FALLBACK,248.51,6.13,6.0,233.24,233.24,277.98,285.93,291.22,1.33,,,False,5.0,285.93,8.0,1.33,False,2.5,11.89,0.0,1250413.0,274372744.0,4.32,True,True,"Five Below, Inc. - Common Stock",2,42.0,UNCLASSIFIED,,0.0,NONE,0.0,0.0,NONE,,True,0,NOT CHECKED,NONE,NEUTRAL,,,,NOT CHECKED,False,NOT CHECKED,NONE,0,,False,42.0,WATCHLIST,NOT CHECKED,,,,,,,,,False,,,False,,,,False,,,,False,NONE,False,False,0,,,,NOT CHECKED,NO LIVE SIGNAL,BAR_PROXY,0.0,NO DATA,,,,,,,,42.0,False
ESTC,88.29,DISCOVER,DISCOVER,"20/50 uptrend, rising EMA50, tight range, volume contraction",42,58,35,WATCHLIST,WEAK,37.0,price<EMA20; EMA20>EMA50; EMA20 falling,2.01,54.5,0.31,19.31,2,True,6.61,260833864.0,85.67,78.46,69.57,78.79,108.0,53.04,108.0,42.05,108.0,108.47,RESISTANCE_BREAKOUT,BREAKOUT,0.43,,,0,,,0,False,False,101.96,ATR_FALLBACK,99.71,8.08,6.0,82.15,82.15,113.89,117.14,119.31,1.33,,,False,5.0,117.14,8.0,1.33,False,2.5,22.32,0.0,2894072.0,188482127.0,4.65,True,True,Elastic N.V. Ordinary Shares,2,41.9,UNCLASSIFIED,,0.0,NONE,0.0,0.0,NONE,,True,0,NOT CHECKED,NONE,NEUTRAL,,,,NOT CHECKED,False,NOT CHECKED,NONE,0,,False,41.9,WATCHLIST,NOT CHECKED,,,,,,,,,False,,,False,,,,False,,,,False,NONE,False,False,0,,,,NOT CHECKED,NO LIVE SIGNAL,BAR_PROXY,0.0,NO DATA,,,,,,,,41.9,True
ROIV,39.62,REJECT,REJECT,"20/50 uptrend, rising EMA50, volume contraction, low-volume pullback",36,56,35,NO TRADE,WEAK,37.0,price<EMA20; EMA20>EMA50; EMA20 falling,6.84,57.3,0.36,18.75,1,True,4.7,330488360.0,38.17,36.25,29.95,33.43,42.5,30.7,42.5,25.95,37.97,42.65,RESISTANCE_BREAKOUT,BREAKOUT,0.35,,,0,,,0,False,False,40.09,ATR_FALLBACK,39.86,6.55,6.0,39.17,33.43,44.78,46.06,46.91,1.33,,,False,5.0,46.06,8.0,1.33,False,2.5,7.28,0.0,8793764.0,237208371.0,3.61,True,True,Roivant Sciences Ltd. - Common Shares,0,41.8,UNCLASSIFIED,,0.0,NONE,0.0,0.0,NONE,,True,0,NOT CHECKED,NONE,NEUTRAL,,,,NOT CHECKED,False,NOT CHECKED,NONE,0,,False,41.8,NO TRADE,NOT CHECKED,,,,,,,,,False,,,False,,,,False,,,,False,NONE,False,False,0,,,,NOT CHECKED,NO LIVE SIGNAL,BAR_PROXY,0.0,NO DATA,,,,,,,,41.8,True
GDDY,97.61,DISCOVER,DISCOVER,"above EMA50, rising EMA50, near EMA50 support, near EMA200 pivot",42,58,35,WATCHLIST,WEAK,37.0,price<EMA20; EMA20>EMA50; EMA20 falling,1.71,50.9,0.35,9.45,0,False,4.16,169159703.0,98.2,95.18,98.95,91.6,106.0,73.1,106.0,71.59,106.0,106.32,RESISTANCE_BREAKOUT,BREAKOUT,0.31,,,0,,,0,False,False,99.94,ATR_FALLBACK,100.24,5.72,6.0,94.0,91.6,111.64,114.83,116.96,1.33,,,False,5.0,114.83,8.0,1.33,False,2.5,8.6,0.0,1714336.0,176238161.0,3.56,True,True,GoDaddy Inc. Class A Common Stock,2,41.7,UNCLASSIFIED,,0.0,NONE,0.0,0.0,NONE,,True,0,NOT CHECKED,NONE,NEUTRAL,,,,NOT CHECKED,False,NOT CHECKED,NONE,0,,False,41.7,WATCHLIST,NOT CHECKED,,,,,,,,,False,,,False,,,,False,,,,False,NONE,False,False,0,,,,NOT CHECKED,NO LIVE SIGNAL,BAR_PROXY,0.0,NO DATA,,,,,,,,41.7,False
AMD,547.88,REJECT,REJECT,"20/50 uptrend, rising EMA50",26,50,35,NO TRADE,WEAK,37.0,price<EMA20; EMA20>EMA50; EMA20 falling,18.38,67.5,1.02,6.9,0,False,4.01,8665321401.0,496.84,488.98,386.33,440.5,527.25,424.03,584.73,188.22,584.73,547.88,RESISTANCE_BREAKOUT,BREAKOUT,3.91,,,0,,,0,False,False,515.01,ATR_FALLBACK,514.92,6.02,6.0,480.33,440.5,575.27,591.71,602.67,1.33,584.73,6.73,True,5.0,584.73,6.73,1.12,False,2.5,-3.77,3.91,17698466.0,7948841462.0,3.41,True,True,"Advanced Micro Devices, Inc. - Common Stock",0,41.6,UNCLASSIFIED,,0.0,NONE,0.0,0.0,NONE,,True,0,NOT CHECKED,NONE,NEUTRAL,,,,NOT CHECKED,False,NOT CHECKED,NONE,0,,False,41.6,NO TRADE,NOT CHECKED,,,,,,,,,False,,,False,,,,False,,,,False,NONE,False,False,0,,,,NOT CHECKED,NO LIVE SIGNAL,BAR_PROXY,0.0,NO DATA,,,,,,,,41.6,False
OLLI,75.64,DISCOVER,DISCOVER,"above EMA50, near EMA50 support, tight range, volume contraction",48,60,35,WATCHLIST,WEAK,37.0,price<EMA20; EMA20>EMA50; EMA20 falling,-3.81,57.3,0.3,4.71,0,False,5.07,134409506.0,74.44,74.75,89.64,70.02,78.69,60.29,81.8,60.29,112.0,79.0,RESISTANCE_BREAKOUT,BREAKOUT,0.39,,,0,,,0,False,False,74.26,EMA50,74.75,5.38,6.0,71.28,70.02,82.95,85.32,86.9,1.33,81.8,3.55,False,5.0,81.8,3.55,0.59,False,2.5,5.14,0.0,1810846.0,113617310.0,4.52,True,True,"Ollie's Bargain Outlet Holdings, Inc. - Common Stock",2,41.4,UNCLASSIFIED,,0.0,NONE,0.0,0.0,NONE,,True,0,NOT CHECKED,NONE,NEUTRAL,,,,NOT CHECKED,False,NOT CHECKED,NONE,0,,False,41.4,WATCHLIST,NOT CHECKED,,,,,,,,,False,,,False,,,,False,,,,False,NONE,False,False,0,,,,NOT CHECKED,NO LIVE SIGNAL,BAR_PROXY,0.0,NO DATA,,,,,,,,41.4,False
OTF,10.98,DISCOVER,DISCOVER,"20/50 uptrend, near EMA50 support, near EMA200 pivot, volume contraction",48,54,20,WATCHLIST,WEAK,37.0,price<EMA20; EMA20>EMA50; EMA20 falling,-0.65,41.9,0.42,8.73,0,False,2.63,25951731.0,10.97,10.89,11.3,10.47,11.78,9.75,11.82,9.75,12.06,11.8,RESISTANCE_BREAKOUT,BREAKOUT,0.2,,,0,,,0,False,False,11.32,ATR_FALLBACK,11.37,3.67,4.12,10.47,10.47,12.39,12.75,12.98,1.94,11.82,0.14,False,5.0,11.82,0.14,0.03,False,2.5,7.24,0.0,2331385.0,26202082.0,2.5,True,True,Blue Owl Technology Finance Corp. Common Stock,2,41.4,UNCLASSIFIED,,0.0,NONE,0.0,0.0,NONE,,True,0,NOT CHECKED,NONE,NEUTRAL,,,,NOT CHECKED,False,NOT CHECKED,NONE,0,,False,41.4,WATCHLIST,NOT CHECKED,,,,,,,,,False,,,False,,,,False,,,,False,NONE,False,False,0,,,,NOT CHECKED,NO LIVE SIGNAL,BAR_PROXY,0.0,NO DATA,,,,,,,,41.4,False
PCVX,60.72,DISCOVER,DISCOVER,"20/50 uptrend, rising EMA50, tight range",52,58,35,WATCHLIST,WEAK,37.0,price<EMA20; EMA20>EMA50; EMA20 falling,-3.16,47.6,0.51,5.87,0,False,3.43,66841414.0,59.86,58.55,53.25,58.19,63.98,50.82,63.98,45.3,63.98,64.15,RESISTANCE_BREAKOUT,BREAKOUT,0.26,,,0,,,0,False,False,60.64,ATR_FALLBACK,61.02,4.88,5.46,58.19,58.19,67.35,69.28,70.56,1.46,,,False,5.0,69.28,8.0,1.46,False,2.5,5.37,0.0,1106827.0,65628444.0,3.36,True,True,"Vaxcyte, Inc. - Common Stock",2,41.3,UNCLASSIFIED,,0.0,NONE,0.0,0.0,NONE,,True,0,NOT CHECKED,NONE,NEUTRAL,,,,NOT CHECKED,False,NOT CHECKED,NONE,0,,False,41.3,WATCHLIST,NOT CHECKED,,,,,,,,,False,,,False,,,,False,,,,False,NONE,False,False,0,,,,NOT CHECKED,NO LIVE SIGNAL,BAR_PROXY,0.0,NO DATA,,,,,,,,41.3,False
CLF,13.02,REJECT,REJECT,"20/50 uptrend, rising EMA50",26,50,35,NO TRADE,WEAK,37.0,price<EMA20; EMA20>EMA50; EMA20 falling,17.43,64.1,0.56,7.63,0,False,4.22,149053996.0,11.99,11.66,11.38,10.42,12.81,8.84,12.86,7.73,15.06,13.02,RESISTANCE_BREAKOUT,BREAKOUT,1.6,,,0,,,0,False,False,12.23,ATR_FALLBACK,12.19,6.33,6.0,11.54,11.54,13.67,14.06,14.32,1.33,15.06,15.71,True,5.0,14.06,8.0,1.33,False,2.5,-1.58,1.6,12697062.0,139624483.0,4.66,True,True,Cleveland-Cliffs Inc. Common Stock,0,41.2,UNCLASSIFIED,,0.0,NONE,0.0,0.0,NONE,,True,0,NOT CHECKED,NONE,NEUTRAL,,,,NOT CHECKED,False,NOT CHECKED,NONE,0,,False,41.2,NO TRADE,NOT CHECKED,,,,,,,,,False,,,False,,,,False,,,,False,NONE,False,False,0,,,,NOT CHECKED,NO LIVE SIGNAL,BAR_PROXY,0.0,NO DATA,,,,,,,,41.2,False
NEM,124.53,DISCOVER,DISCOVER,"20/50 uptrend, rising EMA50, tight range, volume contraction, low-volume pullback",46,56,35,WATCHLIST,WEAK,37.0,price<EMA20; EMA20>EMA50; EMA20 falling,0.68,39.6,0.36,7.85,0,False,3.55,983892606.0,123.89,116.76,106.59,120.0,135.01,88.57,135.01,88.57,135.01,135.36,RESISTANCE_BREAKOUT,BREAKOUT,0.26,,,0,,,0,False,False,127.94,ATR_FALLBACK,128.73,4.9,5.49,120.0,120.0,142.13,146.19,148.9,1.46,,,False,5.0,146.19,8.0,1.46,False,2.5,8.42,0.0,7705524.0,907664254.0,2.88,True,True,Newmont Corporation,2,40.7,UNCLASSIFIED,,0.0,NONE,0.0,0.0,NONE,,True,0,NOT CHECKED,NONE,NEUTRAL,,,,NOT CHECKED,False,NOT CHECKED,NONE,0,,False,40.7,WATCHLIST,NOT CHECKED,,,,,,,,,False,,,False,,,,False,,,,False,NONE,False,False,0,,,,NOT CHECKED,NO LIVE SIGNAL,BAR_PROXY,0.0,NO DATA,,,,,,,,40.7,False
G,35.17,DISCOVER,DISCOVER,"above EMA50, rising EMA50, near EMA50 support, near EMA200 pivot, volume contraction",48,54,20,WATCHLIST,WEAK,37.0,price<EMA20; EMA20>EMA50; EMA20 falling,-1.94,37.1,0.34,5.05,0,False,3.08,82657607.0,35.75,34.7,35.78,34.18,38.64,26.71,38.64,26.71,41.1,38.73,RESISTANCE_BREAKOUT,BREAKOUT,0.22,,,0,,,0,False,False,36.91,ATR_FALLBACK,37.1,4.19,4.69,34.18,34.18,40.66,41.83,42.6,1.7,41.1,6.13,True,5.0,41.1,6.13,1.31,False,2.5,9.87,0.0,2260068.0,69704664.0,2.61,True,True,Genpact Limited Common Stock,2,40.7,UNCLASSIFIED,,0.0,NONE,0.0,0.0,NONE,,True,0,NOT CHECKED,NONE,NEUTRAL,,,,NOT CHECKED,False,NOT CHECKED,NONE,0,,False,40.7,WATCHLIST,NOT CHECKED,,,,,,,,,False,,,False,,,,False,,,,False,NONE,False,False,0,,,,NOT CHECKED,NO LIVE SIGNAL,BAR_PROXY,0.0,NO DATA,,,,,,,,40.7,False
MRVL,241.9,DISCOVER,DISCOVER,"20/50 uptrend, rising EMA50, volume contraction",40,56,35,WATCHLIST,WEAK,37.0,price<EMA20; EMA20>EMA50; EMA20 falling,2.87,50.2,0.62,9.85,0,False,5.62,5052106154.0,225.84,222.3,174.36,200.62,254.6,162.9,314.09,75.18,329.8,255.69,RESISTANCE_BREAKOUT,BREAKOUT,0.43,,,0,,,0,False,False,240.35,ATR_FALLBACK,235.3,7.97,6.0,213.63,201.1,268.47,276.14,281.26,1.33,314.09,22.84,True,5.0,276.14,8.0,1.33,False,2.5,5.25,0.0,22143305.0,4667960681.0,4.88,True,True,"Marvell Technology, Inc. - Common Stock",2,40.6,UNCLASSIFIED,,0.0,NONE,0.0,0.0,NONE,,True,0,NOT CHECKED,NONE,NEUTRAL,,,,NOT CHECKED,False,NOT CHECKED,NONE,0,,False,40.6,WATCHLIST,NOT CHECKED,,,,,,,,,False,,,False,,,,False,,,,False,NONE,False,False,0,,,,NOT CHECKED,NO LIVE SIGNAL,BAR_PROXY,0.0,NO DATA,,,,,,,,40.6,False
NTAP,197.53,DISCOVER,DISCOVER,"20/50 uptrend, rising EMA50, volume contraction",40,56,35,WATCHLIST,WEAK,37.0,price<EMA20; EMA20>EMA50; EMA20 falling,2.48,55.8,0.26,8.54,0,False,4.68,441765652.0,189.59,181.93,147.42,161.0,199.62,148.82,209.06,94.6,209.06,200.36,RESISTANCE_BREAKOUT,BREAKOUT,0.37,,,0,,,0,False,False,188.34,EMA20,189.59,5.37,6.0,182.23,161.0,210.38,216.39,220.4,1.33,209.06,4.34,False,5.0,209.06,4.34,0.72,False,2.5,4.39,0.0,2351615.0,412722918.0,4.23,True,True,"NetApp, Inc. - Common Stock",2,40.4,UNCLASSIFIED,,0.0,NONE,0.0,0.0,NONE,,True,0,NOT CHECKED,NONE,NEUTRAL,,,,NOT CHECKED,False,NOT CHECKED,NONE,0,,False,40.4,WATCHLIST,NOT CHECKED,,,,,,,,,False,,,False,,,,False,,,,False,NONE,False,False,0,,,,NOT CHECKED,NO LIVE SIGNAL,BAR_PROXY,0.0,NO DATA,,,,,,,,40.4,False
CTVA,82.63,REJECT,REJECT,"above EMA50, rising EMA50, near EMA50 support",32,52,20,NO TRADE,WEAK,37.0,price<EMA20; EMA20>EMA50; EMA20 falling,6.31,51.0,0.27,3.88,0,False,3.13,410974361.0,83.43,82.61,78.49,78.65,90.87,74.35,90.87,74.26,90.78,91.08,RESISTANCE_BREAKOUT,BREAKOUT,0.23,,,0,,,0,False,False,86.73,ATR_FALLBACK,87.19,4.26,4.78,80.7,80.7,95.63,98.36,100.18,1.68,,,False,5.0,98.36,8.0,1.68,False,2.5,9.97,0.0,4869848.0,386134515.0,2.97,True,True,"Corteva, Inc. Common Stock ",0,40.4,UNCLASSIFIED,,0.0,NONE,0.0,0.0,NONE,,True,0,NOT CHECKED,NONE,NEUTRAL,,,,NOT CHECKED,False,NOT CHECKED,NONE,0,,False,40.4,NO TRADE,NOT CHECKED,,,,,,,,,False,,,False,,,,False,,,,False,NONE,False,False,0,,,,NOT CHECKED,NO LIVE SIGNAL,BAR_PROXY,0.0,NO DATA,,,,,,,,40.4,False
DRH,12.39,DISCOVER,DISCOVER,"20/50 uptrend, near EMA50 support, tight range",50,56,35,WATCHLIST,WEAK,37.0,price<EMA20; EMA20>EMA50; EMA20 falling,-1.72,42.4,0.18,2.42,0,False,2.44,32143741.0,12.34,12.29,10.88,11.85,12.97,11.57,13.79,9.04,13.79,12.99,RESISTANCE_BREAKOUT,BREAKOUT,0.19,,,0,,,0,False,False,12.28,EMA20,12.34,5.05,5.47,12.0,11.85,13.64,14.03,14.29,1.46,13.79,6.12,True,5.0,13.79,6.12,1.12,False,2.5,4.72,0.0,2596741.0,28151924.0,2.32,True,True,Diamondrock Hospitality Company - Common Stock,2,40.3,UNCLASSIFIED,,0.0,NONE,0.0,0.0,NONE,,True,0,NOT CHECKED,NONE,NEUTRAL,,,,NOT CHECKED,False,NOT CHECKED,NONE,0,,False,40.3,WATCHLIST,NOT CHECKED,,,,,,,,,False,,,False,,,,False,,,,False,NONE,False,False,0,,,,NOT CHECKED,NO LIVE SIGNAL,BAR_PROXY,0.0,NO DATA,,,,,,,,40.3,False
GNRC,208.18,DISCOVER,DISCOVER,"near EMA50 support, near EMA200 pivot, compressed below 20d resistance, 20d volume expansion",48,52,20,WATCHLIST,WEAK,37.0,price<EMA20; EMA20>EMA50; EMA20 falling,-0.33,56.2,5.04,18.89,1,True,5.08,239879913.0,191.14,205.65,211.38,173.25,212.14,178.19,296.44,183.0,296.44,212.99,RESISTANCE_BREAKOUT,BREAKOUT,0.4,,,0,,,0,False,False,203.75,EMA50,205.65,3.44,4.34,173.25,173.25,223.64,230.03,234.29,1.84,296.44,39.18,True,5.0,230.03,8.0,1.84,False,2.5,2.12,0.0,1239146.0,154483759.0,4.14,True,True,Generac Holdlings Inc. Common Stock,2,40.2,UNCLASSIFIED,,0.0,NONE,0.0,0.0,NONE,,True,0,NOT CHECKED,NONE,NEUTRAL,,,,NOT CHECKED,False,NOT CHECKED,NONE,0,,False,40.2,WATCHLIST,NOT CHECKED,,,,,,,,,False,,,False,,,,False,,,,False,NONE,False,False,0,,,,NOT CHECKED,NO LIVE SIGNAL,BAR_PROXY,0.0,NO DATA,,,,,,,,40.2,True
VEEV,265.32,REJECT,REJECT,"20/50 uptrend, rising EMA50, volume contraction, low-volume pullback",36,50,20,NO TRADE,WEAK,37.0,price<EMA20; EMA20>EMA50; EMA20 falling,6.62,35.4,0.28,15.2,1,True,3.31,456849911.0,261.08,238.28,215.55,238.93,296.24,151.15,296.24,148.05,296.24,296.94,RESISTANCE_BREAKOUT,BREAKOUT,0.24,,,0,,,0,False,False,282.18,ATR_FALLBACK,283.77,4.44,4.97,258.01,258.01,311.79,320.7,326.64,1.61,,,False,5.0,320.7,8.0,1.61,False,2.5,11.66,0.0,1693086.0,357899956.0,3.15,True,True,Veeva Systems Inc. Class A Common Stock,0,40.0,UNCLASSIFIED,,0.0,NONE,0.0,0.0,NONE,,True,0,NOT CHECKED,NONE,NEUTRAL,,,,NOT CHECKED,False,NOT CHECKED,NONE,0,,False,40.0,NO TRADE,NOT CHECKED,,,,,,,,,False,,,False,,,,False,,,,False,NONE,False,False,0,,,,NOT CHECKED,NO LIVE SIGNAL,BAR_PROXY,0.0,NO DATA,,,,,,,,40.0,True
PSKY,10.74,DISCOVER,DISCOVER,"20/50 uptrend, rising EMA50, near EMA200 pivot",44,54,35,WATCHLIST,WEAK,37.0,price<EMA20; EMA20>EMA50; EMA20 falling,2.71,49.8,1.13,4.95,0,False,4.15,115773577.0,10.55,10.13,11.19,10.08,11.28,7.58,11.16,7.58,13.9,11.32,RESISTANCE_BREAKOUT,BREAKOUT,0.32,,,0,,,0,False,False,10.64,ATR_FALLBACK,10.65,5.91,6.0,10.12,10.12,11.88,12.22,12.45,1.33,13.9,22.81,True,5.0,12.22,8.0,1.33,False,2.5,5.03,0.0,10836448.0,112768340.0,3.96,True,True,Paramount Skydance Corporation - Class B Common Stock,2,40.0,UNCLASSIFIED,,0.0,NONE,0.0,0.0,NONE,,True,0,NOT CHECKED,NONE,NEUTRAL,,,,NOT CHECKED,False,NOT CHECKED,NONE,0,,False,40.0,WATCHLIST,NOT CHECKED,,,,,,,,,False,,,False,,,,False,,,,False,NONE,False,False,0,,,,NOT CHECKED,NO LIVE SIGNAL,BAR_PROXY,0.0,NO DATA,,,,,,,,40.0,False
RYN,20.1,DISCOVER,DISCOVER,"near EMA50 support, near EMA200 pivot, tight range, volume contraction, low-volume pullback",52,58,40,WATCHLIST,WEAK,37.0,price<EMA20; EMA20>EMA50; EMA20 falling,-4.26,43.7,0.29,3.37,0,False,2.27,69575378.0,20.33,20.65,21.04,19.75,21.4,19.75,22.29,19.01,22.29,21.44,RESISTANCE_BREAKOUT,BREAKOUT,0.17,,,0,,,0,False,False,20.57,EMA50,20.65,3.69,4.07,19.75,19.75,22.51,23.16,23.58,1.97,22.29,3.97,False,5.0,22.29,3.97,0.98,False,2.5,6.49,0.0,3426744.0,65958469.0,2.13,True,True,Rayonier Inc. REIT Common Stock,2,40.0,UNCLASSIFIED,,0.0,NONE,0.0,0.0,NONE,,True,0,NOT CHECKED,NONE,NEUTRAL,,,,NOT CHECKED,False,NOT CHECKED,NONE,0,,False,40.0,WATCHLIST,NOT CHECKED,,,,,,,,,False,,,False,,,,False,,,,False,NONE,False,False,0,,,,NOT CHECKED,NO LIVE SIGNAL,BAR_PROXY,0.0,NO DATA,,,,,,,,40.0,False
DOCS,25.95,DISCOVER,DISCOVER,"20/50 uptrend, rising EMA50, volume contraction",40,56,35,WATCHLIST,WEAK,37.0,price<EMA20; EMA20>EMA50; EMA20 falling,1.69,52.2,0.22,32.62,1,True,3.97,61175401.0,25.47,24.42,31.04,23.95,27.32,19.75,40.0,17.15,40.0,27.4,RESISTANCE_BREAKOUT,BREAKOUT,0.3,,,0,,,0,False,False,25.76,ATR_FALLBACK,25.86,5.64,6.0,24.07,23.95,28.77,29.59,30.14,1.33,40.0,45.97,True,5.0,29.59,8.0,1.33,False,2.5,5.28,0.0,2382323.0,63372956.0,3.63,True,True,"Doximity, Inc. Class A Common Stock",2,40.0,UNCLASSIFIED,,0.0,NONE,0.0,0.0,NONE,,True,0,NOT CHECKED,NONE,NEUTRAL,,,,NOT CHECKED,False,NOT CHECKED,NONE,0,,False,40.0,WATCHLIST,NOT CHECKED,,,,,,,,,False,,,False,,,,False,,,,False,NONE,False,False,0,,,,NOT CHECKED,NO LIVE SIGNAL,BAR_PROXY,0.0,NO DATA,,,,,,,,40.0,True
NOW,138.54,REJECT,REJECT,"20/50 uptrend, rising EMA50, volume contraction",32,52,35,NO TRADE,WEAK,37.0,price<EMA20; EMA20>EMA50; EMA20 falling,9.83,50.1,0.36,10.04,1,True,4.81,2112043752.0,134.95,125.61,125.37,121.88,149.6,89.39,149.6,81.24,149.6,150.13,RESISTANCE_BREAKOUT,BREAKOUT,0.36,,,0,,,0,False,False,141.13,ATR_FALLBACK,140.13,6.66,6.0,130.39,130.39,157.64,162.14,165.15,1.33,,,False,5.0,162.14,8.0,1.33,False,2.5,7.98,0.0,15327601.0,1889175754.0,3.89,True,True,"ServiceNow, Inc. Common Stock",0,39.9,UNCLASSIFIED,,0.0,NONE,0.0,0.0,NONE,,True,0,NOT CHECKED,NONE,NEUTRAL,,,,NOT CHECKED,False,NOT CHECKED,NONE,0,,False,39.9,NO TRADE,NOT CHECKED,,,,,,,,,False,,,False,,,,False,,,,False,NONE,False,False,0,,,,NOT CHECKED,NO LIVE SIGNAL,BAR_PROXY,0.0,NO DATA,,,,,,,,39.9,True
RAL,66.32,DISCOVER,DISCOVER,"above EMA50, rising EMA50, near EMA50 support",40,56,35,WATCHLIST,WEAK,37.0,price<EMA20; EMA20>EMA50; EMA20 falling,0.71,58.0,0.37,3.97,0,False,3.85,86462025.0,65.37,65.44,57.58,60.19,68.25,60.19,75.35,38.87,75.35,68.45,RESISTANCE_BREAKOUT,BREAKOUT,0.3,,,0,,,0,False,False,64.98,EMA50,65.44,4.41,5.08,63.68,60.38,71.88,73.93,75.3,1.58,75.35,10.07,True,5.0,73.93,8.0,1.58,False,2.5,5.77,0.0,1343298.0,79510398.0,3.51,True,True,Ralliant Corporation Common Stock,2,39.5,UNCLASSIFIED,,0.0,NONE,0.0,0.0,NONE,,True,0,NOT CHECKED,NONE,NEUTRAL,,,,NOT CHECKED,False,NOT CHECKED,NONE,0,,False,39.5,WATCHLIST,NOT CHECKED,,,,,,,,,False,,,False,,,,False,,,,False,NONE,False,False,0,,,,NOT CHECKED,NO LIVE SIGNAL,BAR_PROXY,0.0,NO DATA,,,,,,,,39.5,False
AGI,35.94,DISCOVER,DISCOVER,"20/50 uptrend, rising EMA50, near EMA200 pivot",44,54,35,WATCHLIST,WEAK,37.0,price<EMA20; EMA20>EMA50; EMA20 falling,1.6,42.0,0.54,8.63,0,False,4.05,133339678.0,35.6,34.75,36.44,33.97,39.07,27.02,39.07,27.02,55.24,39.18,RESISTANCE_BREAKOUT,BREAKOUT,0.3,,,0,,,0,False,False,36.83,ATR_FALLBACK,37.0,5.57,6.0,33.97,33.97,41.14,42.32,43.1,1.33,55.24,40.97,True,5.0,42.32,8.0,1.33,False,2.5,8.69,0.0,3633969.0,111046458.0,3.29,True,True,Alamos Gold Inc. Class A Common Shares,2,39.4,UNCLASSIFIED,,0.0,NONE,0.0,0.0,NONE,,True,0,NOT CHECKED,NONE,NEUTRAL,,,,NOT CHECKED,False,NOT CHECKED,NONE,0,,False,39.4,WATCHLIST,NOT CHECKED,,,,,,,,,False,,,False,,,,False,,,,False,NONE,False,False,0,,,,NOT CHECKED,NO LIVE SIGNAL,BAR_PROXY,0.0,NO DATA,,,,,,,,39.4,False
PBF,77.22,REJECT,REJECT,"20/50 uptrend, rising EMA50",34,54,35,NO TRADE,WEAK,37.0,price<EMA20; EMA20>EMA50; EMA20 falling,5.39,65.8,0.36,7.42,0,False,5.62,236278009.0,73.66,67.39,50.17,63.95,82.61,36.29,82.61,35.74,75.68,82.96,RESISTANCE_BREAKOUT,BREAKOUT,0.42,,,0,,,0,False,False,77.98,ATR_FALLBACK,76.45,7.84,6.0,69.03,69.03,87.1,89.59,91.25,1.33,,,False,5.0,89.59,8.0,1.33,False,2.5,6.98,0.0,3209704.0,203820714.0,5.91,True,True,PBF Energy Inc. Class A Common Stock,0,39.3,UNCLASSIFIED,,0.0,NONE,0.0,0.0,NONE,,True,0,NOT CHECKED,NONE,NEUTRAL,,,,NOT CHECKED,False,NOT CHECKED,NONE,0,,False,39.3,NO TRADE,NOT CHECKED,,,,,,,,,False,,,False,,,,False,,,,False,NONE,False,False,0,,,,NOT CHECKED,NO LIVE SIGNAL,BAR_PROXY,0.0,NO DATA,,,,,,,,39.3,False
WIX,80.77,DISCOVER,DISCOVER,"20/50 uptrend, rising EMA50, near EMA200 pivot, volume contraction",42,52,35,WATCHLIST,WEAK,37.0,price<EMA20; EMA20>EMA50; EMA20 falling,4.61,42.2,0.15,16.45,1,True,6.31,109062314.0,78.78,71.98,82.33,69.27,96.8,40.16,96.8,40.16,94.83,97.21,RESISTANCE_BREAKOUT,BREAKOUT,0.42,,,0,,,0,False,False,91.38,ATR_FALLBACK,89.57,7.86,6.0,72.82,69.27,102.07,104.98,106.93,1.33,,,False,5.0,104.98,8.0,1.33,False,2.5,19.85,0.0,1323396.0,91324256.0,5.72,True,True,Wix.com Ltd. - Ordinary Shares,2,39.3,UNCLASSIFIED,,0.0,NONE,0.0,0.0,NONE,,True,0,NOT CHECKED,NONE,NEUTRAL,,,,NOT CHECKED,False,NOT CHECKED,NONE,0,,False,39.3,WATCHLIST,NOT CHECKED,,,,,,,,,False,,,False,,,,False,,,,False,NONE,False,False,0,,,,NOT CHECKED,NO LIVE SIGNAL,BAR_PROXY,0.0,NO DATA,,,,,,,,39.3,True
CLSK,13.49,REJECT,REJECT,rising EMA50,24,48,35,NO TRADE,WEAK,37.0,price<EMA20; EMA20>EMA50; EMA20 falling,16.51,53.5,0.72,11.03,1,True,6.72,219281089.0,12.76,13.02,13.01,10.77,14.03,10.77,19.05,8.0,19.17,14.1,RESISTANCE_BREAKOUT,BREAKOUT,0.52,,,0,,,0,False,False,13.26,ATR_FALLBACK,12.74,9.64,6.0,12.36,10.77,14.81,15.23,15.51,1.33,19.05,35.08,True,5.0,15.23,8.0,1.33,False,2.5,4.0,0.0,17430933.0,211967740.0,7.07,True,True,"CleanSpark, Inc. - Common Stock",0,39.0,UNCLASSIFIED,,0.0,NONE,0.0,0.0,NONE,,True,0,NOT CHECKED,NONE,NEUTRAL,,,,NOT CHECKED,False,NOT CHECKED,NONE,0,,False,39.0,NO TRADE,NOT CHECKED,,,,,,,,,False,,,False,,,,False,,,,False,NONE,False,False,0,,,,NOT CHECKED,NO LIVE SIGNAL,BAR_PROXY,0.0,NO DATA,,,,,,,,39.0,True
SEDG,36.31,REJECT,REJECT,"compressed below 20d resistance, bull flag/pullback",30,54,55,NO TRADE,WEAK,37.0,price<EMA20; EMA20>EMA50; EMA20 falling,12.3,59.2,0.26,10.71,1,True,7.1,109486765.0,34.83,38.49,42.03,29.6,37.71,29.51,60.95,29.51,81.25,37.92,RESISTANCE_BREAKOUT,BREAKOUT,0.55,,,0,,,0,False,False,35.64,ATR_FALLBACK,34.05,10.2,6.0,29.91,29.91,39.81,40.95,41.71,1.33,60.95,60.75,True,5.0,40.95,8.0,1.33,False,2.5,3.86,0.0,3214848.0,84279877.0,6.66,True,True,"SolarEdge Technologies, Inc. - Common Stock",0,39.0,UNCLASSIFIED,,0.0,NONE,0.0,0.0,NONE,,True,0,NOT CHECKED,NONE,NEUTRAL,,,,NOT CHECKED,False,NOT CHECKED,NONE,0,,False,39.0,NO TRADE,NOT CHECKED,,,,,,,,,False,,,False,,,,False,,,,False,NONE,False,False,0,,,,NOT CHECKED,NO LIVE SIGNAL,BAR_PROXY,0.0,NO DATA,,,,,,,,39.0,True
NYT,70.43,REJECT,REJECT,"near EMA50 support, near EMA200 pivot",32,52,35,NO TRADE,WEAK,37.0,price<EMA20; EMA20>EMA50; EMA20 falling,7.69,59.5,0.46,5.17,0,False,2.61,133683883.0,68.67,69.55,70.69,64.78,73.45,63.05,78.04,63.05,86.83,73.6,RESISTANCE_BREAKOUT,BREAKOUT,0.2,,,0,,,0,False,False,69.22,EMA50,69.55,5.5,5.95,65.75,65.73,77.28,79.48,80.96,1.35,78.04,6.04,True,5.0,78.04,6.04,1.02,False,2.5,4.29,0.0,1960049.0,126724115.0,2.43,True,True,New York Times Company (The) Common Stock,0,38.8,UNCLASSIFIED,,0.0,NONE,0.0,0.0,NONE,,True,0,NOT CHECKED,NONE,NEUTRAL,,,,NOT CHECKED,False,NOT CHECKED,NONE,0,,False,38.8,NO TRADE,NOT CHECKED,,,,,,,,,False,,,False,,,,False,,,,False,NONE,False,False,0,,,,NOT CHECKED,NO LIVE SIGNAL,BAR_PROXY,0.0,NO DATA,,,,,,,,38.8,False
URBN,76.47,DISCOVER,DISCOVER,"above EMA50, rising EMA50, near EMA50 support, volume contraction, low-volume pullback",42,52,35,WATCHLIST,WEAK,37.0,price<EMA20; EMA20>EMA50; EMA20 falling,3.73,44.1,0.24,9.46,0,False,3.57,101888032.0,77.55,76.26,72.72,71.85,85.43,65.7,85.43,59.97,85.43,85.65,RESISTANCE_BREAKOUT,BREAKOUT,0.26,,,0,,,0,False,False,81.06,ATR_FALLBACK,81.55,4.78,5.36,74.18,74.18,89.93,92.5,94.21,1.49,,,False,5.0,92.5,8.0,1.49,False,2.5,11.72,0.0,1298273.0,81841242.0,3.64,True,True,"Urban Outfitters, Inc. - Common Stock",2,38.8,UNCLASSIFIED,,0.0,NONE,0.0,0.0,NONE,,True,0,NOT CHECKED,NONE,NEUTRAL,,,,NOT CHECKED,False,NOT CHECKED,NONE,0,,False,38.8,WATCHLIST,NOT CHECKED,,,,,,,,,False,,,False,,,,False,,,,False,NONE,False,False,0,,,,NOT CHECKED,NO LIVE SIGNAL,BAR_PROXY,0.0,NO DATA,,,,,,,,38.8,False
FCX,70.89,DISCOVER,DISCOVER,"above EMA50, rising EMA50, near EMA50 support, volume contraction, low-volume pullback",42,52,35,WATCHLIST,WEAK,37.0,price<EMA20; EMA20>EMA50; EMA20 falling,3.51,32.8,0.38,7.64,0,False,4.55,1072555654.0,71.81,69.54,61.9,67.01,80.24,55.86,80.24,50.56,80.24,80.5,RESISTANCE_BREAKOUT,BREAKOUT,0.32,,,0,,,0,False,False,75.67,ATR_FALLBACK,75.66,6.01,6.0,67.01,67.01,84.52,86.94,88.55,1.33,,,False,5.0,86.94,8.0,1.33,False,2.5,13.2,0.0,14357233.0,994848459.0,3.48,True,True,"Freeport-McMoRan, Inc. Common Stock",2,38.7,UNCLASSIFIED,,0.0,NONE,0.0,0.0,NONE,,True,0,NOT CHECKED,NONE,NEUTRAL,,,,NOT CHECKED,False,NOT CHECKED,NONE,0,,False,38.7,WATCHLIST,NOT CHECKED,,,,,,,,,False,,,False,,,,False,,,,False,NONE,False,False,0,,,,NOT CHECKED,NO LIVE SIGNAL,BAR_PROXY,0.0,NO DATA,,,,,,,,38.7,False
CPRI,15.19,REJECT,REJECT,"near EMA50 support, compressed below 20d resistance",30,50,20,NO TRADE,WEAK,37.0,price<EMA20; EMA20>EMA50; EMA20 falling,6.37,68.2,0.29,7.84,0,False,4.35,62050539.0,14.0,15.03,18.23,12.4,15.24,12.4,20.41,13.05,21.95,15.29,RESISTANCE_BREAKOUT,BREAKOUT,0.35,,,0,,,0,False,False,14.8,EMA50,15.03,1.7,3.24,12.4,12.4,16.06,16.52,16.82,2.47,20.41,33.46,True,5.0,16.52,8.0,2.47,False,2.5,0.36,0.0,4584891.0,61138758.0,4.21,True,True,Capri Holdings Limited Ordinary Shares,0,38.7,UNCLASSIFIED,,0.0,NONE,0.0,0.0,NONE,,True,0,NOT CHECKED,NONE,NEUTRAL,,,,NOT CHECKED,False,NOT CHECKED,NONE,0,,False,38.7,NO TRADE,NOT CHECKED,,,,,,,,,False,,,False,,,,False,,,,False,NONE,False,False,0,,,,NOT CHECKED,NO LIVE SIGNAL,BAR_PROXY,0.0,NO DATA,,,,,,,,38.7,False
GXO,47.05,DISCOVER,DISCOVER,"near EMA50 support, compressed below 20d resistance, tight range",40,50,20,WATCHLIST,WEAK,37.0,price<EMA20; EMA20>EMA50; EMA20 falling,2.38,45.5,0.35,2.81,0,False,3.21,60489481.0,46.98,48.24,51.1,44.99,48.8,45.0,54.78,45.0,64.05,48.92,RESISTANCE_BREAKOUT,BREAKOUT,0.25,,,0,,,0,False,False,47.79,EMA50,48.24,1.4,2.32,44.99,44.99,51.37,52.83,53.81,3.45,54.78,11.98,True,5.0,52.83,8.0,3.45,True,2.5,3.72,0.0,1296184.0,59061388.0,2.92,True,True,"GXO Logistics, Inc. Common Stock ",2,38.7,UNCLASSIFIED,,0.0,NONE,0.0,0.0,NONE,,True,0,NOT CHECKED,NONE,NEUTRAL,,,,NOT CHECKED,False,NOT CHECKED,NONE,0,,False,38.7,WATCHLIST,NOT CHECKED,,,,,,,,,False,,,False,,,,False,,,,False,NONE,False,False,0,,,,NOT CHECKED,NO LIVE SIGNAL,BAR_PROXY,0.0,NO DATA,,,,,,,,38.7,False
RVTY,148.42,REJECT,REJECT,"20/50 uptrend, rising EMA50",26,44,35,NO TRADE,WEAK,37.0,price<EMA20; EMA20>EMA50; EMA20 falling,25.17,70.8,0.67,9.11,0,False,3.2,246359531.0,129.79,121.39,105.85,116.96,147.5,97.33,133.0,81.17,130.07,148.42,RESISTANCE_BREAKOUT,BREAKOUT,0.62,,,0,,,0,False,False,140.44,ATR_FALLBACK,141.3,4.8,5.38,120.9,120.9,155.84,160.29,163.26,1.49,,,False,5.0,160.29,8.0,1.49,False,2.5,-0.62,0.62,1887589.0,221537085.0,3.36,True,True,"Revvity, Inc. Common Stock",0,38.6,UNCLASSIFIED,,0.0,NONE,0.0,0.0,NONE,,True,0,NOT CHECKED,NONE,NEUTRAL,,,,NOT CHECKED,False,NOT CHECKED,NONE,0,,False,38.6,NO TRADE,NOT CHECKED,,,,,,,,,False,,,False,,,,False,,,,False,NONE,False,False,0,,,,NOT CHECKED,NO LIVE SIGNAL,BAR_PROXY,0.0,NO DATA,,,,,,,,38.6,False
TXG,78.44,REJECT,REJECT,"20/50 uptrend, rising EMA50",26,44,35,NO TRADE,WEAK,37.0,price<EMA20; EMA20>EMA50; EMA20 falling,27.05,71.6,0.62,14.1,3,True,5.61,180254523.0,66.15,56.99,36.1,58.7,77.87,31.3,69.67,15.9,66.94,78.44,RESISTANCE_BREAKOUT,BREAKOUT,0.73,,,0,,,0,False,False,73.73,ATR_FALLBACK,71.84,8.41,6.0,64.03,59.41,82.36,84.72,86.28,1.33,,,False,5.0,84.72,8.0,1.33,False,2.5,-0.73,0.73,2720976.0,175932957.0,5.98,True,True,"10x Genomics, Inc. - Common Stock",0,38.6,UNCLASSIFIED,,0.0,NONE,0.0,0.0,NONE,,True,0,NOT CHECKED,NONE,NEUTRAL,,,,NOT CHECKED,False,NOT CHECKED,NONE,0,,False,38.6,NO TRADE,NOT CHECKED,,,,,,,,,False,,,False,,,,False,,,,False,NONE,False,False,0,,,,NOT CHECKED,NO LIVE SIGNAL,BAR_PROXY,0.0,NO DATA,,,,,,,,38.6,True
DK,81.68,REJECT,REJECT,"20/50 uptrend, rising EMA50",26,44,35,NO TRADE,WEAK,37.0,price<EMA20; EMA20>EMA50; EMA20 falling,24.06,74.7,0.35,11.6,1,True,5.29,140184487.0,73.65,67.11,50.85,63.13,80.15,40.74,78.43,36.68,75.24,81.68,RESISTANCE_BREAKOUT,BREAKOUT,1.91,,,0,,,0,False,False,76.78,ATR_FALLBACK,75.19,7.94,6.0,73.38,69.14,85.76,88.21,89.85,1.33,,,False,5.0,88.21,8.0,1.33,False,2.5,-1.87,1.91,1911248.0,140677038.0,5.97,True,True,"Delek US Holdings, Inc. Common Stock",0,38.6,UNCLASSIFIED,,0.0,NONE,0.0,0.0,NONE,,True,0,NOT CHECKED,NONE,NEUTRAL,,,,NOT CHECKED,False,NOT CHECKED,NONE,0,,False,38.6,NO TRADE,NOT CHECKED,,,,,,,,,False,,,False,,,,False,,,,False,NONE,False,False,0,,,,NOT CHECKED,NO LIVE SIGNAL,BAR_PROXY,0.0,NO DATA,,,,,,,,38.6,True
NTRA,360.83,REJECT,REJECT,"20/50 uptrend, rising EMA50",26,50,35,NO TRADE,WEAK,37.0,price<EMA20; EMA20>EMA50; EMA20 falling,11.92,63.0,0.61,21.37,1,True,3.13,371924518.0,330.94,305.95,248.88,316.0,357.14,219.5,343.18,181.0,343.18,360.83,RESISTANCE_BREAKOUT,BREAKOUT,1.03,,,0,,,0,False,False,341.87,ATR_FALLBACK,343.9,4.69,5.25,320.65,318.0,378.87,389.69,396.91,1.52,,,False,5.0,389.69,8.0,1.52,False,2.5,-1.02,1.03,1116977.0,352809150.0,3.27,True,True,"Natera, Inc. - Common Stock",0,38.4,UNCLASSIFIED,,0.0,NONE,0.0,0.0,NONE,,True,0,NOT CHECKED,NONE,NEUTRAL,,,,NOT CHECKED,False,NOT CHECKED,NONE,0,,False,38.4,NO TRADE,NOT CHECKED,,,,,,,,,False,,,False,,,,False,,,,False,NONE,False,False,0,,,,NOT CHECKED,NO LIVE SIGNAL,BAR_PROXY,0.0,NO DATA,,,,,,,,38.4,True
PAY,36.6,DISCOVER,DISCOVER,"above EMA50, rising EMA50, tight range, volume contraction, low-volume pullback",46,58,35,WATCHLIST,WEAK,37.0,price<EMA20; EMA20>EMA50; EMA20 falling,-6.59,56.2,0.32,4.53,0,False,3.93,38737988.0,36.67,34.89,30.78,34.65,40.6,20.11,45.31,20.11,45.31,40.72,RESISTANCE_BREAKOUT,BREAKOUT,0.28,,,0,,,0,False,False,38.3,ATR_FALLBACK,38.56,5.3,5.94,34.95,34.65,42.75,43.97,44.79,1.35,45.31,11.29,True,5.0,43.97,8.0,1.35,False,2.5,10.93,0.0,1050203.0,38751743.0,4.26,True,True,"Paymentus Holdings, Inc. Class A Common Stock",2,38.4,UNCLASSIFIED,,0.0,NONE,0.0,0.0,NONE,,True,0,NOT CHECKED,NONE,NEUTRAL,,,,NOT CHECKED,False,NOT CHECKED,NONE,0,,False,38.4,WATCHLIST,NOT CHECKED,,,,,,,,,False,,,False,,,,False,,,,False,NONE,False,False,0,,,,NOT CHECKED,NO LIVE SIGNAL,BAR_PROXY,0.0,NO DATA,,,,,,,,38.4,False
ATEN,27.08,REJECT,REJECT,"near EMA50 support, compressed below 20d resistance, volume contraction",36,56,55,NO TRADE,WEAK,37.0,price<EMA20; EMA20>EMA50; EMA20 falling,6.1,50.4,0.33,5.55,0,False,3.33,30495935.0,26.07,27.82,25.97,24.09,27.22,24.09,38.41,18.8,38.41,27.29,RESISTANCE_BREAKOUT,BREAKOUT,0.27,,,0,,,0,False,False,25.9,EMA20,26.07,4.49,5.09,24.27,24.09,28.66,29.48,30.02,1.57,38.41,40.72,True,5.0,29.48,8.0,1.57,False,2.5,0.5,0.0,1192560.0,27342938.0,3.57,True,True,"A10 Networks, Inc. Common Stock",0,38.4,UNCLASSIFIED,,0.0,NONE,0.0,0.0,NONE,,True,0,NOT CHECKED,NONE,NEUTRAL,,,,NOT CHECKED,False,NOT CHECKED,NONE,0,,False,38.4,NO TRADE,NOT CHECKED,,,,,,,,,False,,,False,,,,False,,,,False,NONE,False,False,0,,,,NOT CHECKED,NO LIVE SIGNAL,BAR_PROXY,0.0,NO DATA,,,,,,,,38.4,False
ARE,56.0,REJECT,REJECT,"20/50 uptrend, rising EMA50",26,50,35,NO TRADE,WEAK,37.0,price<EMA20; EMA20>EMA50; EMA20 falling,11.7,65.5,0.61,10.27,1,True,3.14,95288578.0,52.02,51.09,52.95,49.23,54.71,45.78,55.74,38.9,55.74,56.0,RESISTANCE_BREAKOUT,BREAKOUT,2.36,,,0,,,0,False,False,53.04,ATR_FALLBACK,53.36,4.71,5.28,49.23,49.23,58.8,60.48,61.6,1.52,,,False,5.0,60.48,8.0,1.52,False,2.5,-2.3,2.36,1814872.0,87378670.0,3.39,True,True,"Alexandria Real Estate Equities, Inc. Common Stock",0,38.3,UNCLASSIFIED,,0.0,NONE,0.0,0.0,NONE,,True,0,NOT CHECKED,NONE,NEUTRAL,,,,NOT CHECKED,False,NOT CHECKED,NONE,0,,False,38.3,NO TRADE,NOT CHECKED,,,,,,,,,False,,,False,,,,False,,,,False,NONE,False,False,0,,,,NOT CHECKED,NO LIVE SIGNAL,BAR_PROXY,0.0,NO DATA,,,,,,,,38.3,True
ACI,12.69,REJECT,REJECT,"near EMA50 support, compressed below 20d resistance",30,50,20,NO TRADE,WEAK,37.0,price<EMA20; EMA20>EMA50; EMA20 falling,5.62,57.3,0.3,5.3,0,False,3.11,85320232.0,12.41,12.77,14.82,11.63,13.03,10.86,15.25,10.86,17.77,13.06,RESISTANCE_BREAKOUT,BREAKOUT,0.24,,,0,,,0,False,False,12.7,EMA50,12.77,2.21,2.75,11.63,11.63,13.71,14.11,14.37,2.9,15.25,16.75,True,5.0,14.11,8.0,2.9,True,2.5,2.68,0.0,6917479.0,75372207.0,2.85,True,True,"Albertsons Companies, Inc. Class A Common Stock",0,38.3,UNCLASSIFIED,,0.0,NONE,0.0,0.0,NONE,,True,0,NOT CHECKED,NONE,NEUTRAL,,,,NOT CHECKED,False,NOT CHECKED,NONE,0,,False,38.3,NO TRADE,NOT CHECKED,,,,,,,,,False,,,False,,,,False,,,,False,NONE,False,False,0,,,,NOT CHECKED,NO LIVE SIGNAL,BAR_PROXY,0.0,NO DATA,,,,,,,,38.3,False
RLAY,19.33,DISCOVER,DISCOVER,"20/50 uptrend, rising EMA50, tight range, volume contraction",50,56,35,WATCHLIST,WEAK,37.0,price<EMA20; EMA20>EMA50; EMA20 falling,-5.88,48.7,0.53,4.1,0,False,3.81,55896056.0,19.12,18.77,14.32,17.96,20.77,16.14,21.27,9.06,21.27,20.83,RESISTANCE_BREAKOUT,BREAKOUT,0.28,,,0,,,0,False,False,19.59,ATR_FALLBACK,19.72,5.31,5.95,18.1,18.1,21.87,22.5,22.91,1.35,21.27,2.12,False,5.0,21.27,2.12,0.36,False,2.5,10.04,0.0,2928420.0,52092729.0,4.04,True,True,"Relay Therapeutics, Inc. - Common Stock",2,38.2,UNCLASSIFIED,,0.0,NONE,0.0,0.0,NONE,,True,0,NOT CHECKED,NONE,NEUTRAL,,,,NOT CHECKED,False,NOT CHECKED,NONE,0,,False,38.2,WATCHLIST,NOT CHECKED,,,,,,,,,False,,,False,,,,False,,,,False,NONE,False,False,0,,,,NOT CHECKED,NO LIVE SIGNAL,BAR_PROXY,0.0,NO DATA,,,,,,,,38.2,False
EWTX,45.97,DISCOVER,DISCOVER,"20/50 uptrend, rising EMA50, compressed below 20d resistance",42,54,35,WATCHLIST,WEAK,37.0,price<EMA20; EMA20>EMA50; EMA20 falling,-0.1,58.1,0.84,5.28,0,False,4.43,50682754.0,43.8,42.37,34.4,40.64,46.32,35.96,48.4,26.82,48.4,46.48,RESISTANCE_BREAKOUT,BREAKOUT,0.35,,,0,,,0,False,False,43.69,EMA20,43.8,5.77,6.0,42.35,40.76,48.81,50.2,51.13,1.33,48.4,4.12,False,5.0,48.4,4.12,0.69,False,2.5,1.35,0.0,1158664.0,44985922.0,4.64,True,True,"Edgewise Therapeutics, Inc. - Common Stock",2,38.2,UNCLASSIFIED,,0.0,NONE,0.0,0.0,NONE,,True,0,NOT CHECKED,NONE,NEUTRAL,,,,NOT CHECKED,False,NOT CHECKED,NONE,0,,False,38.2,WATCHLIST,NOT CHECKED,,,,,,,,,False,,,False,,,,False,,,,False,NONE,False,False,0,,,,NOT CHECKED,NO LIVE SIGNAL,BAR_PROXY,0.0,NO DATA,,,,,,,,38.2,False
CCI,73.79,DISCOVER,DISCOVER,"near EMA50 support, compressed below 20d resistance, tight range",40,50,20,WATCHLIST,WEAK,37.0,price<EMA20; EMA20>EMA50; EMA20 falling,1.21,49.3,0.43,2.49,0,False,2.67,207779635.0,74.15,75.65,81.22,71.36,76.64,68.72,83.52,68.72,92.63,76.79,RESISTANCE_BREAKOUT,BREAKOUT,0.21,,,0,,,0,False,False,75.3,EMA50,75.65,1.49,1.95,71.36,71.36,80.63,82.94,84.47,4.11,83.52,8.75,True,5.0,82.94,8.0,4.11,True,2.5,3.85,0.0,2797507.0,186740761.0,2.37,True,True,Crown Castle Inc. Common Stock,2,38.1,UNCLASSIFIED,,0.0,NONE,0.0,0.0,NONE,,True,0,NOT CHECKED,NONE,NEUTRAL,,,,NOT CHECKED,False,NOT CHECKED,NONE,0,,False,38.1,WATCHLIST,NOT CHECKED,,,,,,,,,False,,,False,,,,False,,,,False,NONE,False,False,0,,,,NOT CHECKED,NO LIVE SIGNAL,BAR_PROXY,0.0,NO DATA,,,,,,,,38.1,False
DG,123.86,DISCOVER,DISCOVER,"above EMA50, rising EMA50, near EMA50 support, volume contraction, low-volume pullback",42,52,35,WATCHLIST,WEAK,37.0,price<EMA20; EMA20>EMA50; EMA20 falling,2.18,47.3,0.28,3.68,0,False,3.36,333014861.0,125.46,123.48,120.38,117.51,134.13,111.18,134.13,99.06,155.35,134.46,RESISTANCE_BREAKOUT,BREAKOUT,0.25,,,0,,,0,False,False,127.48,ATR_FALLBACK,128.23,4.64,5.19,122.25,122.25,141.19,145.22,147.91,1.54,155.35,15.53,True,5.0,145.22,8.0,1.54,False,2.5,8.29,0.0,2641834.0,303544487.0,3.22,True,True,Dollar General Corporation Common Stock,2,38.0,UNCLASSIFIED,,0.0,NONE,0.0,0.0,NONE,,True,0,NOT CHECKED,NONE,NEUTRAL,,,,NOT CHECKED,False,NOT CHECKED,NONE,0,,False,38.0,WATCHLIST,NOT CHECKED,,,,,,,,,False,,,False,,,,False,,,,False,NONE,False,False,0,,,,NOT CHECKED,NO LIVE SIGNAL,BAR_PROXY,0.0,NO DATA,,,,,,,,38.0,False
CNXC,28.32,REJECT,REJECT,"above EMA50, rising EMA50",26,50,35,NO TRADE,WEAK,37.0,price<EMA20; EMA20>EMA50; EMA20 falling,11.02,50.7,0.8,8.66,0,False,7.25,35917287.0,28.4,27.04,30.37,25.12,33.84,18.81,33.84,18.81,34.23,34.0,RESISTANCE_BREAKOUT,BREAKOUT,0.49,,,0,,,0,False,False,31.96,ATR_FALLBACK,30.92,9.06,6.0,26.25,26.13,35.7,36.72,37.4,1.33,34.23,0.68,False,5.0,34.23,0.68,0.11,False,2.5,19.49,0.0,1239437.0,31974860.0,6.34,True,True,Concentrix Corporation - Common Stock,0,38.0,UNCLASSIFIED,,0.0,NONE,0.0,0.0,NONE,,True,0,NOT CHECKED,NONE,NEUTRAL,,,,NOT CHECKED,False,NOT CHECKED,NONE,0,,False,38.0,NO TRADE,NOT CHECKED,,,,,,,,,False,,,False,,,,False,,,,False,NONE,False,False,0,,,,NOT CHECKED,NO LIVE SIGNAL,BAR_PROXY,0.0,NO DATA,,,,,,,,38.0,False
A,155.36,DISCOVER,DISCOVER,"20/50 uptrend, rising EMA50, volume contraction",40,50,20,WATCHLIST,WEAK,37.0,price<EMA20; EMA20>EMA50; EMA20 falling,0.89,46.3,0.26,4.7,0,False,2.75,359653835.0,149.83,145.12,134.15,141.25,163.75,125.0,163.75,108.14,163.75,164.09,RESISTANCE_BREAKOUT,BREAKOUT,0.21,,,0,,,0,False,False,156.9,ATR_FALLBACK,157.67,3.91,4.38,141.25,141.25,172.3,177.22,180.5,1.83,,,False,5.0,177.22,8.0,1.83,False,2.5,5.4,0.0,2360082.0,380386055.0,2.88,True,True,"Agilent Technologies, Inc. Common Stock",2,37.9,UNCLASSIFIED,,0.0,NONE,0.0,0.0,NONE,,True,0,NOT CHECKED,NONE,NEUTRAL,,,,NOT CHECKED,False,NOT CHECKED,NONE,0,,False,37.9,WATCHLIST,NOT CHECKED,,,,,,,,,False,,,False,,,,False,,,,False,NONE,False,False,0,,,,NOT CHECKED,NO LIVE SIGNAL,BAR_PROXY,0.0,NO DATA,,,,,,,,37.9,False
KHC,24.76,DISCOVER,DISCOVER,"above EMA50, near EMA50 support, tight range",42,54,35,WATCHLIST,WEAK,37.0,price<EMA20; EMA20>EMA50; EMA20 falling,-1.13,50.3,0.2,3.47,0,False,2.58,562047868.0,24.83,24.72,23.78,23.75,26.02,21.66,27.65,20.34,27.65,26.08,RESISTANCE_BREAKOUT,BREAKOUT,0.2,,,0,,,0,False,False,24.72,EMA20,24.83,4.76,5.2,23.75,23.75,27.38,28.16,28.68,1.54,27.65,6.03,True,5.0,27.65,6.03,1.16,False,2.5,5.11,0.0,22651523.0,461275710.0,2.45,True,True,The Kraft Heinz Company Common Stock,2,37.7,UNCLASSIFIED,,0.0,NONE,0.0,0.0,NONE,,True,0,NOT CHECKED,NONE,NEUTRAL,,,,NOT CHECKED,False,NOT CHECKED,NONE,0,,False,37.7,WATCHLIST,NOT CHECKED,,,,,,,,,False,,,False,,,,False,,,,False,NONE,False,False,0,,,,NOT CHECKED,NO LIVE SIGNAL,BAR_PROXY,0.0,NO DATA,,,,,,,,37.7,False
SCCO,195.87,DISCOVER,DISCOVER,"above EMA50, rising EMA50, near EMA50 support, volume contraction, low-volume pullback",42,52,35,WATCHLIST,WEAK,37.0,price<EMA20; EMA20>EMA50; EMA20 falling,1.53,33.5,0.45,8.69,0,False,4.49,231790224.0,197.68,193.12,172.9,183.5,220.78,158.5,220.78,146.51,220.78,221.48,RESISTANCE_BREAKOUT,BREAKOUT,0.32,,,0,,,0,False,False,208.19,ATR_FALLBACK,208.3,5.95,6.0,183.5,183.5,232.56,239.2,243.63,1.33,,,False,5.0,239.2,8.0,1.33,False,2.5,12.72,0.0,1131889.0,217587291.0,3.7,True,True,Southern Copper Corporation Common Stock,2,37.7,UNCLASSIFIED,,0.0,NONE,0.0,0.0,NONE,,True,0,NOT CHECKED,NONE,NEUTRAL,,,,NOT CHECKED,False,NOT CHECKED,NONE,0,,False,37.7,WATCHLIST,NOT CHECKED,,,,,,,,,False,,,False,,,,False,,,,False,NONE,False,False,0,,,,NOT CHECKED,NO LIVE SIGNAL,BAR_PROXY,0.0,NO DATA,,,,,,,,37.7,False
SYM,43.98,REJECT,REJECT,"rising EMA50, compressed below 20d resistance",32,52,35,NO TRADE,WEAK,37.0,price<EMA20; EMA20>EMA50; EMA20 falling,5.58,60.0,0.65,4.34,0,False,3.85,63267116.0,41.96,42.47,48.65,37.68,44.31,37.68,48.24,38.19,67.08,44.45,RESISTANCE_BREAKOUT,BREAKOUT,0.31,,,0,,,0,False,False,42.16,EMA50,42.47,4.45,5.13,40.3,38.26,46.67,48.0,48.89,1.56,48.24,8.54,True,5.0,48.0,8.0,1.56,False,2.5,0.75,0.0,1528076.0,60553236.0,3.6,True,True,Symbotic Inc. - Class A Common Stock,0,37.7,UNCLASSIFIED,,0.0,NONE,0.0,0.0,NONE,,True,0,NOT CHECKED,NONE,NEUTRAL,,,,NOT CHECKED,False,NOT CHECKED,NONE,0,,False,37.7,NO TRADE,NOT CHECKED,,,,,,,,,False,,,False,,,,False,,,,False,NONE,False,False,0,,,,NOT CHECKED,NO LIVE SIGNAL,BAR_PROXY,0.0,NO DATA,,,,,,,,37.7,False
AVY,172.52,DISCOVER,DISCOVER,"above EMA50, rising EMA50, near EMA50 support, tight range, volume contraction",48,54,35,WATCHLIST,WEAK,37.0,price<EMA20; EMA20>EMA50; EMA20 falling,-4.35,38.6,0.17,3.07,0,False,2.31,184757310.0,172.95,171.07,168.35,166.85,184.7,153.83,186.82,150.83,192.75,185.02,RESISTANCE_BREAKOUT,BREAKOUT,0.17,,,0,,,0,False,False,173.91,EMA20,172.95,6.52,6.0,167.69,166.85,194.27,199.82,203.52,1.33,186.82,0.98,False,5.0,186.82,0.98,0.16,False,2.5,7.06,0.0,1062084.0,135595740.0,2.28,True,True,Avery Dennison Corporation Common Stock,2,37.3,UNCLASSIFIED,,0.0,NONE,0.0,0.0,NONE,,True,0,NOT CHECKED,NONE,NEUTRAL,,,,NOT CHECKED,False,NOT CHECKED,NONE,0,,False,37.3,WATCHLIST,NOT CHECKED,,,,,,,,,False,,,False,,,,False,,,,False,NONE,False,False,0,,,,NOT CHECKED,NO LIVE SIGNAL,BAR_PROXY,0.0,NO DATA,,,,,,,,37.3,False
FLR,53.98,DISCOVER,DISCOVER,"above EMA50, rising EMA50, near EMA50 support, volume contraction, low-volume pullback",42,52,35,WATCHLIST,WEAK,37.0,price<EMA20; EMA20>EMA50; EMA20 falling,0.77,49.6,0.25,16.92,1,True,3.54,116399682.0,53.98,52.79,49.02,50.65,58.35,46.77,58.35,41.6,57.93,58.5,RESISTANCE_BREAKOUT,BREAKOUT,0.26,,,0,,,0,False,False,55.29,ATR_FALLBACK,55.63,4.91,5.49,51.24,51.24,61.43,63.18,64.35,1.46,,,False,5.0,63.18,8.0,1.46,False,2.5,8.1,0.0,2145265.0,111610124.0,3.45,True,True,Fluor Corporation Common Stock,2,37.3,UNCLASSIFIED,,0.0,NONE,0.0,0.0,NONE,,True,0,NOT CHECKED,NONE,NEUTRAL,,,,NOT CHECKED,False,NOT CHECKED,NONE,0,,False,37.3,WATCHLIST,NOT CHECKED,,,,,,,,,False,,,False,,,,False,,,,False,NONE,False,False,0,,,,NOT CHECKED,NO LIVE SIGNAL,BAR_PROXY,0.0,NO DATA,,,,,,,,37.3,True
NCNO,21.67,REJECT,REJECT,"20/50 uptrend, rising EMA50, volume contraction, low-volume pullback",36,50,35,NO TRADE,WEAK,37.0,price<EMA20; EMA20>EMA50; EMA20 falling,5.63,36.6,0.26,8.74,0,False,3.87,60509970.0,21.62,20.23,20.09,19.14,24.09,14.15,24.09,13.8,23.83,24.16,RESISTANCE_BREAKOUT,BREAKOUT,0.28,,,0,,,0,False,False,22.75,ATR_FALLBACK,22.9,5.21,5.83,20.79,20.79,25.36,26.09,26.57,1.37,,,False,5.0,26.09,8.0,1.37,False,2.5,11.19,0.0,2755702.0,52843000.0,4.04,True,True,"nCino, Inc. - Common Stock",0,37.3,UNCLASSIFIED,,0.0,NONE,0.0,0.0,NONE,,True,0,NOT CHECKED,NONE,NEUTRAL,,,,NOT CHECKED,False,NOT CHECKED,NONE,0,,False,37.3,NO TRADE,NOT CHECKED,,,,,,,,,False,,,False,,,,False,,,,False,NONE,False,False,0,,,,NOT CHECKED,NO LIVE SIGNAL,BAR_PROXY,0.0,NO DATA,,,,,,,,37.3,False
TECK,65.64,DISCOVER,DISCOVER,"above EMA50, rising EMA50, near EMA50 support, volume contraction, low-volume pullback",42,52,35,WATCHLIST,WEAK,37.0,price<EMA20; EMA20>EMA50; EMA20 falling,0.58,37.4,0.24,4.59,0,False,3.99,206832487.0,66.74,65.07,57.94,63.11,72.46,53.57,72.46,44.43,71.83,72.67,RESISTANCE_BREAKOUT,BREAKOUT,0.29,,,0,,,0,False,False,68.31,ATR_FALLBACK,68.74,5.41,6.0,63.11,63.11,76.3,78.48,79.94,1.33,,,False,5.0,78.48,8.0,1.33,False,2.5,10.39,0.0,3018638.0,196067453.0,2.75,True,True,Teck Resources Ltd Ordinary Shares,2,37.2,UNCLASSIFIED,,0.0,NONE,0.0,0.0,NONE,,True,0,NOT CHECKED,NONE,NEUTRAL,,,,NOT CHECKED,False,NOT CHECKED,NONE,0,,False,37.2,WATCHLIST,NOT CHECKED,,,,,,,,,False,,,False,,,,False,,,,False,NONE,False,False,0,,,,NOT CHECKED,NO LIVE SIGNAL,BAR_PROXY,0.0,NO DATA,,,,,,,,37.2,False
SRPT,20.63,REJECT,REJECT,"20/50 uptrend, rising EMA50, volume contraction, low-volume pullback",36,50,35,NO TRADE,WEAK,37.0,price<EMA20; EMA20>EMA50; EMA20 falling,5.48,45.4,0.36,10.95,1,True,7.07,63302893.0,20.41,19.29,18.82,17.9,23.62,14.75,23.62,14.68,23.85,23.74,RESISTANCE_BREAKOUT,BREAKOUT,0.49,,,0,,,0,False,False,22.31,ATR_FALLBACK,21.55,9.22,6.0,19.72,19.51,24.92,25.64,26.11,1.33,23.85,0.48,False,5.0,23.85,0.48,0.08,False,2.5,14.49,0.0,3007209.0,54193641.0,6.66,True,True,"Sarepta Therapeutics, Inc. - Common Stock",0,37.2,UNCLASSIFIED,,0.0,NONE,0.0,0.0,NONE,,True,0,NOT CHECKED,NONE,NEUTRAL,,,,NOT CHECKED,False,NOT CHECKED,NONE,0,,False,37.2,NO TRADE,NOT CHECKED,,,,,,,,,False,,,False,,,,False,,,,False,NONE,False,False,0,,,,NOT CHECKED,NO LIVE SIGNAL,BAR_PROXY,0.0,NO DATA,,,,,,,,37.2,True
ASAN,9.85,DISCOVER,DISCOVER,"20/50 uptrend, rising EMA50, volume expanding",40,50,35,WATCHLIST,WEAK,37.0,price<EMA20; EMA20>EMA50; EMA20 falling,3.89,46.6,1.19,10.15,1,True,5.99,62488026.0,9.33,8.84,9.02,8.09,10.51,6.21,10.51,5.38,10.51,10.56,RESISTANCE_BREAKOUT,BREAKOUT,0.45,,,0,,,0,False,False,9.92,ATR_FALLBACK,9.67,8.38,6.0,8.09,8.09,11.09,11.4,11.61,1.33,,,False,5.0,11.4,8.0,1.33,False,2.5,6.65,0.0,6598848.0,51013385.0,4.84,True,True,"Asana, Inc. Class A Common Stock",2,37.2,UNCLASSIFIED,,0.0,NONE,0.0,0.0,NONE,,True,0,NOT CHECKED,NONE,NEUTRAL,,,,NOT CHECKED,False,NOT CHECKED,NONE,0,,False,37.2,WATCHLIST,NOT CHECKED,,,,,,,,,False,,,False,,,,False,,,,False,NONE,False,False,0,,,,NOT CHECKED,NO LIVE SIGNAL,BAR_PROXY,0.0,NO DATA,,,,,,,,37.2,True
KEYS,332.44,REJECT,REJECT,"above EMA50, near EMA50 support",32,48,20,NO TRADE,WEAK,37.0,price<EMA20; EMA20>EMA50; EMA20 falling,4.98,53.6,0.37,3.99,0,False,3.08,361905655.0,325.86,327.62,295.8,306.85,339.18,293.55,374.96,264.7,374.96,340.0,RESISTANCE_BREAKOUT,BREAKOUT,0.24,,,0,,,0,False,False,325.78,EMA50,327.62,3.64,4.18,311.43,311.43,357.0,367.2,374.0,1.91,374.96,10.28,True,5.0,367.2,8.0,1.91,False,2.5,5.88,0.0,1126316.0,349651065.0,2.54,True,True,Keysight Technologies Inc. Common Stock,0,37.1,UNCLASSIFIED,,0.0,NONE,0.0,0.0,NONE,,True,0,NOT CHECKED,NONE,NEUTRAL,,,,NOT CHECKED,False,NOT CHECKED,NONE,0,,False,37.1,NO TRADE,NOT CHECKED,,,,,,,,,False,,,False,,,,False,,,,False,NONE,False,False,0,,,,NOT CHECKED,NO LIVE SIGNAL,BAR_PROXY,0.0,NO DATA,,,,,,,,37.1,False
CHRW,154.34,REJECT,REJECT,"near EMA50 support, compressed below 20d resistance",30,50,40,NO TRADE,WEAK,37.0,price<EMA20; EMA20>EMA50; EMA20 falling,8.17,58.0,0.3,5.62,0,False,2.41,187779754.0,151.96,158.4,164.42,140.63,158.07,140.63,209.43,140.63,209.43,158.37,RESISTANCE_BREAKOUT,BREAKOUT,0.19,,,0,,,0,False,False,151.29,EMA20,151.96,4.04,4.47,150.21,143.4,166.29,171.04,174.2,1.79,209.43,32.24,True,5.0,171.04,8.0,1.79,False,2.5,2.42,0.0,1254795.0,166298030.0,2.52,True,True,"C.H. Robinson Worldwide, Inc. - Common Stock",0,36.6,UNCLASSIFIED,,0.0,NONE,0.0,0.0,NONE,,True,0,NOT CHECKED,NONE,NEUTRAL,,,,NOT CHECKED,False,NOT CHECKED,NONE,0,,False,36.6,NO TRADE,NOT CHECKED,,,,,,,,,False,,,False,,,,False,,,,False,NONE,False,False,0,,,,NOT CHECKED,NO LIVE SIGNAL,BAR_PROXY,0.0,NO DATA,,,,,,,,36.6,False
SJM,123.79,REJECT,REJECT,"above EMA50, rising EMA50, near EMA50 support, volume contraction",38,48,20,NO TRADE,WEAK,37.0,price<EMA20; EMA20>EMA50; EMA20 falling,1.69,23.3,0.24,4.34,0,False,2.25,176667932.0,123.98,120.46,109.46,119.54,135.89,106.11,135.89,86.47,135.89,136.11,RESISTANCE_BREAKOUT,BREAKOUT,0.16,,,0,,,0,False,False,131.44,ATR_FALLBACK,131.94,3.06,3.43,119.54,119.54,142.92,147.0,149.72,2.33,,,False,5.0,147.0,8.0,2.33,False,2.5,9.77,0.0,1393939.0,164423671.0,2.37,True,True,The J.M. Smucker Company Common Stock,0,36.6,UNCLASSIFIED,,0.0,NONE,0.0,0.0,NONE,,True,0,NOT CHECKED,NONE,NEUTRAL,,,,NOT CHECKED,False,NOT CHECKED,NONE,0,,False,36.6,NO TRADE,NOT CHECKED,,,,,,,,,False,,,False,,,,False,,,,False,NONE,False,False,0,,,,NOT CHECKED,NO LIVE SIGNAL,BAR_PROXY,0.0,NO DATA,,,,,,,,36.6,False
IOT,39.84,DISCOVER,DISCOVER,"20/50 uptrend, rising EMA50, volume contraction",40,50,35,WATCHLIST,WEAK,37.0,price<EMA20; EMA20>EMA50; EMA20 falling,2.55,44.3,0.17,11.8,1,True,6.2,303647070.0,39.8,38.34,35.48,36.67,45.12,28.77,45.12,25.1,42.68,45.32,RESISTANCE_BREAKOUT,BREAKOUT,0.44,,,0,,,0,False,False,42.6,ATR_FALLBACK,41.61,8.18,6.0,37.76,36.67,47.58,48.94,49.85,1.33,,,False,5.0,48.94,8.0,1.33,False,2.5,13.25,0.0,7604257.0,226136573.0,5.46,True,True,Samsara Inc. Class A Common Stock,2,36.5,UNCLASSIFIED,,0.0,NONE,0.0,0.0,NONE,,True,0,NOT CHECKED,NONE,NEUTRAL,,,,NOT CHECKED,False,NOT CHECKED,NONE,0,,False,36.5,WATCHLIST,NOT CHECKED,,,,,,,,,False,,,False,,,,False,,,,False,NONE,False,False,0,,,,NOT CHECKED,NO LIVE SIGNAL,BAR_PROXY,0.0,NO DATA,,,,,,,,36.5,True
APA,45.22,REJECT,REJECT,"20/50 uptrend, rising EMA50",34,50,35,NO TRADE,WEAK,37.0,price<EMA20; EMA20>EMA50; EMA20 falling,4.98,61.3,0.45,9.01,0,False,3.49,224298925.0,43.68,40.93,34.98,40.46,47.44,31.55,46.1,29.78,45.05,47.57,RESISTANCE_BREAKOUT,BREAKOUT,0.27,,,0,,,0,False,False,44.91,ATR_FALLBACK,45.2,4.98,5.57,43.94,42.73,49.94,51.37,52.32,1.44,,,False,5.0,51.37,8.0,1.44,False,2.5,4.92,0.0,5097748.0,198437798.0,3.18,True,True,APA Corporation - Common Stock,0,36.5,UNCLASSIFIED,,0.0,NONE,0.0,0.0,NONE,,True,0,NOT CHECKED,NONE,NEUTRAL,,,,NOT CHECKED,False,NOT CHECKED,NONE,0,,False,36.5,NO TRADE,NOT CHECKED,,,,,,,,,False,,,False,,,,False,,,,False,NONE,False,False,0,,,,NOT CHECKED,NO LIVE SIGNAL,BAR_PROXY,0.0,NO DATA,,,,,,,,36.5,False
EQX,12.16,DISCOVER,DISCOVER,"above EMA50, rising EMA50, near EMA200 pivot, volume contraction, low-volume pullback",46,52,35,WATCHLIST,WEAK,37.0,price<EMA20; EMA20>EMA50; EMA20 falling,-2.99,37.6,0.59,10.79,1,True,4.88,146358352.0,12.24,11.78,12.18,11.42,14.08,8.47,14.08,8.47,18.86,14.13,RESISTANCE_BREAKOUT,BREAKOUT,0.34,,,0,,,0,False,False,13.28,ATR_FALLBACK,13.24,6.3,6.0,11.42,11.42,14.83,15.26,15.54,1.33,18.86,33.51,True,5.0,15.26,8.0,1.33,False,2.5,15.74,0.0,11401890.0,144029953.0,3.54,True,True,Equinox Gold Corp. Common Shares,2,36.3,UNCLASSIFIED,,0.0,NONE,0.0,0.0,NONE,,True,0,NOT CHECKED,NONE,NEUTRAL,,,,NOT CHECKED,False,NOT CHECKED,NONE,0,,False,36.3,WATCHLIST,NOT CHECKED,,,,,,,,,False,,,False,,,,False,,,,False,NONE,False,False,0,,,,NOT CHECKED,NO LIVE SIGNAL,BAR_PROXY,0.0,NO DATA,,,,,,,,36.3,True
LUMN,6.61,REJECT,REJECT,"rising EMA50, near EMA50 support, tight range",32,52,55,NO TRADE,WEAK,37.0,price<EMA20; EMA20>EMA50; EMA20 falling,8.66,61.3,0.43,6.74,0,False,5.95,77255585.0,6.6,6.73,7.29,5.65,7.27,5.65,8.5,5.65,11.3,7.3,RESISTANCE_BREAKOUT,BREAKOUT,0.43,,,0,,,0,False,False,6.86,ATR_FALLBACK,6.71,8.08,6.0,6.6,6.4,7.67,7.89,8.03,1.33,8.5,16.42,True,5.0,7.89,8.0,1.33,False,2.5,10.07,0.0,11888188.0,76814319.0,5.29,True,True,"Lumen Technologies, Inc. Common Stock",0,36.3,UNCLASSIFIED,,0.0,NONE,0.0,0.0,NONE,,True,0,NOT CHECKED,NONE,NEUTRAL,,,,NOT CHECKED,False,NOT CHECKED,NONE,0,,False,36.3,NO TRADE,NOT CHECKED,,,,,,,,,False,,,False,,,,False,,,,False,NONE,False,False,0,,,,NOT CHECKED,NO LIVE SIGNAL,BAR_PROXY,0.0,NO DATA,,,,,,,,36.3,False
PEGA,35.86,REJECT,REJECT,"20/50 uptrend, rising EMA50",34,48,35,NO TRADE,WEAK,37.0,price<EMA20; EMA20>EMA50; EMA20 falling,6.92,49.9,0.43,6.83,0,False,4.15,79883078.0,35.78,34.34,39.69,33.05,38.96,25.04,38.96,25.04,48.18,39.08,RESISTANCE_BREAKOUT,BREAKOUT,0.31,,,0,,,0,False,False,36.73,ATR_FALLBACK,36.85,5.71,6.0,34.64,34.64,41.03,42.21,42.99,1.33,48.18,23.3,True,5.0,42.21,8.0,1.33,False,2.5,8.64,0.0,2205820.0,79793233.0,3.57,True,True,Pegasystems Inc. - Common Stock,0,36.2,UNCLASSIFIED,,0.0,NONE,0.0,0.0,NONE,,True,0,NOT CHECKED,NONE,NEUTRAL,,,,NOT CHECKED,False,NOT CHECKED,NONE,0,,False,36.2,NO TRADE,NOT CHECKED,,,,,,,,,False,,,False,,,,False,,,,False,NONE,False,False,0,,,,NOT CHECKED,NO LIVE SIGNAL,BAR_PROXY,0.0,NO DATA,,,,,,,,36.2,False
COLB,30.11,DISCOVER,DISCOVER,"near EMA50 support, tight range, volume contraction, low-volume pullback",42,48,20,WATCHLIST,WEAK,37.0,price<EMA20; EMA20>EMA50; EMA20 falling,-0.99,47.7,0.28,2.59,0,False,2.32,80390963.0,30.27,30.52,29.1,29.18,30.91,29.22,33.27,25.05,33.27,30.97,RESISTANCE_BREAKOUT,BREAKOUT,0.18,,,0,,,0,False,False,30.39,EMA50,30.52,1.45,1.86,29.18,29.18,32.51,33.44,34.06,4.31,33.27,7.45,True,5.0,33.27,7.45,4.01,True,2.5,6.14,0.0,2669782.0,78785525.0,2.07,True,True,"Columbia Banking System, Inc. - Common Stock",2,36.1,UNCLASSIFIED,,0.0,NONE,0.0,0.0,NONE,,True,0,NOT CHECKED,NONE,NEUTRAL,,,,NOT CHECKED,False,NOT CHECKED,NONE,0,,False,36.1,WATCHLIST,NOT CHECKED,,,,,,,,,False,,,False,,,,False,,,,False,NONE,False,False,0,,,,NOT CHECKED,NO LIVE SIGNAL,BAR_PROXY,0.0,NO DATA,,,,,,,,36.1,False
OR,36.89,REJECT,REJECT,"20/50 uptrend, rising EMA50",34,48,35,NO TRADE,WEAK,37.0,price<EMA20; EMA20>EMA50; EMA20 falling,6.62,41.0,0.6,8.02,0,False,3.63,37662014.0,35.95,34.74,35.54,34.5,39.13,27.54,39.13,27.54,47.64,39.24,RESISTANCE_BREAKOUT,BREAKOUT,0.27,,,0,,,0,False,False,36.99,ATR_FALLBACK,37.23,5.12,5.74,34.62,34.62,41.2,42.38,43.16,1.39,47.64,21.41,True,5.0,42.38,8.0,1.39,False,2.5,6.07,0.0,1022185.0,36005113.0,3.29,True,True,OR Royalties Inc. Common Shares,0,36.1,UNCLASSIFIED,,0.0,NONE,0.0,0.0,NONE,,True,0,NOT CHECKED,NONE,NEUTRAL,,,,NOT CHECKED,False,NOT CHECKED,NONE,0,,False,36.1,NO TRADE,NOT CHECKED,,,,,,,,,False,,,False,,,,False,,,,False,NONE,False,False,0,,,,NOT CHECKED,NO LIVE SIGNAL,BAR_PROXY,0.0,NO DATA,,,,,,,,36.1,False
DUOL,145.39,REJECT,REJECT,"above EMA50, rising EMA50, near EMA200 pivot",36,52,35,NO TRADE,WEAK,37.0,price<EMA20; EMA20>EMA50; EMA20 falling,0.48,52.0,0.31,7.28,0,False,5.31,160354161.0,146.66,139.68,148.4,137.3,167.38,112.02,167.38,87.89,151.0,168.0,RESISTANCE_BREAKOUT,BREAKOUT,0.37,,,0,,,0,False,False,157.92,ATR_FALLBACK,156.42,6.89,6.0,137.3,137.3,176.4,181.44,184.8,1.33,,,False,5.0,181.44,8.0,1.33,False,2.5,15.12,0.0,1071969.0,155924894.0,4.35,True,True,"Duolingo, Inc. - Class A Common Stock",0,36.0,UNCLASSIFIED,,0.0,NONE,0.0,0.0,NONE,,True,0,NOT CHECKED,NONE,NEUTRAL,,,,NOT CHECKED,False,NOT CHECKED,NONE,0,,False,36.0,NO TRADE,NOT CHECKED,,,,,,,,,False,,,False,,,,False,,,,False,NONE,False,False,0,,,,NOT CHECKED,NO LIVE SIGNAL,BAR_PROXY,0.0,NO DATA,,,,,,,,36.0,False
OPLN,34.25,REJECT,REJECT,"near EMA200 pivot, tight range, volume contraction, low-volume pullback",38,48,20,NO TRADE,WEAK,37.0,price<EMA20; EMA20>EMA50; EMA20 falling,0.42,39.9,0.24,2.81,0,False,2.52,37438691.0,35.21,36.13,33.9,33.11,35.92,33.11,42.9,26.3,42.9,35.99,RESISTANCE_BREAKOUT,BREAKOUT,0.19,,,0,,,0,False,False,35.06,EMA20,35.21,2.16,2.59,34.56,34.44,37.79,38.87,39.59,3.09,42.9,19.2,True,5.0,38.87,8.0,3.09,True,2.5,4.88,0.0,1075302.0,35489584.0,2.38,True,True,"OPENLANE, Inc. Common Stock",0,36.0,UNCLASSIFIED,,0.0,NONE,0.0,0.0,NONE,,True,0,NOT CHECKED,NONE,NEUTRAL,,,,NOT CHECKED,False,NOT CHECKED,NONE,0,,False,36.0,NO TRADE,NOT CHECKED,,,,,,,,,False,,,False,,,,False,,,,False,NONE,False,False,0,,,,NOT CHECKED,NO LIVE SIGNAL,BAR_PROXY,0.0,NO DATA,,,,,,,,36.0,False
PSNL,16.22,REJECT,REJECT,"20/50 uptrend, rising EMA50, volume contraction, low-volume pullback",36,46,20,NO TRADE,WEAK,37.0,price<EMA20; EMA20>EMA50; EMA20 falling,3.51,40.4,0.78,13.66,1,True,3.27,60910321.0,16.17,14.89,11.02,15.91,18.89,9.65,18.89,4.95,18.89,18.93,RESISTANCE_BREAKOUT,BREAKOUT,0.22,,,0,,,0,False,False,18.04,ATR_FALLBACK,18.14,4.2,4.7,15.91,15.91,19.88,20.45,20.83,1.7,,,False,5.0,20.45,8.0,1.7,False,2.5,16.46,0.0,3594736.0,44381434.0,4.08,True,True,"Personalis, Inc. - Common Stock",0,35.9,UNCLASSIFIED,,0.0,NONE,0.0,0.0,NONE,,True,0,NOT CHECKED,NONE,NEUTRAL,,,,NOT CHECKED,False,NOT CHECKED,NONE,0,,False,35.9,NO TRADE,NOT CHECKED,,,,,,,,,False,,,False,,,,False,,,,False,NONE,False,False,0,,,,NOT CHECKED,NO LIVE SIGNAL,BAR_PROXY,0.0,NO DATA,,,,,,,,35.9,True
MUR,37.88,REJECT,REJECT,"20/50 uptrend, rising EMA50",34,50,35,NO TRADE,WEAK,37.0,price<EMA20; EMA20>EMA50; EMA20 falling,3.66,58.5,0.37,6.35,0,False,3.7,55486195.0,37.52,36.77,34.75,33.79,40.69,31.15,39.8,31.15,42.53,40.8,RESISTANCE_BREAKOUT,BREAKOUT,0.28,,,0,,,0,False,False,38.45,ATR_FALLBACK,38.7,5.15,5.77,37.75,36.15,42.84,44.07,44.88,1.39,42.53,4.24,False,5.0,42.53,4.24,0.74,False,2.5,7.42,0.0,1479353.0,54338792.0,3.34,True,True,Murphy Oil Corporation Common Stock,0,35.9,UNCLASSIFIED,,0.0,NONE,0.0,0.0,NONE,,True,0,NOT CHECKED,NONE,NEUTRAL,,,,NOT CHECKED,False,NOT CHECKED,NONE,0,,False,35.9,NO TRADE,NOT CHECKED,,,,,,,,,False,,,False,,,,False,,,,False,NONE,False,False,0,,,,NOT CHECKED,NO LIVE SIGNAL,BAR_PROXY,0.0,NO DATA,,,,,,,,35.9,False
INTC,111.03,REJECT,REJECT,"above EMA50, rising EMA50",18,42,35,NO TRADE,WEAK,37.0,price<EMA20; EMA20>EMA50; EMA20 falling,20.56,69.4,1.07,9.88,0,False,5.08,8705273295.0,98.44,98.95,81.51,85.14,106.69,81.79,142.35,40.63,142.35,111.03,RESISTANCE_BREAKOUT,BREAKOUT,4.07,,,0,,,0,False,False,104.37,ATR_FALLBACK,102.58,7.61,6.0,94.52,87.5,116.58,119.91,122.13,1.33,142.35,28.21,True,5.0,119.91,8.0,1.33,False,2.5,-3.91,4.07,90755426.0,8356311421.0,4.18,True,True,Intel Corporation - Common Stock,0,35.7,UNCLASSIFIED,,0.0,NONE,0.0,0.0,NONE,,True,0,NOT CHECKED,NONE,NEUTRAL,,,,NOT CHECKED,False,NOT CHECKED,NONE,0,,False,35.7,NO TRADE,NOT CHECKED,,,,,,,,,False,,,False,,,,False,,,,False,NONE,False,False,0,,,,NOT CHECKED,NO LIVE SIGNAL,BAR_PROXY,0.0,NO DATA,,,,,,,,35.7,False
DINO,115.78,REJECT,REJECT,"20/50 uptrend, rising EMA50",26,44,55,NO TRADE,WEAK,37.0,price<EMA20; EMA20>EMA50; EMA20 falling,23.28,90.3,0.49,4.99,0,False,3.74,238673680.0,104.73,94.92,73.55,91.38,114.79,63.43,112.17,49.66,102.98,115.78,RESISTANCE_BREAKOUT,BREAKOUT,0.86,,,0,,,0,False,False,108.83,ATR_FALLBACK,109.29,5.6,6.0,105.23,103.12,121.57,125.04,127.36,1.33,,,False,5.0,125.04,8.0,1.33,False,2.5,-0.86,0.86,2295594.0,234611254.0,4.07,True,True,HF Sinclair Corporation Common Stock,0,35.6,UNCLASSIFIED,,0.0,NONE,0.0,0.0,NONE,,True,0,NOT CHECKED,NONE,NEUTRAL,,,,NOT CHECKED,False,NOT CHECKED,NONE,0,,False,35.6,NO TRADE,NOT CHECKED,,,,,,,,,False,,,False,,,,False,,,,False,NONE,False,False,0,,,,NOT CHECKED,NO LIVE SIGNAL,BAR_PROXY,0.0,NO DATA,,,,,,,,35.6,False
IOVA,10.19,REJECT,REJECT,"20/50 uptrend, rising EMA50",26,44,55,NO TRADE,WEAK,37.0,price<EMA20; EMA20>EMA50; EMA20 falling,28.51,75.9,1.07,43.09,3,True,4.85,127189311.0,8.53,7.14,4.73,7.66,9.93,3.76,9.36,3.18,9.36,10.19,RESISTANCE_BREAKOUT,BREAKOUT,2.67,,,0,,,0,False,False,9.58,ATR_FALLBACK,9.45,7.27,6.0,8.04,8.04,10.7,11.01,11.21,1.33,,,False,5.0,11.01,8.0,1.33,False,2.5,-2.6,2.67,14508588.0,102200989.0,6.32,True,True,"Iovance Biotherapeutics, Inc. - Common Stock",0,35.6,UNCLASSIFIED,,0.0,NONE,0.0,0.0,NONE,,True,0,NOT CHECKED,NONE,NEUTRAL,,,,NOT CHECKED,False,NOT CHECKED,NONE,0,,False,35.6,NO TRADE,NOT CHECKED,,,,,,,,,False,,,False,,,,False,,,,False,NONE,False,False,0,,,,NOT CHECKED,NO LIVE SIGNAL,BAR_PROXY,0.0,NO DATA,,,,,,,,35.6,True
CVI,54.16,REJECT,REJECT,"20/50 uptrend, rising EMA50",26,44,55,NO TRADE,WEAK,37.0,price<EMA20; EMA20>EMA50; EMA20 falling,48.49,93.7,0.35,10.27,1,True,5.01,50241289.0,45.55,39.95,33.86,35.79,53.93,25.97,52.4,24.16,43.47,54.16,RESISTANCE_BREAKOUT,BREAKOUT,0.43,,,0,,,0,False,False,50.91,ATR_FALLBACK,50.09,7.52,6.0,47.47,42.11,56.87,58.49,59.58,1.33,,,False,5.0,58.49,8.0,1.33,False,2.5,-0.42,0.43,1124297.0,48478614.0,5.69,True,True,CVR Energy Inc. Common Stock,0,35.6,UNCLASSIFIED,,0.0,NONE,0.0,0.0,NONE,,True,0,NOT CHECKED,NONE,NEUTRAL,,,,NOT CHECKED,False,NOT CHECKED,NONE,0,,False,35.6,NO TRADE,NOT CHECKED,,,,,,,,,False,,,False,,,,False,,,,False,NONE,False,False,0,,,,NOT CHECKED,NO LIVE SIGNAL,BAR_PROXY,0.0,NO DATA,,,,,,,,35.6,True
NAT,8.18,REJECT,REJECT,"20/50 uptrend, rising EMA50",26,44,55,NO TRADE,WEAK,37.0,price<EMA20; EMA20>EMA50; EMA20 falling,21.86,94.4,0.75,4.4,0,False,3.33,31661179.0,7.15,6.59,5.3,6.17,8.13,5.29,7.5,4.53,6.93,8.18,RESISTANCE_BREAKOUT,BREAKOUT,0.55,,,0,,,0,False,False,7.72,ATR_FALLBACK,7.77,5.0,5.6,7.0,6.61,8.58,8.83,8.99,1.43,,,False,5.0,8.83,8.0,1.43,False,2.5,-0.55,0.55,4494499.0,29302202.0,3.86,True,True,Nordic American Tankers Limited Common Stock,0,35.6,UNCLASSIFIED,,0.0,NONE,0.0,0.0,NONE,,True,0,NOT CHECKED,NONE,NEUTRAL,,,,NOT CHECKED,False,NOT CHECKED,NONE,0,,False,35.6,NO TRADE,NOT CHECKED,,,,,,,,,False,,,False,,,,False,,,,False,NONE,False,False,0,,,,NOT CHECKED,NO LIVE SIGNAL,BAR_PROXY,0.0,NO DATA,,,,,,,,35.6,False
COP,132.79,REJECT,REJECT,"above EMA50, rising EMA50",34,50,35,NO TRADE,WEAK,37.0,price<EMA20; EMA20>EMA50; EMA20 falling,2.61,55.9,0.64,4.61,0,False,2.66,855780719.0,133.34,127.1,114.55,128.0,141.62,102.01,138.89,102.01,135.88,141.9,RESISTANCE_BREAKOUT,BREAKOUT,0.2,,,0,,,0,False,False,133.39,EMA20,133.34,6.03,6.0,132.38,132.38,149.0,153.25,156.09,1.33,,,False,5.0,153.25,8.0,1.33,False,2.5,6.65,0.0,6361655.0,807664593.0,2.2,True,True,ConocoPhillips Common Stock,0,35.4,UNCLASSIFIED,,0.0,NONE,0.0,0.0,NONE,,True,0,NOT CHECKED,NONE,NEUTRAL,,,,NOT CHECKED,False,NOT CHECKED,NONE,0,,False,35.4,NO TRADE,NOT CHECKED,,,,,,,,,False,,,False,,,,False,,,,False,NONE,False,False,0,,,,NOT CHECKED,NO LIVE SIGNAL,BAR_PROXY,0.0,NO DATA,,,,,,,,35.4,False
FOX,58.77,DISCOVER,DISCOVER,"above EMA50, rising EMA50, volume contraction, low-volume pullback",44,50,35,WATCHLIST,WEAK,37.0,price<EMA20; EMA20>EMA50; EMA20 falling,-1.29,45.5,0.35,6.07,0,False,2.89,60838628.0,58.97,57.06,55.64,56.21,62.62,43.86,62.62,43.86,62.62,62.76,RESISTANCE_BREAKOUT,BREAKOUT,0.22,,,0,,,0,False,False,58.99,EMA20,58.97,6.03,6.0,56.21,56.21,65.89,67.78,69.03,1.33,,,False,5.0,67.78,8.0,1.33,False,2.5,6.55,0.0,1018623.0,58768257.0,2.48,True,True,Fox Corporation - Class B Common Stock,2,35.4,UNCLASSIFIED,,0.0,NONE,0.0,0.0,NONE,,True,0,NOT CHECKED,NONE,NEUTRAL,,,,NOT CHECKED,False,NOT CHECKED,NONE,0,,False,35.4,WATCHLIST,NOT CHECKED,,,,,,,,,False,,,False,,,,False,,,,False,NONE,False,False,0,,,,NOT CHECKED,NO LIVE SIGNAL,BAR_PROXY,0.0,NO DATA,,,,,,,,35.4,False
VLO,410.72,REJECT,REJECT,"20/50 uptrend, rising EMA50",26,44,55,NO TRADE,WEAK,37.0,price<EMA20; EMA20>EMA50; EMA20 falling,19.53,87.2,0.66,5.58,0,False,3.31,1012712579.0,373.12,339.46,264.08,335.0,407.27,233.05,399.26,205.71,362.79,410.72,RESISTANCE_BREAKOUT,BREAKOUT,0.85,,,0,,,0,False,False,387.91,ATR_FALLBACK,390.35,4.96,5.55,375.1,359.52,431.26,443.58,451.79,1.44,,,False,5.0,443.58,8.0,1.44,False,2.5,-0.84,0.85,2715544.0,1016189900.0,3.28,True,True,Valero Energy Corporation Common Stock,0,35.3,UNCLASSIFIED,,0.0,NONE,0.0,0.0,NONE,,True,0,NOT CHECKED,NONE,NEUTRAL,,,,NOT CHECKED,False,NOT CHECKED,NONE,0,,False,35.3,NO TRADE,NOT CHECKED,,,,,,,,,False,,,False,,,,False,,,,False,NONE,False,False,0,,,,NOT CHECKED,NO LIVE SIGNAL,BAR_PROXY,0.0,NO DATA,,,,,,,,35.3,False
TENB,36.77,REJECT,REJECT,"20/50 uptrend, rising EMA50",34,48,35,NO TRADE,WEAK,37.0,price<EMA20; EMA20>EMA50; EMA20 falling,5.14,47.8,0.24,16.51,2,True,6.68,201269098.0,35.1,34.37,29.38,29.97,38.89,25.73,43.67,15.73,43.67,39.09,RESISTANCE_BREAKOUT,BREAKOUT,0.51,,,0,,,0,False,False,36.74,ATR_FALLBACK,35.4,9.43,6.0,29.97,29.97,41.04,42.21,43.0,1.33,43.67,11.73,True,5.0,42.21,8.0,1.33,False,2.5,5.77,0.0,5737927.0,134019019.0,6.42,True,True,"Tenable Holdings, Inc. - Common Stock",0,35.3,UNCLASSIFIED,,0.0,NONE,0.0,0.0,NONE,,True,0,NOT CHECKED,NONE,NEUTRAL,,,,NOT CHECKED,False,NOT CHECKED,NONE,0,,False,35.3,NO TRADE,NOT CHECKED,,,,,,,,,False,,,False,,,,False,,,,False,NONE,False,False,0,,,,NOT CHECKED,NO LIVE SIGNAL,BAR_PROXY,0.0,NO DATA,,,,,,,,35.3,True
VISN,6.5,DISCOVER,DISCOVER,"near EMA50 support, tight range, volume contraction, low-volume pullback",42,52,55,WATCHLIST,WEAK,37.0,price<EMA20; EMA20>EMA50; EMA20 falling,2.72,46.8,0.27,8.32,0,False,4.46,56544549.0,6.47,6.54,6.05,6.0,6.85,5.73,7.42,4.62,7.54,6.87,RESISTANCE_BREAKOUT,BREAKOUT,0.34,,,0,,,0,False,False,6.49,EMA50,6.54,4.78,5.54,6.32,6.2,7.22,7.42,7.56,1.44,7.42,7.91,True,5.0,7.42,7.91,1.43,False,2.5,5.38,0.0,8911468.0,45754895.0,3.83,True,True,"Vistance Networks, Inc.  - Common Stock",2,35.3,UNCLASSIFIED,,0.0,NONE,0.0,0.0,NONE,,True,0,NOT CHECKED,NONE,NEUTRAL,,,,NOT CHECKED,False,NOT CHECKED,NONE,0,,False,35.3,WATCHLIST,NOT CHECKED,,,,,,,,,False,,,False,,,,False,,,,False,NONE,False,False,0,,,,NOT CHECKED,NO LIVE SIGNAL,BAR_PROXY,0.0,NO DATA,,,,,,,,35.3,False
COIN,172.04,REJECT,REJECT,"above EMA50, rising EMA50, near EMA50 support",32,46,35,NO TRADE,WEAK,37.0,price<EMA20; EMA20>EMA50; EMA20 falling,8.31,42.6,0.56,10.14,1,True,7.12,1913916438.0,174.48,170.46,197.26,161.18,195.85,139.11,195.85,139.11,222.35,196.83,RESISTANCE_BREAKOUT,BREAKOUT,0.5,,,0,,,0,False,False,185.02,ATR_FALLBACK,178.46,9.33,6.0,161.18,161.18,206.67,212.58,216.51,1.33,222.35,12.97,True,5.0,212.58,8.0,1.33,False,2.5,13.84,0.0,10614871.0,1775886007.0,5.76,True,True,"Coinbase Global, Inc. - Class A Common Stock",0,35.2,UNCLASSIFIED,,0.0,NONE,0.0,0.0,NONE,,True,0,NOT CHECKED,NONE,NEUTRAL,,,,NOT CHECKED,False,NOT CHECKED,NONE,0,,False,35.2,NO TRADE,NOT CHECKED,,,,,,,,,False,,,False,,,,False,,,,False,NONE,False,False,0,,,,NOT CHECKED,NO LIVE SIGNAL,BAR_PROXY,0.0,NO DATA,,,,,,,,35.2,True
EL,94.07,DISCOVER,DISCOVER,"above EMA50, rising EMA50, near EMA50 support, volume contraction, low-volume pullback",42,48,20,WATCHLIST,WEAK,37.0,price<EMA20; EMA20>EMA50; EMA20 falling,-2.78,25.0,0.24,16.3,1,True,3.36,325448060.0,97.14,92.94,89.61,94.1,108.01,76.57,108.01,65.74,108.01,108.27,RESISTANCE_BREAKOUT,BREAKOUT,0.23,,,0,,,0,False,False,102.96,ATR_FALLBACK,103.53,4.37,4.9,94.45,94.45,113.68,116.93,119.09,1.63,,,False,5.0,116.93,8.0,1.63,False,2.5,14.83,0.0,3222763.0,306344985.0,3.21,True,True,"Estee Lauder Companies, Inc. (The) Common Stock",2,35.2,UNCLASSIFIED,,0.0,NONE,0.0,0.0,NONE,,True,0,NOT CHECKED,NONE,NEUTRAL,,,,NOT CHECKED,False,NOT CHECKED,NONE,0,,False,35.2,WATCHLIST,NOT CHECKED,,,,,,,,,False,,,False,,,,False,,,,False,NONE,False,False,0,,,,NOT CHECKED,NO LIVE SIGNAL,BAR_PROXY,0.0,NO DATA,,,,,,,,35.2,True
EBAY,111.06,REJECT,REJECT,"above EMA50, volume contraction",24,44,20,NO TRADE,WEAK,37.0,price<EMA20; EMA20>EMA50; EMA20 falling,9.45,69.1,0.46,3.59,0,False,3.3,442236914.0,106.7,107.11,101.6,99.85,110.63,99.85,117.77,84.74,118.62,111.06,RESISTANCE_BREAKOUT,BREAKOUT,0.39,,,0,,,0,False,False,106.45,EMA50,107.11,3.55,4.15,102.94,99.85,116.61,119.94,122.17,1.93,117.77,6.04,True,5.0,117.77,6.04,1.46,False,2.5,-0.39,0.39,4192320.0,400340610.0,2.99,True,True,eBay Inc. - Common Stock,0,35.1,UNCLASSIFIED,,0.0,NONE,0.0,0.0,NONE,,True,0,NOT CHECKED,NONE,NEUTRAL,,,,NOT CHECKED,False,NOT CHECKED,NONE,0,,False,35.1,NO TRADE,NOT CHECKED,,,,,,,,,False,,,False,,,,False,,,,False,NONE,False,False,0,,,,NOT CHECKED,NO LIVE SIGNAL,BAR_PROXY,0.0,NO DATA,,,,,,,,35.1,False
B,43.65,DISCOVER,DISCOVER,"20/50 uptrend, rising EMA50, volume contraction, low-volume pullback",44,50,35,WATCHLIST,WEAK,37.0,price<EMA20; EMA20>EMA50; EMA20 falling,-1.99,36.5,0.38,7.22,0,False,3.39,431323466.0,43.63,42.25,40.21,41.88,48.95,33.9,48.95,33.9,50.87,49.07,RESISTANCE_BREAKOUT,BREAKOUT,0.24,,,0,,,0,False,False,46.58,ATR_FALLBACK,46.85,4.52,5.06,41.88,41.88,51.52,53.0,53.98,1.58,50.87,3.67,False,5.0,50.87,3.67,0.72,False,2.5,12.15,0.0,9537726.0,403820129.0,2.79,True,True,Barrick Mining Corporation Common Shares,2,35.1,UNCLASSIFIED,,0.0,NONE,0.0,0.0,NONE,,True,0,NOT CHECKED,NONE,NEUTRAL,,,,NOT CHECKED,False,NOT CHECKED,NONE,0,,False,35.1,WATCHLIST,NOT CHECKED,,,,,,,,,False,,,False,,,,False,,,,False,NONE,False,False,0,,,,NOT CHECKED,NO LIVE SIGNAL,BAR_PROXY,0.0,NO DATA,,,,,,,,35.1,False
BRKR,63.92,REJECT,REJECT,"20/50 uptrend, rising EMA50",26,46,35,NO TRADE,WEAK,37.0,price<EMA20; EMA20>EMA50; EMA20 falling,9.9,58.8,0.65,8.83,0,False,4.46,120061764.0,57.55,57.06,49.47,51.54,61.72,48.63,65.3,32.29,65.3,63.92,RESISTANCE_BREAKOUT,BREAKOUT,3.56,,,0,,,0,False,False,60.08,ATR_FALLBACK,59.65,6.69,6.0,51.54,51.54,67.12,69.03,70.31,1.33,65.3,2.16,False,5.0,65.3,2.16,0.36,False,2.5,-3.25,3.36,2092715.0,110905618.0,4.49,True,True,Bruker Corporation - Common Stock,0,34.8,UNCLASSIFIED,,0.0,NONE,0.0,0.0,NONE,,True,0,NOT CHECKED,NONE,NEUTRAL,,,,NOT CHECKED,False,NOT CHECKED,NONE,0,,False,34.8,NO TRADE,NOT CHECKED,,,,,,,,,False,,,False,,,,False,,,,False,NONE,False,False,0,,,,NOT CHECKED,NO LIVE SIGNAL,BAR_PROXY,0.0,NO DATA,,,,,,,,34.8,False
SNOW,337.55,REJECT,REJECT,"20/50 uptrend, rising EMA50, volume contraction",32,48,35,NO TRADE,WEAK,37.0,price<EMA20; EMA20>EMA50; EMA20 falling,4.77,53.1,0.48,16.55,1,True,5.48,1791662126.0,327.62,306.45,246.11,303.89,384.56,217.48,384.56,118.3,341.95,386.04,RESISTANCE_BREAKOUT,BREAKOUT,0.39,,,0,,,0,False,False,362.88,ATR_FALLBACK,358.27,7.19,6.0,317.45,303.89,405.34,416.92,424.65,1.33,,,False,5.0,416.92,8.0,1.33,False,2.5,13.93,0.0,5398618.0,1311816339.0,4.26,True,True,Snowflake Inc. Common Stock,0,34.7,UNCLASSIFIED,,0.0,NONE,0.0,0.0,NONE,,True,0,NOT CHECKED,NONE,NEUTRAL,,,,NOT CHECKED,False,NOT CHECKED,NONE,0,,False,34.7,NO TRADE,NOT CHECKED,,,,,,,,,False,,,False,,,,False,,,,False,NONE,False,False,0,,,,NOT CHECKED,NO LIVE SIGNAL,BAR_PROXY,0.0,NO DATA,,,,,,,,34.7,True
MPC,422.45,REJECT,REJECT,"20/50 uptrend, rising EMA50",26,44,55,NO TRADE,WEAK,37.0,price<EMA20; EMA20>EMA50; EMA20 falling,18.02,90.4,0.5,7.42,0,False,3.13,924163797.0,385.6,349.34,270.72,347.67,419.39,239.34,409.11,200.85,376.56,422.45,RESISTANCE_BREAKOUT,BREAKOUT,0.73,,,0,,,0,False,False,400.24,ATR_FALLBACK,402.62,4.69,5.26,388.16,379.1,443.57,456.25,464.7,1.52,,,False,5.0,456.25,8.0,1.52,False,2.5,-0.72,0.73,2410584.0,869115393.0,3.11,True,True,Marathon Petroleum Corporation Common Stock,0,34.6,UNCLASSIFIED,,0.0,NONE,0.0,0.0,NONE,,True,0,NOT CHECKED,NONE,NEUTRAL,,,,NOT CHECKED,False,NOT CHECKED,NONE,0,,False,34.6,NO TRADE,NOT CHECKED,,,,,,,,,False,,,False,,,,False,,,,False,NONE,False,False,0,,,,NOT CHECKED,NO LIVE SIGNAL,BAR_PROXY,0.0,NO DATA,,,,,,,,34.6,False
CLS,332.15,REJECT,REJECT,near EMA50 support,22,46,35,NO TRADE,WEAK,37.0,price<EMA20; EMA20>EMA50; EMA20 falling,11.13,54.3,0.65,11.55,1,True,5.88,635067813.0,319.68,326.46,324.78,273.8,353.0,273.8,378.99,244.51,474.03,354.56,RESISTANCE_BREAKOUT,BREAKOUT,0.44,,,0,,,0,False,False,333.29,ATR_FALLBACK,325.26,8.26,6.0,313.0,273.8,372.29,382.93,390.02,1.33,378.99,6.89,True,5.0,378.99,6.89,1.15,False,2.5,6.28,0.0,2031821.0,544631225.0,4.74,True,True,"Celestica, Inc. Common Stock",0,34.6,UNCLASSIFIED,,0.0,NONE,0.0,0.0,NONE,,True,0,NOT CHECKED,NONE,NEUTRAL,,,,NOT CHECKED,False,NOT CHECKED,NONE,0,,False,34.6,NO TRADE,NOT CHECKED,,,,,,,,,False,,,False,,,,False,,,,False,NONE,False,False,0,,,,NOT CHECKED,NO LIVE SIGNAL,BAR_PROXY,0.0,NO DATA,,,,,,,,34.6,True
PSX,271.94,REJECT,REJECT,"20/50 uptrend, rising EMA50",26,44,40,NO TRADE,WEAK,37.0,price<EMA20; EMA20>EMA50; EMA20 falling,13.15,85.7,0.54,5.69,0,False,2.82,665466469.0,252.29,231.08,185.91,233.55,267.29,163.94,265.43,151.67,250.66,271.94,RESISTANCE_BREAKOUT,BREAKOUT,1.74,,,0,,,0,False,False,259.04,ATR_FALLBACK,260.42,4.23,4.74,253.41,248.0,285.54,293.7,299.13,1.69,,,False,5.0,293.7,8.0,1.69,False,2.5,-1.71,1.74,2638070.0,660027900.0,2.87,True,True,Phillips 66 Common Stock,0,34.4,UNCLASSIFIED,,0.0,NONE,0.0,0.0,NONE,,True,0,NOT CHECKED,NONE,NEUTRAL,,,,NOT CHECKED,False,NOT CHECKED,NONE,0,,False,34.4,NO TRADE,NOT CHECKED,,,,,,,,,False,,,False,,,,False,,,,False,NONE,False,False,0,,,,NOT CHECKED,NO LIVE SIGNAL,BAR_PROXY,0.0,NO DATA,,,,,,,,34.4,False
GPN,86.43,DISCOVER,DISCOVER,"above EMA50, rising EMA50, near EMA50 support, volume contraction, low-volume pullback",42,48,20,WATCHLIST,WEAK,37.0,price<EMA20; EMA20>EMA50; EMA20 falling,-4.61,34.8,0.24,7.12,0,False,3.2,217283450.0,89.09,86.0,78.93,85.41,95.61,63.48,95.61,60.75,95.61,95.83,RESISTANCE_BREAKOUT,BREAKOUT,0.23,,,0,,,0,False,False,91.19,ATR_FALLBACK,91.69,4.32,4.84,85.41,85.41,100.62,103.5,105.41,1.65,,,False,5.0,103.5,8.0,1.65,False,2.5,10.63,0.0,2388139.0,203423058.0,2.76,True,True,Global Payments Inc. Common Stock,2,34.3,UNCLASSIFIED,,0.0,NONE,0.0,0.0,NONE,,True,0,NOT CHECKED,NONE,NEUTRAL,,,,NOT CHECKED,False,NOT CHECKED,NONE,0,,False,34.3,WATCHLIST,NOT CHECKED,,,,,,,,,False,,,False,,,,False,,,,False,NONE,False,False,0,,,,NOT CHECKED,NO LIVE SIGNAL,BAR_PROXY,0.0,NO DATA,,,,,,,,34.3,False
EMBJ,74.3,DISCOVER,DISCOVER,"20/50 uptrend, rising EMA50, tight range",44,50,35,WATCHLIST,WEAK,37.0,price<EMA20; EMA20>EMA50; EMA20 falling,-3.52,44.1,0.33,3.6,0,False,2.86,84938484.0,73.91,71.37,65.96,71.29,77.74,59.41,79.76,53.37,79.76,77.91,RESISTANCE_BREAKOUT,BREAKOUT,0.22,,,0,,,0,False,False,73.53,EMA20,73.91,5.13,5.62,72.37,71.96,81.81,84.14,85.7,1.42,79.76,2.37,False,5.0,79.76,2.37,0.42,False,2.5,7.04,0.0,1146595.0,89902073.0,2.73,True,True,Embraer S.A. Common Stock,2,34.3,UNCLASSIFIED,,0.0,NONE,0.0,0.0,NONE,,True,0,NOT CHECKED,NONE,NEUTRAL,,,,NOT CHECKED,False,NOT CHECKED,NONE,0,,False,34.3,WATCHLIST,NOT CHECKED,,,,,,,,,False,,,False,,,,False,,,,False,NONE,False,False,0,,,,NOT CHECKED,NO LIVE SIGNAL,BAR_PROXY,0.0,NO DATA,,,,,,,,34.3,False
SBSW,12.05,REJECT,REJECT,"20/50 uptrend, rising EMA50, volume contraction, low-volume pullback",36,46,35,NO TRADE,WEAK,37.0,price<EMA20; EMA20>EMA50; EMA20 falling,4.88,47.8,0.53,9.75,0,False,4.99,65563628.0,11.98,11.24,11.34,11.35,13.44,7.87,13.44,7.87,16.65,13.49,RESISTANCE_BREAKOUT,BREAKOUT,0.36,,,0,,,0,False,False,12.68,ATR_FALLBACK,12.59,6.68,6.0,11.36,11.36,14.16,14.57,14.84,1.33,16.65,23.42,True,5.0,14.57,8.0,1.33,False,2.5,11.54,0.0,5309955.0,60054345.0,3.39,True,True,D/B/A Sibanye-Stillwater Limited ADS,0,34.3,UNCLASSIFIED,,0.0,NONE,0.0,0.0,NONE,,True,0,NOT CHECKED,NONE,NEUTRAL,,,,NOT CHECKED,False,NOT CHECKED,NONE,0,,False,34.3,NO TRADE,NOT CHECKED,,,,,,,,,False,,,False,,,,False,,,,False,NONE,False,False,0,,,,NOT CHECKED,NO LIVE SIGNAL,BAR_PROXY,0.0,NO DATA,,,,,,,,34.3,False
ROST,230.7,REJECT,REJECT,"near EMA50 support, tight range, volume contraction",38,50,40,NO TRADE,WEAK,37.0,price<EMA20; EMA20>EMA50; EMA20 falling,-0.59,52.3,0.32,4.39,0,False,2.07,568553223.0,231.07,232.76,213.71,222.15,243.39,205.52,256.5,192.91,256.5,243.77,RESISTANCE_BREAKOUT,BREAKOUT,0.16,,,0,,,0,False,False,231.91,EMA50,232.76,4.52,4.87,222.15,222.15,255.96,263.27,268.15,1.64,256.5,5.22,True,5.0,256.5,5.22,1.07,False,2.5,5.5,0.0,2454624.0,509792208.0,2.28,True,True,"Ross Stores, Inc. - Common Stock",0,33.8,UNCLASSIFIED,,0.0,NONE,0.0,0.0,NONE,,True,0,NOT CHECKED,NONE,NEUTRAL,,,,NOT CHECKED,False,NOT CHECKED,NONE,0,,False,33.8,NO TRADE,NOT CHECKED,,,,,,,,,False,,,False,,,,False,,,,False,NONE,False,False,0,,,,NOT CHECKED,NO LIVE SIGNAL,BAR_PROXY,0.0,NO DATA,,,,,,,,33.8,False
TMO,654.86,REJECT,REJECT,"20/50 uptrend, rising EMA50",26,46,35,NO TRADE,WEAK,37.0,price<EMA20; EMA20>EMA50; EMA20 falling,7.73,60.2,0.92,4.61,0,False,2.32,1127266474.0,617.8,588.7,538.34,594.36,653.4,458.56,646.5,434.5,646.5,654.86,RESISTANCE_BREAKOUT,BREAKOUT,0.22,,,0,,,0,False,False,615.57,EMA20,617.8,5.66,6.0,594.36,594.36,687.6,707.25,720.35,1.33,,,False,5.0,707.25,8.0,1.33,False,2.5,-0.22,0.22,1809158.0,1034160320.0,2.45,True,True,Thermo Fisher Scientific Inc Common Stock,0,33.7,UNCLASSIFIED,,0.0,NONE,0.0,0.0,NONE,,True,0,NOT CHECKED,NONE,NEUTRAL,,,,NOT CHECKED,False,NOT CHECKED,NONE,0,,False,33.7,NO TRADE,NOT CHECKED,,,,,,,,,False,,,False,,,,False,,,,False,NONE,False,False,0,,,,NOT CHECKED,NO LIVE SIGNAL,BAR_PROXY,0.0,NO DATA,,,,,,,,33.7,False
WPM,151.28,REJECT,REJECT,"20/50 uptrend, rising EMA50, volume contraction, low-volume pullback",36,46,35,NO TRADE,WEAK,37.0,price<EMA20; EMA20>EMA50; EMA20 falling,3.66,43.3,0.25,11.1,1,True,4.05,313085646.0,148.94,139.19,128.11,144.03,163.9,101.46,163.9,101.46,165.03,164.39,RESISTANCE_BREAKOUT,BREAKOUT,0.3,,,0,,,0,False,False,154.53,ATR_FALLBACK,155.2,5.59,6.0,144.06,144.06,172.61,177.54,180.83,1.33,165.03,0.39,False,5.0,165.03,0.39,0.07,False,2.5,8.34,0.0,2030663.0,301784116.0,3.24,True,True,Wheaton Precious Metals Corp Common Shares (Canada),0,33.7,UNCLASSIFIED,,0.0,NONE,0.0,0.0,NONE,,True,0,NOT CHECKED,NONE,NEUTRAL,,,,NOT CHECKED,False,NOT CHECKED,NONE,0,,False,33.7,NO TRADE,NOT CHECKED,,,,,,,,,False,,,False,,,,False,,,,False,NONE,False,False,0,,,,NOT CHECKED,NO LIVE SIGNAL,BAR_PROXY,0.0,NO DATA,,,,,,,,33.7,True
SSRM,36.37,REJECT,REJECT,"20/50 uptrend, rising EMA50, volume contraction, low-volume pullback",36,46,35,NO TRADE,WEAK,37.0,price<EMA20; EMA20>EMA50; EMA20 falling,3.71,40.5,0.36,11.64,2,True,4.53,89215094.0,35.78,33.53,29.27,34.15,39.44,24.15,39.44,22.54,39.43,39.57,RESISTANCE_BREAKOUT,BREAKOUT,0.33,,,0,,,0,False,False,37.2,ATR_FALLBACK,37.1,6.25,6.0,34.15,34.15,41.55,42.74,43.53,1.33,,,False,5.0,42.74,8.0,1.33,False,2.5,8.44,0.0,2402967.0,85857278.0,3.69,True,True,SSR Mining Inc. - Common Stock,0,33.7,UNCLASSIFIED,,0.0,NONE,0.0,0.0,NONE,,True,0,NOT CHECKED,NONE,NEUTRAL,,,,NOT CHECKED,False,NOT CHECKED,NONE,0,,False,33.7,NO TRADE,NOT CHECKED,,,,,,,,,False,,,False,,,,False,,,,False,NONE,False,False,0,,,,NOT CHECKED,NO LIVE SIGNAL,BAR_PROXY,0.0,NO DATA,,,,,,,,33.7,True
IAG,20.17,REJECT,REJECT,"20/50 uptrend, rising EMA50, tight range",36,46,35,NO TRADE,WEAK,37.0,price<EMA20; EMA20>EMA50; EMA20 falling,3.22,40.6,0.5,14.29,1,True,4.35,92997170.0,19.83,18.67,17.15,19.15,22.32,13.62,22.32,13.62,24.87,22.39,RESISTANCE_BREAKOUT,BREAKOUT,0.31,,,0,,,0,False,False,21.05,ATR_FALLBACK,21.07,5.89,6.0,19.15,19.15,23.51,24.18,24.63,1.33,24.87,11.07,True,5.0,24.18,8.0,1.33,False,2.5,10.63,0.0,4510499.0,84671954.0,3.55,True,True,Iamgold Corporation Ordinary Shares,0,33.5,UNCLASSIFIED,,0.0,NONE,0.0,0.0,NONE,,True,0,NOT CHECKED,NONE,NEUTRAL,,,,NOT CHECKED,False,NOT CHECKED,NONE,0,,False,33.5,NO TRADE,NOT CHECKED,,,,,,,,,False,,,False,,,,False,,,,False,NONE,False,False,0,,,,NOT CHECKED,NO LIVE SIGNAL,BAR_PROXY,0.0,NO DATA,,,,,,,,33.5,True
ERO,33.18,DISCOVER,DISCOVER,"above EMA50, rising EMA50, near EMA50 support, volume contraction, low-volume pullback",42,48,35,WATCHLIST,WEAK,37.0,price<EMA20; EMA20>EMA50; EMA20 falling,-1.72,30.7,0.39,10.32,1,True,6.55,59317330.0,34.8,33.03,28.67,31.64,40.83,22.93,40.83,22.41,40.83,41.0,RESISTANCE_BREAKOUT,BREAKOUT,0.43,,,0,,,0,False,False,38.54,ATR_FALLBACK,37.74,7.96,6.0,31.64,31.64,43.05,44.28,45.1,1.33,,,False,5.0,44.28,8.0,1.33,False,2.5,23.06,0.0,1609634.0,51595753.0,4.83,True,True,Ero Copper Corp. Common Shares,2,33.5,UNCLASSIFIED,,0.0,NONE,0.0,0.0,NONE,,True,0,NOT CHECKED,NONE,NEUTRAL,,,,NOT CHECKED,False,NOT CHECKED,NONE,0,,False,33.5,WATCHLIST,NOT CHECKED,,,,,,,,,False,,,False,,,,False,,,,False,NONE,False,False,0,,,,NOT CHECKED,NO LIVE SIGNAL,BAR_PROXY,0.0,NO DATA,,,,,,,,33.5,True
AEM,201.57,DISCOVER,DISCOVER,"20/50 uptrend, rising EMA50, tight range, volume contraction",42,48,35,WATCHLIST,WEAK,37.0,price<EMA20; EMA20>EMA50; EMA20 falling,-1.83,39.1,0.42,11.12,1,True,3.83,578014243.0,197.89,186.86,180.07,192.7,223.93,134.08,223.93,134.08,254.05,224.55,RESISTANCE_BREAKOUT,BREAKOUT,0.28,,,0,,,0,False,False,211.59,ATR_FALLBACK,212.98,5.15,5.77,192.7,192.7,235.78,242.51,247.01,1.39,254.05,13.14,True,5.0,242.51,8.0,1.39,False,2.5,11.1,0.0,2794893.0,477423504.0,3.35,True,True,Agnico Eagle Mines Limited Common Stock,2,33.4,UNCLASSIFIED,,0.0,NONE,0.0,0.0,NONE,,True,0,NOT CHECKED,NONE,NEUTRAL,,,,NOT CHECKED,False,NOT CHECKED,NONE,0,,False,33.4,WATCHLIST,NOT CHECKED,,,,,,,,,False,,,False,,,,False,,,,False,NONE,False,False,0,,,,NOT CHECKED,NO LIVE SIGNAL,BAR_PROXY,0.0,NO DATA,,,,,,,,33.4,True
FSM,11.9,REJECT,REJECT,"20/50 uptrend, rising EMA50, volume contraction, low-volume pullback",36,46,35,NO TRADE,WEAK,37.0,price<EMA20; EMA20>EMA50; EMA20 falling,3.19,38.3,0.38,11.29,1,True,4.34,56857438.0,11.73,10.9,9.94,11.27,12.94,7.92,12.94,7.92,13.85,12.98,RESISTANCE_BREAKOUT,BREAKOUT,0.32,,,0,,,0,False,False,12.2,ATR_FALLBACK,12.21,5.97,6.0,11.27,11.27,13.63,14.02,14.28,1.33,13.85,6.69,True,5.0,13.85,6.69,1.12,False,2.5,8.79,0.0,4682147.0,59067770.0,3.72,True,True,Fortuna Mining Corp. Common Shares,0,33.4,UNCLASSIFIED,,0.0,NONE,0.0,0.0,NONE,,True,0,NOT CHECKED,NONE,NEUTRAL,,,,NOT CHECKED,False,NOT CHECKED,NONE,0,,False,33.4,NO TRADE,NOT CHECKED,,,,,,,,,False,,,False,,,,False,,,,False,NONE,False,False,0,,,,NOT CHECKED,NO LIVE SIGNAL,BAR_PROXY,0.0,NO DATA,,,,,,,,33.4,True
CRGY,14.23,REJECT,REJECT,"20/50 uptrend, rising EMA50",26,46,35,NO TRADE,WEAK,37.0,price<EMA20; EMA20>EMA50; EMA20 falling,6.84,56.8,0.41,5.53,0,False,3.68,77708820.0,13.93,12.88,11.3,13.07,15.47,9.05,14.67,9.05,14.12,15.51,RESISTANCE_BREAKOUT,BREAKOUT,0.27,,,0,,,0,False,False,14.63,ATR_FALLBACK,14.73,5.06,5.67,14.1,13.59,16.29,16.75,17.06,1.41,,,False,5.0,16.75,8.0,1.41,False,2.5,8.75,0.0,5490443.0,83643370.0,3.22,True,True,Crescent Energy Company Class A Common Stock,0,33.3,UNCLASSIFIED,,0.0,NONE,0.0,0.0,NONE,,True,0,NOT CHECKED,NONE,NEUTRAL,,,,NOT CHECKED,False,NOT CHECKED,NONE,0,,False,33.3,NO TRADE,NOT CHECKED,,,,,,,,,False,,,False,,,,False,,,,False,NONE,False,False,0,,,,NOT CHECKED,NO LIVE SIGNAL,BAR_PROXY,0.0,NO DATA,,,,,,,,33.3,False
FOXA,65.5,DISCOVER,DISCOVER,"above EMA50, rising EMA50, near EMA50 support, volume contraction, low-volume pullback",42,48,35,WATCHLIST,WEAK,37.0,price<EMA20; EMA20>EMA50; EMA20 falling,-2.28,45.9,0.31,5.49,0,False,2.89,313001678.0,66.06,63.87,62.03,62.93,70.12,48.13,70.64,48.13,70.64,70.27,RESISTANCE_BREAKOUT,BREAKOUT,0.22,,,0,,,0,False,False,66.05,EMA20,66.06,5.98,6.0,62.93,62.93,73.78,75.89,77.29,1.33,70.64,0.53,False,5.0,70.64,0.53,0.09,False,2.5,7.05,0.0,4669741.0,314608360.0,2.51,True,True,Fox Corporation - Class A Common Stock,2,33.2,UNCLASSIFIED,,0.0,NONE,0.0,0.0,NONE,,True,0,NOT CHECKED,NONE,NEUTRAL,,,,NOT CHECKED,False,NOT CHECKED,NONE,0,,False,33.2,WATCHLIST,NOT CHECKED,,,,,,,,,False,,,False,,,,False,,,,False,NONE,False,False,0,,,,NOT CHECKED,NO LIVE SIGNAL,BAR_PROXY,0.0,NO DATA,,,,,,,,33.2,False
ABCL,12.69,REJECT,REJECT,"20/50 uptrend, rising EMA50",26,46,35,NO TRADE,WEAK,37.0,price<EMA20; EMA20>EMA50; EMA20 falling,6.62,52.9,1.09,34.78,3,True,5.46,54039041.0,11.13,9.59,6.5,10.32,12.58,4.98,12.58,3.22,12.58,12.69,RESISTANCE_BREAKOUT,BREAKOUT,0.91,,,0,,,0,False,False,11.93,ATR_FALLBACK,11.65,8.2,6.0,10.32,10.32,13.33,13.71,13.96,1.33,,,False,5.0,13.71,8.0,1.33,False,2.5,-0.91,0.91,4667339.0,51630237.0,5.87,True,True,AbCellera Biologics Inc. - Common Shares,0,33.2,UNCLASSIFIED,,0.0,NONE,0.0,0.0,NONE,,True,0,NOT CHECKED,NONE,NEUTRAL,,,,NOT CHECKED,False,NOT CHECKED,NONE,0,,False,33.2,NO TRADE,NOT CHECKED,,,,,,,,,False,,,False,,,,False,,,,False,NONE,False,False,0,,,,NOT CHECKED,NO LIVE SIGNAL,BAR_PROXY,0.0,NO DATA,,,,,,,,33.2,True
PEB,18.03,DISCOVER,DISCOVER,"near EMA50 support, tight range, volume contraction, low-volume pullback",42,48,40,WATCHLIST,WEAK,37.0,price<EMA20; EMA20>EMA50; EMA20 falling,-1.01,47.0,0.18,2.54,0,False,3.09,34317634.0,18.08,18.06,15.65,17.41,18.79,17.41,19.93,11.54,19.93,18.83,RESISTANCE_BREAKOUT,BREAKOUT,0.24,,,0,,,0,False,False,17.98,EMA20,18.08,4.0,4.53,17.49,17.46,19.78,20.34,20.72,1.76,19.93,5.82,True,5.0,19.93,5.82,1.28,False,2.5,4.19,0.0,1902207.0,33984419.0,2.88,True,True,Pebblebrook Hotel Trust Common Shares of Beneficial Interest,2,33.1,UNCLASSIFIED,,0.0,NONE,0.0,0.0,NONE,,True,0,NOT CHECKED,NONE,NEUTRAL,,,,NOT CHECKED,False,NOT CHECKED,NONE,0,,False,33.1,WATCHLIST,NOT CHECKED,,,,,,,,,False,,,False,,,,False,,,,False,NONE,False,False,0,,,,NOT CHECKED,NO LIVE SIGNAL,BAR_PROXY,0.0,NO DATA,,,,,,,,33.1,False
IBM,238.21,DISCOVER,DISCOVER,"rising EMA50, near EMA50 support, near EMA200 pivot",40,50,55,WATCHLIST,WEAK,37.0,price<EMA20; EMA20>EMA50; EMA20 falling,1.36,49.5,0.45,3.96,0,False,2.85,1111201337.0,237.59,238.8,250.8,228.96,251.82,197.77,309.58,197.77,330.09,252.36,RESISTANCE_BREAKOUT,BREAKOUT,0.22,,,0,,,0,False,False,237.57,EMA50,238.8,5.38,5.86,231.83,229.1,264.98,272.55,277.6,1.37,309.58,22.67,True,5.0,272.55,8.0,1.37,False,2.5,5.72,0.0,4690965.0,1094429683.0,2.49,True,True,International Business Machines Corporation Common Stock,2,32.9,UNCLASSIFIED,,0.0,NONE,0.0,0.0,NONE,,True,0,NOT CHECKED,NONE,NEUTRAL,,,,NOT CHECKED,False,NOT CHECKED,NONE,0,,False,32.9,WATCHLIST,NOT CHECKED,,,,,,,,,False,,,False,,,,False,,,,False,NONE,False,False,0,,,,NOT CHECKED,NO LIVE SIGNAL,BAR_PROXY,0.0,NO DATA,,,,,,,,32.9,False
HBM,26.43,DISCOVER,DISCOVER,"above EMA50, rising EMA50, near EMA50 support, volume contraction, low-volume pullback",42,48,35,WATCHLIST,WEAK,37.0,price<EMA20; EMA20>EMA50; EMA20 falling,-2.83,31.9,0.37,6.79,0,False,5.49,103207362.0,27.01,26.38,23.49,24.64,30.81,19.69,30.81,17.49,32.13,30.93,RESISTANCE_BREAKOUT,BREAKOUT,0.38,,,0,,,0,False,False,29.07,ATR_FALLBACK,28.75,7.04,6.0,24.64,24.64,32.47,33.4,34.02,1.33,32.13,3.9,False,5.0,32.13,3.9,0.65,False,2.5,16.56,0.0,3666964.0,100117765.0,4.09,True,True,Hudbay Minerals Inc. Ordinary Shares (Canada),2,32.9,UNCLASSIFIED,,0.0,NONE,0.0,0.0,NONE,,True,0,NOT CHECKED,NONE,NEUTRAL,,,,NOT CHECKED,False,NOT CHECKED,NONE,0,,False,32.9,WATCHLIST,NOT CHECKED,,,,,,,,,False,,,False,,,,False,,,,False,NONE,False,False,0,,,,NOT CHECKED,NO LIVE SIGNAL,BAR_PROXY,0.0,NO DATA,,,,,,,,32.9,False
KMI,31.31,DISCOVER,DISCOVER,"near EMA50 support, near EMA200 pivot, tight range",42,48,40,WATCHLIST,WEAK,37.0,price<EMA20; EMA20>EMA50; EMA20 falling,-1.5,47.2,0.6,3.49,0,False,2.23,362110813.0,31.37,31.58,30.71,30.41,32.7,30.51,33.06,30.17,34.49,32.76,RESISTANCE_BREAKOUT,BREAKOUT,0.17,,,0,,,0,False,False,31.45,EMA50,31.58,3.6,3.98,30.41,30.41,34.39,35.38,36.03,2.01,33.06,0.93,False,5.0,33.06,0.93,0.23,False,2.5,5.61,0.0,11528611.0,369318858.0,2.47,True,True,"Kinder Morgan, Inc. Common Stock",2,32.8,UNCLASSIFIED,,0.0,NONE,0.0,0.0,NONE,,True,0,NOT CHECKED,NONE,NEUTRAL,,,,NOT CHECKED,False,NOT CHECKED,NONE,0,,False,32.8,WATCHLIST,NOT CHECKED,,,,,,,,,False,,,False,,,,False,,,,False,NONE,False,False,0,,,,NOT CHECKED,NO LIVE SIGNAL,BAR_PROXY,0.0,NO DATA,,,,,,,,32.8,False
NESR,32.19,DISCOVER,DISCOVER,"above EMA50, rising EMA50, near EMA50 support, volume contraction, low-volume pullback",42,48,35,WATCHLIST,WEAK,37.0,price<EMA20; EMA20>EMA50; EMA20 falling,-3.11,30.2,0.64,23.33,1,True,4.15,52763325.0,33.2,31.62,24.94,30.75,35.47,23.86,36.94,18.46,36.94,35.58,RESISTANCE_BREAKOUT,BREAKOUT,0.3,,,0,,,0,False,False,33.44,ATR_FALLBACK,33.57,5.63,6.0,30.75,30.75,37.36,38.42,39.13,1.33,36.94,3.83,False,5.0,36.94,3.83,0.64,False,2.5,11.51,0.0,1565156.0,52095712.0,4.18,True,True,National Energy Services Reunited Corp - Ordinary Shares,2,32.8,UNCLASSIFIED,,0.0,NONE,0.0,0.0,NONE,,True,0,NOT CHECKED,NONE,NEUTRAL,,,,NOT CHECKED,False,NOT CHECKED,NONE,0,,False,32.8,WATCHLIST,NOT CHECKED,,,,,,,,,False,,,False,,,,False,,,,False,NONE,False,False,0,,,,NOT CHECKED,NO LIVE SIGNAL,BAR_PROXY,0.0,NO DATA,,,,,,,,32.8,True
WDAY,197.86,REJECT,REJECT,"20/50 uptrend, rising EMA50, volume contraction",32,48,35,NO TRADE,WEAK,37.0,price<EMA20; EMA20>EMA50; EMA20 falling,0.63,52.8,0.7,17.78,1,True,4.58,673120202.0,190.78,177.52,168.68,183.54,211.83,111.5,227.49,110.36,227.49,212.56,RESISTANCE_BREAKOUT,BREAKOUT,0.34,,,0,,,0,False,False,199.8,ATR_FALLBACK,198.95,6.4,6.0,183.74,183.54,223.18,229.56,233.81,1.33,227.49,7.03,True,5.0,227.49,7.03,1.17,False,2.5,7.06,0.0,3434541.0,587794264.0,3.9,True,True,"Workday, Inc. - Class A Common Stock",0,32.7,UNCLASSIFIED,,0.0,NONE,0.0,0.0,NONE,,True,0,NOT CHECKED,NONE,NEUTRAL,,,,NOT CHECKED,False,NOT CHECKED,NONE,0,,False,32.7,NO TRADE,NOT CHECKED,,,,,,,,,False,,,False,,,,False,,,,False,NONE,False,False,0,,,,NOT CHECKED,NO LIVE SIGNAL,BAR_PROXY,0.0,NO DATA,,,,,,,,32.7,True
TKO,188.83,DISCOVER,DISCOVER,"rising EMA50, near EMA50 support, near EMA200 pivot, volume contraction, low-volume pullback",42,54,55,WATCHLIST,WEAK,37.0,price<EMA20; EMA20>EMA50; EMA20 falling,-5.08,56.3,0.25,5.01,0,False,2.96,190265652.0,189.62,189.89,193.14,179.48,202.21,177.77,217.96,177.77,223.64,202.66,RESISTANCE_BREAKOUT,BREAKOUT,0.22,,,0,,,0,False,False,190.5,EMA50,189.89,6.3,6.0,186.9,179.48,212.79,218.87,222.92,1.33,217.96,7.55,True,5.0,217.96,7.55,1.26,False,2.5,7.09,0.0,1001292.0,161115768.0,2.81,True,True,"TKO Group Holdings, Inc. Class A Common Stock",2,32.7,UNCLASSIFIED,,0.0,NONE,0.0,0.0,NONE,,True,0,NOT CHECKED,NONE,NEUTRAL,,,,NOT CHECKED,False,NOT CHECKED,NONE,0,,False,32.7,WATCHLIST,NOT CHECKED,,,,,,,,,False,,,False,,,,False,,,,False,NONE,False,False,0,,,,NOT CHECKED,NO LIVE SIGNAL,BAR_PROXY,0.0,NO DATA,,,,,,,,32.7,False
NOG,24.95,DISCOVER,DISCOVER,"above EMA50, rising EMA50, near EMA50 support, volume contraction, low-volume pullback",42,48,35,WATCHLIST,WEAK,37.0,price<EMA20; EMA20>EMA50; EMA20 falling,-3.34,41.0,0.4,8.75,0,False,3.6,52489621.0,25.64,24.25,23.38,25.25,27.35,17.18,27.35,17.18,29.99,27.42,RESISTANCE_BREAKOUT,BREAKOUT,0.26,,,0,,,0,False,False,25.78,EMA20,25.64,6.48,6.0,25.25,25.25,28.79,29.62,30.16,1.33,29.99,9.38,True,5.0,29.62,8.0,1.33,False,2.5,9.62,0.0,1994249.0,51821278.0,3.12,True,True,"Northern Oil and Gas, Inc. Common Stock",2,32.7,UNCLASSIFIED,,0.0,NONE,0.0,0.0,NONE,,True,0,NOT CHECKED,NONE,NEUTRAL,,,,NOT CHECKED,False,NOT CHECKED,NONE,0,,False,32.7,WATCHLIST,NOT CHECKED,,,,,,,,,False,,,False,,,,False,,,,False,NONE,False,False,0,,,,NOT CHECKED,NO LIVE SIGNAL,BAR_PROXY,0.0,NO DATA,,,,,,,,32.7,False
KGC,28.52,DISCOVER,DISCOVER,"above EMA50, rising EMA50, near EMA50 support, volume contraction, low-volume pullback",42,48,35,WATCHLIST,WEAK,37.0,price<EMA20; EMA20>EMA50; EMA20 falling,-3.57,30.6,0.31,10.25,1,True,4.27,244130975.0,29.21,28.27,27.9,27.42,33.48,22.26,33.48,22.26,37.63,33.58,RESISTANCE_BREAKOUT,BREAKOUT,0.29,,,0,,,0,False,False,31.56,ATR_FALLBACK,31.75,5.43,6.0,27.42,27.42,35.26,36.26,36.94,1.33,37.63,12.07,True,5.0,36.26,8.0,1.33,False,2.5,17.39,0.0,7913977.0,227023602.0,3.34,True,True,Kinross Gold Corporation Common Stock,2,32.6,UNCLASSIFIED,,0.0,NONE,0.0,0.0,NONE,,True,0,NOT CHECKED,NONE,NEUTRAL,,,,NOT CHECKED,False,NOT CHECKED,NONE,0,,False,32.6,WATCHLIST,NOT CHECKED,,,,,,,,,False,,,False,,,,False,,,,False,NONE,False,False,0,,,,NOT CHECKED,NO LIVE SIGNAL,BAR_PROXY,0.0,NO DATA,,,,,,,,32.6,True
ACHC,28.65,REJECT,REJECT,"near EMA50 support, tight range, volume contraction, low-volume pullback",34,48,55,NO TRADE,WEAK,37.0,price<EMA20; EMA20>EMA50; EMA20 falling,5.63,41.1,0.24,4.0,0,False,4.41,36325910.0,28.55,28.92,25.65,26.62,32.87,23.67,35.83,21.6,35.83,32.97,RESISTANCE_BREAKOUT,BREAKOUT,0.31,,,0,,,0,False,False,30.99,ATR_FALLBACK,31.08,5.75,6.0,26.97,26.85,34.62,35.61,36.27,1.33,35.83,8.67,True,5.0,35.61,8.0,1.33,False,2.5,14.73,0.0,1276126.0,34232655.0,4.64,True,True,"Acadia Healthcare Company, Inc. - Common Stock",0,32.6,UNCLASSIFIED,,0.0,NONE,0.0,0.0,NONE,,True,0,NOT CHECKED,NONE,NEUTRAL,,,,NOT CHECKED,False,NOT CHECKED,NONE,0,,False,32.6,NO TRADE,NOT CHECKED,,,,,,,,,False,,,False,,,,False,,,,False,NONE,False,False,0,,,,NOT CHECKED,NO LIVE SIGNAL,BAR_PROXY,0.0,NO DATA,,,,,,,,32.6,False
OXY,59.4,REJECT,REJECT,"above EMA50, rising EMA50, near EMA50 support",32,48,35,NO TRADE,WEAK,37.0,price<EMA20; EMA20>EMA50; EMA20 falling,0.23,52.3,0.56,4.9,0,False,2.66,445752454.0,60.06,58.29,53.81,57.28,63.77,47.55,62.24,47.55,66.83,63.9,RESISTANCE_BREAKOUT,BREAKOUT,0.2,,,0,,,0,False,False,60.06,EMA20,60.06,6.0,6.0,59.31,59.08,67.09,69.01,70.29,1.33,66.83,4.6,False,5.0,66.83,4.6,0.77,False,2.5,7.35,0.0,7373868.0,413231934.0,2.23,True,True,Occidental Petroleum Corporation Common Stock,0,32.5,UNCLASSIFIED,,0.0,NONE,0.0,0.0,NONE,,True,0,NOT CHECKED,NONE,NEUTRAL,,,,NOT CHECKED,False,NOT CHECKED,NONE,0,,False,32.5,NO TRADE,NOT CHECKED,,,,,,,,,False,,,False,,,,False,,,,False,NONE,False,False,0,,,,NOT CHECKED,NO LIVE SIGNAL,BAR_PROXY,0.0,NO DATA,,,,,,,,32.5,False
HP,41.73,DISCOVER,DISCOVER,"above EMA50, rising EMA50, near EMA50 support, volume contraction, low-volume pullback",42,48,35,WATCHLIST,WEAK,37.0,price<EMA20; EMA20>EMA50; EMA20 falling,-3.72,47.6,0.25,12.86,2,True,4.54,53927600.0,42.89,40.66,35.23,40.85,48.17,30.23,48.17,30.23,45.0,48.32,RESISTANCE_BREAKOUT,BREAKOUT,0.31,,,0,,,0,False,False,45.42,ATR_FALLBACK,45.48,5.88,6.0,41.16,41.16,50.74,52.19,53.15,1.33,,,False,5.0,52.19,8.0,1.33,False,2.5,15.43,0.0,1231172.0,51137867.0,3.73,True,True,"Helmerich & Payne, Inc. Common Stock",2,32.5,UNCLASSIFIED,,0.0,NONE,0.0,0.0,NONE,,True,0,NOT CHECKED,NONE,NEUTRAL,,,,NOT CHECKED,False,NOT CHECKED,NONE,0,,False,32.5,WATCHLIST,NOT CHECKED,,,,,,,,,False,,,False,,,,False,,,,False,NONE,False,False,0,,,,NOT CHECKED,NO LIVE SIGNAL,BAR_PROXY,0.0,NO DATA,,,,,,,,32.5,True
CGAU,22.7,REJECT,REJECT,"20/50 uptrend, rising EMA50, volume contraction, low-volume pullback",36,46,35,NO TRADE,WEAK,37.0,price<EMA20; EMA20>EMA50; EMA20 falling,1.36,39.3,0.3,7.22,0,False,4.01,32312337.0,22.29,20.78,17.46,21.46,24.52,14.77,24.52,14.66,24.52,24.59,RESISTANCE_BREAKOUT,BREAKOUT,0.3,,,0,,,0,False,False,23.12,ATR_FALLBACK,23.23,5.55,6.0,21.46,21.46,25.82,26.56,27.05,1.33,,,False,5.0,26.56,8.0,1.33,False,2.5,8.02,0.0,1403857.0,32179805.0,3.53,True,True,Centerra Gold Inc. Common Shares,0,32.5,UNCLASSIFIED,,0.0,NONE,0.0,0.0,NONE,,True,0,NOT CHECKED,NONE,NEUTRAL,,,,NOT CHECKED,False,NOT CHECKED,NONE,0,,False,32.5,NO TRADE,NOT CHECKED,,,,,,,,,False,,,False,,,,False,,,,False,NONE,False,False,0,,,,NOT CHECKED,NO LIVE SIGNAL,BAR_PROXY,0.0,NO DATA,,,,,,,,32.5,False
MTDR,57.56,REJECT,REJECT,"above EMA50, rising EMA50, near EMA50 support",32,48,35,NO TRADE,WEAK,37.0,price<EMA20; EMA20>EMA50; EMA20 falling,0.17,52.7,0.21,7.28,0,False,3.4,103050327.0,58.46,55.96,52.4,54.27,63.82,45.09,62.2,45.09,65.88,63.98,RESISTANCE_BREAKOUT,BREAKOUT,0.25,,,0,,,0,False,False,60.69,ATR_FALLBACK,61.04,4.59,5.14,57.45,57.45,67.18,69.09,70.37,1.56,65.88,2.98,False,5.0,65.88,2.98,0.58,False,2.5,10.87,0.0,1747557.0,99738075.0,3.03,True,True,Matador Resources Company Common Stock,0,32.4,UNCLASSIFIED,,0.0,NONE,0.0,0.0,NONE,,True,0,NOT CHECKED,NONE,NEUTRAL,,,,NOT CHECKED,False,NOT CHECKED,NONE,0,,False,32.4,NO TRADE,NOT CHECKED,,,,,,,,,False,,,False,,,,False,,,,False,NONE,False,False,0,,,,NOT CHECKED,NO LIVE SIGNAL,BAR_PROXY,0.0,NO DATA,,,,,,,,32.4,False
AU,102.33,DISCOVER,DISCOVER,"above EMA50, rising EMA50, near EMA50 support, volume contraction, low-volume pullback",42,48,35,WATCHLIST,WEAK,37.0,price<EMA20; EMA20>EMA50; EMA20 falling,-4.21,24.8,0.38,10.81,1,True,3.92,312305961.0,104.69,99.49,90.84,98.2,123.39,72.94,123.39,72.94,124.69,123.71,RESISTANCE_BREAKOUT,BREAKOUT,0.26,,,0,,,0,False,False,116.97,ATR_FALLBACK,117.69,4.87,5.45,98.2,98.2,129.9,133.61,136.08,1.47,124.69,0.79,False,5.0,124.69,0.79,0.15,False,2.5,20.58,0.0,2775971.0,268532570.0,3.19,True,True,AngloGold Ashanti PLC Ordinary Shares,2,32.2,UNCLASSIFIED,,0.0,NONE,0.0,0.0,NONE,,True,0,NOT CHECKED,NONE,NEUTRAL,,,,NOT CHECKED,False,NOT CHECKED,NONE,0,,False,32.2,WATCHLIST,NOT CHECKED,,,,,,,,,False,,,False,,,,False,,,,False,NONE,False,False,0,,,,NOT CHECKED,NO LIVE SIGNAL,BAR_PROXY,0.0,NO DATA,,,,,,,,32.2,True
LDOS,131.47,DISCOVER,DISCOVER,"above EMA50, rising EMA50, near EMA50 support, tight range",42,48,20,WATCHLIST,WEAK,37.0,price<EMA20; EMA20>EMA50; EMA20 falling,-8.93,34.8,0.25,6.63,0,False,3.0,149085424.0,132.12,129.57,143.87,126.35,145.82,98.54,146.85,98.54,179.46,146.13,RESISTANCE_BREAKOUT,BREAKOUT,0.22,,,0,,,0,False,False,139.51,ATR_FALLBACK,140.22,4.04,4.53,126.35,126.35,153.44,157.82,160.74,1.77,146.85,0.49,False,5.0,146.85,0.49,0.11,False,2.5,11.7,0.0,1113814.0,147364734.0,2.88,True,True,"Leidos Holdings, Inc. Common Stock",2,32.1,UNCLASSIFIED,,0.0,NONE,0.0,0.0,NONE,,True,0,NOT CHECKED,NONE,NEUTRAL,,,,NOT CHECKED,False,NOT CHECKED,NONE,0,,False,32.1,WATCHLIST,NOT CHECKED,,,,,,,,,False,,,False,,,,False,,,,False,NONE,False,False,0,,,,NOT CHECKED,NO LIVE SIGNAL,BAR_PROXY,0.0,NO DATA,,,,,,,,32.1,False
TEM,79.55,EXTENDED,EXTENDED,"20/50 uptrend, rising EMA50, 20d volume expansion, late/extended breakout",34,38,65,NO TRADE,WEAK,37.0,price<EMA20; EMA20>EMA50; EMA20 falling,30.79,61.6,1.54,24.09,4,True,6.08,537617130.0,64.27,59.31,59.46,57.72,72.96,40.77,72.96,40.77,72.96,79.55,CONFIRMED_MARKET,BREAKOUT,0.0,,,0,,,0,False,False,74.78,ATR_FALLBACK,72.29,9.13,6.0,57.72,57.72,83.53,85.91,87.51,1.33,,,False,5.0,85.91,8.0,1.33,False,2.5,-8.28,9.03,8001648.0,428949645.0,7.53,True,True,"Tempus AI, Inc. - Class A Common Stock",1,31.8,UNCLASSIFIED,,0.0,NONE,0.0,0.0,NONE,,True,0,NOT CHECKED,NONE,NEUTRAL,,,,NOT CHECKED,False,NOT CHECKED,NONE,0,,False,31.8,NO TRADE,NOT CHECKED,,,,,,,,,False,,,False,,,,False,,,,False,NONE,False,False,0,,,,NOT CHECKED,NO LIVE SIGNAL,BAR_PROXY,0.0,NO DATA,,,,,,,,31.8,True
RBLX,47.29,REJECT,REJECT,"above EMA50, rising EMA50",18,36,35,NO TRADE,WEAK,37.0,price<EMA20; EMA20>EMA50; EMA20 falling,23.14,74.1,0.28,12.73,1,True,4.89,417940912.0,44.2,44.21,61.52,37.2,51.3,33.88,58.43,33.88,69.91,51.49,RESISTANCE_BREAKOUT,BREAKOUT,0.36,,,0,,,0,False,False,48.4,ATR_FALLBACK,48.01,6.74,6.0,44.11,39.37,54.06,55.6,56.63,1.33,58.43,13.49,True,5.0,55.6,8.0,1.33,False,2.5,8.48,0.0,9789641.0,380255851.0,4.77,True,True,Roblox Corporation Class A Common Stock,0,31.8,UNCLASSIFIED,,0.0,NONE,0.0,0.0,NONE,,True,0,NOT CHECKED,NONE,NEUTRAL,,,,NOT CHECKED,False,NOT CHECKED,NONE,0,,False,31.8,NO TRADE,NOT CHECKED,,,,,,,,,False,,,False,,,,False,,,,False,NONE,False,False,0,,,,NOT CHECKED,NO LIVE SIGNAL,BAR_PROXY,0.0,NO DATA,,,,,,,,31.8,True
FIVN,33.53,REJECT,REJECT,"20/50 uptrend, rising EMA50",34,44,35,NO TRADE,WEAK,37.0,price<EMA20; EMA20>EMA50; EMA20 falling,3.33,45.2,0.8,19.81,1,True,4.92,53601618.0,32.31,30.04,24.45,30.1,35.18,18.15,35.18,13.29,35.17,35.31,RESISTANCE_BREAKOUT,BREAKOUT,0.37,,,0,,,0,False,False,33.19,ATR_FALLBACK,32.84,7.0,6.0,30.1,30.1,37.08,38.14,38.84,1.33,,,False,5.0,38.14,8.0,1.33,False,2.5,4.92,0.0,1629693.0,52037077.0,4.73,True,True,"Five9, Inc. - Common Stock",0,31.8,UNCLASSIFIED,,0.0,NONE,0.0,0.0,NONE,,True,0,NOT CHECKED,NONE,NEUTRAL,,,,NOT CHECKED,False,NOT CHECKED,NONE,0,,False,31.8,NO TRADE,NOT CHECKED,,,,,,,,,False,,,False,,,,False,,,,False,NONE,False,False,0,,,,NOT CHECKED,NO LIVE SIGNAL,BAR_PROXY,0.0,NO DATA,,,,,,,,31.8,True
OKE,93.38,DISCOVER,DISCOVER,"above EMA50, rising EMA50, near EMA50 support",40,46,35,WATCHLIST,WEAK,37.0,price<EMA20; EMA20>EMA50; EMA20 falling,-1.82,44.7,0.41,4.54,0,False,2.75,303937746.0,94.62,92.71,85.31,91.13,99.85,83.16,99.85,79.34,97.9,100.06,RESISTANCE_BREAKOUT,BREAKOUT,0.21,,,0,,,0,False,False,94.16,EMA20,94.62,5.43,5.89,91.88,91.88,105.06,108.06,110.06,1.36,,,False,5.0,108.06,8.0,1.36,False,2.5,6.93,0.0,3196192.0,289494543.0,2.65,True,True,"ONEOK, Inc. Common Stock",2,31.7,UNCLASSIFIED,,0.0,NONE,0.0,0.0,NONE,,True,0,NOT CHECKED,NONE,NEUTRAL,,,,NOT CHECKED,False,NOT CHECKED,NONE,0,,False,31.7,WATCHLIST,NOT CHECKED,,,,,,,,,False,,,False,,,,False,,,,False,NONE,False,False,0,,,,NOT CHECKED,NO LIVE SIGNAL,BAR_PROXY,0.0,NO DATA,,,,,,,,31.7,False
ELF,93.28,DISCOVER,DISCOVER,"above EMA50, rising EMA50, near EMA50 support, volume contraction, low-volume pullback",42,48,35,WATCHLIST,WEAK,37.0,price<EMA20; EMA20>EMA50; EMA20 falling,-5.48,30.7,0.42,7.72,0,False,5.03,157623713.0,98.5,91.85,86.72,91.72,110.04,61.53,110.04,48.82,109.62,110.42,RESISTANCE_BREAKOUT,BREAKOUT,0.34,,,0,,,0,False,False,103.79,ATR_FALLBACK,103.38,6.37,6.0,91.72,91.72,115.94,119.25,121.46,1.33,,,False,5.0,119.25,8.0,1.33,False,2.5,17.97,0.0,1535271.0,153712878.0,4.21,True,True,"e.l.f. Beauty, Inc. Common Stock",2,31.6,UNCLASSIFIED,,0.0,NONE,0.0,0.0,NONE,,True,0,NOT CHECKED,NONE,NEUTRAL,,,,NOT CHECKED,False,NOT CHECKED,NONE,0,,False,31.6,WATCHLIST,NOT CHECKED,,,,,,,,,False,,,False,,,,False,,,,False,NONE,False,False,0,,,,NOT CHECKED,NO LIVE SIGNAL,BAR_PROXY,0.0,NO DATA,,,,,,,,31.6,False
PPC,29.69,DISCOVER,DISCOVER,"rising EMA50, near EMA50 support, tight range, volume contraction, low-volume pullback",42,48,40,WATCHLIST,WEAK,37.0,price<EMA20; EMA20>EMA50; EMA20 falling,-4.17,31.5,0.39,9.79,0,False,2.81,39083059.0,30.12,29.77,32.99,29.5,32.63,25.9,32.85,25.9,43.06,32.7,RESISTANCE_BREAKOUT,BREAKOUT,0.2,,,0,,,0,False,False,31.29,ATR_FALLBACK,31.44,3.83,4.29,29.5,29.5,34.33,35.31,35.97,1.86,32.85,0.47,False,5.0,32.85,0.47,0.11,False,2.5,10.64,0.0,1266349.0,38094024.0,3.03,True,True,Pilgrim's Pride Corporation - Common Stock,2,31.5,UNCLASSIFIED,,0.0,NONE,0.0,0.0,NONE,,True,0,NOT CHECKED,NONE,NEUTRAL,,,,NOT CHECKED,False,NOT CHECKED,NONE,0,,False,31.5,WATCHLIST,NOT CHECKED,,,,,,,,,False,,,False,,,,False,,,,False,NONE,False,False,0,,,,NOT CHECKED,NO LIVE SIGNAL,BAR_PROXY,0.0,NO DATA,,,,,,,,31.5,False
AG,19.42,DISCOVER,DISCOVER,"above EMA50, rising EMA50, near EMA50 support, volume contraction, low-volume pullback",42,48,35,WATCHLIST,WEAK,37.0,price<EMA20; EMA20>EMA50; EMA20 falling,-5.97,36.2,0.56,12.82,1,True,5.58,189541854.0,19.74,19.2,18.38,17.93,22.19,14.1,22.19,14.1,31.7,22.28,RESISTANCE_BREAKOUT,BREAKOUT,0.39,,,0,,,0,False,False,20.94,ATR_FALLBACK,20.65,7.3,6.0,17.93,17.93,23.39,24.06,24.5,1.33,31.7,42.28,True,5.0,24.06,8.0,1.33,False,2.5,14.29,0.0,9259788.0,183881515.0,4.52,True,True,First Majestic Silver Corp. Ordinary Shares (Canada),2,31.4,UNCLASSIFIED,,0.0,NONE,0.0,0.0,NONE,,True,0,NOT CHECKED,NONE,NEUTRAL,,,,NOT CHECKED,False,NOT CHECKED,NONE,0,,False,31.4,WATCHLIST,NOT CHECKED,,,,,,,,,False,,,False,,,,False,,,,False,NONE,False,False,0,,,,NOT CHECKED,NO LIVE SIGNAL,BAR_PROXY,0.0,NO DATA,,,,,,,,31.4,True
LMT,531.99,DISCOVER,DISCOVER,"near EMA50 support, near EMA200 pivot, tight range, volume contraction, low-volume pullback",44,50,40,WATCHLIST,WEAK,37.0,price<EMA20; EMA20>EMA50; EMA20 falling,-8.23,33.5,0.72,2.59,0,False,2.41,575262415.0,542.79,548.29,539.78,521.87,588.04,484.16,608.98,484.16,683.27,589.07,RESISTANCE_BREAKOUT,BREAKOUT,0.17,,,0,,,0,False,False,567.49,ATR_FALLBACK,569.8,3.27,3.66,521.87,521.87,618.52,636.2,647.98,2.18,608.98,3.38,False,5.0,608.98,3.38,0.92,False,2.5,13.22,0.0,1059250.0,522160173.0,2.26,True,True,Lockheed Martin Corporation Common Stock,2,31.2,UNCLASSIFIED,,0.0,NONE,0.0,0.0,NONE,,True,0,NOT CHECKED,NONE,NEUTRAL,,,,NOT CHECKED,False,NOT CHECKED,NONE,0,,False,31.2,WATCHLIST,NOT CHECKED,,,,,,,,,False,,,False,,,,False,,,,False,NONE,False,False,0,,,,NOT CHECKED,NO LIVE SIGNAL,BAR_PROXY,0.0,NO DATA,,,,,,,,31.2,False
CTSH,61.6,REJECT,REJECT,"20/50 uptrend, rising EMA50",34,44,35,NO TRADE,WEAK,37.0,price<EMA20; EMA20>EMA50; EMA20 falling,2.02,44.0,0.26,6.83,0,False,3.3,339215594.0,60.99,57.45,58.89,57.89,65.42,36.86,65.42,36.86,66.12,65.58,RESISTANCE_BREAKOUT,BREAKOUT,0.25,,,0,,,0,False,False,62.17,ATR_FALLBACK,62.54,4.64,5.2,57.89,57.89,68.86,70.83,72.14,1.54,66.12,0.82,False,5.0,66.12,0.82,0.16,False,2.5,6.19,0.0,5438652.0,347755469.0,2.87,True,True,Cognizant Technology Solutions Corporation - Class A Common Stock,0,31.2,UNCLASSIFIED,,0.0,NONE,0.0,0.0,NONE,,True,0,NOT CHECKED,NONE,NEUTRAL,,,,NOT CHECKED,False,NOT CHECKED,NONE,0,,False,31.2,NO TRADE,NOT CHECKED,,,,,,,,,False,,,False,,,,False,,,,False,NONE,False,False,0,,,,NOT CHECKED,NO LIVE SIGNAL,BAR_PROXY,0.0,NO DATA,,,,,,,,31.2,False
MXL,75.52,REJECT,REJECT,compressed below 20d resistance,16,40,35,NO TRADE,WEAK,37.0,price<EMA20; EMA20>EMA50; EMA20 falling,14.6,62.4,0.75,10.68,1,True,6.54,143821279.0,68.12,70.87,55.99,55.93,76.24,55.93,128.3,14.7,128.3,76.64,RESISTANCE_BREAKOUT,BREAKOUT,0.52,,,0,,,0,False,False,72.04,ATR_FALLBACK,69.23,9.67,6.0,64.71,55.93,80.47,82.77,84.3,1.33,128.3,67.42,True,5.0,82.77,8.0,1.33,False,2.5,0.95,0.0,2194877.0,134451185.0,6.09,True,True,"MaxLinear, Inc - Common Stock",0,31.2,UNCLASSIFIED,,0.0,NONE,0.0,0.0,NONE,,True,0,NOT CHECKED,NONE,NEUTRAL,,,,NOT CHECKED,False,NOT CHECKED,NONE,0,,False,31.2,NO TRADE,NOT CHECKED,,,,,,,,,False,,,False,,,,False,,,,False,NONE,False,False,0,,,,NOT CHECKED,NO LIVE SIGNAL,BAR_PROXY,0.0,NO DATA,,,,,,,,31.2,True
PSN,47.1,REJECT,REJECT,"tight range, volume contraction",32,42,20,NO TRADE,WEAK,37.0,price<EMA20; EMA20>EMA50; EMA20 falling,0.88,39.4,0.26,6.49,0,False,3.22,49624845.0,47.22,49.1,57.83,44.81,49.89,36.26,62.3,36.26,67.93,50.02,RESISTANCE_BREAKOUT,BREAKOUT,0.24,,,0,,,0,False,False,48.83,EMA50,49.1,1.83,2.38,44.81,44.81,52.52,54.02,55.02,3.37,62.3,24.56,True,5.0,54.02,8.0,3.37,True,2.5,5.92,0.0,1051249.0,51749236.0,3.13,True,True,Parsons Corporation Common Stock,0,31.1,UNCLASSIFIED,,0.0,NONE,0.0,0.0,NONE,,True,0,NOT CHECKED,NONE,NEUTRAL,,,,NOT CHECKED,False,NOT CHECKED,NONE,0,,False,31.1,NO TRADE,NOT CHECKED,,,,,,,,,False,,,False,,,,False,,,,False,NONE,False,False,0,,,,NOT CHECKED,NO LIVE SIGNAL,BAR_PROXY,0.0,NO DATA,,,,,,,,31.1,False
ORCL,149.67,REJECT,REJECT,"above EMA50, rising EMA50, near EMA50 support",32,42,35,NO TRADE,WEAK,37.0,price<EMA20; EMA20>EMA50; EMA20 falling,4.99,48.2,0.62,5.69,0,False,5.4,4283795651.0,148.42,149.1,175.88,139.0,170.7,114.5,183.94,114.5,249.38,171.35,RESISTANCE_BREAKOUT,BREAKOUT,0.38,,,0,,,0,False,False,161.07,ATR_FALLBACK,159.23,7.07,6.0,139.0,139.0,179.91,185.05,188.48,1.33,183.94,7.35,True,5.0,183.94,7.35,1.22,False,2.5,14.05,0.0,28587515.0,3731156521.0,4.14,True,True,Oracle Corporation Common Stock,0,30.9,UNCLASSIFIED,,0.0,NONE,0.0,0.0,NONE,,True,0,NOT CHECKED,NONE,NEUTRAL,,,,NOT CHECKED,False,NOT CHECKED,NONE,0,,False,30.9,NO TRADE,NOT CHECKED,,,,,,,,,False,,,False,,,,False,,,,False,NONE,False,False,0,,,,NOT CHECKED,NO LIVE SIGNAL,BAR_PROXY,0.0,NO DATA,,,,,,,,30.9,False
PR,23.02,REJECT,REJECT,"above EMA50, rising EMA50",34,44,35,NO TRADE,WEAK,37.0,price<EMA20; EMA20>EMA50; EMA20 falling,1.57,49.9,0.6,5.36,0,False,3.11,225597532.0,23.09,22.0,19.08,22.46,24.48,17.78,24.04,17.68,23.93,24.54,RESISTANCE_BREAKOUT,BREAKOUT,0.23,,,0,,,0,False,False,23.07,EMA20,23.09,5.92,6.0,22.58,22.58,25.77,26.5,27.0,1.33,,,False,5.0,26.5,8.0,1.33,False,2.5,6.36,0.0,9659079.0,215826696.0,2.63,True,True,Permian Resources Corporation Class A Common Stock,0,30.9,UNCLASSIFIED,,0.0,NONE,0.0,0.0,NONE,,True,0,NOT CHECKED,NONE,NEUTRAL,,,,NOT CHECKED,False,NOT CHECKED,NONE,0,,False,30.9,NO TRADE,NOT CHECKED,,,,,,,,,False,,,False,,,,False,,,,False,NONE,False,False,0,,,,NOT CHECKED,NO LIVE SIGNAL,BAR_PROXY,0.0,NO DATA,,,,,,,,30.9,False
EXK,10.1,DISCOVER,DISCOVER,"above EMA50, rising EMA50, near EMA50 support, volume contraction, low-volume pullback",42,48,35,WATCHLIST,WEAK,37.0,price<EMA20; EMA20>EMA50; EMA20 falling,-7.23,37.6,0.43,13.77,1,True,5.98,94223948.0,10.3,9.85,9.34,9.31,11.65,7.18,11.65,7.18,13.79,11.7,RESISTANCE_BREAKOUT,BREAKOUT,0.41,,,0,,,0,False,False,11.0,ATR_FALLBACK,10.79,7.74,6.0,9.31,9.31,12.28,12.63,12.87,1.33,13.79,17.88,True,5.0,12.63,8.0,1.33,False,2.5,15.4,0.0,8802105.0,90800793.0,5.19,True,True,Endeavour Silver Corporation Ordinary Shares (Canada),2,30.7,UNCLASSIFIED,,0.0,NONE,0.0,0.0,NONE,,True,0,NOT CHECKED,NONE,NEUTRAL,,,,NOT CHECKED,False,NOT CHECKED,NONE,0,,False,30.7,WATCHLIST,NOT CHECKED,,,,,,,,,False,,,False,,,,False,,,,False,NONE,False,False,0,,,,NOT CHECKED,NO LIVE SIGNAL,BAR_PROXY,0.0,NO DATA,,,,,,,,30.7,True
FROG,93.94,REJECT,REJECT,"20/50 uptrend, rising EMA50, volume contraction",32,42,35,NO TRADE,WEAK,37.0,price<EMA20; EMA20>EMA50; EMA20 falling,3.91,35.4,0.45,12.1,2,True,5.91,174462174.0,91.35,88.3,71.63,81.68,105.76,72.14,105.76,38.81,105.76,106.2,RESISTANCE_BREAKOUT,BREAKOUT,0.42,,,0,,,0,False,False,99.83,ATR_FALLBACK,97.87,7.84,6.0,85.51,81.68,111.51,114.7,116.82,1.33,,,False,5.0,114.7,8.0,1.33,False,2.5,12.58,0.0,1874329.0,164009314.0,5.98,True,True,JFrog Ltd. - Ordinary shares,0,30.4,UNCLASSIFIED,,0.0,NONE,0.0,0.0,NONE,,True,0,NOT CHECKED,NONE,NEUTRAL,,,,NOT CHECKED,False,NOT CHECKED,NONE,0,,False,30.4,NO TRADE,NOT CHECKED,,,,,,,,,False,,,False,,,,False,,,,False,NONE,False,False,0,,,,NOT CHECKED,NO LIVE SIGNAL,BAR_PROXY,0.0,NO DATA,,,,,,,,30.4,True
TGB,8.29,REJECT,REJECT,"above EMA50, rising EMA50, near EMA50 support, volume contraction",38,44,35,NO TRADE,WEAK,37.0,price<EMA20; EMA20>EMA50; EMA20 falling,-1.21,31.8,0.33,5.75,0,False,5.54,45507910.0,8.38,8.13,7.04,7.55,9.82,6.09,9.82,5.48,9.82,9.86,RESISTANCE_BREAKOUT,BREAKOUT,0.37,,,0,,,0,False,False,9.27,ATR_FALLBACK,9.17,6.99,6.0,7.55,7.55,10.35,10.65,10.84,1.33,,,False,5.0,10.65,8.0,1.33,False,2.5,18.46,0.0,5185247.0,45252186.0,4.25,True,True,Trekor Metals Limited Common Shares,0,30.3,UNCLASSIFIED,,0.0,NONE,0.0,0.0,NONE,,True,0,NOT CHECKED,NONE,NEUTRAL,,,,NOT CHECKED,False,NOT CHECKED,NONE,0,,False,30.3,NO TRADE,NOT CHECKED,,,,,,,,,False,,,False,,,,False,,,,False,NONE,False,False,0,,,,NOT CHECKED,NO LIVE SIGNAL,BAR_PROXY,0.0,NO DATA,,,,,,,,30.3,False
CTRE,38.33,REJECT,REJECT,"near EMA200 pivot, tight range",36,42,20,NO TRADE,WEAK,37.0,price<EMA20; EMA20>EMA50; EMA20 falling,-2.83,39.7,0.23,2.52,0,False,2.36,73732777.0,39.04,39.6,38.45,37.67,40.27,36.44,43.62,34.93,43.62,40.34,RESISTANCE_BREAKOUT,BREAKOUT,0.18,,,0,,,0,False,False,39.43,EMA50,39.6,1.85,2.25,37.67,37.67,42.36,43.57,44.38,3.55,43.62,8.12,True,5.0,43.57,8.0,3.55,True,2.5,5.06,0.0,1883945.0,68922868.0,2.1,True,True,"CareTrust REIT, Inc. Common Stock",0,30.1,UNCLASSIFIED,,0.0,NONE,0.0,0.0,NONE,,True,0,NOT CHECKED,NONE,NEUTRAL,,,,NOT CHECKED,False,NOT CHECKED,NONE,0,,False,30.1,NO TRADE,NOT CHECKED,,,,,,,,,False,,,False,,,,False,,,,False,NONE,False,False,0,,,,NOT CHECKED,NO LIVE SIGNAL,BAR_PROXY,0.0,NO DATA,,,,,,,,30.1,False
MIR,15.69,REJECT,REJECT,"rising EMA50, near EMA50 support, volume contraction, low-volume pullback",32,48,55,NO TRADE,WEAK,37.0,price<EMA20; EMA20>EMA50; EMA20 falling,1.49,57.7,0.25,7.64,0,False,4.6,51982900.0,15.76,16.02,18.74,14.23,17.32,14.11,19.55,14.11,22.37,17.37,RESISTANCE_BREAKOUT,BREAKOUT,0.33,,,0,,,0,False,False,16.33,ATR_FALLBACK,16.29,6.23,6.0,15.27,15.21,18.24,18.76,19.11,1.33,19.55,12.53,True,5.0,18.76,8.0,1.33,False,2.5,10.36,0.0,3324399.0,49499308.0,3.98,True,True,"Mirion Technologies, Inc. Class A Common Stock",0,30.1,UNCLASSIFIED,,0.0,NONE,0.0,0.0,NONE,,True,0,NOT CHECKED,NONE,NEUTRAL,,,,NOT CHECKED,False,NOT CHECKED,NONE,0,,False,30.1,NO TRADE,NOT CHECKED,,,,,,,,,False,,,False,,,,False,,,,False,NONE,False,False,0,,,,NOT CHECKED,NO LIVE SIGNAL,BAR_PROXY,0.0,NO DATA,,,,,,,,30.1,False
CNK,34.24,DISCOVER,DISCOVER,"rising EMA50, near EMA50 support, tight range, volume contraction, low-volume pullback",42,48,40,WATCHLIST,WEAK,37.0,price<EMA20; EMA20>EMA50; EMA20 falling,-7.12,30.9,0.28,4.92,0,False,3.02,71622283.0,35.26,34.69,30.8,33.7,38.74,28.43,38.89,24.87,38.89,38.82,RESISTANCE_BREAKOUT,BREAKOUT,0.21,,,0,,,0,False,False,37.08,ATR_FALLBACK,37.27,4.0,4.48,33.7,33.7,40.76,41.92,42.7,1.78,38.89,0.17,False,5.0,38.89,0.17,0.04,False,2.5,13.13,0.0,2003383.0,62982517.0,3.02,True,True,"Cinemark Holdings Inc Cinemark Holdings, Inc. Common Stock",2,30.0,UNCLASSIFIED,,0.0,NONE,0.0,0.0,NONE,,True,0,NOT CHECKED,NONE,NEUTRAL,,,,NOT CHECKED,False,NOT CHECKED,NONE,0,,False,30.0,WATCHLIST,NOT CHECKED,,,,,,,,,False,,,False,,,,False,,,,False,NONE,False,False,0,,,,NOT CHECKED,NO LIVE SIGNAL,BAR_PROXY,0.0,NO DATA,,,,,,,,30.0,False
DLR,183.77,DISCOVER,DISCOVER,"near EMA50 support, near EMA200 pivot, volume contraction, low-volume pullback",42,48,55,WATCHLIST,WEAK,37.0,price<EMA20; EMA20>EMA50; EMA20 falling,-2.89,40.7,0.17,3.28,0,False,2.79,356825404.0,185.35,186.29,180.3,175.47,195.5,169.87,206.06,169.44,206.06,195.91,RESISTANCE_BREAKOUT,BREAKOUT,0.21,,,0,,,0,False,False,185.37,EMA50,186.29,4.91,5.38,175.47,175.47,205.71,211.58,215.5,1.49,206.06,5.18,True,5.0,206.06,5.18,0.96,False,2.5,6.57,0.0,1924996.0,311158395.0,2.57,True,True,"Digital Realty Trust, Inc. Common Stock",2,29.9,UNCLASSIFIED,,0.0,NONE,0.0,0.0,NONE,,True,0,NOT CHECKED,NONE,NEUTRAL,,,,NOT CHECKED,False,NOT CHECKED,NONE,0,,False,29.9,WATCHLIST,NOT CHECKED,,,,,,,,,False,,,False,,,,False,,,,False,NONE,False,False,0,,,,NOT CHECKED,NO LIVE SIGNAL,BAR_PROXY,0.0,NO DATA,,,,,,,,29.9,False
GO,11.52,REJECT,REJECT,"20/50 uptrend, rising EMA50, volume contraction",32,42,35,NO TRADE,WEAK,37.0,price<EMA20; EMA20>EMA50; EMA20 falling,2.86,47.4,0.15,6.19,0,False,4.33,27984912.0,11.47,10.82,10.43,10.83,12.67,8.75,12.67,5.66,12.44,12.71,RESISTANCE_BREAKOUT,BREAKOUT,0.31,,,0,,,0,False,False,11.95,ATR_FALLBACK,11.96,5.89,6.0,11.03,11.03,13.35,13.73,13.98,1.33,,,False,5.0,13.73,8.0,1.33,False,2.5,9.98,0.0,2371980.0,26837761.0,3.96,True,True,Grocery Outlet Holding Corp. - Common Stock,0,29.9,UNCLASSIFIED,,0.0,NONE,0.0,0.0,NONE,,True,0,NOT CHECKED,NONE,NEUTRAL,,,,NOT CHECKED,False,NOT CHECKED,NONE,0,,False,29.9,NO TRADE,NOT CHECKED,,,,,,,,,False,,,False,,,,False,,,,False,NONE,False,False,0,,,,NOT CHECKED,NO LIVE SIGNAL,BAR_PROXY,0.0,NO DATA,,,,,,,,29.9,False
QURE,43.86,DISCOVER,DISCOVER,"above EMA50, rising EMA50, near EMA50 support, volume contraction, low-volume pullback",42,48,35,WATCHLIST,WEAK,37.0,price<EMA20; EMA20>EMA50; EMA20 falling,-9.13,26.9,0.28,7.56,0,False,4.75,54477303.0,45.35,43.67,33.32,41.67,51.72,35.34,51.72,8.73,51.72,51.89,RESISTANCE_BREAKOUT,BREAKOUT,0.32,,,0,,,0,False,False,48.77,ATR_FALLBACK,48.76,6.02,6.0,41.67,41.67,54.48,56.04,57.08,1.33,,,False,5.0,56.04,8.0,1.33,False,2.5,17.92,0.0,1166250.0,49137394.0,4.35,True,True,uniQure N.V. - Ordinary Shares,2,29.8,UNCLASSIFIED,,0.0,NONE,0.0,0.0,NONE,,True,0,NOT CHECKED,NONE,NEUTRAL,,,,NOT CHECKED,False,NOT CHECKED,NONE,0,,False,29.8,WATCHLIST,NOT CHECKED,,,,,,,,,False,,,False,,,,False,,,,False,NONE,False,False,0,,,,NOT CHECKED,NO LIVE SIGNAL,BAR_PROXY,0.0,NO DATA,,,,,,,,29.8,False
SM,37.34,REJECT,REJECT,"20/50 uptrend, rising EMA50",26,42,35,NO TRADE,WEAK,37.0,price<EMA20; EMA20>EMA50; EMA20 falling,4.85,53.0,0.46,9.97,0,False,3.97,137577759.0,37.14,34.59,29.34,34.28,41.56,25.32,38.88,22.84,38.03,41.68,RESISTANCE_BREAKOUT,BREAKOUT,0.29,,,0,,,0,False,False,39.19,ATR_FALLBACK,39.46,5.33,5.97,37.42,36.28,43.76,45.01,45.85,1.34,,,False,5.0,45.01,8.0,1.34,False,2.5,11.3,0.0,3661227.0,127528059.0,3.44,True,True,SM Energy Company Common Stock,0,29.7,UNCLASSIFIED,,0.0,NONE,0.0,0.0,NONE,,True,0,NOT CHECKED,NONE,NEUTRAL,,,,NOT CHECKED,False,NOT CHECKED,NONE,0,,False,29.7,NO TRADE,NOT CHECKED,,,,,,,,,False,,,False,,,,False,,,,False,NONE,False,False,0,,,,NOT CHECKED,NO LIVE SIGNAL,BAR_PROXY,0.0,NO DATA,,,,,,,,29.7,False
MDB,393.4,DISCOVER,DISCOVER,"20/50 uptrend, tight range, volume contraction",42,48,35,WATCHLIST,WEAK,37.0,price<EMA20; EMA20>EMA50; EMA20 falling,-9.78,38.3,0.43,8.49,0,False,5.49,764358132.0,389.08,379.85,345.66,354.11,457.85,290.57,473.1,215.68,473.1,459.58,RESISTANCE_BREAKOUT,BREAKOUT,0.38,,,0,,,0,False,False,432.0,ATR_FALLBACK,427.19,7.05,6.0,356.01,354.11,482.56,496.34,505.53,1.33,473.1,2.94,False,5.0,473.1,2.94,0.49,False,2.5,16.38,0.0,1941173.0,629234107.0,4.76,True,True,"MongoDB, Inc. - Class A Common Stock",2,29.5,UNCLASSIFIED,,0.0,NONE,0.0,0.0,NONE,,True,0,NOT CHECKED,NONE,NEUTRAL,,,,NOT CHECKED,False,NOT CHECKED,NONE,0,,False,29.5,WATCHLIST,NOT CHECKED,,,,,,,,,False,,,False,,,,False,,,,False,NONE,False,False,0,,,,NOT CHECKED,NO LIVE SIGNAL,BAR_PROXY,0.0,NO DATA,,,,,,,,29.5,False
RUM,8.74,REJECT,REJECT,"20/50 uptrend, rising EMA50",26,40,35,NO TRADE,WEAK,37.0,price<EMA20; EMA20>EMA50; EMA20 falling,6.02,42.9,0.59,11.58,3,True,7.68,47385124.0,8.2,7.73,7.05,6.99,10.6,5.47,10.6,4.62,10.6,10.65,RESISTANCE_BREAKOUT,BREAKOUT,0.51,,,0,,,0,False,False,10.01,ATR_FALLBACK,9.64,9.46,6.0,6.99,6.99,11.18,11.5,11.71,1.33,,,False,5.0,11.5,8.0,1.33,False,2.5,21.15,0.0,5521040.0,33565328.0,7.87,True,True,RUM Group Inc. - Class A Common Stock,0,29.0,UNCLASSIFIED,,0.0,NONE,0.0,0.0,NONE,,True,0,NOT CHECKED,NONE,NEUTRAL,,,,NOT CHECKED,False,NOT CHECKED,NONE,0,,False,29.0,NO TRADE,NOT CHECKED,,,,,,,,,False,,,False,,,,False,,,,False,NONE,False,False,0,,,,NOT CHECKED,NO LIVE SIGNAL,BAR_PROXY,0.0,NO DATA,,,,,,,,29.0,True
GTES,25.58,REJECT,REJECT,"near EMA50 support, near EMA200 pivot, volume contraction, low-volume pullback",34,40,20,NO TRADE,WEAK,37.0,price<EMA20; EMA20>EMA50; EMA20 falling,-1.54,43.0,0.13,3.02,0,False,3.33,45092918.0,25.92,26.33,25.65,24.27,26.88,24.27,30.34,20.88,30.34,26.94,RESISTANCE_BREAKOUT,BREAKOUT,0.25,,,0,,,0,False,False,26.18,EMA50,26.33,2.28,2.84,24.82,24.27,28.29,29.1,29.64,2.81,30.34,12.61,True,5.0,29.1,8.0,2.81,True,2.5,8.13,0.0,1754230.0,45007009.0,2.86,True,True,Gates Industrial Corporation Ltd. Common Shares,0,29.0,UNCLASSIFIED,,0.0,NONE,0.0,0.0,NONE,,True,0,NOT CHECKED,NONE,NEUTRAL,,,,NOT CHECKED,False,NOT CHECKED,NONE,0,,False,29.0,NO TRADE,NOT CHECKED,,,,,,,,,False,,,False,,,,False,,,,False,NONE,False,False,0,,,,NOT CHECKED,NO LIVE SIGNAL,BAR_PROXY,0.0,NO DATA,,,,,,,,29.0,False
VG,14.44,REJECT,REJECT,"above EMA50, rising EMA50",26,40,35,NO TRADE,WEAK,37.0,price<EMA20; EMA20>EMA50; EMA20 falling,5.87,49.9,0.37,9.25,0,False,4.6,196760513.0,14.65,13.98,12.63,13.68,16.26,10.23,15.95,10.23,17.55,16.31,RESISTANCE_BREAKOUT,BREAKOUT,0.33,,,0,,,0,False,False,15.33,ATR_FALLBACK,15.31,6.11,6.0,14.55,14.22,17.13,17.62,17.94,1.33,17.55,7.6,True,5.0,17.55,7.6,1.27,False,2.5,12.62,0.0,13304459.0,186308369.0,3.99,True,True,"Venture Global, Inc. Class A common stock",0,28.9,UNCLASSIFIED,,0.0,NONE,0.0,0.0,NONE,,True,0,NOT CHECKED,NONE,NEUTRAL,,,,NOT CHECKED,False,NOT CHECKED,NONE,0,,False,28.9,NO TRADE,NOT CHECKED,,,,,,,,,False,,,False,,,,False,,,,False,NONE,False,False,0,,,,NOT CHECKED,NO LIVE SIGNAL,BAR_PROXY,0.0,NO DATA,,,,,,,,28.9,False
BEN,33.15,DISCOVER,DISCOVER,"rising EMA50, near EMA50 support, volume contraction, low-volume pullback",40,46,55,WATCHLIST,WEAK,37.0,price<EMA20; EMA20>EMA50; EMA20 falling,-1.54,36.0,0.26,3.52,0,False,2.46,101034170.0,33.72,33.45,29.66,32.07,35.39,31.73,36.28,22.03,36.28,35.46,RESISTANCE_BREAKOUT,BREAKOUT,0.18,,,0,,,0,False,False,33.58,EMA20,33.72,4.88,5.3,32.07,32.07,37.23,38.29,39.0,1.51,36.28,2.33,False,5.0,36.28,2.33,0.44,False,2.5,6.77,0.0,2969572.0,88428844.0,2.17,True,True,"Franklin Templeton, Inc. Common Stock",2,28.9,UNCLASSIFIED,,0.0,NONE,0.0,0.0,NONE,,True,0,NOT CHECKED,NONE,NEUTRAL,,,,NOT CHECKED,False,NOT CHECKED,NONE,0,,False,28.9,WATCHLIST,NOT CHECKED,,,,,,,,,False,,,False,,,,False,,,,False,NONE,False,False,0,,,,NOT CHECKED,NO LIVE SIGNAL,BAR_PROXY,0.0,NO DATA,,,,,,,,28.9,False
SGHC,13.04,REJECT,REJECT,"rising EMA50, near EMA200 pivot, volume contraction, low-volume pullback",36,46,55,NO TRADE,WEAK,37.0,price<EMA20; EMA20>EMA50; EMA20 falling,0.0,35.5,0.53,5.11,0,False,3.28,31721754.0,13.63,13.66,12.8,13.1,14.32,12.74,15.86,9.95,15.86,14.36,RESISTANCE_BREAKOUT,BREAKOUT,0.24,,,0,,,0,False,False,13.58,EMA50,13.66,4.89,5.43,13.29,13.29,15.08,15.51,15.8,1.47,15.86,10.45,True,5.0,15.51,8.0,1.47,False,2.5,9.85,0.0,2312400.0,31100055.0,3.0,True,True,Super Group (SGHC) Limited Ordinary Shares,0,28.8,UNCLASSIFIED,,0.0,NONE,0.0,0.0,NONE,,True,0,NOT CHECKED,NONE,NEUTRAL,,,,NOT CHECKED,False,NOT CHECKED,NONE,0,,False,28.8,NO TRADE,NOT CHECKED,,,,,,,,,False,,,False,,,,False,,,,False,NONE,False,False,0,,,,NOT CHECKED,NO LIVE SIGNAL,BAR_PROXY,0.0,NO DATA,,,,,,,,28.8,False
VRDN,21.84,DISCOVER,DISCOVER,"above EMA50, rising EMA50, near EMA50 support, near EMA200 pivot",42,48,35,WATCHLIST,WEAK,37.0,price<EMA20; EMA20>EMA50; EMA20 falling,-11.02,33.5,0.47,6.83,0,False,4.26,25526729.0,22.5,21.67,21.55,21.18,24.8,16.93,24.86,13.18,30.79,24.87,RESISTANCE_BREAKOUT,BREAKOUT,0.3,,,0,,,0,False,False,23.38,ATR_FALLBACK,23.48,5.61,6.0,21.18,21.18,26.12,26.86,27.36,1.33,30.79,23.78,True,5.0,26.86,8.0,1.33,False,2.5,13.83,0.0,1110109.0,25326104.0,3.59,True,True,"Viridian Therapeutics, Inc.  - Common Stock",2,28.8,UNCLASSIFIED,,0.0,NONE,0.0,0.0,NONE,,True,0,NOT CHECKED,NONE,NEUTRAL,,,,NOT CHECKED,False,NOT CHECKED,NONE,0,,False,28.8,WATCHLIST,NOT CHECKED,,,,,,,,,False,,,False,,,,False,,,,False,NONE,False,False,0,,,,NOT CHECKED,NO LIVE SIGNAL,BAR_PROXY,0.0,NO DATA,,,,,,,,28.8,False
PLTR,174.57,REJECT,REJECT,"20/50 uptrend, rising EMA50, volume contraction",32,42,35,NO TRADE,WEAK,37.0,price<EMA20; EMA20>EMA50; EMA20 falling,0.56,40.1,0.48,10.32,1,True,4.0,4886896756.0,171.97,161.81,153.8,164.55,188.37,106.37,188.37,106.37,188.37,188.93,RESISTANCE_BREAKOUT,BREAKOUT,0.3,,,0,,,0,False,False,177.59,ATR_FALLBACK,178.45,5.55,6.0,164.55,164.55,198.38,204.04,207.82,1.33,,,False,5.0,204.04,8.0,1.33,False,2.5,7.9,0.0,27715243.0,4767521014.0,3.98,True,True,Palantir Technologies Inc. - Class A Common Stock,0,28.7,UNCLASSIFIED,,0.0,NONE,0.0,0.0,NONE,,True,0,NOT CHECKED,NONE,NEUTRAL,,,,NOT CHECKED,False,NOT CHECKED,NONE,0,,False,28.7,NO TRADE,NOT CHECKED,,,,,,,,,False,,,False,,,,False,,,,False,NONE,False,False,0,,,,NOT CHECKED,NO LIVE SIGNAL,BAR_PROXY,0.0,NO DATA,,,,,,,,28.7,True
AMLX,33.78,DISCOVER,DISCOVER,"20/50 uptrend, rising EMA50, tight range, volume contraction",42,48,35,WATCHLIST,WEAK,37.0,price<EMA20; EMA20>EMA50; EMA20 falling,-11.57,35.2,0.24,63.84,2,True,5.09,82515559.0,32.52,28.1,19.69,31.37,41.14,15.71,41.14,12.44,41.14,41.28,RESISTANCE_BREAKOUT,BREAKOUT,0.33,,,0,,,0,False,False,38.8,ATR_FALLBACK,38.7,6.25,6.0,31.37,31.37,43.34,44.58,45.41,1.33,,,False,5.0,44.58,8.0,1.33,False,2.5,21.79,0.0,2287206.0,61098190.0,5.22,True,True,"Amylyx Pharmaceuticals, Inc. - Common Stock",2,28.6,UNCLASSIFIED,,0.0,NONE,0.0,0.0,NONE,,True,0,NOT CHECKED,NONE,NEUTRAL,,,,NOT CHECKED,False,NOT CHECKED,NONE,0,,False,28.6,WATCHLIST,NOT CHECKED,,,,,,,,,False,,,False,,,,False,,,,False,NONE,False,False,0,,,,NOT CHECKED,NO LIVE SIGNAL,BAR_PROXY,0.0,NO DATA,,,,,,,,28.6,True
MNDY,90.24,REJECT,REJECT,"above EMA50, rising EMA50, near EMA50 support",32,42,35,NO TRADE,WEAK,37.0,price<EMA20; EMA20>EMA50; EMA20 falling,0.07,40.4,0.41,10.67,1,True,5.76,106132923.0,91.19,88.29,100.03,79.2,102.0,66.85,102.0,57.5,102.0,102.42,RESISTANCE_BREAKOUT,BREAKOUT,0.41,,,0,,,0,False,False,96.27,ATR_FALLBACK,94.62,7.61,6.0,79.2,79.2,107.54,110.61,112.66,1.33,,,False,5.0,110.61,8.0,1.33,False,2.5,13.03,0.0,1148613.0,104698555.0,4.97,True,True,monday.com Ltd. - Ordinary Shares,0,28.5,UNCLASSIFIED,,0.0,NONE,0.0,0.0,NONE,,True,0,NOT CHECKED,NONE,NEUTRAL,,,,NOT CHECKED,False,NOT CHECKED,NONE,0,,False,28.5,NO TRADE,NOT CHECKED,,,,,,,,,False,,,False,,,,False,,,,False,NONE,False,False,0,,,,NOT CHECKED,NO LIVE SIGNAL,BAR_PROXY,0.0,NO DATA,,,,,,,,28.5,True
AYA,28.38,REJECT,REJECT,"20/50 uptrend, rising EMA50",26,40,35,NO TRADE,WEAK,37.0,price<EMA20; EMA20>EMA50; EMA20 falling,5.04,46.5,0.54,9.04,0,False,6.43,33764991.0,27.47,25.25,19.69,25.47,30.4,16.76,30.4,12.2,30.24,30.55,RESISTANCE_BREAKOUT,BREAKOUT,0.48,,,0,,,0,False,False,28.71,ATR_FALLBACK,27.81,8.97,6.0,25.47,25.47,32.07,32.99,33.6,1.33,,,False,5.0,32.99,8.0,1.33,False,2.5,7.14,0.0,1212352.0,29359665.0,5.43,True,True,Aya Gold & Silver Inc. - Common Shares,0,28.5,UNCLASSIFIED,,0.0,NONE,0.0,0.0,NONE,,True,0,NOT CHECKED,NONE,NEUTRAL,,,,NOT CHECKED,False,NOT CHECKED,NONE,0,,False,28.5,NO TRADE,NOT CHECKED,,,,,,,,,False,,,False,,,,False,,,,False,NONE,False,False,0,,,,NOT CHECKED,NO LIVE SIGNAL,BAR_PROXY,0.0,NO DATA,,,,,,,,28.5,False
APPS,10.94,REJECT,REJECT,"above EMA50, rising EMA50, volume contraction, low-volume pullback",36,42,35,NO TRADE,WEAK,37.0,price<EMA20; EMA20>EMA50; EMA20 falling,-1.67,45.5,0.53,11.25,1,True,6.58,26928269.0,11.13,10.61,7.8,9.75,12.19,7.85,15.34,2.74,15.34,12.25,RESISTANCE_BREAKOUT,BREAKOUT,0.47,,,0,,,0,False,False,11.51,ATR_FALLBACK,11.17,8.82,6.0,10.62,9.75,12.86,13.23,13.47,1.33,15.34,25.25,True,5.0,13.23,8.0,1.33,False,2.5,11.43,0.0,2447171.0,26023441.0,5.8,True,True,"Digital Turbine, Inc. - Common Stock",0,28.4,UNCLASSIFIED,,0.0,NONE,0.0,0.0,NONE,,True,0,NOT CHECKED,NONE,NEUTRAL,,,,NOT CHECKED,False,NOT CHECKED,NONE,0,,False,28.4,NO TRADE,NOT CHECKED,,,,,,,,,False,,,False,,,,False,,,,False,NONE,False,False,0,,,,NOT CHECKED,NO LIVE SIGNAL,BAR_PROXY,0.0,NO DATA,,,,,,,,28.4,True
DLO,14.34,REJECT,REJECT,"rising EMA50, near EMA50 support, volume contraction, low-volume pullback",32,42,40,NO TRADE,WEAK,37.0,price<EMA20; EMA20>EMA50; EMA20 falling,1.2,37.8,0.4,5.79,0,False,3.24,29164851.0,14.79,14.53,13.76,14.13,16.15,11.94,16.15,10.46,15.76,16.19,RESISTANCE_BREAKOUT,BREAKOUT,0.23,,,0,,,0,False,False,15.41,ATR_FALLBACK,15.49,4.31,4.83,14.16,14.16,17.0,17.48,17.81,1.66,,,False,5.0,17.48,8.0,1.66,False,2.5,12.62,0.0,1936124.0,27044987.0,3.06,True,True,DLocal Limited - Class A Common Shares,0,28.3,UNCLASSIFIED,,0.0,NONE,0.0,0.0,NONE,,True,0,NOT CHECKED,NONE,NEUTRAL,,,,NOT CHECKED,False,NOT CHECKED,NONE,0,,False,28.3,NO TRADE,NOT CHECKED,,,,,,,,,False,,,False,,,,False,,,,False,NONE,False,False,0,,,,NOT CHECKED,NO LIVE SIGNAL,BAR_PROXY,0.0,NO DATA,,,,,,,,28.3,False
TALO,17.22,REJECT,REJECT,"20/50 uptrend, rising EMA50",26,42,35,NO TRADE,WEAK,37.0,price<EMA20; EMA20>EMA50; EMA20 falling,1.21,56.4,0.26,8.41,0,False,3.76,32109904.0,17.1,16.2,14.2,15.98,18.73,12.84,18.44,12.38,18.44,18.78,RESISTANCE_BREAKOUT,BREAKOUT,0.28,,,0,,,0,False,False,17.69,ATR_FALLBACK,17.81,5.18,5.8,17.14,16.67,19.72,20.28,20.65,1.38,,,False,5.0,20.28,8.0,1.38,False,2.5,8.74,0.0,1849304.0,28445761.0,3.61,True,True,"Talos Energy, Inc. Common Stock",0,27.9,UNCLASSIFIED,,0.0,NONE,0.0,0.0,NONE,,True,0,NOT CHECKED,NONE,NEUTRAL,,,,NOT CHECKED,False,NOT CHECKED,NONE,0,,False,27.9,NO TRADE,NOT CHECKED,,,,,,,,,False,,,False,,,,False,,,,False,NONE,False,False,0,,,,NOT CHECKED,NO LIVE SIGNAL,BAR_PROXY,0.0,NO DATA,,,,,,,,27.9,False
CDE,20.12,REJECT,REJECT,"20/50 uptrend, rising EMA50, volume contraction, low-volume pullback",36,42,35,NO TRADE,WEAK,37.0,price<EMA20; EMA20>EMA50; EMA20 falling,-2.93,37.7,0.64,13.07,2,True,5.39,678875124.0,20.11,19.09,18.45,18.48,22.45,13.93,22.45,13.93,27.17,22.54,RESISTANCE_BREAKOUT,BREAKOUT,0.39,,,0,,,0,False,False,21.18,ATR_FALLBACK,20.91,7.22,6.0,18.48,18.48,23.66,24.34,24.79,1.33,27.17,20.56,True,5.0,24.34,8.0,1.33,False,2.5,11.55,0.0,32593817.0,734344333.0,4.57,True,True,"Coeur Mining, Inc. Common Stock",0,27.8,UNCLASSIFIED,,0.0,NONE,0.0,0.0,NONE,,True,0,NOT CHECKED,NONE,NEUTRAL,,,,NOT CHECKED,False,NOT CHECKED,NONE,0,,False,27.8,NO TRADE,NOT CHECKED,,,,,,,,,False,,,False,,,,False,,,,False,NONE,False,False,0,,,,NOT CHECKED,NO LIVE SIGNAL,BAR_PROXY,0.0,NO DATA,,,,,,,,27.8,True
FAST,48.78,DISCOVER,DISCOVER,"rising EMA50, near EMA50 support, tight range",40,46,55,WATCHLIST,WEAK,37.0,price<EMA20; EMA20>EMA50; EMA20 falling,-4.26,33.1,0.27,2.71,0,False,2.18,279607859.0,49.44,48.89,46.42,47.65,52.15,43.82,52.92,42.68,52.92,52.24,RESISTANCE_BREAKOUT,BREAKOUT,0.16,,,0,,,0,False,False,49.25,EMA20,49.44,5.35,5.72,48.06,47.65,54.85,56.41,57.46,1.4,52.92,1.31,False,5.0,52.92,1.31,0.23,False,2.5,6.91,0.0,5635662.0,288775856.0,2.04,True,True,Fastenal Company - Common Stock,2,27.5,UNCLASSIFIED,,0.0,NONE,0.0,0.0,NONE,,True,0,NOT CHECKED,NONE,NEUTRAL,,,,NOT CHECKED,False,NOT CHECKED,NONE,0,,False,27.5,WATCHLIST,NOT CHECKED,,,,,,,,,False,,,False,,,,False,,,,False,NONE,False,False,0,,,,NOT CHECKED,NO LIVE SIGNAL,BAR_PROXY,0.0,NO DATA,,,,,,,,27.5,False
GAP,20.75,REJECT,REJECT,"rising EMA50, near EMA50 support, volume contraction, low-volume pullback",32,42,55,NO TRADE,WEAK,37.0,price<EMA20; EMA20>EMA50; EMA20 falling,4.13,49.7,0.22,12.94,1,True,5.12,189158312.0,21.09,20.95,22.23,19.52,25.8,17.94,25.8,17.94,27.97,25.88,RESISTANCE_BREAKOUT,BREAKOUT,0.33,,,0,,,0,False,False,24.33,ATR_FALLBACK,24.29,6.15,6.0,19.85,19.85,27.18,27.96,28.47,1.33,27.97,8.05,True,5.0,27.96,8.0,1.33,False,2.5,24.37,0.0,8780883.0,145810322.0,3.5,True,True,"Gap, Inc. (The) Common Stock",0,27.5,UNCLASSIFIED,,0.0,NONE,0.0,0.0,NONE,,True,0,NOT CHECKED,NONE,NEUTRAL,,,,NOT CHECKED,False,NOT CHECKED,NONE,0,,False,27.5,NO TRADE,NOT CHECKED,,,,,,,,,False,,,False,,,,False,,,,False,NONE,False,False,0,,,,NOT CHECKED,NO LIVE SIGNAL,BAR_PROXY,0.0,NO DATA,,,,,,,,27.5,True
CAG,15.23,REJECT,REJECT,"above EMA50, near EMA50 support, near EMA200 pivot",34,40,20,NO TRADE,WEAK,37.0,price<EMA20; EMA20>EMA50; EMA20 falling,-5.22,34.1,0.36,4.51,0,False,2.58,154198147.0,15.33,15.11,15.29,14.31,16.74,12.68,16.74,12.39,18.79,16.77,RESISTANCE_BREAKOUT,BREAKOUT,0.19,,,0,,,0,False,False,16.11,ATR_FALLBACK,16.18,3.51,3.93,14.31,14.31,17.61,18.11,18.45,2.03,18.79,12.01,True,5.0,18.11,8.0,2.03,False,2.5,9.95,0.0,9867984.0,153185458.0,2.39,True,True,"ConAgra Brands, Inc. Common Stock",0,27.2,UNCLASSIFIED,,0.0,NONE,0.0,0.0,NONE,,True,0,NOT CHECKED,NONE,NEUTRAL,,,,NOT CHECKED,False,NOT CHECKED,NONE,0,,False,27.2,NO TRADE,NOT CHECKED,,,,,,,,,False,,,False,,,,False,,,,False,NONE,False,False,0,,,,NOT CHECKED,NO LIVE SIGNAL,BAR_PROXY,0.0,NO DATA,,,,,,,,27.2,False
FIGR,33.49,DISCOVER,DISCOVER,"rising EMA50, near EMA50 support, near EMA200 pivot, volume contraction, low-volume pullback",42,48,55,WATCHLIST,WEAK,37.0,price<EMA20; EMA20>EMA50; EMA20 falling,-8.2,37.7,0.36,13.76,2,True,7.84,147750037.0,34.91,33.62,35.03,32.2,41.5,24.11,41.5,24.11,44.67,41.71,RESISTANCE_BREAKOUT,BREAKOUT,0.51,,,0,,,0,False,False,39.21,ATR_FALLBACK,37.77,9.44,6.0,32.38,32.2,43.8,45.05,45.88,1.33,44.67,7.1,True,5.0,44.67,7.1,1.18,False,2.5,23.92,0.0,4050417.0,147440832.0,7.13,True,True,"Figure Technology Solutions, Inc. - Class A Common Stock",2,27.2,UNCLASSIFIED,,0.0,NONE,0.0,0.0,NONE,,True,0,NOT CHECKED,NONE,NEUTRAL,,,,NOT CHECKED,False,NOT CHECKED,NONE,0,,False,27.2,WATCHLIST,NOT CHECKED,,,,,,,,,False,,,False,,,,False,,,,False,NONE,False,False,0,,,,NOT CHECKED,NO LIVE SIGNAL,BAR_PROXY,0.0,NO DATA,,,,,,,,27.2,True
HMY,19.95,REJECT,REJECT,"above EMA50, rising EMA50, volume contraction, low-volume pullback",36,42,35,NO TRADE,WEAK,37.0,price<EMA20; EMA20>EMA50; EMA20 falling,-4.49,42.9,0.6,9.39,0,False,4.27,85435292.0,20.01,19.03,17.71,18.89,23.69,14.19,23.69,12.78,23.69,23.76,RESISTANCE_BREAKOUT,BREAKOUT,0.29,,,0,,,0,False,False,22.33,ATR_FALLBACK,22.48,5.38,6.0,18.89,18.89,24.95,25.66,26.13,1.33,,,False,5.0,25.66,8.0,1.33,False,2.5,18.75,0.0,4109152.0,81089627.0,3.13,True,True,Harmony Gold Mining Company Limited,0,27.0,UNCLASSIFIED,,0.0,NONE,0.0,0.0,NONE,,True,0,NOT CHECKED,NONE,NEUTRAL,,,,NOT CHECKED,False,NOT CHECKED,NONE,0,,False,27.0,NO TRADE,NOT CHECKED,,,,,,,,,False,,,False,,,,False,,,,False,NONE,False,False,0,,,,NOT CHECKED,NO LIVE SIGNAL,BAR_PROXY,0.0,NO DATA,,,,,,,,27.0,False
DXCM,87.9,REJECT,REJECT,"20/50 uptrend, rising EMA50",34,40,35,NO TRADE,WEAK,37.0,price<EMA20; EMA20>EMA50; EMA20 falling,-1.29,45.6,0.28,3.42,0,False,2.77,304211876.0,86.81,83.65,74.94,82.29,92.59,67.3,92.59,56.72,92.59,92.78,RESISTANCE_BREAKOUT,BREAKOUT,0.21,,,0,,,0,False,False,87.22,EMA20,86.81,6.44,6.0,82.29,82.29,97.42,100.21,102.06,1.33,,,False,5.0,100.21,8.0,1.33,False,2.5,5.34,0.0,3463036.0,286132378.0,2.61,True,True,"DexCom, Inc. - Common Stock",0,26.9,UNCLASSIFIED,,0.0,NONE,0.0,0.0,NONE,,True,0,NOT CHECKED,NONE,NEUTRAL,,,,NOT CHECKED,False,NOT CHECKED,NONE,0,,False,26.9,NO TRADE,NOT CHECKED,,,,,,,,,False,,,False,,,,False,,,,False,NONE,False,False,0,,,,NOT CHECKED,NO LIVE SIGNAL,BAR_PROXY,0.0,NO DATA,,,,,,,,26.9,False
UMAC,23.72,DISCOVER,DISCOVER,"above EMA50, rising EMA50, near EMA50 support, volume contraction, low-volume pullback",42,48,35,WATCHLIST,WEAK,37.0,price<EMA20; EMA20>EMA50; EMA20 falling,-15.27,41.3,0.52,25.04,2,True,7.22,75019619.0,23.99,23.57,19.13,21.33,28.37,15.78,34.93,10.64,34.93,28.51,RESISTANCE_BREAKOUT,BREAKOUT,0.48,,,0,,,0,False,False,26.8,ATR_FALLBACK,25.94,9.01,6.0,21.33,21.33,29.93,30.79,31.36,1.33,34.93,22.52,True,5.0,30.79,8.0,1.33,False,2.5,28.16,0.0,3074427.0,64112673.0,7.3,True,True,"Unusual Machines, Inc. Common Stock",2,26.7,UNCLASSIFIED,,0.0,NONE,0.0,0.0,NONE,,True,0,NOT CHECKED,NONE,NEUTRAL,,,,NOT CHECKED,False,NOT CHECKED,NONE,0,,False,26.7,WATCHLIST,NOT CHECKED,,,,,,,,,False,,,False,,,,False,,,,False,NONE,False,False,0,,,,NOT CHECKED,NO LIVE SIGNAL,BAR_PROXY,0.0,NO DATA,,,,,,,,26.7,True
EXLS,35.64,REJECT,REJECT,"above EMA50, rising EMA50, volume contraction",32,38,20,NO TRADE,WEAK,37.0,price<EMA20; EMA20>EMA50; EMA20 falling,-2.81,33.0,0.27,4.37,0,False,2.71,66895433.0,35.93,34.25,33.85,34.33,38.86,24.85,38.86,24.85,38.86,38.94,RESISTANCE_BREAKOUT,BREAKOUT,0.2,,,0,,,0,False,False,37.31,ATR_FALLBACK,37.49,3.73,4.17,34.33,34.33,40.88,42.05,42.83,1.92,,,False,5.0,42.05,8.0,1.92,False,2.5,9.03,0.0,1814387.0,68594702.0,2.33,True,True,"ExlService Holdings, Inc. - Common Stock",0,26.7,UNCLASSIFIED,,0.0,NONE,0.0,0.0,NONE,,True,0,NOT CHECKED,NONE,NEUTRAL,,,,NOT CHECKED,False,NOT CHECKED,NONE,0,,False,26.7,NO TRADE,NOT CHECKED,,,,,,,,,False,,,False,,,,False,,,,False,NONE,False,False,0,,,,NOT CHECKED,NO LIVE SIGNAL,BAR_PROXY,0.0,NO DATA,,,,,,,,26.7,False
PENN,17.61,REJECT,REJECT,"near EMA200 pivot, tight range",28,40,20,NO TRADE,WEAK,37.0,price<EMA20; EMA20>EMA50; EMA20 falling,-4.2,53.9,0.2,4.15,0,False,3.17,43701622.0,17.75,18.47,17.81,16.24,18.88,16.24,22.35,13.59,22.36,18.92,RESISTANCE_BREAKOUT,BREAKOUT,0.24,,,0,,,0,False,False,18.37,EMA50,18.47,2.41,2.94,16.81,16.46,19.87,20.44,20.82,2.72,22.35,18.1,True,5.0,20.44,8.0,2.72,True,2.5,7.21,0.0,2502602.0,39508823.0,3.23,True,True,"PENN Entertainment, Inc. - Common Stock",0,26.5,UNCLASSIFIED,,0.0,NONE,0.0,0.0,NONE,,True,0,NOT CHECKED,NONE,NEUTRAL,,,,NOT CHECKED,False,NOT CHECKED,NONE,0,,False,26.5,NO TRADE,NOT CHECKED,,,,,,,,,False,,,False,,,,False,,,,False,NONE,False,False,0,,,,NOT CHECKED,NO LIVE SIGNAL,BAR_PROXY,0.0,NO DATA,,,,,,,,26.5,False
C,132.63,REJECT,REJECT,"rising EMA50, near EMA50 support",30,40,40,NO TRADE,WEAK,37.0,price<EMA20; EMA20>EMA50; EMA20 falling,0.72,49.9,0.69,2.83,0,False,2.86,1162784001.0,135.2,134.54,124.77,129.61,141.27,126.14,147.04,101.02,147.21,141.57,RESISTANCE_BREAKOUT,BREAKOUT,0.21,,,0,,,0,False,False,134.52,EMA20,135.2,4.5,4.98,131.05,131.05,148.65,152.9,155.73,1.61,147.04,3.86,False,5.0,147.04,3.86,0.78,False,2.5,6.51,0.0,8645924.0,1020949673.0,2.38,True,True,"Citigroup, Inc. Common Stock",0,26.4,UNCLASSIFIED,,0.0,NONE,0.0,0.0,NONE,,True,0,NOT CHECKED,NONE,NEUTRAL,,,,NOT CHECKED,False,NOT CHECKED,NONE,0,,False,26.4,NO TRADE,NOT CHECKED,,,,,,,,,False,,,False,,,,False,,,,False,NONE,False,False,0,,,,NOT CHECKED,NO LIVE SIGNAL,BAR_PROXY,0.0,NO DATA,,,,,,,,26.4,False
DDOG,237.18,REJECT,REJECT,"near EMA50 support, volume contraction",28,38,35,NO TRADE,WEAK,37.0,price<EMA20; EMA20>EMA50; EMA20 falling,2.48,46.4,0.28,11.48,1,True,4.53,783021891.0,229.75,233.81,196.71,203.24,251.99,203.24,292.72,100.79,292.72,252.85,RESISTANCE_BREAKOUT,BREAKOUT,0.34,,,0,,,0,False,False,237.68,ATR_FALLBACK,236.75,6.37,6.0,218.27,203.24,265.49,273.08,278.13,1.33,292.72,15.77,True,5.0,273.08,8.0,1.33,False,2.5,6.24,0.0,3476767.0,713802271.0,4.6,True,True,"Datadog, Inc. - Class A Common Stock",0,26.3,UNCLASSIFIED,,0.0,NONE,0.0,0.0,NONE,,True,0,NOT CHECKED,NONE,NEUTRAL,,,,NOT CHECKED,False,NOT CHECKED,NONE,0,,False,26.3,NO TRADE,NOT CHECKED,,,,,,,,,False,,,False,,,,False,,,,False,NONE,False,False,0,,,,NOT CHECKED,NO LIVE SIGNAL,BAR_PROXY,0.0,NO DATA,,,,,,,,26.3,True
U,42.33,REJECT,REJECT,"above EMA50, rising EMA50, tight range, volume contraction, low-volume pullback",38,44,35,NO TRADE,WEAK,37.0,price<EMA20; EMA20>EMA50; EMA20 falling,-9.24,44.3,0.23,15.05,1,True,3.98,368010917.0,42.47,39.33,34.61,40.22,48.46,25.91,48.46,17.02,48.46,48.59,RESISTANCE_BREAKOUT,BREAKOUT,0.28,,,0,,,0,False,False,45.77,ATR_FALLBACK,46.07,5.2,5.82,40.81,40.22,51.02,52.48,53.45,1.37,,,False,5.0,52.48,8.0,1.37,False,2.5,14.49,0.0,8482397.0,360424662.0,3.73,True,True,Unity Software Inc. Common Stock,0,26.3,UNCLASSIFIED,,0.0,NONE,0.0,0.0,NONE,,True,0,NOT CHECKED,NONE,NEUTRAL,,,,NOT CHECKED,False,NOT CHECKED,NONE,0,,False,26.3,NO TRADE,NOT CHECKED,,,,,,,,,False,,,False,,,,False,,,,False,NONE,False,False,0,,,,NOT CHECKED,NO LIVE SIGNAL,BAR_PROXY,0.0,NO DATA,,,,,,,,26.3,True
CAI,30.75,EXTENDED,EXTENDED,"20/50 uptrend, rising EMA50, volume contraction, late/extended breakout",32,30,65,NO TRADE,WEAK,37.0,price<EMA20; EMA20>EMA50; EMA20 falling,36.0,70.3,0.86,21.58,2,True,4.71,136071353.0,25.53,22.75,22.08,22.59,29.08,15.11,28.32,14.19,28.32,30.75,CONFIRMED_MARKET,BREAKOUT,0.0,,,0,,,0,False,False,28.9,ATR_FALLBACK,28.57,7.07,6.0,23.2,23.2,32.28,33.2,33.82,1.33,,,False,5.0,33.2,8.0,1.33,False,2.5,-5.4,5.71,5186890.0,128735478.0,5.84,True,True,"Caris Life Sciences, Inc. - Common Stock",1,26.2,UNCLASSIFIED,,0.0,NONE,0.0,0.0,NONE,,True,0,NOT CHECKED,NONE,NEUTRAL,,,,NOT CHECKED,False,NOT CHECKED,NONE,0,,False,26.2,NO TRADE,NOT CHECKED,,,,,,,,,False,,,False,,,,False,,,,False,NONE,False,False,0,,,,NOT CHECKED,NO LIVE SIGNAL,BAR_PROXY,0.0,NO DATA,,,,,,,,26.2,True
APH,77.98,REJECT,REJECT,"rising EMA50, near EMA50 support, volume contraction, low-volume pullback",32,42,55,NO TRADE,WEAK,37.0,price<EMA20; EMA20>EMA50; EMA20 falling,0.86,44.0,0.35,4.57,0,False,3.47,855066201.0,80.02,79.61,73.75,75.75,84.48,69.83,89.26,58.92,89.26,84.7,RESISTANCE_BREAKOUT,BREAKOUT,0.26,,,0,,,0,False,False,79.61,EMA20,80.02,5.52,6.0,76.74,76.74,88.93,91.47,93.17,1.33,89.26,5.39,True,5.0,89.26,5.39,0.9,False,2.5,8.34,0.0,10688469.0,847806028.0,2.75,True,True,Amphenol Corporation Common Stock,0,25.9,UNCLASSIFIED,,0.0,NONE,0.0,0.0,NONE,,True,0,NOT CHECKED,NONE,NEUTRAL,,,,NOT CHECKED,False,NOT CHECKED,NONE,0,,False,25.9,NO TRADE,NOT CHECKED,,,,,,,,,False,,,False,,,,False,,,,False,NONE,False,False,0,,,,NOT CHECKED,NO LIVE SIGNAL,BAR_PROXY,0.0,NO DATA,,,,,,,,25.9,False
P,102.33,REJECT,REJECT,"20/50 uptrend, rising EMA50, volume contraction",32,44,35,NO TRADE,WEAK,37.0,price<EMA20; EMA20>EMA50; EMA20 falling,-7.71,53.8,0.48,11.64,1,True,4.95,306330305.0,98.06,93.03,82.1,89.64,114.58,65.75,119.1,56.78,119.1,114.99,RESISTANCE_BREAKOUT,BREAKOUT,0.35,,,0,,,0,False,False,108.09,ATR_FALLBACK,107.38,6.61,6.0,92.27,91.36,120.73,124.18,126.48,1.33,119.1,3.58,False,5.0,119.1,3.58,0.6,False,2.5,15.68,0.0,3079533.0,271288588.0,5.45,True,True,"Everpure, Inc. Class A common stock",0,25.9,UNCLASSIFIED,,0.0,NONE,0.0,0.0,NONE,,True,0,NOT CHECKED,NONE,NEUTRAL,,,,NOT CHECKED,False,NOT CHECKED,NONE,0,,False,25.9,NO TRADE,NOT CHECKED,,,,,,,,,False,,,False,,,,False,,,,False,NONE,False,False,0,,,,NOT CHECKED,NO LIVE SIGNAL,BAR_PROXY,0.0,NO DATA,,,,,,,,25.9,True
COLD,14.94,REJECT,REJECT,"above EMA50, near EMA50 support",32,38,35,NO TRADE,WEAK,37.0,price<EMA20; EMA20>EMA50; EMA20 falling,-0.01,48.8,0.6,3.74,0,False,3.37,50472604.0,14.65,14.68,13.68,13.5,15.61,13.5,16.88,10.34,16.88,15.65,RESISTANCE_BREAKOUT,BREAKOUT,0.26,,,0,,,0,False,False,14.71,EMA50,14.68,6.21,6.0,13.5,13.5,16.43,16.9,17.22,1.33,16.88,7.86,True,5.0,16.88,7.86,1.31,False,2.5,4.48,0.0,3426394.0,44543189.0,3.19,True,True,"Americold Realty Trust, Inc. Common Stock",0,25.8,UNCLASSIFIED,,0.0,NONE,0.0,0.0,NONE,,True,0,NOT CHECKED,NONE,NEUTRAL,,,,NOT CHECKED,False,NOT CHECKED,NONE,0,,False,25.8,NO TRADE,NOT CHECKED,,,,,,,,,False,,,False,,,,False,,,,False,NONE,False,False,0,,,,NOT CHECKED,NO LIVE SIGNAL,BAR_PROXY,0.0,NO DATA,,,,,,,,25.8,False
TRI,99.29,REJECT,REJECT,"rising EMA50, near EMA50 support, near EMA200 pivot, volume contraction",38,44,55,NO TRADE,WEAK,37.0,price<EMA20; EMA20>EMA50; EMA20 falling,-4.48,43.6,0.42,8.7,0,False,4.11,147288266.0,102.05,99.42,103.94,95.66,112.77,75.78,112.77,75.78,112.72,113.1,RESISTANCE_BREAKOUT,BREAKOUT,0.29,,,0,,,0,False,False,106.31,ATR_FALLBACK,106.98,5.41,6.0,95.66,95.66,118.75,122.14,124.41,1.33,,,False,5.0,122.14,8.0,1.33,False,2.5,13.58,0.0,1416289.0,141868252.0,3.29,True,True,Thomson Reuters Corp - Common Shares,0,25.7,UNCLASSIFIED,,0.0,NONE,0.0,0.0,NONE,,True,0,NOT CHECKED,NONE,NEUTRAL,,,,NOT CHECKED,False,NOT CHECKED,NONE,0,,False,25.7,NO TRADE,NOT CHECKED,,,,,,,,,False,,,False,,,,False,,,,False,NONE,False,False,0,,,,NOT CHECKED,NO LIVE SIGNAL,BAR_PROXY,0.0,NO DATA,,,,,,,,25.7,False
W,102.61,REJECT,REJECT,"20/50 uptrend, rising EMA50",34,40,35,NO TRADE,WEAK,37.0,price<EMA20; EMA20>EMA50; EMA20 falling,-3.9,45.9,0.35,6.31,0,False,4.54,218185627.0,100.81,97.03,89.06,93.0,107.83,78.97,118.31,55.6,118.31,108.2,RESISTANCE_BREAKOUT,BREAKOUT,0.35,,,0,,,0,False,False,101.71,ATR_FALLBACK,101.21,6.46,6.0,96.49,93.34,113.61,116.86,119.02,1.33,118.31,9.34,True,5.0,116.86,8.0,1.33,False,2.5,5.18,0.0,2161460.0,211105712.0,4.14,True,True,Wayfair Inc. Class A Common Stock,0,25.6,UNCLASSIFIED,,0.0,NONE,0.0,0.0,NONE,,True,0,NOT CHECKED,NONE,NEUTRAL,,,,NOT CHECKED,False,NOT CHECKED,NONE,0,,False,25.6,NO TRADE,NOT CHECKED,,,,,,,,,False,,,False,,,,False,,,,False,NONE,False,False,0,,,,NOT CHECKED,NO LIVE SIGNAL,BAR_PROXY,0.0,NO DATA,,,,,,,,25.6,False
FSLY,24.53,REJECT,REJECT,"20/50 uptrend, rising EMA50",26,36,35,NO TRADE,WEAK,37.0,price<EMA20; EMA20>EMA50; EMA20 falling,4.59,49.5,0.73,20.86,1,True,7.36,109768545.0,23.34,22.8,19.32,19.76,25.41,15.74,30.69,15.7,34.82,25.55,RESISTANCE_BREAKOUT,BREAKOUT,0.57,,,0,,,0,False,False,24.02,ATR_FALLBACK,22.84,10.6,6.0,21.82,19.76,26.83,27.59,28.1,1.33,30.69,20.12,True,5.0,27.59,8.0,1.33,False,2.5,9.54,0.0,4771487.0,91804429.0,7.16,True,True,"Fastly, Inc. - Class A Common Stock",0,25.6,UNCLASSIFIED,,0.0,NONE,0.0,0.0,NONE,,True,0,NOT CHECKED,NONE,NEUTRAL,,,,NOT CHECKED,False,NOT CHECKED,NONE,0,,False,25.6,NO TRADE,NOT CHECKED,,,,,,,,,False,,,False,,,,False,,,,False,NONE,False,False,0,,,,NOT CHECKED,NO LIVE SIGNAL,BAR_PROXY,0.0,NO DATA,,,,,,,,25.6,True
SAIL,19.88,REJECT,REJECT,"20/50 uptrend, rising EMA50",26,36,35,NO TRADE,WEAK,37.0,price<EMA20; EMA20>EMA50; EMA20 falling,4.51,47.3,0.57,15.31,2,True,6.58,80158490.0,18.89,17.84,16.85,16.62,21.36,12.4,21.36,10.3,21.36,21.47,RESISTANCE_BREAKOUT,BREAKOUT,0.49,,,0,,,0,False,False,20.18,ATR_FALLBACK,19.51,9.14,6.0,16.62,16.62,22.54,23.19,23.62,1.33,,,False,5.0,23.19,8.0,1.33,False,2.5,7.47,0.0,4217335.0,66245340.0,6.07,True,True,"SailPoint, Inc. - Common Stock",0,25.6,UNCLASSIFIED,,0.0,NONE,0.0,0.0,NONE,,True,0,NOT CHECKED,NONE,NEUTRAL,,,,NOT CHECKED,False,NOT CHECKED,NONE,0,,False,25.6,NO TRADE,NOT CHECKED,,,,,,,,,False,,,False,,,,False,,,,False,NONE,False,False,0,,,,NOT CHECKED,NO LIVE SIGNAL,BAR_PROXY,0.0,NO DATA,,,,,,,,25.6,True
WT,22.31,REJECT,REJECT,"above EMA50, rising EMA50, near EMA50 support",32,38,35,NO TRADE,WEAK,37.0,price<EMA20; EMA20>EMA50; EMA20 falling,-0.8,30.4,0.59,4.76,0,False,5.11,66732385.0,23.25,22.11,18.37,21.6,25.91,16.62,25.91,13.16,25.89,26.0,RESISTANCE_BREAKOUT,BREAKOUT,0.35,,,0,,,0,False,False,24.44,ATR_FALLBACK,24.29,6.57,6.0,21.6,21.6,27.3,28.08,28.6,1.33,,,False,5.0,28.08,8.0,1.33,False,2.5,16.14,0.0,2818750.0,62582698.0,4.17,True,True,"WisdomTree, Inc. Common Stock",0,25.5,UNCLASSIFIED,,0.0,NONE,0.0,0.0,NONE,,True,0,NOT CHECKED,NONE,NEUTRAL,,,,NOT CHECKED,False,NOT CHECKED,NONE,0,,False,25.5,NO TRADE,NOT CHECKED,,,,,,,,,False,,,False,,,,False,,,,False,NONE,False,False,0,,,,NOT CHECKED,NO LIVE SIGNAL,BAR_PROXY,0.0,NO DATA,,,,,,,,25.5,False
NRIX,25.43,REJECT,REJECT,"above EMA50, rising EMA50, tight range",36,42,35,NO TRADE,WEAK,37.0,price<EMA20; EMA20>EMA50; EMA20 falling,-7.58,37.8,0.5,3.24,0,False,4.2,30699817.0,25.69,24.67,19.53,24.27,27.57,17.83,28.23,14.01,28.23,27.65,RESISTANCE_BREAKOUT,BREAKOUT,0.31,,,0,,,0,False,False,25.99,ATR_FALLBACK,26.05,5.79,6.0,24.27,24.27,29.03,29.86,30.42,1.33,28.23,2.1,False,5.0,28.23,2.1,0.35,False,2.5,11.01,0.0,1181579.0,31888381.0,3.85,True,True,"Nurix Therapeutics, Inc. - Common stock",0,25.5,UNCLASSIFIED,,0.0,NONE,0.0,0.0,NONE,,True,0,NOT CHECKED,NONE,NEUTRAL,,,,NOT CHECKED,False,NOT CHECKED,NONE,0,,False,25.5,NO TRADE,NOT CHECKED,,,,,,,,,False,,,False,,,,False,,,,False,NONE,False,False,0,,,,NOT CHECKED,NO LIVE SIGNAL,BAR_PROXY,0.0,NO DATA,,,,,,,,25.5,False
LNC,42.69,REJECT,REJECT,"above EMA50, rising EMA50, near EMA50 support",32,38,35,NO TRADE,WEAK,37.0,price<EMA20; EMA20>EMA50; EMA20 falling,-0.91,45.4,0.47,3.49,0,False,3.02,78129025.0,43.52,42.57,39.49,41.93,45.9,34.88,47.67,31.4,47.67,46.0,RESISTANCE_BREAKOUT,BREAKOUT,0.22,,,0,,,0,False,False,43.29,EMA20,43.52,5.4,5.9,41.95,41.95,48.3,49.68,50.6,1.36,47.67,3.62,False,5.0,47.67,3.62,0.61,False,2.5,7.53,0.0,1803487.0,76201798.0,2.81,True,True,Lincoln National Corporation Common Stock,0,25.4,UNCLASSIFIED,,0.0,NONE,0.0,0.0,NONE,,True,0,NOT CHECKED,NONE,NEUTRAL,,,,NOT CHECKED,False,NOT CHECKED,NONE,0,,False,25.4,NO TRADE,NOT CHECKED,,,,,,,,,False,,,False,,,,False,,,,False,NONE,False,False,0,,,,NOT CHECKED,NO LIVE SIGNAL,BAR_PROXY,0.0,NO DATA,,,,,,,,25.4,False
NE,44.53,REJECT,REJECT,"above EMA50, rising EMA50, near EMA50 support",32,38,35,NO TRADE,WEAK,37.0,price<EMA20; EMA20>EMA50; EMA20 falling,-0.99,43.4,0.2,6.82,0,False,3.87,50553072.0,45.07,44.21,41.26,43.53,48.01,36.38,48.01,36.38,53.83,48.14,RESISTANCE_BREAKOUT,BREAKOUT,0.29,,,0,,,0,False,False,45.25,EMA20,45.07,6.39,6.0,43.53,43.53,50.55,51.99,52.96,1.33,53.83,11.8,True,5.0,51.99,8.0,1.33,False,2.5,7.8,0.0,1106610.0,50682583.0,3.57,True,True,Noble Corporation plc A Ordinary Shares,0,25.4,UNCLASSIFIED,,0.0,NONE,0.0,0.0,NONE,,True,0,NOT CHECKED,NONE,NEUTRAL,,,,NOT CHECKED,False,NOT CHECKED,NONE,0,,False,25.4,NO TRADE,NOT CHECKED,,,,,,,,,False,,,False,,,,False,,,,False,NONE,False,False,0,,,,NOT CHECKED,NO LIVE SIGNAL,BAR_PROXY,0.0,NO DATA,,,,,,,,25.4,False
HAS,89.62,REJECT,REJECT,"near EMA50 support, tight range, volume contraction, low-volume pullback",34,40,40,NO TRADE,WEAK,37.0,price<EMA20; EMA20>EMA50; EMA20 falling,-3.06,29.3,0.31,2.7,0,False,2.29,122905118.0,91.54,90.7,87.08,87.72,98.2,74.63,98.2,74.63,98.2,98.36,RESISTANCE_BREAKOUT,BREAKOUT,0.17,,,0,,,0,False,False,94.91,ATR_FALLBACK,95.28,3.13,3.51,87.72,87.72,103.28,106.23,108.2,2.28,,,False,5.0,106.23,8.0,2.28,False,2.5,9.57,0.0,1326186.0,125254531.0,2.16,True,True,"Hasbro, Inc. - Common Stock",0,25.3,UNCLASSIFIED,,0.0,NONE,0.0,0.0,NONE,,True,0,NOT CHECKED,NONE,NEUTRAL,,,,NOT CHECKED,False,NOT CHECKED,NONE,0,,False,25.3,NO TRADE,NOT CHECKED,,,,,,,,,False,,,False,,,,False,,,,False,NONE,False,False,0,,,,NOT CHECKED,NO LIVE SIGNAL,BAR_PROXY,0.0,NO DATA,,,,,,,,25.3,False
PGY,21.0,REJECT,REJECT,"above EMA50, rising EMA50",26,36,35,NO TRADE,WEAK,37.0,price<EMA20; EMA20>EMA50; EMA20 falling,3.51,39.3,0.83,7.61,0,False,6.16,45831719.0,21.3,20.12,20.17,19.55,23.68,14.76,23.68,10.4,23.68,23.78,RESISTANCE_BREAKOUT,BREAKOUT,0.44,,,0,,,0,False,False,22.36,ATR_FALLBACK,21.84,8.16,6.0,19.7,19.7,24.97,25.69,26.16,1.33,,,False,5.0,25.69,8.0,1.33,False,2.5,12.76,0.0,2121626.0,46235900.0,5.53,True,True,Pagaya Technologies Ltd. - Class A Ordinary Shares,0,25.1,UNCLASSIFIED,,0.0,NONE,0.0,0.0,NONE,,True,0,NOT CHECKED,NONE,NEUTRAL,,,,NOT CHECKED,False,NOT CHECKED,NONE,0,,False,25.1,NO TRADE,NOT CHECKED,,,,,,,,,False,,,False,,,,False,,,,False,NONE,False,False,0,,,,NOT CHECKED,NO LIVE SIGNAL,BAR_PROXY,0.0,NO DATA,,,,,,,,25.1,False
BTU,27.5,REJECT,REJECT,"above EMA50, rising EMA50",26,36,35,NO TRADE,WEAK,37.0,price<EMA20; EMA20>EMA50; EMA20 falling,3.36,39.8,0.36,7.76,0,False,4.58,59739347.0,27.61,26.47,26.9,26.38,30.41,20.0,30.41,20.0,40.88,30.51,RESISTANCE_BREAKOUT,BREAKOUT,0.33,,,0,,,0,False,False,28.68,ATR_FALLBACK,28.62,6.19,6.0,26.58,26.58,32.04,32.95,33.57,1.33,40.88,33.99,True,5.0,32.95,8.0,1.33,False,2.5,10.57,0.0,2111806.0,58641872.0,4.03,True,True,Peabody Energy Corporation Common Stock ,0,25.0,UNCLASSIFIED,,0.0,NONE,0.0,0.0,NONE,,True,0,NOT CHECKED,NONE,NEUTRAL,,,,NOT CHECKED,False,NOT CHECKED,NONE,0,,False,25.0,NO TRADE,NOT CHECKED,,,,,,,,,False,,,False,,,,False,,,,False,NONE,False,False,0,,,,NOT CHECKED,NO LIVE SIGNAL,BAR_PROXY,0.0,NO DATA,,,,,,,,25.0,False
FLUT,96.82,REJECT,REJECT,"tight range, volume contraction, low-volume pullback",28,40,40,NO TRADE,WEAK,37.0,price<EMA20; EMA20>EMA50; EMA20 falling,-1.44,53.3,0.57,7.13,0,False,4.02,235984051.0,99.51,100.91,132.46,94.96,104.84,89.71,117.22,89.71,119.44,105.15,RESISTANCE_BREAKOUT,BREAKOUT,0.3,,,0,,,0,False,False,100.21,EMA50,100.91,4.04,4.7,97.11,97.0,110.41,113.56,115.67,1.7,117.22,11.48,True,5.0,113.56,8.0,1.7,False,2.5,8.28,0.0,2364650.0,195463216.0,3.8,True,True,Flutter Entertainment plc Ordinary Shares,0,24.9,UNCLASSIFIED,,0.0,NONE,0.0,0.0,NONE,,True,0,NOT CHECKED,NONE,NEUTRAL,,,,NOT CHECKED,False,NOT CHECKED,NONE,0,,False,24.9,NO TRADE,NOT CHECKED,,,,,,,,,False,,,False,,,,False,,,,False,NONE,False,False,0,,,,NOT CHECKED,NO LIVE SIGNAL,BAR_PROXY,0.0,NO DATA,,,,,,,,24.9,False
MRNA,155.43,REJECT,REJECT,"20/50 uptrend, rising EMA50, volume contraction",32,44,35,NO TRADE,WEAK,37.0,price<EMA20; EMA20>EMA50; EMA20 falling,-9.95,59.7,0.51,176.97,2,True,6.62,3692117400.0,135.28,108.58,67.38,128.61,161.37,52.66,176.66,43.68,176.66,162.19,RESISTANCE_BREAKOUT,BREAKOUT,0.51,,,0,,,0,False,False,152.46,ATR_FALLBACK,146.76,9.51,6.0,130.38,130.38,170.3,175.17,178.41,1.33,176.66,8.92,True,5.0,175.17,8.0,1.33,False,2.5,13.66,0.0,25651923.0,2358186546.0,8.49,True,True,"Moderna, Inc. - Common Stock",0,24.8,UNCLASSIFIED,,0.0,NONE,0.0,0.0,NONE,,True,0,NOT CHECKED,NONE,NEUTRAL,,,,NOT CHECKED,False,NOT CHECKED,NONE,0,,False,24.8,NO TRADE,NOT CHECKED,,,,,,,,,False,,,False,,,,False,,,,False,NONE,False,False,0,,,,NOT CHECKED,NO LIVE SIGNAL,BAR_PROXY,0.0,NO DATA,,,,,,,,24.8,True
LNG,269.74,REJECT,REJECT,"rising EMA50, near EMA50 support, volume contraction, low-volume pullback",32,38,40,NO TRADE,WEAK,37.0,price<EMA20; EMA20>EMA50; EMA20 falling,-0.75,39.4,0.28,4.32,0,False,2.94,558896904.0,276.48,269.88,250.1,265.27,299.18,224.61,299.18,223.22,299.54,299.81,RESISTANCE_BREAKOUT,BREAKOUT,0.21,,,0,,,0,False,False,286.51,ATR_FALLBACK,287.94,3.96,4.44,265.27,265.27,314.8,323.8,329.79,1.8,,,False,5.0,323.8,8.0,1.8,False,2.5,10.91,0.0,1982863.0,476612437.0,2.43,True,True,"Cheniere Energy, Inc. Common Stock",0,24.7,UNCLASSIFIED,,0.0,NONE,0.0,0.0,NONE,,True,0,NOT CHECKED,NONE,NEUTRAL,,,,NOT CHECKED,False,NOT CHECKED,NONE,0,,False,24.7,NO TRADE,NOT CHECKED,,,,,,,,,False,,,False,,,,False,,,,False,NONE,False,False,0,,,,NOT CHECKED,NO LIVE SIGNAL,BAR_PROXY,0.0,NO DATA,,,,,,,,24.7,False
EGO,42.4,REJECT,REJECT,"20/50 uptrend, rising EMA50",26,36,35,NO TRADE,WEAK,37.0,price<EMA20; EMA20>EMA50; EMA20 falling,2.62,33.5,0.84,7.88,0,False,4.9,128113384.0,42.2,39.36,35.21,39.7,48.29,27.04,48.29,27.04,48.29,48.46,RESISTANCE_BREAKOUT,BREAKOUT,0.34,,,0,,,0,False,False,45.55,ATR_FALLBACK,45.34,6.43,6.0,39.7,39.7,50.88,52.33,53.3,1.33,,,False,5.0,52.33,8.0,1.33,False,2.5,13.89,0.0,2916445.0,130195238.0,3.89,True,True,Eldorado Gold Corporation Ordinary Shares,0,24.7,UNCLASSIFIED,,0.0,NONE,0.0,0.0,NONE,,True,0,NOT CHECKED,NONE,NEUTRAL,,,,NOT CHECKED,False,NOT CHECKED,NONE,0,,False,24.7,NO TRADE,NOT CHECKED,,,,,,,,,False,,,False,,,,False,,,,False,NONE,False,False,0,,,,NOT CHECKED,NO LIVE SIGNAL,BAR_PROXY,0.0,NO DATA,,,,,,,,24.7,False
FRSH,12.61,REJECT,REJECT,"20/50 uptrend, rising EMA50, volume contraction",32,38,35,NO TRADE,WEAK,37.0,price<EMA20; EMA20>EMA50; EMA20 falling,-2.6,35.0,0.49,8.89,0,False,3.73,48610033.0,12.58,11.97,10.81,11.7,13.99,8.62,13.99,7.51,13.99,14.03,RESISTANCE_BREAKOUT,BREAKOUT,0.27,,,0,,,0,False,False,13.24,ATR_FALLBACK,13.32,5.03,5.63,11.7,11.7,14.73,15.15,15.43,1.42,,,False,5.0,15.15,8.0,1.42,False,2.5,10.94,0.0,3765509.0,48633194.0,3.22,True,True,Freshworks Inc. - Class A Common Stock,0,24.6,UNCLASSIFIED,,0.0,NONE,0.0,0.0,NONE,,True,0,NOT CHECKED,NONE,NEUTRAL,,,,NOT CHECKED,False,NOT CHECKED,NONE,0,,False,24.6,NO TRADE,NOT CHECKED,,,,,,,,,False,,,False,,,,False,,,,False,NONE,False,False,0,,,,NOT CHECKED,NO LIVE SIGNAL,BAR_PROXY,0.0,NO DATA,,,,,,,,24.6,False
OVV,62.96,REJECT,REJECT,"above EMA50, rising EMA50, near EMA50 support",32,38,35,NO TRADE,WEAK,37.0,price<EMA20; EMA20>EMA50; EMA20 falling,-2.61,43.4,0.42,7.08,0,False,3.27,200881402.0,64.13,62.22,54.77,62.12,67.41,51.62,67.2,49.67,67.13,67.57,RESISTANCE_BREAKOUT,BREAKOUT,0.24,,,0,,,0,False,False,63.76,EMA20,64.13,5.1,5.65,62.12,62.12,70.95,72.98,74.33,1.42,,,False,5.0,72.98,8.0,1.42,False,2.5,7.07,0.0,3096852.0,177316258.0,2.73,True,True,Ovintiv Inc. (DE),0,24.5,UNCLASSIFIED,,0.0,NONE,0.0,0.0,NONE,,True,0,NOT CHECKED,NONE,NEUTRAL,,,,NOT CHECKED,False,NOT CHECKED,NONE,0,,False,24.5,NO TRADE,NOT CHECKED,,,,,,,,,False,,,False,,,,False,,,,False,NONE,False,False,0,,,,NOT CHECKED,NO LIVE SIGNAL,BAR_PROXY,0.0,NO DATA,,,,,,,,24.5,False
VERA,34.09,REJECT,REJECT,"near EMA50 support, near EMA200 pivot",24,38,55,NO TRADE,WEAK,37.0,price<EMA20; EMA20>EMA50; EMA20 falling,6.54,48.0,0.92,9.48,0,False,5.87,85711697.0,33.93,34.51,35.8,30.72,37.14,28.86,44.87,28.86,47.0,37.3,RESISTANCE_BREAKOUT,BREAKOUT,0.43,,,0,,,0,False,False,35.06,ATR_FALLBACK,34.3,8.04,6.0,31.19,31.19,39.16,40.28,41.03,1.33,44.87,20.29,True,5.0,40.28,8.0,1.33,False,2.5,8.95,0.0,2513791.0,65380393.0,5.88,True,True,"Vera Therapeutics, Inc. - Class A Common Stock",0,24.5,UNCLASSIFIED,,0.0,NONE,0.0,0.0,NONE,,True,0,NOT CHECKED,NONE,NEUTRAL,,,,NOT CHECKED,False,NOT CHECKED,NONE,0,,False,24.5,NO TRADE,NOT CHECKED,,,,,,,,,False,,,False,,,,False,,,,False,NONE,False,False,0,,,,NOT CHECKED,NO LIVE SIGNAL,BAR_PROXY,0.0,NO DATA,,,,,,,,24.5,False
ADI,363.84,REJECT,REJECT,"near EMA50 support, volume contraction, low-volume pullback",32,38,40,NO TRADE,WEAK,37.0,price<EMA20; EMA20>EMA50; EMA20 falling,-1.31,43.4,0.32,4.85,0,False,2.9,1213157318.0,366.0,372.78,350.28,348.0,383.78,348.0,444.56,298.83,444.56,384.63,RESISTANCE_BREAKOUT,BREAKOUT,0.22,,,0,,,0,False,False,370.88,EMA50,372.78,3.08,3.57,356.12,348.0,403.86,415.4,423.09,2.24,444.56,15.58,True,5.0,415.4,8.0,2.24,False,2.5,5.48,0.0,3323611.0,1197982116.0,2.47,True,True,"Analog Devices, Inc. - Common Stock",0,24.4,UNCLASSIFIED,,0.0,NONE,0.0,0.0,NONE,,True,0,NOT CHECKED,NONE,NEUTRAL,,,,NOT CHECKED,False,NOT CHECKED,NONE,0,,False,24.4,NO TRADE,NOT CHECKED,,,,,,,,,False,,,False,,,,False,,,,False,NONE,False,False,0,,,,NOT CHECKED,NO LIVE SIGNAL,BAR_PROXY,0.0,NO DATA,,,,,,,,24.4,False
AJG,242.12,REJECT,REJECT,"near EMA50 support, near EMA200 pivot, volume contraction, low-volume pullback",34,40,40,NO TRADE,WEAK,37.0,price<EMA20; EMA20>EMA50; EMA20 falling,-4.79,37.1,0.24,5.4,0,False,2.97,341272445.0,251.93,249.12,242.11,240.32,272.06,207.53,272.06,189.61,272.06,272.64,RESISTANCE_BREAKOUT,BREAKOUT,0.21,,,0,,,0,False,False,260.57,ATR_FALLBACK,261.86,3.95,4.43,240.32,240.32,286.27,294.45,299.9,1.81,,,False,5.0,294.45,8.0,1.81,False,2.5,12.37,0.0,1322574.0,327176288.0,2.57,True,True,Arthur J. Gallagher & Co. Common Stock,0,24.4,UNCLASSIFIED,,0.0,NONE,0.0,0.0,NONE,,True,0,NOT CHECKED,NONE,NEUTRAL,,,,NOT CHECKED,False,NOT CHECKED,NONE,0,,False,24.4,NO TRADE,NOT CHECKED,,,,,,,,,False,,,False,,,,False,,,,False,NONE,False,False,0,,,,NOT CHECKED,NO LIVE SIGNAL,BAR_PROXY,0.0,NO DATA,,,,,,,,24.4,False
JCI,141.21,REJECT,REJECT,"near EMA50 support, tight range",32,38,40,NO TRADE,WEAK,37.0,price<EMA20; EMA20>EMA50; EMA20 falling,-1.66,48.4,0.32,2.69,0,False,2.45,429040370.0,142.69,143.62,135.74,135.79,147.05,136.22,157.06,125.56,157.06,147.33,RESISTANCE_BREAKOUT,BREAKOUT,0.19,,,0,,,0,False,False,143.0,EMA50,143.62,2.52,2.94,135.79,135.79,154.69,159.11,162.06,2.72,157.06,6.61,True,5.0,157.06,6.61,2.25,False,2.5,5.97,0.0,3024646.0,419536985.0,2.1,True,True,Johnson Controls International plc Ordinary Share,0,24.3,UNCLASSIFIED,,0.0,NONE,0.0,0.0,NONE,,True,0,NOT CHECKED,NONE,NEUTRAL,,,,NOT CHECKED,False,NOT CHECKED,NONE,0,,False,24.3,NO TRADE,NOT CHECKED,,,,,,,,,False,,,False,,,,False,,,,False,NONE,False,False,0,,,,NOT CHECKED,NO LIVE SIGNAL,BAR_PROXY,0.0,NO DATA,,,,,,,,24.3,False
ACAD,27.45,REJECT,REJECT,"above EMA50, rising EMA50, near EMA50 support",32,38,20,NO TRADE,WEAK,37.0,price<EMA20; EMA20>EMA50; EMA20 falling,-8.22,25.9,0.43,4.03,0,False,2.76,36710762.0,28.02,27.32,24.96,26.64,30.76,21.59,30.96,19.89,30.96,30.82,RESISTANCE_BREAKOUT,BREAKOUT,0.2,,,0,,,0,False,False,29.55,ATR_FALLBACK,29.68,3.69,4.13,26.64,26.64,32.36,33.29,33.9,1.94,30.96,0.45,False,5.0,30.96,0.45,0.11,False,2.5,12.79,0.0,1287580.0,38497129.0,2.77,True,True,ACADIA Pharmaceuticals Inc. - Common Stock,0,24.0,UNCLASSIFIED,,0.0,NONE,0.0,0.0,NONE,,True,0,NOT CHECKED,NONE,NEUTRAL,,,,NOT CHECKED,False,NOT CHECKED,NONE,0,,False,24.0,NO TRADE,NOT CHECKED,,,,,,,,,False,,,False,,,,False,,,,False,NONE,False,False,0,,,,NOT CHECKED,NO LIVE SIGNAL,BAR_PROXY,0.0,NO DATA,,,,,,,,24.0,False
BF-B,26.3,REJECT,REJECT,"near EMA50 support, near EMA200 pivot, tight range",34,40,40,NO TRADE,WEAK,37.0,price<EMA20; EMA20>EMA50; EMA20 falling,-5.81,43.2,0.44,4.71,0,False,2.96,60571213.0,26.7,26.87,26.68,25.55,29.06,24.69,29.44,22.23,30.71,29.12,RESISTANCE_BREAKOUT,BREAKOUT,0.21,,,0,,,0,False,False,27.82,ATR_FALLBACK,27.96,4.0,4.48,25.55,25.55,30.58,31.45,32.04,1.78,29.44,1.08,False,5.0,29.44,1.08,0.24,False,2.5,10.53,0.0,2254252.0,58483284.0,2.59,True,True,Brown Forman Inc Class B Common Stock,0,23.9,UNCLASSIFIED,,0.0,NONE,0.0,0.0,NONE,,True,0,NOT CHECKED,NONE,NEUTRAL,,,,NOT CHECKED,False,NOT CHECKED,NONE,0,,False,23.9,NO TRADE,NOT CHECKED,,,,,,,,,False,,,False,,,,False,,,,False,NONE,False,False,0,,,,NOT CHECKED,NO LIVE SIGNAL,BAR_PROXY,0.0,NO DATA,,,,,,,,23.9,False
CUZ,28.39,REJECT,REJECT,"near EMA50 support, tight range",32,38,40,NO TRADE,WEAK,37.0,price<EMA20; EMA20>EMA50; EMA20 falling,-2.35,36.0,0.29,1.53,0,False,2.27,34762579.0,28.76,29.14,27.41,27.66,30.29,27.66,32.95,20.66,32.95,30.34,RESISTANCE_BREAKOUT,BREAKOUT,0.17,,,0,,,0,False,False,29.02,EMA50,29.14,3.96,4.34,27.7,27.66,31.86,32.77,33.38,1.84,32.95,8.6,True,5.0,32.77,8.0,1.84,False,2.5,6.69,0.0,1203124.0,33894542.0,2.07,True,True,Cousins Properties Incorporated Common Stock,0,23.9,UNCLASSIFIED,,0.0,NONE,0.0,0.0,NONE,,True,0,NOT CHECKED,NONE,NEUTRAL,,,,NOT CHECKED,False,NOT CHECKED,NONE,0,,False,23.9,NO TRADE,NOT CHECKED,,,,,,,,,False,,,False,,,,False,,,,False,NONE,False,False,0,,,,NOT CHECKED,NO LIVE SIGNAL,BAR_PROXY,0.0,NO DATA,,,,,,,,23.9,False
PTEN,11.97,REJECT,REJECT,"above EMA50, rising EMA50",26,36,35,NO TRADE,WEAK,37.0,price<EMA20; EMA20>EMA50; EMA20 falling,0.96,47.4,0.48,11.35,1,True,4.69,98352982.0,12.22,11.52,9.77,10.95,13.39,8.43,13.39,8.34,12.86,13.43,RESISTANCE_BREAKOUT,BREAKOUT,0.34,,,0,,,0,False,False,12.63,ATR_FALLBACK,12.59,6.27,6.0,11.82,11.82,14.11,14.51,14.78,1.33,,,False,5.0,14.51,8.0,1.33,False,2.5,11.86,0.0,7926880.0,99635168.0,4.25,True,True,"Patterson-UTI Energy, Inc. - Common Stock",0,23.8,UNCLASSIFIED,,0.0,NONE,0.0,0.0,NONE,,True,0,NOT CHECKED,NONE,NEUTRAL,,,,NOT CHECKED,False,NOT CHECKED,NONE,0,,False,23.8,NO TRADE,NOT CHECKED,,,,,,,,,False,,,False,,,,False,,,,False,NONE,False,False,0,,,,NOT CHECKED,NO LIVE SIGNAL,BAR_PROXY,0.0,NO DATA,,,,,,,,23.8,True
VIK,84.9,REJECT,REJECT,"near EMA200 pivot, tight range, volume contraction, low-volume pullback",30,36,20,NO TRADE,WEAK,37.0,price<EMA20; EMA20>EMA50; EMA20 falling,-5.55,35.4,0.28,2.65,0,False,3.13,352974769.0,88.29,92.19,84.75,83.69,94.35,83.94,110.09,65.65,110.09,94.56,RESISTANCE_BREAKOUT,BREAKOUT,0.23,,,0,,,0,False,False,91.72,EMA50,92.19,2.5,3.01,83.69,83.69,99.29,102.13,104.02,2.66,110.09,16.42,True,5.0,102.13,8.0,2.66,True,2.5,18.35,0.0,4013169.0,308748282.0,2.96,True,True,Viking Holdings Ltd Ordinary Shares,0,23.6,UNCLASSIFIED,,0.0,NONE,0.0,0.0,NONE,,True,0,NOT CHECKED,NONE,NEUTRAL,,,,NOT CHECKED,False,NOT CHECKED,NONE,0,,False,23.6,NO TRADE,NOT CHECKED,,,,,,,,,False,,,False,,,,False,,,,False,NONE,False,False,0,,,,NOT CHECKED,NO LIVE SIGNAL,BAR_PROXY,0.0,NO DATA,,,,,,,,23.6,False
OUT,28.04,REJECT,REJECT,"near EMA200 pivot, tight range, volume contraction, low-volume pullback",30,36,20,NO TRADE,WEAK,37.0,price<EMA20; EMA20>EMA50; EMA20 falling,-5.58,24.7,0.3,1.98,0,False,2.13,37854182.0,29.02,29.88,27.9,27.77,30.49,28.29,33.78,24.88,34.24,30.54,RESISTANCE_BREAKOUT,BREAKOUT,0.16,,,0,,,0,False,False,29.78,EMA50,29.88,2.16,2.51,27.77,27.77,32.07,32.98,33.6,3.19,33.78,10.59,True,5.0,32.98,8.0,3.19,True,2.5,8.75,0.0,1301042.0,35874734.0,2.03,True,True,OUTFRONT Media Inc. Common Stock,0,23.6,UNCLASSIFIED,,0.0,NONE,0.0,0.0,NONE,,True,0,NOT CHECKED,NONE,NEUTRAL,,,,NOT CHECKED,False,NOT CHECKED,NONE,0,,False,23.6,NO TRADE,NOT CHECKED,,,,,,,,,False,,,False,,,,False,,,,False,NONE,False,False,0,,,,NOT CHECKED,NO LIVE SIGNAL,BAR_PROXY,0.0,NO DATA,,,,,,,,23.6,False
STT,184.05,REJECT,REJECT,"rising EMA50, near EMA50 support",30,36,40,NO TRADE,WEAK,37.0,price<EMA20; EMA20>EMA50; EMA20 falling,-0.03,33.8,0.44,2.22,0,False,2.35,263091999.0,188.78,184.58,157.3,180.46,195.93,163.92,195.93,114.81,195.93,196.28,RESISTANCE_BREAKOUT,BREAKOUT,0.18,,,0,,,0,False,False,188.0,EMA20,188.78,3.82,4.22,180.46,180.46,206.09,211.98,215.9,1.9,,,False,5.0,211.98,8.0,1.9,False,2.5,6.45,0.0,1386436.0,259754201.0,2.11,True,True,State Street Corporation Common Stock,0,23.4,UNCLASSIFIED,,0.0,NONE,0.0,0.0,NONE,,True,0,NOT CHECKED,NONE,NEUTRAL,,,,NOT CHECKED,False,NOT CHECKED,NONE,0,,False,23.4,NO TRADE,NOT CHECKED,,,,,,,,,False,,,False,,,,False,,,,False,NONE,False,False,0,,,,NOT CHECKED,NO LIVE SIGNAL,BAR_PROXY,0.0,NO DATA,,,,,,,,23.4,False
LUV,40.45,REJECT,REJECT,near EMA200 pivot,26,38,40,NO TRADE,WEAK,37.0,price<EMA20; EMA20>EMA50; EMA20 falling,-0.96,55.7,0.78,3.33,0,False,2.94,189673605.0,40.06,42.06,41.51,37.4,41.64,37.4,52.88,35.41,52.88,41.74,RESISTANCE_BREAKOUT,BREAKOUT,0.23,,,0,,,0,False,False,39.85,EMA20,40.06,4.02,4.53,38.1,37.75,43.83,45.08,45.91,1.76,52.88,26.69,True,5.0,45.08,8.0,1.76,False,2.5,5.16,0.0,4818360.0,177757638.0,2.63,True,True,Southwest Airlines Company Common Stock,0,23.4,UNCLASSIFIED,,0.0,NONE,0.0,0.0,NONE,,True,0,NOT CHECKED,NONE,NEUTRAL,,,,NOT CHECKED,False,NOT CHECKED,NONE,0,,False,23.4,NO TRADE,NOT CHECKED,,,,,,,,,False,,,False,,,,False,,,,False,NONE,False,False,0,,,,NOT CHECKED,NO LIVE SIGNAL,BAR_PROXY,0.0,NO DATA,,,,,,,,23.4,False
BFLY,8.01,REJECT,REJECT,"20/50 uptrend, tight range",36,42,35,NO TRADE,WEAK,37.0,price<EMA20; EMA20>EMA50; EMA20 falling,-11.79,42.2,0.83,10.26,1,True,6.68,35362420.0,7.85,7.75,5.72,7.02,9.69,6.35,10.05,3.45,10.05,9.73,RESISTANCE_BREAKOUT,BREAKOUT,0.44,,,0,,,0,False,False,9.15,ATR_FALLBACK,8.93,8.24,6.0,7.02,7.02,10.22,10.51,10.7,1.33,10.05,3.27,False,5.0,10.05,3.27,0.55,False,2.5,21.04,0.0,4374826.0,35082473.0,6.81,True,True,"Butterfly Network, Inc. Class A Common Stock",0,23.4,UNCLASSIFIED,,0.0,NONE,0.0,0.0,NONE,,True,0,NOT CHECKED,NONE,NEUTRAL,,,,NOT CHECKED,False,NOT CHECKED,NONE,0,,False,23.4,NO TRADE,NOT CHECKED,,,,,,,,,False,,,False,,,,False,,,,False,NONE,False,False,0,,,,NOT CHECKED,NO LIVE SIGNAL,BAR_PROXY,0.0,NO DATA,,,,,,,,23.4,True
SRE,82.14,REJECT,REJECT,"tight range, volume contraction, low-volume pullback",28,34,20,NO TRADE,WEAK,37.0,price<EMA20; EMA20>EMA50; EMA20 falling,-3.12,40.7,0.28,3.13,0,False,2.46,326770201.0,83.92,86.24,88.55,79.59,88.14,79.59,96.02,79.59,100.32,88.3,RESISTANCE_BREAKOUT,BREAKOUT,0.18,,,0,,,0,False,False,85.87,EMA50,86.24,2.34,2.75,80.98,80.98,92.72,95.37,97.13,2.91,96.02,8.74,True,5.0,95.37,8.0,2.91,True,2.5,7.31,0.0,3900431.0,307411949.0,2.36,True,True,DBA Sempra Common Stock,0,23.1,UNCLASSIFIED,,0.0,NONE,0.0,0.0,NONE,,True,0,NOT CHECKED,NONE,NEUTRAL,,,,NOT CHECKED,False,NOT CHECKED,NONE,0,,False,23.1,NO TRADE,NOT CHECKED,,,,,,,,,False,,,False,,,,False,,,,False,NONE,False,False,0,,,,NOT CHECKED,NO LIVE SIGNAL,BAR_PROXY,0.0,NO DATA,,,,,,,,23.1,False
QSR,74.26,DISCOVER,DISCOVER,"rising EMA50, near EMA50 support, near EMA200 pivot, 20d volume expansion",40,38,55,WATCHLIST,WEAK,37.0,price<EMA20; EMA20>EMA50; EMA20 falling,-2.77,36.1,3.91,3.18,0,False,2.34,255730925.0,77.11,76.43,72.95,74.8,81.88,70.56,81.88,68.82,81.88,82.02,RESISTANCE_BREAKOUT,BREAKOUT,0.17,,,0,,,0,False,False,77.1,EMA20,77.11,5.98,6.0,74.8,74.8,86.12,88.58,90.22,1.33,,,False,5.0,88.58,8.0,1.33,False,2.5,10.26,0.0,3290873.0,229263762.0,2.09,True,True,Restaurant Brands International Inc. Common Shares,2,23.1,UNCLASSIFIED,,0.0,NONE,0.0,0.0,NONE,,True,0,NOT CHECKED,NONE,NEUTRAL,,,,NOT CHECKED,False,NOT CHECKED,NONE,0,,False,23.1,WATCHLIST,NOT CHECKED,,,,,,,,,False,,,False,,,,False,,,,False,NONE,False,False,0,,,,NOT CHECKED,NO LIVE SIGNAL,BAR_PROXY,0.0,NO DATA,,,,,,,,23.1,False
RPRX,58.64,REJECT,REJECT,"rising EMA50, near EMA50 support, volume contraction, low-volume pullback",32,38,40,NO TRADE,WEAK,37.0,price<EMA20; EMA20>EMA50; EMA20 falling,-4.09,34.7,0.27,3.42,0,False,2.71,177252360.0,59.98,58.92,51.27,57.75,64.38,52.68,64.38,44.35,62.46,64.51,RESISTANCE_BREAKOUT,BREAKOUT,0.2,,,0,,,0,False,False,61.84,ATR_FALLBACK,62.12,3.7,4.14,57.75,57.75,67.73,69.67,70.96,1.93,,,False,5.0,69.67,8.0,1.93,False,2.5,9.79,0.0,2909322.0,162313545.0,2.17,True,True,Royalty Pharma plc - Class A Ordinary Shares,0,23.1,UNCLASSIFIED,,0.0,NONE,0.0,0.0,NONE,,True,0,NOT CHECKED,NONE,NEUTRAL,,,,NOT CHECKED,False,NOT CHECKED,NONE,0,,False,23.1,NO TRADE,NOT CHECKED,,,,,,,,,False,,,False,,,,False,,,,False,NONE,False,False,0,,,,NOT CHECKED,NO LIVE SIGNAL,BAR_PROXY,0.0,NO DATA,,,,,,,,23.1,False
VNOM,43.22,REJECT,REJECT,"rising EMA50, near EMA50 support",30,36,40,NO TRADE,WEAK,37.0,price<EMA20; EMA20>EMA50; EMA20 falling,-0.59,41.3,0.6,3.8,0,False,2.53,59250982.0,44.28,43.83,42.32,42.42,46.14,39.53,46.0,39.53,49.61,46.23,RESISTANCE_BREAKOUT,BREAKOUT,0.19,,,0,,,0,False,False,44.08,EMA20,44.28,4.22,4.64,42.42,42.42,48.54,49.93,50.85,1.72,49.61,7.32,True,5.0,49.61,7.32,1.58,False,2.5,6.76,0.0,1327798.0,53433020.0,2.16,True,True,"Viper Energy, Inc.  - Class A Common Stock",0,23.1,UNCLASSIFIED,,0.0,NONE,0.0,0.0,NONE,,True,0,NOT CHECKED,NONE,NEUTRAL,,,,NOT CHECKED,False,NOT CHECKED,NONE,0,,False,23.1,NO TRADE,NOT CHECKED,,,,,,,,,False,,,False,,,,False,,,,False,NONE,False,False,0,,,,NOT CHECKED,NO LIVE SIGNAL,BAR_PROXY,0.0,NO DATA,,,,,,,,23.1,False
SLM,25.15,REJECT,REJECT,"rising EMA50, near EMA50 support, near EMA200 pivot",32,38,40,NO TRADE,WEAK,37.0,price<EMA20; EMA20>EMA50; EMA20 falling,-4.03,37.7,0.49,2.98,0,False,2.95,42904439.0,26.08,25.76,24.81,24.96,27.22,22.44,28.13,17.46,28.13,27.28,RESISTANCE_BREAKOUT,BREAKOUT,0.22,,,0,,,0,False,False,25.95,EMA20,26.08,4.4,4.89,24.96,24.96,28.64,29.46,30.01,1.64,28.13,3.12,False,5.0,28.13,3.12,0.64,False,2.5,8.23,0.0,1642818.0,41323759.0,2.51,True,True,SLM Corporation - Common Stock,0,23.1,UNCLASSIFIED,,0.0,NONE,0.0,0.0,NONE,,True,0,NOT CHECKED,NONE,NEUTRAL,,,,NOT CHECKED,False,NOT CHECKED,NONE,0,,False,23.1,NO TRADE,NOT CHECKED,,,,,,,,,False,,,False,,,,False,,,,False,NONE,False,False,0,,,,NOT CHECKED,NO LIVE SIGNAL,BAR_PROXY,0.0,NO DATA,,,,,,,,23.1,False
ST,42.25,REJECT,REJECT,tight range,26,32,20,NO TRADE,WEAK,37.0,price<EMA20; EMA20>EMA50; EMA20 falling,-0.3,48.7,0.27,3.44,0,False,3.17,53491117.0,42.58,43.79,41.12,40.25,44.18,40.25,51.59,30.91,53.75,44.29,RESISTANCE_BREAKOUT,BREAKOUT,0.24,,,0,,,0,False,False,43.28,EMA50,43.79,1.12,2.27,41.13,40.58,46.5,47.83,48.72,3.53,51.59,16.48,True,5.0,47.83,8.0,3.53,True,2.5,4.57,0.0,1270564.0,49342824.0,2.62,True,True,Sensata Technologies Holding plc Ordinary Shares,0,22.8,UNCLASSIFIED,,0.0,NONE,0.0,0.0,NONE,,True,0,NOT CHECKED,NONE,NEUTRAL,,,,NOT CHECKED,False,NOT CHECKED,NONE,0,,False,22.8,NO TRADE,NOT CHECKED,,,,,,,,,False,,,False,,,,False,,,,False,NONE,False,False,0,,,,NOT CHECKED,NO LIVE SIGNAL,BAR_PROXY,0.0,NO DATA,,,,,,,,22.8,False
QUBT,8.47,REJECT,REJECT,"near EMA50 support, volume contraction",28,38,55,NO TRADE,WEAK,37.0,price<EMA20; EMA20>EMA50; EMA20 falling,1.51,46.7,0.69,9.58,0,False,4.16,52835942.0,8.18,8.47,10.1,7.63,8.95,7.3,11.3,6.18,14.45,8.98,RESISTANCE_BREAKOUT,BREAKOUT,0.32,,,0,,,0,False,False,8.44,EMA50,8.47,5.64,6.0,7.63,7.63,9.43,9.7,9.88,1.33,11.3,25.86,True,5.0,9.7,8.0,1.33,False,2.5,5.67,0.0,6430110.0,45337352.0,4.4,True,True,Quantum Computing Inc. - Common Stock,0,22.8,UNCLASSIFIED,,0.0,NONE,0.0,0.0,NONE,,True,0,NOT CHECKED,NONE,NEUTRAL,,,,NOT CHECKED,False,NOT CHECKED,NONE,0,,False,22.8,NO TRADE,NOT CHECKED,,,,,,,,,False,,,False,,,,False,,,,False,NONE,False,False,0,,,,NOT CHECKED,NO LIVE SIGNAL,BAR_PROXY,0.0,NO DATA,,,,,,,,22.8,False
MRP,28.76,REJECT,REJECT,"rising EMA50, near EMA50 support, near EMA200 pivot",32,38,40,NO TRADE,WEAK,37.0,price<EMA20; EMA20>EMA50; EMA20 falling,-4.83,33.8,0.53,3.23,0,False,2.52,31534380.0,29.95,29.63,29.09,28.68,32.17,27.43,32.17,25.6,30.96,32.23,RESISTANCE_BREAKOUT,BREAKOUT,0.18,,,0,,,0,False,False,31.01,ATR_FALLBACK,31.14,3.37,3.78,28.68,28.68,33.84,34.81,35.45,2.12,,,False,5.0,34.81,8.0,2.12,False,2.5,11.84,0.0,1039422.0,32542926.0,2.06,True,True,"Millrose Properties, Inc. Class A Common Stock",0,22.7,UNCLASSIFIED,,0.0,NONE,0.0,0.0,NONE,,True,0,NOT CHECKED,NONE,NEUTRAL,,,,NOT CHECKED,False,NOT CHECKED,NONE,0,,False,22.7,NO TRADE,NOT CHECKED,,,,,,,,,False,,,False,,,,False,,,,False,NONE,False,False,0,,,,NOT CHECKED,NO LIVE SIGNAL,BAR_PROXY,0.0,NO DATA,,,,,,,,22.7,False
SN,167.83,REJECT,REJECT,"above EMA50, rising EMA50, near EMA50 support",32,38,35,NO TRADE,WEAK,37.0,price<EMA20; EMA20>EMA50; EMA20 falling,-6.48,27.9,0.38,5.49,0,False,4.54,294411817.0,172.99,167.39,138.58,157.01,194.54,134.4,194.54,96.86,194.54,195.15,RESISTANCE_BREAKOUT,BREAKOUT,0.31,,,0,,,0,False,False,183.44,ATR_FALLBACK,183.73,5.85,6.0,157.01,157.01,204.91,210.76,214.66,1.33,,,False,5.0,210.76,8.0,1.33,False,2.5,15.91,0.0,1678847.0,293142898.0,3.75,True,True,"SharkNinja, Inc. Ordinary Shares",0,22.6,UNCLASSIFIED,,0.0,NONE,0.0,0.0,NONE,,True,0,NOT CHECKED,NONE,NEUTRAL,,,,NOT CHECKED,False,NOT CHECKED,NONE,0,,False,22.6,NO TRADE,NOT CHECKED,,,,,,,,,False,,,False,,,,False,,,,False,NONE,False,False,0,,,,NOT CHECKED,NO LIVE SIGNAL,BAR_PROXY,0.0,NO DATA,,,,,,,,22.6,False
RJF,163.3,REJECT,REJECT,"rising EMA50, near EMA200 pivot, volume contraction, low-volume pullback",36,42,55,NO TRADE,WEAK,37.0,price<EMA20; EMA20>EMA50; EMA20 falling,-7.31,31.4,0.3,2.93,0,False,2.43,201044502.0,172.95,171.61,163.59,162.18,181.4,146.12,182.73,138.33,182.73,181.72,RESISTANCE_BREAKOUT,BREAKOUT,0.18,,,0,,,0,False,False,172.23,EMA20,172.95,4.83,5.22,162.18,162.18,190.8,196.26,199.89,1.53,182.73,0.56,False,5.0,182.73,0.56,0.11,False,2.5,11.27,0.0,1150720.0,197713728.0,2.24,True,True,"Raymond James Financial, Inc. Common Stock",0,22.6,UNCLASSIFIED,,0.0,NONE,0.0,0.0,NONE,,True,0,NOT CHECKED,NONE,NEUTRAL,,,,NOT CHECKED,False,NOT CHECKED,NONE,0,,False,22.6,NO TRADE,NOT CHECKED,,,,,,,,,False,,,False,,,,False,,,,False,NONE,False,False,0,,,,NOT CHECKED,NO LIVE SIGNAL,BAR_PROXY,0.0,NO DATA,,,,,,,,22.6,False
STNE,9.86,REJECT,REJECT,"volume contraction, low-volume pullback",18,38,55,NO TRADE,WEAK,37.0,price<EMA20; EMA20>EMA50; EMA20 falling,5.09,55.5,0.28,7.35,0,False,4.29,58316304.0,9.94,10.24,11.61,9.15,10.8,9.08,11.55,9.08,14.32,10.83,RESISTANCE_BREAKOUT,BREAKOUT,0.31,,,0,,,0,False,False,10.18,EMA50,10.24,5.47,6.0,9.5,9.5,11.38,11.7,11.92,1.33,11.55,6.61,True,5.0,11.55,6.61,1.1,False,2.5,9.48,0.0,5938733.0,42880382.0,4.16,True,True,StoneCo Ltd. - Class A Common Share,0,22.6,UNCLASSIFIED,,0.0,NONE,0.0,0.0,NONE,,True,0,NOT CHECKED,NONE,NEUTRAL,,,,NOT CHECKED,False,NOT CHECKED,NONE,0,,False,22.6,NO TRADE,NOT CHECKED,,,,,,,,,False,,,False,,,,False,,,,False,NONE,False,False,0,,,,NOT CHECKED,NO LIVE SIGNAL,BAR_PROXY,0.0,NO DATA,,,,,,,,22.6,False
HL,18.95,REJECT,REJECT,"above EMA50, rising EMA50, near EMA50 support",32,38,35,NO TRADE,WEAK,37.0,price<EMA20; EMA20>EMA50; EMA20 falling,-6.8,36.8,1.03,14.43,1,True,5.74,591516830.0,19.38,18.44,17.52,17.59,21.69,13.78,21.69,13.78,24.63,21.78,RESISTANCE_BREAKOUT,BREAKOUT,0.4,,,0,,,0,False,False,20.47,ATR_FALLBACK,20.15,7.49,6.0,17.59,17.59,22.87,23.52,23.95,1.33,24.63,13.12,True,5.0,23.52,8.0,1.33,False,2.5,14.44,0.0,29461821.0,587773834.0,4.58,True,True,Hecla Mining Company Common Stock,0,22.5,UNCLASSIFIED,,0.0,NONE,0.0,0.0,NONE,,True,0,NOT CHECKED,NONE,NEUTRAL,,,,NOT CHECKED,False,NOT CHECKED,NONE,0,,False,22.5,NO TRADE,NOT CHECKED,,,,,,,,,False,,,False,,,,False,,,,False,NONE,False,False,0,,,,NOT CHECKED,NO LIVE SIGNAL,BAR_PROXY,0.0,NO DATA,,,,,,,,22.5,True
YETI,41.75,REJECT,REJECT,"near EMA200 pivot, tight range",28,34,20,NO TRADE,WEAK,37.0,price<EMA20; EMA20>EMA50; EMA20 falling,-4.37,49.6,0.74,3.21,0,False,3.15,64125022.0,41.89,44.33,43.57,39.04,44.4,39.04,53.99,34.9,53.99,44.51,RESISTANCE_BREAKOUT,BREAKOUT,0.24,,,0,,,0,False,False,43.52,EMA50,44.33,0.39,2.21,39.04,39.04,46.73,48.07,48.96,3.61,53.99,21.31,True,5.0,48.07,8.0,3.61,True,2.5,6.35,0.0,1550168.0,66217323.0,3.0,True,True,"YETI Holdings, Inc. Common Stock",0,22.5,UNCLASSIFIED,,0.0,NONE,0.0,0.0,NONE,,True,0,NOT CHECKED,NONE,NEUTRAL,,,,NOT CHECKED,False,NOT CHECKED,NONE,0,,False,22.5,NO TRADE,NOT CHECKED,,,,,,,,,False,,,False,,,,False,,,,False,NONE,False,False,0,,,,NOT CHECKED,NO LIVE SIGNAL,BAR_PROXY,0.0,NO DATA,,,,,,,,22.5,False
CAT,797.48,REJECT,REJECT,tight range,26,32,20,NO TRADE,WEAK,37.0,price<EMA20; EMA20>EMA50; EMA20 falling,-1.37,44.0,0.45,2.93,0,False,2.77,1784860897.0,808.53,836.0,777.69,771.39,834.45,771.39,1071.47,660.37,1071.47,836.22,RESISTANCE_BREAKOUT,BREAKOUT,0.21,,,0,,,0,False,False,819.63,EMA50,836.0,0.03,1.98,772.86,771.39,878.03,903.12,919.84,4.03,1071.47,28.13,True,5.0,903.12,8.0,4.03,True,2.5,6.45,0.0,2219386.0,1826951657.0,2.34,True,True,"Caterpillar, Inc. Common Stock",0,22.3,UNCLASSIFIED,,0.0,NONE,0.0,0.0,NONE,,True,0,NOT CHECKED,NONE,NEUTRAL,,,,NOT CHECKED,False,NOT CHECKED,NONE,0,,False,22.3,NO TRADE,NOT CHECKED,,,,,,,,,False,,,False,,,,False,,,,False,NONE,False,False,0,,,,NOT CHECKED,NO LIVE SIGNAL,BAR_PROXY,0.0,NO DATA,,,,,,,,22.3,False
SLB,52.19,REJECT,REJECT,"rising EMA50, near EMA50 support, volume contraction, low-volume pullback",32,38,55,NO TRADE,WEAK,37.0,price<EMA20; EMA20>EMA50; EMA20 falling,-1.11,42.7,0.3,5.28,0,False,4.11,754092370.0,54.56,53.16,48.8,51.56,60.15,44.36,60.15,43.1,60.15,60.32,RESISTANCE_BREAKOUT,BREAKOUT,0.28,,,0,,,0,False,False,56.72,ATR_FALLBACK,57.11,5.33,5.97,51.56,51.56,63.34,65.14,66.35,1.34,,,False,5.0,65.14,8.0,1.34,False,2.5,15.24,0.0,13494478.0,736074247.0,3.54,True,True,SLB Limited Common Shares,0,22.3,UNCLASSIFIED,,0.0,NONE,0.0,0.0,NONE,,True,0,NOT CHECKED,NONE,NEUTRAL,,,,NOT CHECKED,False,NOT CHECKED,NONE,0,,False,22.3,NO TRADE,NOT CHECKED,,,,,,,,,False,,,False,,,,False,,,,False,NONE,False,False,0,,,,NOT CHECKED,NO LIVE SIGNAL,BAR_PROXY,0.0,NO DATA,,,,,,,,22.3,False
LLY,1144.74,REJECT,REJECT,"near EMA50 support, tight range, volume contraction, low-volume pullback",34,40,40,NO TRADE,WEAK,37.0,price<EMA20; EMA20>EMA50; EMA20 falling,-9.67,34.5,0.3,4.46,0,False,2.23,2592869235.0,1156.11,1160.3,1060.71,1113.29,1280.28,1077.68,1292.65,847.83,1292.65,1282.32,RESISTANCE_BREAKOUT,BREAKOUT,0.16,,,0,,,0,False,False,1239.51,ATR_FALLBACK,1244.09,2.98,3.34,1113.29,1113.29,1346.43,1384.9,1410.55,2.4,1292.65,0.81,False,5.0,1292.65,0.81,0.24,False,2.5,12.92,0.0,2215818.0,2669667768.0,2.3,True,True,Eli Lilly and Company Common Stock,0,22.0,UNCLASSIFIED,,0.0,NONE,0.0,0.0,NONE,,True,0,NOT CHECKED,NONE,NEUTRAL,,,,NOT CHECKED,False,NOT CHECKED,NONE,0,,False,22.0,NO TRADE,NOT CHECKED,,,,,,,,,False,,,False,,,,False,,,,False,NONE,False,False,0,,,,NOT CHECKED,NO LIVE SIGNAL,BAR_PROXY,0.0,NO DATA,,,,,,,,22.0,False
TXN,259.82,REJECT,REJECT,"volume contraction, low-volume pullback",26,32,20,NO TRADE,WEAK,37.0,price<EMA20; EMA20>EMA50; EMA20 falling,-1.94,43.2,0.44,3.82,0,False,3.18,1305962013.0,263.29,270.5,248.27,248.13,273.33,248.13,332.33,183.03,332.33,273.99,RESISTANCE_BREAKOUT,BREAKOUT,0.24,,,0,,,0,False,False,267.79,EMA50,270.5,1.27,2.26,255.82,248.13,287.69,295.91,301.39,3.54,332.33,21.29,True,5.0,295.91,8.0,3.54,True,2.5,6.76,0.0,5010010.0,1404739353.0,2.72,True,True,Texas Instruments Incorporated - Common Stock,0,22.0,UNCLASSIFIED,,0.0,NONE,0.0,0.0,NONE,,True,0,NOT CHECKED,NONE,NEUTRAL,,,,NOT CHECKED,False,NOT CHECKED,NONE,0,,False,22.0,NO TRADE,NOT CHECKED,,,,,,,,,False,,,False,,,,False,,,,False,NONE,False,False,0,,,,NOT CHECKED,NO LIVE SIGNAL,BAR_PROXY,0.0,NO DATA,,,,,,,,22.0,False
PRGO,13.42,REJECT,REJECT,"above EMA50, rising EMA50, volume contraction, low-volume pullback",28,34,35,NO TRADE,WEAK,37.0,price<EMA20; EMA20>EMA50; EMA20 falling,-0.94,40.2,0.27,7.63,0,False,4.24,33700597.0,13.68,12.75,12.69,13.22,15.0,9.21,15.0,8.81,14.7,15.05,RESISTANCE_BREAKOUT,BREAKOUT,0.3,,,0,,,0,False,False,14.14,ATR_FALLBACK,14.19,5.68,6.0,13.35,13.35,15.8,16.25,16.55,1.33,,,False,5.0,16.25,8.0,1.33,False,2.5,11.74,0.0,2381971.0,34467107.0,3.88,True,True,Perrigo Company plc Ordinary Shares,0,22.0,UNCLASSIFIED,,0.0,NONE,0.0,0.0,NONE,,True,0,NOT CHECKED,NONE,NEUTRAL,,,,NOT CHECKED,False,NOT CHECKED,NONE,0,,False,22.0,NO TRADE,NOT CHECKED,,,,,,,,,False,,,False,,,,False,,,,False,NONE,False,False,0,,,,NOT CHECKED,NO LIVE SIGNAL,BAR_PROXY,0.0,NO DATA,,,,,,,,22.0,False
SYF,74.65,REJECT,REJECT,"near EMA50 support, near EMA200 pivot, volume contraction, low-volume pullback",34,40,55,NO TRADE,WEAK,37.0,price<EMA20; EMA20>EMA50; EMA20 falling,-5.32,30.2,0.19,3.6,0,False,2.74,242250903.0,77.12,76.77,74.65,73.63,81.42,67.76,81.92,62.55,81.92,81.58,RESISTANCE_BREAKOUT,BREAKOUT,0.2,,,0,,,0,False,False,76.75,EMA20,77.12,5.47,5.92,73.63,73.63,85.66,88.11,89.74,1.35,81.92,0.41,False,5.0,81.92,0.41,0.07,False,2.5,9.56,0.0,3104945.0,226462697.0,2.51,True,True,Synchrony Financial Common Stock,0,21.9,UNCLASSIFIED,,0.0,NONE,0.0,0.0,NONE,,True,0,NOT CHECKED,NONE,NEUTRAL,,,,NOT CHECKED,False,NOT CHECKED,NONE,0,,False,21.9,NO TRADE,NOT CHECKED,,,,,,,,,False,,,False,,,,False,,,,False,NONE,False,False,0,,,,NOT CHECKED,NO LIVE SIGNAL,BAR_PROXY,0.0,NO DATA,,,,,,,,21.9,False
RRC,39.11,REJECT,REJECT,"rising EMA50, near EMA50 support, near EMA200 pivot",32,38,55,NO TRADE,WEAK,37.0,price<EMA20; EMA20>EMA50; EMA20 falling,-1.86,33.9,0.49,5.25,0,False,2.97,90406481.0,40.8,40.15,39.1,38.82,42.96,34.79,42.96,34.79,48.07,43.05,RESISTANCE_BREAKOUT,BREAKOUT,0.22,,,0,,,0,False,False,40.59,EMA20,40.8,5.24,5.72,38.82,38.82,45.2,46.49,47.35,1.4,48.07,11.66,True,5.0,46.49,8.0,1.4,False,2.5,9.85,0.0,2190401.0,92535665.0,2.65,True,True,Range Resources Corporation Common Stock,0,21.9,UNCLASSIFIED,,0.0,NONE,0.0,0.0,NONE,,True,0,NOT CHECKED,NONE,NEUTRAL,,,,NOT CHECKED,False,NOT CHECKED,NONE,0,,False,21.9,NO TRADE,NOT CHECKED,,,,,,,,,False,,,False,,,,False,,,,False,NONE,False,False,0,,,,NOT CHECKED,NO LIVE SIGNAL,BAR_PROXY,0.0,NO DATA,,,,,,,,21.9,False
ABT,101.97,REJECT,REJECT,"near EMA50 support, near EMA200 pivot, volume contraction, low-volume pullback",34,40,40,NO TRADE,WEAK,37.0,price<EMA20; EMA20>EMA50; EMA20 falling,-9.97,22.4,0.44,2.19,0,False,2.64,808571936.0,106.24,104.9,105.85,101.47,117.34,86.59,117.34,81.39,117.34,117.56,RESISTANCE_BREAKOUT,BREAKOUT,0.18,,,0,,,0,False,False,113.04,ATR_FALLBACK,113.52,3.43,3.84,101.47,101.47,123.43,126.96,129.31,2.08,,,False,5.0,126.96,8.0,2.08,False,2.5,15.07,0.0,7420629.0,798536021.0,2.23,True,True,Abbott Laboratories Common Stock,0,21.8,UNCLASSIFIED,,0.0,NONE,0.0,0.0,NONE,,True,0,NOT CHECKED,NONE,NEUTRAL,,,,NOT CHECKED,False,NOT CHECKED,NONE,0,,False,21.8,NO TRADE,NOT CHECKED,,,,,,,,,False,,,False,,,,False,,,,False,NONE,False,False,0,,,,NOT CHECKED,NO LIVE SIGNAL,BAR_PROXY,0.0,NO DATA,,,,,,,,21.8,False
SKM,35.78,REJECT,REJECT,"rising EMA50, near EMA50 support, volume contraction, low-volume pullback",32,38,40,NO TRADE,WEAK,37.0,price<EMA20; EMA20>EMA50; EMA20 falling,-6.72,30.5,0.24,5.17,0,False,3.1,58831469.0,37.03,36.39,32.49,35.01,41.01,29.53,41.01,27.91,47.18,41.1,RESISTANCE_BREAKOUT,BREAKOUT,0.22,,,0,,,0,False,False,39.23,ATR_FALLBACK,39.43,4.05,4.54,35.01,35.01,43.15,44.39,45.21,1.76,47.18,14.8,True,5.0,44.39,8.0,1.76,False,2.5,14.62,0.0,1537295.0,54803979.0,2.16,True,True,"SK Telecom Co., Ltd. Common Stock",0,21.7,UNCLASSIFIED,,0.0,NONE,0.0,0.0,NONE,,True,0,NOT CHECKED,NONE,NEUTRAL,,,,NOT CHECKED,False,NOT CHECKED,NONE,0,,False,21.7,NO TRADE,NOT CHECKED,,,,,,,,,False,,,False,,,,False,,,,False,NONE,False,False,0,,,,NOT CHECKED,NO LIVE SIGNAL,BAR_PROXY,0.0,NO DATA,,,,,,,,21.7,False
PENG,52.54,REJECT,REJECT,"near EMA50 support, volume contraction",20,36,40,NO TRADE,WEAK,37.0,price<EMA20; EMA20>EMA50; EMA20 falling,0.15,50.2,0.56,8.92,0,False,5.59,66137858.0,50.87,53.4,43.31,45.62,54.19,43.61,89.86,16.04,89.86,54.42,RESISTANCE_BREAKOUT,BREAKOUT,0.43,,,0,,,0,False,False,52.22,EMA50,53.4,1.89,4.05,46.19,45.62,57.15,58.78,59.87,1.98,89.86,65.11,True,5.0,58.78,8.0,1.98,False,2.5,11.34,0.0,1326840.0,63918375.0,4.98,True,True,"Penguin Solutions, Inc. - Common Stock",0,21.5,UNCLASSIFIED,,0.0,NONE,0.0,0.0,NONE,,True,0,NOT CHECKED,NONE,NEUTRAL,,,,NOT CHECKED,False,NOT CHECKED,NONE,0,,False,21.5,NO TRADE,NOT CHECKED,,,,,,,,,False,,,False,,,,False,,,,False,NONE,False,False,0,,,,NOT CHECKED,NO LIVE SIGNAL,BAR_PROXY,0.0,NO DATA,,,,,,,,21.5,False
VNT,31.67,REJECT,REJECT,"rising EMA50, near EMA50 support, tight range",32,38,55,NO TRADE,WEAK,37.0,price<EMA20; EMA20>EMA50; EMA20 falling,-2.95,39.6,0.31,4.94,0,False,2.62,39217226.0,32.29,32.1,34.11,31.11,33.92,28.13,36.55,27.21,41.03,33.99,RESISTANCE_BREAKOUT,BREAKOUT,0.2,,,0,,,0,False,False,32.14,EMA20,32.29,5.0,5.44,31.11,31.11,35.69,36.71,37.39,1.47,36.55,7.54,True,5.0,36.55,7.54,1.39,False,2.5,7.12,0.0,1205942.0,38704019.0,2.27,True,True,Vontier Corporation Common Stock ,0,21.4,UNCLASSIFIED,,0.0,NONE,0.0,0.0,NONE,,True,0,NOT CHECKED,NONE,NEUTRAL,,,,NOT CHECKED,False,NOT CHECKED,NONE,0,,False,21.4,NO TRADE,NOT CHECKED,,,,,,,,,False,,,False,,,,False,,,,False,NONE,False,False,0,,,,NOT CHECKED,NO LIVE SIGNAL,BAR_PROXY,0.0,NO DATA,,,,,,,,21.4,False
NU,13.96,REJECT,REJECT,"rising EMA50, near EMA50 support, near EMA200 pivot",32,38,55,NO TRADE,WEAK,37.0,price<EMA20; EMA20>EMA50; EMA20 falling,-3.54,39.0,0.67,9.33,0,False,3.93,993521218.0,14.57,14.35,14.6,13.58,15.84,12.23,16.22,11.2,16.22,15.88,RESISTANCE_BREAKOUT,BREAKOUT,0.28,,,0,,,0,False,False,14.96,ATR_FALLBACK,15.06,5.18,5.8,13.58,13.58,16.68,17.15,17.47,1.38,16.22,2.12,False,5.0,16.22,2.12,0.36,False,2.5,13.47,0.0,67400456.0,1000355731.0,3.68,True,True,Nu Holdings Ltd. Class A Ordinary Shares,0,21.1,UNCLASSIFIED,,0.0,NONE,0.0,0.0,NONE,,True,0,NOT CHECKED,NONE,NEUTRAL,,,,NOT CHECKED,False,NOT CHECKED,NONE,0,,False,21.1,NO TRADE,NOT CHECKED,,,,,,,,,False,,,False,,,,False,,,,False,NONE,False,False,0,,,,NOT CHECKED,NO LIVE SIGNAL,BAR_PROXY,0.0,NO DATA,,,,,,,,21.1,False
WMB,71.94,REJECT,REJECT,"rising EMA50, near EMA50 support",30,36,55,NO TRADE,WEAK,37.0,price<EMA20; EMA20>EMA50; EMA20 falling,-0.14,42.5,0.26,4.68,0,False,2.58,558677498.0,72.68,72.68,69.67,69.1,76.31,68.03,78.43,68.03,78.92,76.45,RESISTANCE_BREAKOUT,BREAKOUT,0.19,,,0,,,0,False,False,72.35,EMA20,72.68,4.93,5.37,69.85,69.85,80.28,82.57,84.1,1.49,78.43,2.58,False,5.0,78.43,2.58,0.48,False,2.5,6.06,0.0,7658353.0,535993957.0,2.85,True,True,"Williams Companies, Inc. (The) Common Stock",0,21.1,UNCLASSIFIED,,0.0,NONE,0.0,0.0,NONE,,True,0,NOT CHECKED,NONE,NEUTRAL,,,,NOT CHECKED,False,NOT CHECKED,NONE,0,,False,21.1,NO TRADE,NOT CHECKED,,,,,,,,,False,,,False,,,,False,,,,False,NONE,False,False,0,,,,NOT CHECKED,NO LIVE SIGNAL,BAR_PROXY,0.0,NO DATA,,,,,,,,21.1,False
CSTM,26.45,REJECT,REJECT,"near EMA200 pivot, volume contraction, low-volume pullback",20,30,20,NO TRADE,WEAK,37.0,price<EMA20; EMA20>EMA50; EMA20 falling,0.58,42.7,0.47,2.9,0,False,3.7,35965411.0,26.77,28.01,26.62,25.04,28.1,25.67,34.62,22.03,36.99,28.18,RESISTANCE_BREAKOUT,BREAKOUT,0.28,,,0,,,0,False,False,27.44,EMA50,28.01,0.59,2.6,25.04,25.04,29.59,30.43,31.0,3.07,34.62,22.86,True,5.0,30.43,8.0,3.07,True,2.5,9.22,0.0,1349838.0,35796166.0,3.14,True,True,Constellium SE Ordinary Shares (France),0,20.8,UNCLASSIFIED,,0.0,NONE,0.0,0.0,NONE,,True,0,NOT CHECKED,NONE,NEUTRAL,,,,NOT CHECKED,False,NOT CHECKED,NONE,0,,False,20.8,NO TRADE,NOT CHECKED,,,,,,,,,False,,,False,,,,False,,,,False,NONE,False,False,0,,,,NOT CHECKED,NO LIVE SIGNAL,BAR_PROXY,0.0,NO DATA,,,,,,,,20.8,False
AFRM,70.67,REJECT,REJECT,"near EMA200 pivot, tight range, volume contraction",34,40,55,NO TRADE,WEAK,37.0,price<EMA20; EMA20>EMA50; EMA20 falling,-7.7,37.3,0.39,6.7,0,False,6.19,429179148.0,72.87,73.68,71.31,66.03,90.44,66.03,90.44,42.1,90.44,90.79,RESISTANCE_BREAKOUT,BREAKOUT,0.39,,,0,,,0,False,False,85.34,ATR_FALLBACK,84.23,7.23,6.0,66.03,66.03,95.33,98.05,99.87,1.33,,,False,5.0,98.05,8.0,1.33,False,2.5,27.98,0.0,5768824.0,282489439.0,4.87,True,True,"Affirm Holdings, Inc. - Class A Common Stock",0,20.7,UNCLASSIFIED,,0.0,NONE,0.0,0.0,NONE,,True,0,NOT CHECKED,NONE,NEUTRAL,,,,NOT CHECKED,False,NOT CHECKED,NONE,0,,False,20.7,NO TRADE,NOT CHECKED,,,,,,,,,False,,,False,,,,False,,,,False,NONE,False,False,0,,,,NOT CHECKED,NO LIVE SIGNAL,BAR_PROXY,0.0,NO DATA,,,,,,,,20.7,False
OMER,18.22,REJECT,REJECT,"20/50 uptrend, rising EMA50",26,32,35,NO TRADE,WEAK,37.0,price<EMA20; EMA20>EMA50; EMA20 falling,-0.01,39.9,1.09,26.55,1,True,4.43,27826573.0,17.82,15.82,12.18,16.5,19.65,7.39,19.65,6.7,19.65,19.71,RESISTANCE_BREAKOUT,BREAKOUT,0.33,,,0,,,0,False,False,18.53,ATR_FALLBACK,18.5,6.15,6.0,16.5,16.5,20.7,21.29,21.69,1.33,,,False,5.0,21.29,8.0,1.33,False,2.5,7.85,0.0,1496034.0,26600853.0,4.51,True,True,Omeros Corporation - Common Stock,0,20.7,UNCLASSIFIED,,0.0,NONE,0.0,0.0,NONE,,True,0,NOT CHECKED,NONE,NEUTRAL,,,,NOT CHECKED,False,NOT CHECKED,NONE,0,,False,20.7,NO TRADE,NOT CHECKED,,,,,,,,,False,,,False,,,,False,,,,False,NONE,False,False,0,,,,NOT CHECKED,NO LIVE SIGNAL,BAR_PROXY,0.0,NO DATA,,,,,,,,20.7,True
TSCO,33.17,REJECT,REJECT,"rising EMA50, near EMA50 support, volume contraction, low-volume pullback",32,38,55,NO TRADE,WEAK,37.0,price<EMA20; EMA20>EMA50; EMA20 falling,-4.86,37.3,0.26,3.4,0,False,3.19,276701234.0,33.92,33.56,39.23,32.59,36.11,28.73,36.64,28.17,51.94,36.19,RESISTANCE_BREAKOUT,BREAKOUT,0.23,,,0,,,0,False,False,34.02,EMA20,33.92,6.29,6.0,32.59,32.59,38.0,39.09,39.81,1.33,36.64,1.22,False,5.0,36.64,1.22,0.2,False,2.5,8.88,0.0,8035531.0,269598627.0,2.77,True,True,Tractor Supply Company - Common Stock,0,20.4,UNCLASSIFIED,,0.0,NONE,0.0,0.0,NONE,,True,0,NOT CHECKED,NONE,NEUTRAL,,,,NOT CHECKED,False,NOT CHECKED,NONE,0,,False,20.4,NO TRADE,NOT CHECKED,,,,,,,,,False,,,False,,,,False,,,,False,NONE,False,False,0,,,,NOT CHECKED,NO LIVE SIGNAL,BAR_PROXY,0.0,NO DATA,,,,,,,,20.4,False
ISRG,386.65,REJECT,REJECT,near EMA50 support,22,34,35,NO TRADE,WEAK,37.0,price<EMA20; EMA20>EMA50; EMA20 falling,-1.87,62.3,0.42,3.85,0,False,2.96,812949022.0,373.75,380.96,427.62,345.25,398.99,328.57,443.84,328.57,505.44,399.91,RESISTANCE_BREAKOUT,BREAKOUT,0.23,,,0,,,0,False,False,378.9,EMA50,380.96,4.74,5.25,345.25,345.25,419.9,431.9,439.9,1.52,443.84,10.99,True,5.0,431.9,8.0,1.52,False,2.5,4.83,0.0,2198062.0,754545291.0,3.0,True,True,"Intuitive Surgical, Inc. - Common Stock",0,20.3,UNCLASSIFIED,,0.0,NONE,0.0,0.0,NONE,,True,0,NOT CHECKED,NONE,NEUTRAL,,,,NOT CHECKED,False,NOT CHECKED,NONE,0,,False,20.3,NO TRADE,NOT CHECKED,,,,,,,,,False,,,False,,,,False,,,,False,NONE,False,False,0,,,,NOT CHECKED,NO LIVE SIGNAL,BAR_PROXY,0.0,NO DATA,,,,,,,,20.3,False
ABNB,166.01,REJECT,REJECT,"rising EMA50, near EMA50 support, volume contraction, low-volume pullback",32,38,40,NO TRADE,WEAK,37.0,price<EMA20; EMA20>EMA50; EMA20 falling,-10.02,26.9,0.22,17.43,1,True,2.96,765552572.0,174.04,167.74,146.37,165.83,193.45,135.72,193.45,121.51,193.45,193.85,RESISTANCE_BREAKOUT,BREAKOUT,0.2,,,0,,,0,False,False,185.6,ATR_FALLBACK,186.48,3.8,4.25,165.83,165.83,203.54,209.35,213.23,1.88,,,False,5.0,209.35,8.0,1.88,False,2.5,16.53,0.0,4235090.0,790582605.0,2.53,True,True,"Airbnb, Inc. - Class A Common Stock",0,20.1,UNCLASSIFIED,,0.0,NONE,0.0,0.0,NONE,,True,0,NOT CHECKED,NONE,NEUTRAL,,,,NOT CHECKED,False,NOT CHECKED,NONE,0,,False,20.1,NO TRADE,NOT CHECKED,,,,,,,,,False,,,False,,,,False,,,,False,NONE,False,False,0,,,,NOT CHECKED,NO LIVE SIGNAL,BAR_PROXY,0.0,NO DATA,,,,,,,,20.1,True
IT,188.57,REJECT,REJECT,"20/50 uptrend, rising EMA50",26,32,35,NO TRADE,WEAK,37.0,price<EMA20; EMA20>EMA50; EMA20 falling,-1.29,45.2,0.27,9.73,0,False,4.52,202545704.0,186.04,176.17,179.74,166.01,203.03,124.25,203.03,124.25,203.03,203.71,RESISTANCE_BREAKOUT,BREAKOUT,0.34,,,0,,,0,False,False,191.49,ATR_FALLBACK,190.93,6.28,6.0,169.08,166.01,213.9,220.01,224.08,1.33,,,False,5.0,220.01,8.0,1.33,False,2.5,7.67,0.0,1065461.0,199147022.0,3.9,True,True,"Gartner, Inc. Common Stock",0,20.1,UNCLASSIFIED,,0.0,NONE,0.0,0.0,NONE,,True,0,NOT CHECKED,NONE,NEUTRAL,,,,NOT CHECKED,False,NOT CHECKED,NONE,0,,False,20.1,NO TRADE,NOT CHECKED,,,,,,,,,False,,,False,,,,False,,,,False,NONE,False,False,0,,,,NOT CHECKED,NO LIVE SIGNAL,BAR_PROXY,0.0,NO DATA,,,,,,,,20.1,False
SPGI,406.55,REJECT,REJECT,"near EMA200 pivot, volume contraction, low-volume pullback",28,34,40,NO TRADE,WEAK,37.0,price<EMA20; EMA20>EMA50; EMA20 falling,-3.58,36.5,0.38,4.37,0,False,2.93,775524009.0,421.47,420.92,428.9,404.81,454.92,371.0,460.98,371.0,460.98,455.87,RESISTANCE_BREAKOUT,BREAKOUT,0.21,,,0,,,0,False,False,435.86,ATR_FALLBACK,438.0,3.92,4.39,404.81,404.81,478.67,492.34,501.46,1.82,460.98,1.12,False,5.0,460.98,1.12,0.26,False,2.5,11.9,0.0,1805739.0,747669145.0,2.29,True,True,S&P Global Inc. Common Stock,0,19.9,UNCLASSIFIED,,0.0,NONE,0.0,0.0,NONE,,True,0,NOT CHECKED,NONE,NEUTRAL,,,,NOT CHECKED,False,NOT CHECKED,NONE,0,,False,19.9,NO TRADE,NOT CHECKED,,,,,,,,,False,,,False,,,,False,,,,False,NONE,False,False,0,,,,NOT CHECKED,NO LIVE SIGNAL,BAR_PROXY,0.0,NO DATA,,,,,,,,19.9,False
BXP,64.15,REJECT,REJECT,"near EMA200 pivot, volume contraction, low-volume pullback",28,34,40,NO TRADE,WEAK,37.0,price<EMA20; EMA20>EMA50; EMA20 falling,-3.65,22.9,0.41,3.43,0,False,2.27,77598234.0,66.17,66.68,64.87,62.94,72.25,62.75,74.94,48.54,74.94,72.37,RESISTANCE_BREAKOUT,BREAKOUT,0.16,,,0,,,0,False,False,69.92,ATR_FALLBACK,70.18,3.02,3.39,62.94,62.94,75.99,78.16,79.6,2.36,74.94,3.56,False,5.0,74.94,3.56,1.05,False,2.5,12.63,0.0,1156547.0,77280958.0,2.27,True,True,"BXP, Inc. Common Stock",0,19.9,UNCLASSIFIED,,0.0,NONE,0.0,0.0,NONE,,True,0,NOT CHECKED,NONE,NEUTRAL,,,,NOT CHECKED,False,NOT CHECKED,NONE,0,,False,19.9,NO TRADE,NOT CHECKED,,,,,,,,,False,,,False,,,,False,,,,False,NONE,False,False,0,,,,NOT CHECKED,NO LIVE SIGNAL,BAR_PROXY,0.0,NO DATA,,,,,,,,19.9,False
GIS,36.72,REJECT,REJECT,"near EMA50 support, near EMA200 pivot, volume contraction",30,36,40,NO TRADE,WEAK,37.0,price<EMA20; EMA20>EMA50; EMA20 falling,-7.27,26.3,0.24,5.02,0,False,3.19,327031884.0,37.86,37.58,38.6,35.61,42.2,32.75,42.2,31.21,44.07,42.29,RESISTANCE_BREAKOUT,BREAKOUT,0.22,,,0,,,0,False,False,40.32,ATR_FALLBACK,40.54,4.16,4.66,35.61,35.61,44.41,45.68,46.52,1.72,44.07,4.2,False,5.0,44.07,4.2,0.9,False,2.5,14.94,0.0,8413805.0,336721394.0,2.74,True,True,"General Mills, Inc. Common Stock",0,19.8,UNCLASSIFIED,,0.0,NONE,0.0,0.0,NONE,,True,0,NOT CHECKED,NONE,NEUTRAL,,,,NOT CHECKED,False,NOT CHECKED,NONE,0,,False,19.8,NO TRADE,NOT CHECKED,,,,,,,,,False,,,False,,,,False,,,,False,NONE,False,False,0,,,,NOT CHECKED,NO LIVE SIGNAL,BAR_PROXY,0.0,NO DATA,,,,,,,,19.8,False
CGNX,60.72,REJECT,REJECT,near EMA50 support,22,32,40,NO TRADE,WEAK,37.0,price<EMA20; EMA20>EMA50; EMA20 falling,1.19,43.0,0.29,6.56,0,False,3.54,84849068.0,61.38,62.2,56.76,57.8,64.34,57.09,72.78,45.48,72.78,64.51,RESISTANCE_BREAKOUT,BREAKOUT,0.27,,,0,,,0,False,False,61.82,EMA50,62.2,3.58,4.18,57.8,57.8,67.74,69.67,70.96,1.92,72.78,12.81,True,5.0,69.67,8.0,1.92,False,2.5,5.96,0.0,1396351.0,88256166.0,2.82,True,True,Cognex Corporation - Common Stock,0,19.8,UNCLASSIFIED,,0.0,NONE,0.0,0.0,NONE,,True,0,NOT CHECKED,NONE,NEUTRAL,,,,NOT CHECKED,False,NOT CHECKED,NONE,0,,False,19.8,NO TRADE,NOT CHECKED,,,,,,,,,False,,,False,,,,False,,,,False,NONE,False,False,0,,,,NOT CHECKED,NO LIVE SIGNAL,BAR_PROXY,0.0,NO DATA,,,,,,,,19.8,False
GNTX,22.5,REJECT,REJECT,"tight range, volume contraction, low-volume pullback",28,34,40,NO TRADE,WEAK,37.0,price<EMA20; EMA20>EMA50; EMA20 falling,-3.89,41.5,0.21,3.3,0,False,2.17,51972462.0,22.87,23.31,23.88,22.03,24.06,22.03,26.24,20.26,26.35,24.1,RESISTANCE_BREAKOUT,BREAKOUT,0.16,,,0,,,0,False,False,23.22,EMA50,23.31,3.28,3.64,22.06,22.06,25.3,26.03,26.51,2.2,26.24,8.88,True,5.0,26.03,8.0,2.2,False,2.5,7.31,0.0,2265459.0,51338032.0,2.05,True,True,Gentex Corporation - Common Stock,0,19.8,UNCLASSIFIED,,0.0,NONE,0.0,0.0,NONE,,True,0,NOT CHECKED,NONE,NEUTRAL,,,,NOT CHECKED,False,NOT CHECKED,NONE,0,,False,19.8,NO TRADE,NOT CHECKED,,,,,,,,,False,,,False,,,,False,,,,False,NONE,False,False,0,,,,NOT CHECKED,NO LIVE SIGNAL,BAR_PROXY,0.0,NO DATA,,,,,,,,19.8,False
TVTX,64.0,REJECT,REJECT,"above EMA50, rising EMA50",26,32,35,NO TRADE,WEAK,37.0,price<EMA20; EMA20>EMA50; EMA20 falling,-2.06,38.4,0.29,3.24,0,False,3.8,83065943.0,64.74,61.48,47.19,61.4,68.73,53.0,68.73,26.15,67.85,68.92,RESISTANCE_BREAKOUT,BREAKOUT,0.28,,,0,,,0,False,False,64.79,EMA20,64.74,6.07,6.0,61.4,61.4,72.37,74.44,75.82,1.33,,,False,5.0,74.44,8.0,1.33,False,2.5,7.39,0.0,1264899.0,75133855.0,3.4,True,True,"Travere Therapeutics, Inc. - Common Stock",0,19.7,UNCLASSIFIED,,0.0,NONE,0.0,0.0,NONE,,True,0,NOT CHECKED,NONE,NEUTRAL,,,,NOT CHECKED,False,NOT CHECKED,NONE,0,,False,19.7,NO TRADE,NOT CHECKED,,,,,,,,,False,,,False,,,,False,,,,False,NONE,False,False,0,,,,NOT CHECKED,NO LIVE SIGNAL,BAR_PROXY,0.0,NO DATA,,,,,,,,19.7,False
NWL,5.65,REJECT,REJECT,"rising EMA50, near EMA50 support, volume contraction, low-volume pullback",32,38,55,NO TRADE,WEAK,37.0,price<EMA20; EMA20>EMA50; EMA20 falling,-6.31,45.8,0.23,5.18,0,False,5.3,39428813.0,5.87,5.66,4.88,5.62,6.47,4.75,7.05,3.16,7.05,6.49,RESISTANCE_BREAKOUT,BREAKOUT,0.37,,,0,,,0,False,False,6.1,ATR_FALLBACK,6.04,6.92,6.0,5.62,5.62,6.82,7.01,7.14,1.33,7.05,8.55,True,5.0,7.01,8.0,1.33,False,2.5,14.51,0.0,6611808.0,35697498.0,4.75,True,True,Newell Brands Inc. - Common Stock,0,19.7,UNCLASSIFIED,,0.0,NONE,0.0,0.0,NONE,,True,0,NOT CHECKED,NONE,NEUTRAL,,,,NOT CHECKED,False,NOT CHECKED,NONE,0,,False,19.7,NO TRADE,NOT CHECKED,,,,,,,,,False,,,False,,,,False,,,,False,NONE,False,False,0,,,,NOT CHECKED,NO LIVE SIGNAL,BAR_PROXY,0.0,NO DATA,,,,,,,,19.7,False
RDW,11.43,REJECT,REJECT,"near EMA50 support, tight range",24,36,35,NO TRADE,WEAK,37.0,price<EMA20; EMA20>EMA50; EMA20 falling,-6.95,51.9,0.7,14.88,2,True,5.53,117833146.0,11.0,11.28,10.84,10.14,12.37,7.76,14.19,7.43,26.64,12.42,RESISTANCE_BREAKOUT,BREAKOUT,0.41,,,0,,,0,False,False,11.68,ATR_FALLBACK,11.47,7.62,6.0,10.21,10.14,13.04,13.41,13.66,1.33,14.19,14.25,True,5.0,13.41,8.0,1.33,False,2.5,10.68,0.0,10735079.0,113465326.0,5.36,True,True,Redwire Corporation Common Stock,0,19.5,UNCLASSIFIED,,0.0,NONE,0.0,0.0,NONE,,True,0,NOT CHECKED,NONE,NEUTRAL,,,,NOT CHECKED,False,NOT CHECKED,NONE,0,,False,19.5,NO TRADE,NOT CHECKED,,,,,,,,,False,,,False,,,,False,,,,False,NONE,False,False,0,,,,NOT CHECKED,NO LIVE SIGNAL,BAR_PROXY,0.0,NO DATA,,,,,,,,19.5,True
ARIS,18.9,REJECT,REJECT,"above EMA50, rising EMA50",26,32,35,NO TRADE,WEAK,37.0,price<EMA20; EMA20>EMA50; EMA20 falling,-2.73,34.5,0.5,11.48,2,True,5.22,27372497.0,19.1,18.13,16.61,17.85,21.47,13.21,21.47,13.21,22.85,21.54,RESISTANCE_BREAKOUT,BREAKOUT,0.37,,,0,,,0,False,False,20.25,ATR_FALLBACK,20.06,6.87,6.0,17.85,17.85,22.62,23.27,23.7,1.33,22.85,6.09,True,5.0,22.85,6.09,1.01,False,2.5,13.6,0.0,1375206.0,26020555.0,3.89,True,True,Aris Mining Corporation Common Shares,0,19.4,UNCLASSIFIED,,0.0,NONE,0.0,0.0,NONE,,True,0,NOT CHECKED,NONE,NEUTRAL,,,,NOT CHECKED,False,NOT CHECKED,NONE,0,,False,19.4,NO TRADE,NOT CHECKED,,,,,,,,,False,,,False,,,,False,,,,False,NONE,False,False,0,,,,NOT CHECKED,NO LIVE SIGNAL,BAR_PROXY,0.0,NO DATA,,,,,,,,19.4,True
NBIS,213.67,REJECT,REJECT,"rising EMA50, near EMA50 support, 20d volume expansion",30,36,55,NO TRADE,WEAK,37.0,price<EMA20; EMA20>EMA50; EMA20 falling,-3.65,47.7,1.56,34.14,1,True,6.87,3280366188.0,218.11,216.07,175.92,194.8,254.74,145.8,299.86,83.53,299.86,255.91,RESISTANCE_BREAKOUT,BREAKOUT,0.46,,,0,,,0,False,False,240.56,ATR_FALLBACK,233.91,8.6,6.0,203.87,195.15,268.71,276.39,281.51,1.33,299.86,17.17,True,5.0,276.39,8.0,1.33,False,2.5,19.22,0.0,15002343.0,2854243112.0,5.68,True,True,Nebius Group N.V. - Class A Ordinary Shares,0,19.3,UNCLASSIFIED,,0.0,NONE,0.0,0.0,NONE,,True,0,NOT CHECKED,NONE,NEUTRAL,,,,NOT CHECKED,False,NOT CHECKED,NONE,0,,False,19.3,NO TRADE,NOT CHECKED,,,,,,,,,False,,,False,,,,False,,,,False,NONE,False,False,0,,,,NOT CHECKED,NO LIVE SIGNAL,BAR_PROXY,0.0,NO DATA,,,,,,,,19.3,True
CMG,33.83,REJECT,REJECT,"rising EMA50, near EMA200 pivot",26,32,40,NO TRADE,WEAK,37.0,price<EMA20; EMA20>EMA50; EMA20 falling,-1.49,31.8,0.41,4.56,0,False,3.38,449531523.0,35.8,35.17,35.11,33.64,38.92,30.45,39.09,28.04,39.09,39.01,RESISTANCE_BREAKOUT,BREAKOUT,0.24,,,0,,,0,False,False,37.09,ATR_FALLBACK,37.3,4.4,4.93,33.64,33.64,40.96,42.13,42.91,1.62,39.09,0.2,False,5.0,39.09,0.2,0.04,False,2.5,15.06,0.0,12240368.0,409531637.0,3.07,True,True,"Chipotle Mexican Grill, Inc. Common Stock",0,19.3,UNCLASSIFIED,,0.0,NONE,0.0,0.0,NONE,,True,0,NOT CHECKED,NONE,NEUTRAL,,,,NOT CHECKED,False,NOT CHECKED,NONE,0,,False,19.3,NO TRADE,NOT CHECKED,,,,,,,,,False,,,False,,,,False,,,,False,NONE,False,False,0,,,,NOT CHECKED,NO LIVE SIGNAL,BAR_PROXY,0.0,NO DATA,,,,,,,,19.3,False
INDV,35.51,REJECT,REJECT,"near EMA200 pivot, tight range",28,40,55,NO TRADE,WEAK,37.0,price<EMA20; EMA20>EMA50; EMA20 falling,-8.13,52.3,0.32,3.38,0,False,2.5,65948088.0,35.45,36.78,34.92,33.74,39.25,33.84,42.81,27.68,42.81,39.32,RESISTANCE_BREAKOUT,BREAKOUT,0.18,,,0,,,0,False,False,36.96,EMA50,36.78,6.47,6.0,33.74,33.74,41.29,42.47,43.25,1.33,42.81,8.87,True,5.0,42.47,8.0,1.33,False,2.5,12.64,0.0,1877610.0,63089233.0,2.77,True,True,"Indivior Pharmaceuticals, Inc.  - Common Stock",0,19.3,UNCLASSIFIED,,0.0,NONE,0.0,0.0,NONE,,True,0,NOT CHECKED,NONE,NEUTRAL,,,,NOT CHECKED,False,NOT CHECKED,NONE,0,,False,19.3,NO TRADE,NOT CHECKED,,,,,,,,,False,,,False,,,,False,,,,False,NONE,False,False,0,,,,NOT CHECKED,NO LIVE SIGNAL,BAR_PROXY,0.0,NO DATA,,,,,,,,19.3,False
RVMD,196.9,REJECT,REJECT,"rising EMA50, near EMA50 support, volume contraction, low-volume pullback",32,38,55,NO TRADE,WEAK,37.0,price<EMA20; EMA20>EMA50; EMA20 falling,-7.36,21.4,0.54,4.07,0,False,3.87,368716188.0,204.68,197.13,147.68,193.58,224.31,162.15,224.31,91.52,224.31,224.92,RESISTANCE_BREAKOUT,BREAKOUT,0.27,,,0,,,0,False,False,212.13,ATR_FALLBACK,213.5,5.08,5.69,193.58,193.58,236.16,242.91,247.41,1.41,,,False,5.0,242.91,8.0,1.41,False,2.5,13.92,0.0,1766035.0,311080090.0,3.8,True,True,"Revolution Medicines, Inc. - Common Stock",0,19.2,UNCLASSIFIED,,0.0,NONE,0.0,0.0,NONE,,True,0,NOT CHECKED,NONE,NEUTRAL,,,,NOT CHECKED,False,NOT CHECKED,NONE,0,,False,19.2,NO TRADE,NOT CHECKED,,,,,,,,,False,,,False,,,,False,,,,False,NONE,False,False,0,,,,NOT CHECKED,NO LIVE SIGNAL,BAR_PROXY,0.0,NO DATA,,,,,,,,19.2,False
RSI,25.71,REJECT,REJECT,tight range,18,28,20,NO TRADE,WEAK,37.0,price<EMA20; EMA20>EMA50; EMA20 falling,0.88,43.5,0.36,4.77,0,False,3.99,55913620.0,26.3,27.03,25.06,24.77,27.54,24.18,34.53,19.0,34.53,27.62,RESISTANCE_BREAKOUT,BREAKOUT,0.3,,,0,,,0,False,False,26.85,EMA50,27.03,2.14,2.8,25.73,25.59,29.0,29.83,30.38,2.85,34.53,25.01,True,5.0,29.83,8.0,2.85,True,2.5,7.12,0.0,2125587.0,54397172.0,3.76,True,True,"Rush Street Interactive, Inc. Class A Common Stock",0,19.2,UNCLASSIFIED,,0.0,NONE,0.0,0.0,NONE,,True,0,NOT CHECKED,NONE,NEUTRAL,,,,NOT CHECKED,False,NOT CHECKED,NONE,0,,False,19.2,NO TRADE,NOT CHECKED,,,,,,,,,False,,,False,,,,False,,,,False,NONE,False,False,0,,,,NOT CHECKED,NO LIVE SIGNAL,BAR_PROXY,0.0,NO DATA,,,,,,,,19.2,False
HAL,33.94,REJECT,REJECT,"rising EMA50, near EMA200 pivot",26,32,40,NO TRADE,WEAK,37.0,price<EMA20; EMA20>EMA50; EMA20 falling,-1.73,41.4,0.64,5.49,0,False,3.35,394392445.0,35.37,35.12,33.76,32.88,38.06,30.84,38.06,30.84,43.2,38.15,RESISTANCE_BREAKOUT,BREAKOUT,0.24,,,0,,,0,False,False,36.24,ATR_FALLBACK,36.45,4.46,5.0,34.12,34.12,40.06,41.2,41.97,1.6,43.2,13.25,True,5.0,41.2,8.0,1.6,False,2.5,12.16,0.0,11040365.0,351810098.0,3.11,True,True,Halliburton Company Common Stock,0,19.1,UNCLASSIFIED,,0.0,NONE,0.0,0.0,NONE,,True,0,NOT CHECKED,NONE,NEUTRAL,,,,NOT CHECKED,False,NOT CHECKED,NONE,0,,False,19.1,NO TRADE,NOT CHECKED,,,,,,,,,False,,,False,,,,False,,,,False,NONE,False,False,0,,,,NOT CHECKED,NO LIVE SIGNAL,BAR_PROXY,0.0,NO DATA,,,,,,,,19.1,False
RIVN,15.74,REJECT,REJECT,"near EMA50 support, near EMA200 pivot",24,34,55,NO TRADE,WEAK,37.0,price<EMA20; EMA20>EMA50; EMA20 falling,0.98,36.0,0.8,6.43,0,False,4.2,325326684.0,15.89,16.05,15.87,14.83,17.16,14.35,20.2,12.65,20.2,17.21,RESISTANCE_BREAKOUT,BREAKOUT,0.31,,,0,,,0,False,False,16.18,ATR_FALLBACK,16.22,5.76,6.0,14.83,14.83,18.07,18.58,18.93,1.33,20.2,17.39,True,5.0,18.58,8.0,1.33,False,2.5,8.99,0.0,20247391.0,287117121.0,3.96,True,True,"Rivian Automotive, Inc. - Class A Common Stock",0,19.1,UNCLASSIFIED,,0.0,NONE,0.0,0.0,NONE,,True,0,NOT CHECKED,NONE,NEUTRAL,,,,NOT CHECKED,False,NOT CHECKED,NONE,0,,False,19.1,NO TRADE,NOT CHECKED,,,,,,,,,False,,,False,,,,False,,,,False,NONE,False,False,0,,,,NOT CHECKED,NO LIVE SIGNAL,BAR_PROXY,0.0,NO DATA,,,,,,,,19.1,False
FORM,111.89,REJECT,REJECT,"near EMA50 support, volume contraction, low-volume pullback",24,36,55,NO TRADE,WEAK,37.0,price<EMA20; EMA20>EMA50; EMA20 falling,-1.75,51.3,0.7,7.65,0,False,5.76,109431982.0,108.34,112.44,102.05,92.05,117.8,82.34,160.27,81.01,160.27,118.32,RESISTANCE_BREAKOUT,BREAKOUT,0.44,,,0,,,0,False,False,111.28,EMA50,112.44,4.96,5.94,100.39,92.05,124.23,127.78,130.15,1.35,160.27,35.46,True,5.0,127.78,8.0,1.35,False,2.5,12.64,0.0,1028834.0,109585305.0,5.03,True,True,"FormFactor, Inc. - Common Stock",0,19.1,UNCLASSIFIED,,0.0,NONE,0.0,0.0,NONE,,True,0,NOT CHECKED,NONE,NEUTRAL,,,,NOT CHECKED,False,NOT CHECKED,NONE,0,,False,19.1,NO TRADE,NOT CHECKED,,,,,,,,,False,,,False,,,,False,,,,False,NONE,False,False,0,,,,NOT CHECKED,NO LIVE SIGNAL,BAR_PROXY,0.0,NO DATA,,,,,,,,19.1,False
FDX,306.23,REJECT,REJECT,"tight range, volume contraction, low-volume pullback",28,34,40,NO TRADE,WEAK,37.0,price<EMA20; EMA20>EMA50; EMA20 falling,-5.46,29.3,0.2,3.85,0,False,2.31,442532471.0,315.43,317.25,290.26,299.38,339.5,301.82,340.35,272.88,342.73,340.06,RESISTANCE_BREAKOUT,BREAKOUT,0.17,,,0,,,0,False,False,328.17,ATR_FALLBACK,329.44,3.12,3.5,299.38,299.38,357.07,367.27,374.07,2.29,340.35,0.09,False,5.0,340.35,0.09,0.02,False,2.5,10.86,0.0,1382406.0,409756461.0,2.15,True,True,FedEx Corporation Common Stock,0,19.0,UNCLASSIFIED,,0.0,NONE,0.0,0.0,NONE,,True,0,NOT CHECKED,NONE,NEUTRAL,,,,NOT CHECKED,False,NOT CHECKED,NONE,0,,False,19.0,NO TRADE,NOT CHECKED,,,,,,,,,False,,,False,,,,False,,,,False,NONE,False,False,0,,,,NOT CHECKED,NO LIVE SIGNAL,BAR_PROXY,0.0,NO DATA,,,,,,,,19.0,False
AVAV,163.52,REJECT,REJECT,near EMA50 support,22,34,35,NO TRADE,WEAK,37.0,price<EMA20; EMA20>EMA50; EMA20 falling,-4.42,61.0,0.5,9.12,0,False,5.45,332882556.0,154.29,159.19,198.99,138.31,170.12,135.2,207.83,135.2,303.0,170.83,RESISTANCE_BREAKOUT,BREAKOUT,0.42,,,0,,,0,False,False,160.58,ATR_FALLBACK,157.48,7.82,6.0,138.31,138.31,179.37,184.5,187.92,1.33,207.83,21.66,True,5.0,184.5,8.0,1.33,False,2.5,6.84,0.0,2234283.0,221895060.0,5.56,True,True,"AeroVironment, Inc. - Common Stock",0,19.0,UNCLASSIFIED,,0.0,NONE,0.0,0.0,NONE,,True,0,NOT CHECKED,NONE,NEUTRAL,,,,NOT CHECKED,False,NOT CHECKED,NONE,0,,False,19.0,NO TRADE,NOT CHECKED,,,,,,,,,False,,,False,,,,False,,,,False,NONE,False,False,0,,,,NOT CHECKED,NO LIVE SIGNAL,BAR_PROXY,0.0,NO DATA,,,,,,,,19.0,False
CAKE,96.81,REJECT,REJECT,"rising EMA50, near EMA50 support, volume contraction, low-volume pullback",32,38,55,NO TRADE,WEAK,37.0,price<EMA20; EMA20>EMA50; EMA20 falling,-7.6,25.5,0.23,6.38,0,False,3.71,157717388.0,103.89,99.15,76.81,95.62,115.78,75.37,118.46,52.42,118.46,116.07,RESISTANCE_BREAKOUT,BREAKOUT,0.25,,,0,,,0,False,False,110.03,ATR_FALLBACK,110.67,4.65,5.21,95.62,95.62,121.87,125.35,127.67,1.54,118.46,2.06,False,5.0,118.46,2.06,0.4,False,2.5,19.6,0.0,1469552.0,152667782.0,3.45,True,True,The Cheesecake Factory Incorporated - Common Stock,0,19.0,UNCLASSIFIED,,0.0,NONE,0.0,0.0,NONE,,True,0,NOT CHECKED,NONE,NEUTRAL,,,,NOT CHECKED,False,NOT CHECKED,NONE,0,,False,19.0,NO TRADE,NOT CHECKED,,,,,,,,,False,,,False,,,,False,,,,False,NONE,False,False,0,,,,NOT CHECKED,NO LIVE SIGNAL,BAR_PROXY,0.0,NO DATA,,,,,,,,19.0,False
DJT,8.73,REJECT,REJECT,"volume contraction, low-volume pullback",18,32,55,NO TRADE,WEAK,37.0,price<EMA20; EMA20>EMA50; EMA20 falling,5.41,35.2,0.42,6.93,0,False,5.04,30826401.0,8.95,9.01,10.32,8.29,10.23,6.96,10.55,6.96,11.43,10.27,RESISTANCE_BREAKOUT,BREAKOUT,0.34,,,0,,,0,False,False,9.65,ATR_FALLBACK,9.61,6.43,6.0,8.48,8.48,10.78,11.09,11.29,1.33,10.55,2.77,False,5.0,10.55,2.77,0.46,False,2.5,17.25,0.0,3374055.0,29410038.0,4.67,True,True,Trump Media & Technology Group Corp. - Common Stock,0,18.9,UNCLASSIFIED,,0.0,NONE,0.0,0.0,NONE,,True,0,NOT CHECKED,NONE,NEUTRAL,,,,NOT CHECKED,False,NOT CHECKED,NONE,0,,False,18.9,NO TRADE,NOT CHECKED,,,,,,,,,False,,,False,,,,False,,,,False,NONE,False,False,0,,,,NOT CHECKED,NO LIVE SIGNAL,BAR_PROXY,0.0,NO DATA,,,,,,,,18.9,False
DD,129.48,REJECT,REJECT,"near EMA200 pivot, volume contraction, low-volume pullback",28,34,40,NO TRADE,WEAK,37.0,price<EMA20; EMA20>EMA50; EMA20 falling,-5.98,30.7,0.31,3.02,0,False,2.55,151561749.0,131.63,135.23,131.98,122.8,140.38,126.23,148.77,125.07,153.63,140.65,RESISTANCE_BREAKOUT,BREAKOUT,0.19,,,0,,,0,False,False,134.63,EMA50,135.23,3.85,4.28,122.8,122.8,147.68,151.9,154.71,1.87,148.77,5.77,True,5.0,148.77,5.77,1.35,False,2.5,8.42,0.0,1147062.0,140921893.0,2.17,True,True,"DuPont de Nemours, Inc. Common Stock",0,18.7,UNCLASSIFIED,,0.0,NONE,0.0,0.0,NONE,,True,0,NOT CHECKED,NONE,NEUTRAL,,,,NOT CHECKED,False,NOT CHECKED,NONE,0,,False,18.7,NO TRADE,NOT CHECKED,,,,,,,,,False,,,False,,,,False,,,,False,NONE,False,False,0,,,,NOT CHECKED,NO LIVE SIGNAL,BAR_PROXY,0.0,NO DATA,,,,,,,,18.7,False
PYPL,53.28,REJECT,REJECT,"near EMA50 support, near EMA200 pivot, volume contraction, low-volume pullback",34,40,55,NO TRADE,WEAK,37.0,price<EMA20; EMA20>EMA50; EMA20 falling,-11.87,31.5,0.28,4.33,0,False,4.02,675839021.0,55.08,54.58,53.24,50.8,62.58,41.55,62.58,40.1,62.58,62.75,RESISTANCE_BREAKOUT,BREAKOUT,0.27,,,0,,,0,False,False,59.15,ATR_FALLBACK,59.53,5.12,5.73,50.8,50.8,65.88,67.77,69.02,1.4,,,False,5.0,67.77,8.0,1.4,False,2.5,17.44,0.0,12114438.0,583529144.0,2.62,True,True,"PayPal Holdings, Inc. - Common Stock",0,18.6,UNCLASSIFIED,,0.0,NONE,0.0,0.0,NONE,,True,0,NOT CHECKED,NONE,NEUTRAL,,,,NOT CHECKED,False,NOT CHECKED,NONE,0,,False,18.6,NO TRADE,NOT CHECKED,,,,,,,,,False,,,False,,,,False,,,,False,NONE,False,False,0,,,,NOT CHECKED,NO LIVE SIGNAL,BAR_PROXY,0.0,NO DATA,,,,,,,,18.6,False
SW,45.58,REJECT,REJECT,"above EMA50, near EMA50 support",24,30,20,NO TRADE,WEAK,37.0,price<EMA20; EMA20>EMA50; EMA20 falling,-5.51,36.2,0.42,4.27,0,False,3.3,194452358.0,45.36,45.57,43.1,41.7,50.52,40.76,51.52,35.21,51.52,50.64,RESISTANCE_BREAKOUT,BREAKOUT,0.24,,,0,,,0,False,False,48.12,ATR_FALLBACK,48.39,4.45,4.98,41.7,41.7,53.17,54.69,55.7,1.6,51.52,1.74,False,5.0,51.52,1.74,0.35,False,2.5,10.84,0.0,4213253.0,174363047.0,3.04,True,True,Smurfit WestRock plc Ordinary Shares,0,18.5,UNCLASSIFIED,,0.0,NONE,0.0,0.0,NONE,,True,0,NOT CHECKED,NONE,NEUTRAL,,,,NOT CHECKED,False,NOT CHECKED,NONE,0,,False,18.5,NO TRADE,NOT CHECKED,,,,,,,,,False,,,False,,,,False,,,,False,NONE,False,False,0,,,,NOT CHECKED,NO LIVE SIGNAL,BAR_PROXY,0.0,NO DATA,,,,,,,,18.5,False
CRSP,56.56,REJECT,REJECT,20/50 uptrend,26,32,35,NO TRADE,WEAK,37.0,price<EMA20; EMA20>EMA50; EMA20 falling,-4.53,40.6,1.12,12.91,1,True,4.23,82781767.0,54.58,54.1,54.2,51.33,62.53,45.89,63.45,44.12,63.45,62.73,RESISTANCE_BREAKOUT,BREAKOUT,0.31,,,0,,,0,False,False,58.96,ATR_FALLBACK,59.14,5.72,6.0,51.33,51.33,65.86,67.74,69.0,1.33,63.45,1.15,False,5.0,63.45,1.15,0.19,False,2.5,10.57,0.0,1471694.0,73181970.0,4.34,True,True,CRISPR Therapeutics AG - Common Shares,0,18.5,UNCLASSIFIED,,0.0,NONE,0.0,0.0,NONE,,True,0,NOT CHECKED,NONE,NEUTRAL,,,,NOT CHECKED,False,NOT CHECKED,NONE,0,,False,18.5,NO TRADE,NOT CHECKED,,,,,,,,,False,,,False,,,,False,,,,False,NONE,False,False,0,,,,NOT CHECKED,NO LIVE SIGNAL,BAR_PROXY,0.0,NO DATA,,,,,,,,18.5,True
SGRY,13.76,REJECT,REJECT,"tight range, volume contraction, low-volume pullback",20,30,40,NO TRADE,WEAK,37.0,price<EMA20; EMA20>EMA50; EMA20 falling,2.09,47.8,0.98,5.11,0,False,4.96,35561875.0,14.17,14.56,15.48,13.18,15.08,13.18,17.44,11.41,17.44,15.13,RESISTANCE_BREAKOUT,BREAKOUT,0.36,,,0,,,0,False,False,14.44,EMA50,14.56,3.79,4.6,13.56,13.56,15.89,16.35,16.65,1.74,17.44,15.23,True,5.0,16.35,8.0,1.74,False,2.5,9.59,0.0,2528554.0,30162343.0,4.62,True,True,"Surgery Partners, Inc. - Common Stock",0,18.5,UNCLASSIFIED,,0.0,NONE,0.0,0.0,NONE,,True,0,NOT CHECKED,NONE,NEUTRAL,,,,NOT CHECKED,False,NOT CHECKED,NONE,0,,False,18.5,NO TRADE,NOT CHECKED,,,,,,,,,False,,,False,,,,False,,,,False,NONE,False,False,0,,,,NOT CHECKED,NO LIVE SIGNAL,BAR_PROXY,0.0,NO DATA,,,,,,,,18.5,False
LYV,169.22,REJECT,REJECT,"near EMA200 pivot, volume contraction, low-volume pullback",28,34,40,NO TRADE,WEAK,37.0,price<EMA20; EMA20>EMA50; EMA20 falling,-7.21,25.2,0.22,2.42,0,False,2.43,304847312.0,174.92,176.75,168.01,168.04,188.96,166.15,189.25,144.0,189.25,189.29,RESISTANCE_BREAKOUT,BREAKOUT,0.17,,,0,,,0,False,False,182.39,ATR_FALLBACK,183.13,3.25,3.65,168.04,168.04,198.75,204.43,208.22,2.19,,,False,5.0,204.43,8.0,2.19,False,2.5,11.67,0.0,1730516.0,298342397.0,2.28,True,True,"Live Nation Entertainment, Inc. Common Stock",0,18.1,UNCLASSIFIED,,0.0,NONE,0.0,0.0,NONE,,True,0,NOT CHECKED,NONE,NEUTRAL,,,,NOT CHECKED,False,NOT CHECKED,NONE,0,,False,18.1,NO TRADE,NOT CHECKED,,,,,,,,,False,,,False,,,,False,,,,False,NONE,False,False,0,,,,NOT CHECKED,NO LIVE SIGNAL,BAR_PROXY,0.0,NO DATA,,,,,,,,18.1,False
SHLS,7.59,REJECT,REJECT,"tight range, volume contraction",24,36,55,NO TRADE,WEAK,37.0,price<EMA20; EMA20>EMA50; EMA20 falling,-3.61,52.6,0.72,11.29,1,True,5.74,33646336.0,7.33,8.04,8.5,6.61,7.94,6.61,11.69,5.43,13.18,7.97,RESISTANCE_BREAKOUT,BREAKOUT,0.44,,,0,,,0,False,False,7.5,ATR_FALLBACK,7.32,8.19,6.0,6.71,6.61,8.37,8.61,8.77,1.33,11.69,46.54,True,5.0,8.61,8.0,1.33,False,2.5,5.01,0.0,4739525.0,29622838.0,6.0,True,True,"Shoals Technologies Group, Inc. - Class A Common Stock",0,18.1,UNCLASSIFIED,,0.0,NONE,0.0,0.0,NONE,,True,0,NOT CHECKED,NONE,NEUTRAL,,,,NOT CHECKED,False,NOT CHECKED,NONE,0,,False,18.1,NO TRADE,NOT CHECKED,,,,,,,,,False,,,False,,,,False,,,,False,NONE,False,False,0,,,,NOT CHECKED,NO LIVE SIGNAL,BAR_PROXY,0.0,NO DATA,,,,,,,,18.1,True
UMC,24.45,EXTENDED,EXTENDED,"20/50 uptrend, rising EMA50, late/extended breakout",26,24,85,NO TRADE,WEAK,37.0,price<EMA20; EMA20>EMA50; EMA20 falling,35.88,77.5,0.75,8.54,0,False,4.15,221787334.0,21.26,20.55,16.06,17.88,22.84,16.54,28.46,8.15,28.46,24.45,CONFIRMED_MARKET,BREAKOUT,0.0,,,0,,,0,False,False,22.99,ATR_FALLBACK,22.93,6.22,6.0,21.59,19.45,25.68,26.41,26.9,1.33,28.46,16.37,True,5.0,26.41,8.0,1.33,False,2.5,-6.6,7.07,10728530.0,196951652.0,2.95,True,True,United Microelectronics Corporation (NEW) Common Stock,1,18.0,UNCLASSIFIED,,0.0,NONE,0.0,0.0,NONE,,True,0,NOT CHECKED,NONE,NEUTRAL,,,,NOT CHECKED,False,NOT CHECKED,NONE,0,,False,18.0,NO TRADE,NOT CHECKED,,,,,,,,,False,,,False,,,,False,,,,False,NONE,False,False,0,,,,NOT CHECKED,NO LIVE SIGNAL,BAR_PROXY,0.0,NO DATA,,,,,,,,18.0,False
SF,75.53,REJECT,REJECT,"near EMA200 pivot, volume contraction, low-volume pullback",28,34,40,NO TRADE,WEAK,37.0,price<EMA20; EMA20>EMA50; EMA20 falling,-7.39,30.9,0.35,2.84,0,False,2.45,81151080.0,79.33,79.25,77.38,74.16,82.47,67.52,85.83,67.52,85.83,82.62,RESISTANCE_BREAKOUT,BREAKOUT,0.18,,,0,,,0,False,False,78.99,EMA20,79.33,3.98,4.39,74.16,74.16,86.75,89.23,90.88,1.82,85.83,3.88,False,5.0,85.83,3.88,0.89,False,2.5,11.46,0.0,1017704.0,78864203.0,2.26,True,True,Stifel Financial Corporation Common Stock,0,18.0,UNCLASSIFIED,,0.0,NONE,0.0,0.0,NONE,,True,0,NOT CHECKED,NONE,NEUTRAL,,,,NOT CHECKED,False,NOT CHECKED,NONE,0,,False,18.0,NO TRADE,NOT CHECKED,,,,,,,,,False,,,False,,,,False,,,,False,NONE,False,False,0,,,,NOT CHECKED,NO LIVE SIGNAL,BAR_PROXY,0.0,NO DATA,,,,,,,,18.0,False
MAC,22.67,REJECT,REJECT,"tight range, volume contraction, low-volume pullback",28,34,40,NO TRADE,WEAK,37.0,price<EMA20; EMA20>EMA50; EMA20 falling,-7.37,30.4,0.38,3.87,0,False,2.62,68226693.0,23.17,23.69,21.75,22.0,24.6,22.42,26.48,17.5,26.48,24.65,RESISTANCE_BREAKOUT,BREAKOUT,0.19,,,0,,,0,False,False,23.58,EMA50,23.69,3.9,4.34,22.0,22.0,25.88,26.62,27.12,1.84,26.48,7.42,True,5.0,26.48,7.42,1.71,False,2.5,9.17,0.0,2944854.0,51473141.0,2.31,True,True,Macerich Company (The) Common Stock,0,18.0,UNCLASSIFIED,,0.0,NONE,0.0,0.0,NONE,,True,0,NOT CHECKED,NONE,NEUTRAL,,,,NOT CHECKED,False,NOT CHECKED,NONE,0,,False,18.0,NO TRADE,NOT CHECKED,,,,,,,,,False,,,False,,,,False,,,,False,NONE,False,False,0,,,,NOT CHECKED,NO LIVE SIGNAL,BAR_PROXY,0.0,NO DATA,,,,,,,,18.0,False
ALNY,240.87,REJECT,REJECT,"volume contraction, low-volume pullback",18,34,55,NO TRADE,WEAK,37.0,price<EMA20; EMA20>EMA50; EMA20 falling,0.2,53.0,0.26,8.65,0,False,4.66,398656400.0,246.01,253.15,309.55,223.61,272.08,197.81,380.0,197.81,380.0,272.98,RESISTANCE_BREAKOUT,BREAKOUT,0.33,,,0,,,0,False,False,256.6,ATR_FALLBACK,256.15,6.16,6.0,236.0,236.0,286.63,294.82,300.28,1.33,380.0,39.21,True,5.0,294.82,8.0,1.33,False,2.5,12.96,0.0,1612508.0,392008399.0,4.12,True,True,"Alnylam Pharmaceuticals, Inc. - Common Stock",0,17.6,UNCLASSIFIED,,0.0,NONE,0.0,0.0,NONE,,True,0,NOT CHECKED,NONE,NEUTRAL,,,,NOT CHECKED,False,NOT CHECKED,NONE,0,,False,17.6,NO TRADE,NOT CHECKED,,,,,,,,,False,,,False,,,,False,,,,False,NONE,False,False,0,,,,NOT CHECKED,NO LIVE SIGNAL,BAR_PROXY,0.0,NO DATA,,,,,,,,17.6,False
WSM,220.26,REJECT,REJECT,"tight range, volume contraction, low-volume pullback",28,34,40,NO TRADE,WEAK,37.0,price<EMA20; EMA20>EMA50; EMA20 falling,-8.18,30.2,0.31,2.09,0,False,3.18,280262333.0,227.76,228.19,211.04,216.68,248.07,213.48,254.89,164.96,254.89,248.63,RESISTANCE_BREAKOUT,BREAKOUT,0.23,,,0,,,0,False,False,236.85,ATR_FALLBACK,238.11,4.23,4.74,216.68,216.68,261.06,268.52,273.49,1.69,254.89,2.52,False,5.0,254.89,2.52,0.53,False,2.5,13.4,0.0,1222795.0,263490608.0,3.24,True,True,"Williams-Sonoma, Inc. Common Stock (DE)",0,17.6,UNCLASSIFIED,,0.0,NONE,0.0,0.0,NONE,,True,0,NOT CHECKED,NONE,NEUTRAL,,,,NOT CHECKED,False,NOT CHECKED,NONE,0,,False,17.6,NO TRADE,NOT CHECKED,,,,,,,,,False,,,False,,,,False,,,,False,NONE,False,False,0,,,,NOT CHECKED,NO LIVE SIGNAL,BAR_PROXY,0.0,NO DATA,,,,,,,,17.6,False
SGI,65.4,REJECT,REJECT,"volume contraction, low-volume pullback",18,34,55,NO TRADE,WEAK,37.0,price<EMA20; EMA20>EMA50; EMA20 falling,0.24,57.1,0.34,6.55,0,False,4.05,251027203.0,66.31,67.63,74.6,61.67,70.94,61.67,79.56,60.08,87.37,71.15,RESISTANCE_BREAKOUT,BREAKOUT,0.3,,,0,,,0,False,False,67.15,EMA50,67.63,4.96,5.63,62.75,62.75,74.71,76.84,78.27,1.42,79.56,11.82,True,5.0,76.84,8.0,1.42,False,2.5,8.46,0.0,3826715.0,246341437.0,3.38,True,True,Somnigroup International Inc. Common Stock,0,17.6,UNCLASSIFIED,,0.0,NONE,0.0,0.0,NONE,,True,0,NOT CHECKED,NONE,NEUTRAL,,,,NOT CHECKED,False,NOT CHECKED,NONE,0,,False,17.6,NO TRADE,NOT CHECKED,,,,,,,,,False,,,False,,,,False,,,,False,NONE,False,False,0,,,,NOT CHECKED,NO LIVE SIGNAL,BAR_PROXY,0.0,NO DATA,,,,,,,,17.6,False
CCC,6.59,REJECT,REJECT,"rising EMA50, near EMA50 support, near EMA200 pivot",32,38,55,NO TRADE,WEAK,37.0,price<EMA20; EMA20>EMA50; EMA20 falling,-10.44,29.0,0.45,6.73,0,False,4.74,67271330.0,6.9,6.61,6.52,6.3,7.67,4.23,7.68,4.08,7.68,7.7,RESISTANCE_BREAKOUT,BREAKOUT,0.33,,,0,,,0,False,False,7.23,ATR_FALLBACK,7.23,6.09,6.0,6.3,6.3,8.08,8.31,8.46,1.33,,,False,5.0,8.31,8.0,1.33,False,2.5,16.45,0.0,9518760.0,56355615.0,3.97,True,True,CCC Intelligent Solutions Holdings Inc. - Common Stock,0,17.6,UNCLASSIFIED,,0.0,NONE,0.0,0.0,NONE,,True,0,NOT CHECKED,NONE,NEUTRAL,,,,NOT CHECKED,False,NOT CHECKED,NONE,0,,False,17.6,NO TRADE,NOT CHECKED,,,,,,,,,False,,,False,,,,False,,,,False,NONE,False,False,0,,,,NOT CHECKED,NO LIVE SIGNAL,BAR_PROXY,0.0,NO DATA,,,,,,,,17.6,False
TTMI,115.32,REJECT,REJECT,"near EMA200 pivot, volume contraction, low-volume pullback",20,30,40,NO TRADE,WEAK,37.0,price<EMA20; EMA20>EMA50; EMA20 falling,0.01,41.0,0.41,8.85,0,False,6.03,225138806.0,120.18,129.25,121.69,103.66,133.77,99.19,223.83,85.88,223.83,134.33,RESISTANCE_BREAKOUT,BREAKOUT,0.42,,,0,,,0,False,False,128.0,EMA50,129.25,3.78,4.71,109.94,109.53,141.04,145.07,147.76,1.7,223.83,66.63,True,5.0,145.07,8.0,1.7,False,2.5,16.0,0.0,1912699.0,202670684.0,5.09,True,True,"TTM Technologies, Inc. - Common Stock",0,17.5,UNCLASSIFIED,,0.0,NONE,0.0,0.0,NONE,,True,0,NOT CHECKED,NONE,NEUTRAL,,,,NOT CHECKED,False,NOT CHECKED,NONE,0,,False,17.5,NO TRADE,NOT CHECKED,,,,,,,,,False,,,False,,,,False,,,,False,NONE,False,False,0,,,,NOT CHECKED,NO LIVE SIGNAL,BAR_PROXY,0.0,NO DATA,,,,,,,,17.5,False
CVS,91.57,REJECT,REJECT,"tight range, volume contraction, low-volume pullback",20,26,20,NO TRADE,WEAK,37.0,price<EMA20; EMA20>EMA50; EMA20 falling,-1.3,44.6,0.45,3.93,0,False,2.44,527840459.0,95.0,96.49,89.05,91.44,98.5,92.35,110.0,68.48,110.0,98.68,RESISTANCE_BREAKOUT,BREAKOUT,0.18,,,0,,,0,False,False,96.09,EMA50,96.49,2.22,2.63,91.44,91.44,103.61,106.57,108.55,3.04,110.0,11.47,True,5.0,106.57,8.0,3.04,True,2.5,7.56,0.0,5577533.0,468773413.0,2.07,True,True,CVS Health Corporation Common Stock,0,17.3,UNCLASSIFIED,,0.0,NONE,0.0,0.0,NONE,,True,0,NOT CHECKED,NONE,NEUTRAL,,,,NOT CHECKED,False,NOT CHECKED,NONE,0,,False,17.3,NO TRADE,NOT CHECKED,,,,,,,,,False,,,False,,,,False,,,,False,NONE,False,False,0,,,,NOT CHECKED,NO LIVE SIGNAL,BAR_PROXY,0.0,NO DATA,,,,,,,,17.3,False
OMC,78.95,REJECT,REJECT,"near EMA200 pivot, volume contraction, low-volume pullback",28,34,40,NO TRADE,WEAK,37.0,price<EMA20; EMA20>EMA50; EMA20 falling,-8.78,29.8,0.25,3.63,0,False,2.98,192159365.0,82.19,82.07,78.28,77.05,89.57,70.29,89.57,69.24,89.57,89.76,RESISTANCE_BREAKOUT,BREAKOUT,0.21,,,0,,,0,False,False,85.81,ATR_FALLBACK,86.23,3.93,4.4,77.97,77.05,94.25,96.94,98.73,1.82,,,False,5.0,96.94,8.0,1.82,False,2.5,13.45,0.0,2303540.0,168279269.0,2.42,True,True,Omnicom Group Inc. Common Stock,0,17.3,UNCLASSIFIED,,0.0,NONE,0.0,0.0,NONE,,True,0,NOT CHECKED,NONE,NEUTRAL,,,,NOT CHECKED,False,NOT CHECKED,NONE,0,,False,17.3,NO TRADE,NOT CHECKED,,,,,,,,,False,,,False,,,,False,,,,False,NONE,False,False,0,,,,NOT CHECKED,NO LIVE SIGNAL,BAR_PROXY,0.0,NO DATA,,,,,,,,17.3,False
FWONK,94.63,REJECT,REJECT,"near EMA200 pivot, tight range",28,34,40,NO TRADE,WEAK,37.0,price<EMA20; EMA20>EMA50; EMA20 falling,-8.82,21.5,0.28,3.79,0,False,2.52,172484615.0,97.57,97.92,95.11,94.01,107.31,88.87,107.31,80.15,107.31,107.5,RESISTANCE_BREAKOUT,BREAKOUT,0.18,,,0,,,0,False,False,103.49,ATR_FALLBACK,103.92,3.33,3.73,94.01,94.01,112.88,116.1,118.25,2.15,,,False,5.0,116.1,8.0,2.15,False,2.5,13.4,0.0,1747707.0,176149556.0,2.29,True,True,Liberty Media Corporation - Series C Liberty Formula One Common Stock,0,17.3,UNCLASSIFIED,,0.0,NONE,0.0,0.0,NONE,,True,0,NOT CHECKED,NONE,NEUTRAL,,,,NOT CHECKED,False,NOT CHECKED,NONE,0,,False,17.3,NO TRADE,NOT CHECKED,,,,,,,,,False,,,False,,,,False,,,,False,NONE,False,False,0,,,,NOT CHECKED,NO LIVE SIGNAL,BAR_PROXY,0.0,NO DATA,,,,,,,,17.3,False
FLS,73.68,REJECT,REJECT,"near EMA200 pivot, volume contraction, low-volume pullback",28,34,55,NO TRADE,WEAK,37.0,price<EMA20; EMA20>EMA50; EMA20 falling,-4.5,28.9,0.25,2.78,0,False,3.66,120935620.0,75.57,75.96,73.34,68.36,83.35,66.31,83.35,63.08,88.19,83.57,RESISTANCE_BREAKOUT,BREAKOUT,0.26,,,0,,,0,False,False,79.04,ATR_FALLBACK,79.52,4.84,5.42,68.36,68.36,87.74,90.25,91.92,1.48,88.19,5.54,True,5.0,88.19,5.54,1.02,False,2.5,13.13,0.0,1571295.0,128337614.0,2.9,True,True,Flowserve Corporation Common Stock,0,17.2,UNCLASSIFIED,,0.0,NONE,0.0,0.0,NONE,,True,0,NOT CHECKED,NONE,NEUTRAL,,,,NOT CHECKED,False,NOT CHECKED,NONE,0,,False,17.2,NO TRADE,NOT CHECKED,,,,,,,,,False,,,False,,,,False,,,,False,NONE,False,False,0,,,,NOT CHECKED,NO LIVE SIGNAL,BAR_PROXY,0.0,NO DATA,,,,,,,,17.2,False
XNCR,24.32,REJECT,REJECT,"above EMA50, rising EMA50, volume contraction, low-volume pullback",28,34,35,NO TRADE,WEAK,37.0,price<EMA20; EMA20>EMA50; EMA20 falling,-10.73,27.2,0.29,9.9,0,False,5.89,34831529.0,24.95,22.65,16.63,23.36,30.61,12.89,30.61,10.38,30.61,30.72,RESISTANCE_BREAKOUT,BREAKOUT,0.37,,,0,,,0,False,False,28.88,ATR_FALLBACK,28.58,7.0,6.0,23.36,23.36,32.26,33.18,33.8,1.33,,,False,5.0,33.18,8.0,1.33,False,2.5,25.89,0.0,1313140.0,32184401.0,5.13,True,True,"Xencor, Inc. - Common Stock",0,17.1,UNCLASSIFIED,,0.0,NONE,0.0,0.0,NONE,,True,0,NOT CHECKED,NONE,NEUTRAL,,,,NOT CHECKED,False,NOT CHECKED,NONE,0,,False,17.1,NO TRADE,NOT CHECKED,,,,,,,,,False,,,False,,,,False,,,,False,NONE,False,False,0,,,,NOT CHECKED,NO LIVE SIGNAL,BAR_PROXY,0.0,NO DATA,,,,,,,,17.1,False
IRM,114.12,REJECT,REJECT,"near EMA200 pivot, volume contraction, low-volume pullback",28,34,55,NO TRADE,WEAK,37.0,price<EMA20; EMA20>EMA50; EMA20 falling,-4.87,36.4,0.24,2.81,0,False,3.23,173597106.0,115.62,118.64,112.75,109.13,124.43,109.92,133.64,95.51,133.64,124.73,RESISTANCE_BREAKOUT,BREAKOUT,0.24,,,0,,,0,False,False,117.98,EMA50,118.64,4.88,5.41,109.13,109.13,130.96,134.71,137.2,1.48,133.64,7.15,True,5.0,133.64,7.15,1.32,False,2.5,12.22,0.0,1506029.0,161147377.0,2.88,True,True,Iron Mountain Incorporated (Delaware)Common Stock REIT,0,17.0,UNCLASSIFIED,,0.0,NONE,0.0,0.0,NONE,,True,0,NOT CHECKED,NONE,NEUTRAL,,,,NOT CHECKED,False,NOT CHECKED,NONE,0,,False,17.0,NO TRADE,NOT CHECKED,,,,,,,,,False,,,False,,,,False,,,,False,NONE,False,False,0,,,,NOT CHECKED,NO LIVE SIGNAL,BAR_PROXY,0.0,NO DATA,,,,,,,,17.0,False
VLY,13.77,REJECT,REJECT,"near EMA50 support, tight range",24,30,40,NO TRADE,WEAK,37.0,price<EMA20; EMA20>EMA50; EMA20 falling,-2.99,48.3,0.52,3.21,0,False,2.16,83761176.0,13.85,14.01,13.12,13.24,14.3,13.24,15.08,11.27,15.08,14.32,RESISTANCE_BREAKOUT,BREAKOUT,0.17,,,0,,,0,False,False,13.96,EMA50,14.01,2.14,2.52,13.29,13.29,15.04,15.46,15.75,3.18,15.08,5.31,True,5.0,15.08,5.31,2.11,False,2.5,8.03,0.0,6082698.0,85658058.0,2.05,True,True,Valley National Bancorp - Common Stock,0,16.8,UNCLASSIFIED,,0.0,NONE,0.0,0.0,NONE,,True,0,NOT CHECKED,NONE,NEUTRAL,,,,NOT CHECKED,False,NOT CHECKED,NONE,0,,False,16.8,NO TRADE,NOT CHECKED,,,,,,,,,False,,,False,,,,False,,,,False,NONE,False,False,0,,,,NOT CHECKED,NO LIVE SIGNAL,BAR_PROXY,0.0,NO DATA,,,,,,,,16.8,False
AMTM,20.22,REJECT,REJECT,"tight range, volume contraction",24,30,40,NO TRADE,WEAK,37.0,price<EMA20; EMA20>EMA50; EMA20 falling,-2.95,46.8,0.25,4.27,0,False,2.71,36353169.0,20.27,21.09,23.72,19.21,21.65,19.21,25.08,19.8,31.37,21.7,RESISTANCE_BREAKOUT,BREAKOUT,0.2,,,0,,,0,False,False,20.99,EMA50,21.09,2.81,3.26,19.21,19.21,22.78,23.43,23.87,2.45,25.08,15.59,True,5.0,23.43,8.0,2.45,False,2.5,7.24,0.0,1799393.0,34557089.0,3.05,True,True,"Amentum Holdings, Inc. Common Stock",0,16.8,UNCLASSIFIED,,0.0,NONE,0.0,0.0,NONE,,True,0,NOT CHECKED,NONE,NEUTRAL,,,,NOT CHECKED,False,NOT CHECKED,NONE,0,,False,16.8,NO TRADE,NOT CHECKED,,,,,,,,,False,,,False,,,,False,,,,False,NONE,False,False,0,,,,NOT CHECKED,NO LIVE SIGNAL,BAR_PROXY,0.0,NO DATA,,,,,,,,16.8,False
HASI,37.34,REJECT,REJECT,"near EMA200 pivot, volume contraction, low-volume pullback",28,34,40,NO TRADE,WEAK,37.0,price<EMA20; EMA20>EMA50; EMA20 falling,-9.92,30.5,0.35,6.38,0,False,2.87,40866504.0,38.44,38.92,36.81,35.99,41.67,37.11,43.05,34.19,43.64,41.76,RESISTANCE_BREAKOUT,BREAKOUT,0.21,,,0,,,0,False,False,39.96,ATR_FALLBACK,40.15,3.85,4.31,35.99,35.99,43.84,45.1,45.93,1.86,43.05,3.1,False,5.0,43.05,3.1,0.72,False,2.5,13.34,0.0,1049495.0,31948509.0,2.54,True,True,"HA Sustainable Infrastructure Capital, Inc. Common Stock",0,16.7,UNCLASSIFIED,,0.0,NONE,0.0,0.0,NONE,,True,0,NOT CHECKED,NONE,NEUTRAL,,,,NOT CHECKED,False,NOT CHECKED,NONE,0,,False,16.7,NO TRADE,NOT CHECKED,,,,,,,,,False,,,False,,,,False,,,,False,NONE,False,False,0,,,,NOT CHECKED,NO LIVE SIGNAL,BAR_PROXY,0.0,NO DATA,,,,,,,,16.7,False
NDAQ,91.43,REJECT,REJECT,"near EMA50 support, near EMA200 pivot",24,30,40,NO TRADE,WEAK,37.0,price<EMA20; EMA20>EMA50; EMA20 falling,-3.87,30.7,0.45,3.12,0,False,2.44,268348034.0,93.7,93.19,90.43,87.94,100.63,76.29,100.63,76.29,100.63,100.81,RESISTANCE_BREAKOUT,BREAKOUT,0.18,,,0,,,0,False,False,97.07,ATR_FALLBACK,97.47,3.31,3.71,87.94,87.94,105.85,108.87,110.89,2.16,,,False,5.0,108.87,8.0,2.16,False,2.5,10.06,0.0,2816531.0,258771378.0,2.01,True,True,"Nasdaq, Inc. - Common Stock",0,16.4,UNCLASSIFIED,,0.0,NONE,0.0,0.0,NONE,,True,0,NOT CHECKED,NONE,NEUTRAL,,,,NOT CHECKED,False,NOT CHECKED,NONE,0,,False,16.4,NO TRADE,NOT CHECKED,,,,,,,,,False,,,False,,,,False,,,,False,NONE,False,False,0,,,,NOT CHECKED,NO LIVE SIGNAL,BAR_PROXY,0.0,NO DATA,,,,,,,,16.4,False
AR,35.7,REJECT,REJECT,"rising EMA50, near EMA200 pivot",26,32,55,NO TRADE,WEAK,37.0,price<EMA20; EMA20>EMA50; EMA20 falling,-2.78,31.0,0.5,6.8,0,False,3.22,125362435.0,37.88,37.15,36.08,35.47,40.21,32.58,40.21,32.58,45.75,40.3,RESISTANCE_BREAKOUT,BREAKOUT,0.23,,,0,,,0,False,False,37.88,EMA20,37.88,6.01,6.0,35.47,35.47,42.32,43.53,44.33,1.33,45.75,13.52,True,5.0,43.53,8.0,1.33,False,2.5,12.63,0.0,3265968.0,120630371.0,2.8,True,True,Antero Resources Corporation Common Stock,0,16.4,UNCLASSIFIED,,0.0,NONE,0.0,0.0,NONE,,True,0,NOT CHECKED,NONE,NEUTRAL,,,,NOT CHECKED,False,NOT CHECKED,NONE,0,,False,16.4,NO TRADE,NOT CHECKED,,,,,,,,,False,,,False,,,,False,,,,False,NONE,False,False,0,,,,NOT CHECKED,NO LIVE SIGNAL,BAR_PROXY,0.0,NO DATA,,,,,,,,16.4,False
KMX,58.22,REJECT,REJECT,"rising EMA50, near EMA50 support",22,28,40,NO TRADE,WEAK,37.0,price<EMA20; EMA20>EMA50; EMA20 falling,-0.32,31.3,0.42,3.56,0,False,2.88,96834166.0,60.45,58.29,51.21,57.7,65.28,49.37,65.28,35.17,65.28,65.41,RESISTANCE_BREAKOUT,BREAKOUT,0.21,,,0,,,0,False,False,62.6,ATR_FALLBACK,62.9,3.84,4.3,58.45,58.45,68.68,70.65,71.96,1.86,,,False,5.0,70.65,8.0,1.86,False,2.5,12.13,0.0,1574000.0,95233888.0,2.84,True,True,CarMax Inc,0,16.4,UNCLASSIFIED,,0.0,NONE,0.0,0.0,NONE,,True,0,NOT CHECKED,NONE,NEUTRAL,,,,NOT CHECKED,False,NOT CHECKED,NONE,0,,False,16.4,NO TRADE,NOT CHECKED,,,,,,,,,False,,,False,,,,False,,,,False,NONE,False,False,0,,,,NOT CHECKED,NO LIVE SIGNAL,BAR_PROXY,0.0,NO DATA,,,,,,,,16.4,False
TTD,14.24,REJECT,REJECT,tight range,10,30,55,NO TRADE,WEAK,37.0,price<EMA20; EMA20>EMA50; EMA20 falling,6.12,58.7,0.72,7.93,0,False,4.54,237422622.0,14.42,15.69,23.77,12.97,15.31,12.83,20.53,12.83,32.9,15.36,RESISTANCE_BREAKOUT,BREAKOUT,0.34,,,0,,,0,False,False,14.44,EMA20,14.42,6.1,6.0,13.71,13.6,16.12,16.59,16.89,1.33,20.53,33.72,True,5.0,16.59,8.0,1.33,False,2.5,7.44,0.0,16884809.0,221931184.0,4.03,True,True,"The Trade Desk, Inc. - Class A Common Stock",0,16.3,UNCLASSIFIED,,0.0,NONE,0.0,0.0,NONE,,True,0,NOT CHECKED,NONE,NEUTRAL,,,,NOT CHECKED,False,NOT CHECKED,NONE,0,,False,16.3,NO TRADE,NOT CHECKED,,,,,,,,,False,,,False,,,,False,,,,False,NONE,False,False,0,,,,NOT CHECKED,NO LIVE SIGNAL,BAR_PROXY,0.0,NO DATA,,,,,,,,16.3,False
VIRT,57.37,REJECT,REJECT,"rising EMA50, volume contraction, low-volume pullback",26,32,55,NO TRADE,WEAK,37.0,price<EMA20; EMA20>EMA50; EMA20 falling,-3.08,14.1,0.14,11.01,1,True,3.75,79066280.0,61.1,60.22,51.08,56.41,68.51,53.31,68.51,38.37,68.51,68.68,RESISTANCE_BREAKOUT,BREAKOUT,0.25,,,0,,,0,False,False,65.07,ATR_FALLBACK,65.46,4.7,5.26,56.41,56.41,72.11,74.18,75.55,1.52,,,False,5.0,74.18,8.0,1.52,False,2.5,19.42,0.0,1247656.0,63581201.0,4.21,True,True,"Virtu Financial, Inc. Class A Common Stock",0,16.2,UNCLASSIFIED,,0.0,NONE,0.0,0.0,NONE,,True,0,NOT CHECKED,NONE,NEUTRAL,,,,NOT CHECKED,False,NOT CHECKED,NONE,0,,False,16.2,NO TRADE,NOT CHECKED,,,,,,,,,False,,,False,,,,False,,,,False,NONE,False,False,0,,,,NOT CHECKED,NO LIVE SIGNAL,BAR_PROXY,0.0,NO DATA,,,,,,,,16.2,True
KMT,29.92,REJECT,REJECT,volume contraction,22,28,40,NO TRADE,WEAK,37.0,price<EMA20; EMA20>EMA50; EMA20 falling,-1.24,47.5,0.24,5.4,0,False,3.02,40123625.0,30.03,31.39,31.93,28.74,31.15,28.74,40.86,28.93,43.3,31.22,RESISTANCE_BREAKOUT,BREAKOUT,0.23,,,0,,,0,False,False,29.87,EMA20,30.03,3.82,4.35,28.75,28.74,32.78,33.72,34.34,1.84,40.86,30.87,True,5.0,33.72,8.0,1.84,False,2.5,4.28,0.0,1349037.0,38646626.0,2.99,True,True,Kennametal Inc. Common Stock,0,16.0,UNCLASSIFIED,,0.0,NONE,0.0,0.0,NONE,,True,0,NOT CHECKED,NONE,NEUTRAL,,,,NOT CHECKED,False,NOT CHECKED,NONE,0,,False,16.0,NO TRADE,NOT CHECKED,,,,,,,,,False,,,False,,,,False,,,,False,NONE,False,False,0,,,,NOT CHECKED,NO LIVE SIGNAL,BAR_PROXY,0.0,NO DATA,,,,,,,,16.0,False
EXTR,22.65,REJECT,REJECT,near EMA200 pivot,18,28,40,NO TRADE,WEAK,37.0,price<EMA20; EMA20>EMA50; EMA20 falling,0.3,44.7,0.71,4.82,0,False,3.26,28217514.0,22.6,24.44,23.09,21.06,23.4,21.06,33.73,13.52,33.73,23.46,RESISTANCE_BREAKOUT,BREAKOUT,0.25,,,0,,,0,False,False,22.47,EMA20,22.6,3.65,4.21,21.06,21.06,24.63,25.34,25.8,1.9,33.73,43.78,True,5.0,25.34,8.0,1.9,False,2.5,6.45,0.0,1270257.0,26065468.0,2.98,True,True,"Extreme Networks, Inc. - Common Stock",0,16.0,UNCLASSIFIED,,0.0,NONE,0.0,0.0,NONE,,True,0,NOT CHECKED,NONE,NEUTRAL,,,,NOT CHECKED,False,NOT CHECKED,NONE,0,,False,16.0,NO TRADE,NOT CHECKED,,,,,,,,,False,,,False,,,,False,,,,False,NONE,False,False,0,,,,NOT CHECKED,NO LIVE SIGNAL,BAR_PROXY,0.0,NO DATA,,,,,,,,16.0,False
GLXY,22.73,REJECT,REJECT,"rising EMA50, volume contraction, low-volume pullback",18,28,55,NO TRADE,WEAK,37.0,price<EMA20; EMA20>EMA50; EMA20 falling,4.71,41.1,0.39,10.14,1,True,7.71,127174037.0,23.72,23.94,25.98,21.61,27.52,18.22,36.1,16.43,36.1,27.66,RESISTANCE_BREAKOUT,BREAKOUT,0.51,,,0,,,0,False,False,26.0,ATR_FALLBACK,25.03,9.5,6.0,21.61,21.61,29.04,29.87,30.43,1.33,36.1,30.51,True,5.0,29.87,8.0,1.33,False,2.5,21.07,0.0,5230108.0,113296374.0,6.59,True,True,Galaxy Digital Inc. - Class A common stock,0,15.9,UNCLASSIFIED,,0.0,NONE,0.0,0.0,NONE,,True,0,NOT CHECKED,NONE,NEUTRAL,,,,NOT CHECKED,False,NOT CHECKED,NONE,0,,False,15.9,NO TRADE,NOT CHECKED,,,,,,,,,False,,,False,,,,False,,,,False,NONE,False,False,0,,,,NOT CHECKED,NO LIVE SIGNAL,BAR_PROXY,0.0,NO DATA,,,,,,,,15.9,True
CLBT,11.63,REJECT,REJECT,tight range,18,28,55,NO TRADE,WEAK,37.0,price<EMA20; EMA20>EMA50; EMA20 falling,4.39,38.9,0.22,5.77,0,False,3.64,30446864.0,11.81,12.7,14.26,10.97,12.43,9.58,17.05,9.58,17.05,12.46,RESISTANCE_BREAKOUT,BREAKOUT,0.27,,,0,,,0,False,False,11.73,EMA20,11.81,5.24,5.85,11.05,11.05,13.09,13.46,13.71,1.37,17.05,36.8,True,5.0,13.46,8.0,1.37,False,2.5,6.88,0.0,2646348.0,28749192.0,3.8,True,True,Cellebrite DI Ltd. - Ordinary Shares,0,15.7,UNCLASSIFIED,,0.0,NONE,0.0,0.0,NONE,,True,0,NOT CHECKED,NONE,NEUTRAL,,,,NOT CHECKED,False,NOT CHECKED,NONE,0,,False,15.7,NO TRADE,NOT CHECKED,,,,,,,,,False,,,False,,,,False,,,,False,NONE,False,False,0,,,,NOT CHECKED,NO LIVE SIGNAL,BAR_PROXY,0.0,NO DATA,,,,,,,,15.7,False
CNX,33.89,REJECT,REJECT,"rising EMA50, near EMA200 pivot",26,32,55,NO TRADE,WEAK,37.0,price<EMA20; EMA20>EMA50; EMA20 falling,-4.49,31.1,0.52,3.24,0,False,2.72,51143156.0,35.79,35.54,35.61,33.32,38.17,31.52,38.17,31.52,43.62,38.24,RESISTANCE_BREAKOUT,BREAKOUT,0.19,,,0,,,0,False,False,35.95,EMA20,35.79,6.41,6.0,33.32,33.32,40.16,41.3,42.07,1.33,43.62,14.06,True,5.0,41.3,8.0,1.33,False,2.5,12.65,0.0,1409953.0,49209619.0,2.45,True,True,CNX Resources Corporation Common Stock,0,15.5,UNCLASSIFIED,,0.0,NONE,0.0,0.0,NONE,,True,0,NOT CHECKED,NONE,NEUTRAL,,,,NOT CHECKED,False,NOT CHECKED,NONE,0,,False,15.5,NO TRADE,NOT CHECKED,,,,,,,,,False,,,False,,,,False,,,,False,NONE,False,False,0,,,,NOT CHECKED,NO LIVE SIGNAL,BAR_PROXY,0.0,NO DATA,,,,,,,,15.5,False
ZM,92.44,REJECT,REJECT,"near EMA200 pivot, volume contraction, low-volume pullback",28,34,40,NO TRADE,WEAK,37.0,price<EMA20; EMA20>EMA50; EMA20 falling,-13.07,32.1,0.22,6.86,0,False,3.27,320586546.0,96.71,96.94,92.32,91.58,108.63,82.27,110.89,70.7,114.74,108.87,RESISTANCE_BREAKOUT,BREAKOUT,0.22,,,0,,,0,False,False,103.8,ATR_FALLBACK,104.34,4.16,4.66,91.58,91.58,114.32,117.58,119.76,1.72,110.89,1.85,False,5.0,110.89,1.85,0.4,False,2.5,17.68,0.0,3271343.0,263541801.0,3.34,True,True,"Zoom Communications, Inc. - Class A Common Stock",0,15.2,UNCLASSIFIED,,0.0,NONE,0.0,0.0,NONE,,True,0,NOT CHECKED,NONE,NEUTRAL,,,,NOT CHECKED,False,NOT CHECKED,NONE,0,,False,15.2,NO TRADE,NOT CHECKED,,,,,,,,,False,,,False,,,,False,,,,False,NONE,False,False,0,,,,NOT CHECKED,NO LIVE SIGNAL,BAR_PROXY,0.0,NO DATA,,,,,,,,15.2,False
AMBA,67.61,REJECT,REJECT,"near EMA200 pivot, volume contraction, low-volume pullback",28,34,55,NO TRADE,WEAK,37.0,price<EMA20; EMA20>EMA50; EMA20 falling,-8.44,43.1,0.32,8.38,0,False,6.34,116317562.0,68.14,70.82,71.41,58.12,75.1,58.12,94.0,48.3,96.36,75.44,RESISTANCE_BREAKOUT,BREAKOUT,0.46,,,0,,,0,False,False,70.92,EMA50,70.82,6.12,6.0,61.91,58.12,79.22,81.48,82.99,1.33,94.0,24.6,True,5.0,81.48,8.0,1.33,False,2.5,12.39,0.0,1744957.0,87867497.0,5.41,True,True,"Ambarella, Inc. - Ordinary Shares",0,15.2,UNCLASSIFIED,,0.0,NONE,0.0,0.0,NONE,,True,0,NOT CHECKED,NONE,NEUTRAL,,,,NOT CHECKED,False,NOT CHECKED,NONE,0,,False,15.2,NO TRADE,NOT CHECKED,,,,,,,,,False,,,False,,,,False,,,,False,NONE,False,False,0,,,,NOT CHECKED,NO LIVE SIGNAL,BAR_PROXY,0.0,NO DATA,,,,,,,,15.2,False
VOYG,36.43,REJECT,REJECT,20/50 uptrend,18,30,35,NO TRADE,WEAK,37.0,price<EMA20; EMA20>EMA50; EMA20 falling,-5.3,56.7,0.57,10.31,1,True,5.63,37778092.0,34.8,34.58,32.34,31.96,40.41,22.31,45.4,21.68,52.4,40.57,RESISTANCE_BREAKOUT,BREAKOUT,0.41,,,0,,,0,False,False,38.14,ATR_FALLBACK,37.5,7.58,6.0,32.14,31.96,42.6,43.82,44.63,1.33,45.4,11.89,True,5.0,43.82,8.0,1.33,False,2.5,15.09,0.0,1086510.0,34704355.0,5.65,True,True,"Voyager Technologies, Inc. Class A Common Stock",0,15.2,UNCLASSIFIED,,0.0,NONE,0.0,0.0,NONE,,True,0,NOT CHECKED,NONE,NEUTRAL,,,,NOT CHECKED,False,NOT CHECKED,NONE,0,,False,15.2,NO TRADE,NOT CHECKED,,,,,,,,,False,,,False,,,,False,,,,False,NONE,False,False,0,,,,NOT CHECKED,NO LIVE SIGNAL,BAR_PROXY,0.0,NO DATA,,,,,,,,15.2,True
MGY,25.76,REJECT,REJECT,"rising EMA50, near EMA200 pivot",26,32,55,NO TRADE,WEAK,37.0,price<EMA20; EMA20>EMA50; EMA20 falling,-5.36,44.2,0.48,4.46,0,False,3.64,98288078.0,26.99,26.7,26.31,25.93,28.83,23.23,28.38,23.23,32.33,28.9,RESISTANCE_BREAKOUT,BREAKOUT,0.26,,,0,,,0,False,False,27.33,ATR_FALLBACK,27.49,4.86,5.45,26.06,26.06,30.34,31.21,31.79,1.47,32.33,11.88,True,5.0,31.21,8.0,1.47,False,2.5,11.88,0.0,3603407.0,91827067.0,2.85,True,True,Magnolia Oil & Gas Corporation Class A Common Stock,0,15.1,UNCLASSIFIED,,0.0,NONE,0.0,0.0,NONE,,True,0,NOT CHECKED,NONE,NEUTRAL,,,,NOT CHECKED,False,NOT CHECKED,NONE,0,,False,15.1,NO TRADE,NOT CHECKED,,,,,,,,,False,,,False,,,,False,,,,False,NONE,False,False,0,,,,NOT CHECKED,NO LIVE SIGNAL,BAR_PROXY,0.0,NO DATA,,,,,,,,15.1,False
KSS,16.92,REJECT,REJECT,"near EMA200 pivot, volume contraction, low-volume pullback",28,34,55,NO TRADE,WEAK,37.0,price<EMA20; EMA20>EMA50; EMA20 falling,-8.67,42.0,0.28,7.8,0,False,5.38,83907946.0,17.64,17.69,16.83,15.91,19.51,15.6,20.41,11.22,20.41,19.58,RESISTANCE_BREAKOUT,BREAKOUT,0.37,,,0,,,0,False,False,18.41,ATR_FALLBACK,18.21,6.98,6.0,16.21,16.21,20.56,21.15,21.54,1.33,20.41,4.24,False,5.0,20.41,4.24,0.71,False,2.5,15.3,0.0,4737057.0,81058017.0,5.44,True,True,Kohl's Corporation Common Stock,0,15.1,UNCLASSIFIED,,0.0,NONE,0.0,0.0,NONE,,True,0,NOT CHECKED,NONE,NEUTRAL,,,,NOT CHECKED,False,NOT CHECKED,NONE,0,,False,15.1,NO TRADE,NOT CHECKED,,,,,,,,,False,,,False,,,,False,,,,False,NONE,False,False,0,,,,NOT CHECKED,NO LIVE SIGNAL,BAR_PROXY,0.0,NO DATA,,,,,,,,15.1,False
AHR,53.49,REJECT,REJECT,"near EMA50 support, tight range",24,30,55,NO TRADE,WEAK,37.0,price<EMA20; EMA20>EMA50; EMA20 falling,-2.17,28.8,0.4,3.71,0,False,2.13,142136380.0,54.47,54.28,50.68,52.8,57.46,46.08,58.7,44.59,58.7,57.55,RESISTANCE_BREAKOUT,BREAKOUT,0.16,,,0,,,0,False,False,54.26,EMA20,54.47,5.36,5.71,52.8,52.8,60.43,62.16,63.31,1.4,58.7,2.0,False,5.0,58.7,2.0,0.35,False,2.5,7.41,0.0,2577999.0,128241914.0,2.0,True,True,"American Healthcare REIT, Inc. Common Stock",0,15.0,UNCLASSIFIED,,0.0,NONE,0.0,0.0,NONE,,True,0,NOT CHECKED,NONE,NEUTRAL,,,,NOT CHECKED,False,NOT CHECKED,NONE,0,,False,15.0,NO TRADE,NOT CHECKED,,,,,,,,,False,,,False,,,,False,,,,False,NONE,False,False,0,,,,NOT CHECKED,NO LIVE SIGNAL,BAR_PROXY,0.0,NO DATA,,,,,,,,15.0,False
LTH,41.27,REJECT,REJECT,"near EMA50 support, volume contraction, low-volume pullback",24,30,40,NO TRADE,WEAK,37.0,price<EMA20; EMA20>EMA50; EMA20 falling,-6.65,30.4,0.36,3.97,0,False,3.05,101166811.0,42.45,41.98,35.32,40.33,46.24,36.26,47.24,25.2,47.24,46.34,RESISTANCE_BREAKOUT,BREAKOUT,0.22,,,0,,,0,False,False,44.23,ATR_FALLBACK,44.45,4.07,4.56,40.33,40.33,48.66,50.05,50.97,1.76,47.24,1.93,False,5.0,47.24,1.93,0.42,False,2.5,12.21,0.0,2356307.0,101180881.0,2.57,True,True,"Life Time Group Holdings, Inc. Common Stock",0,15.0,UNCLASSIFIED,,0.0,NONE,0.0,0.0,NONE,,True,0,NOT CHECKED,NONE,NEUTRAL,,,,NOT CHECKED,False,NOT CHECKED,NONE,0,,False,15.0,NO TRADE,NOT CHECKED,,,,,,,,,False,,,False,,,,False,,,,False,NONE,False,False,0,,,,NOT CHECKED,NO LIVE SIGNAL,BAR_PROXY,0.0,NO DATA,,,,,,,,15.0,False
NVT,151.72,REJECT,REJECT,"near EMA50 support, volume contraction, low-volume pullback",24,30,55,NO TRADE,WEAK,37.0,price<EMA20; EMA20>EMA50; EMA20 falling,-2.37,47.0,0.22,4.65,0,False,4.43,380636872.0,153.9,155.95,141.14,143.87,163.75,130.97,184.4,102.11,184.4,164.29,RESISTANCE_BREAKOUT,BREAKOUT,0.33,,,0,,,0,False,False,154.74,EMA50,155.95,5.08,5.81,143.89,143.87,172.5,177.43,180.72,1.38,184.4,12.24,True,5.0,177.43,8.0,1.38,False,2.5,11.75,0.0,2499437.0,296758518.0,3.73,True,True,nVent Electric plc Ordinary Shares ,0,14.9,UNCLASSIFIED,,0.0,NONE,0.0,0.0,NONE,,True,0,NOT CHECKED,NONE,NEUTRAL,,,,NOT CHECKED,False,NOT CHECKED,NONE,0,,False,14.9,NO TRADE,NOT CHECKED,,,,,,,,,False,,,False,,,,False,,,,False,NONE,False,False,0,,,,NOT CHECKED,NO LIVE SIGNAL,BAR_PROXY,0.0,NO DATA,,,,,,,,14.9,False
VSH,32.12,REJECT,REJECT,volume contraction,14,30,55,NO TRADE,WEAK,37.0,price<EMA20; EMA20>EMA50; EMA20 falling,1.74,52.1,0.22,8.02,0,False,4.9,111952000.0,31.88,34.69,31.27,29.2,34.04,29.2,69.18,15.45,69.25,34.17,RESISTANCE_BREAKOUT,BREAKOUT,0.37,,,0,,,0,False,False,32.12,ATR_FALLBACK,31.8,6.91,6.0,30.19,29.57,35.87,36.9,37.58,1.33,69.18,102.48,True,5.0,36.9,8.0,1.33,False,2.5,6.16,0.0,3615028.0,98729997.0,4.16,True,True,"Vishay Intertechnology, Inc. Common Stock",0,14.9,UNCLASSIFIED,,0.0,NONE,0.0,0.0,NONE,,True,0,NOT CHECKED,NONE,NEUTRAL,,,,NOT CHECKED,False,NOT CHECKED,NONE,0,,False,14.9,NO TRADE,NOT CHECKED,,,,,,,,,False,,,False,,,,False,,,,False,NONE,False,False,0,,,,NOT CHECKED,NO LIVE SIGNAL,BAR_PROXY,0.0,NO DATA,,,,,,,,14.9,False
BB,8.07,REJECT,REJECT,"near EMA50 support, tight range",24,30,55,NO TRADE,WEAK,37.0,price<EMA20; EMA20>EMA50; EMA20 falling,-2.32,38.3,0.77,11.04,1,True,4.27,70270039.0,7.96,8.29,6.85,7.46,8.83,7.47,13.59,3.12,13.59,8.86,RESISTANCE_BREAKOUT,BREAKOUT,0.31,,,0,,,0,False,False,8.33,EMA50,8.29,6.39,6.0,7.46,7.46,9.3,9.57,9.74,1.33,13.59,53.43,True,5.0,9.57,8.0,1.33,False,2.5,9.42,0.0,8895750.0,64146293.0,4.07,True,True,BlackBerry Limited Common Stock,0,14.9,UNCLASSIFIED,,0.0,NONE,0.0,0.0,NONE,,True,0,NOT CHECKED,NONE,NEUTRAL,,,,NOT CHECKED,False,NOT CHECKED,NONE,0,,False,14.9,NO TRADE,NOT CHECKED,,,,,,,,,False,,,False,,,,False,,,,False,NONE,False,False,0,,,,NOT CHECKED,NO LIVE SIGNAL,BAR_PROXY,0.0,NO DATA,,,,,,,,14.9,True
CRML,6.9,REJECT,REJECT,volume contraction,6,24,55,NO TRADE,WEAK,37.0,price<EMA20; EMA20>EMA50; EMA20 falling,12.73,33.4,0.53,22.59,3,True,7.66,55424043.0,6.86,7.27,8.75,5.68,8.56,5.11,10.6,5.11,14.51,8.6,RESISTANCE_BREAKOUT,BREAKOUT,0.49,,,0,,,0,False,False,8.09,ATR_FALLBACK,7.81,9.21,6.0,6.06,6.06,9.03,9.29,9.46,1.33,10.6,23.22,True,5.0,9.29,8.0,1.33,False,2.5,24.08,0.0,7704350.0,40661656.0,8.54,True,True,Critical Metals Corp. - Ordinary Shares,0,14.9,UNCLASSIFIED,,0.0,NONE,0.0,0.0,NONE,,True,0,NOT CHECKED,NONE,NEUTRAL,,,,NOT CHECKED,False,NOT CHECKED,NONE,0,,False,14.9,NO TRADE,NOT CHECKED,,,,,,,,,False,,,False,,,,False,,,,False,NONE,False,False,0,,,,NOT CHECKED,NO LIVE SIGNAL,BAR_PROXY,0.0,NO DATA,,,,,,,,14.9,True
VST,143.47,REJECT,REJECT,near EMA50 support,14,30,55,NO TRADE,WEAK,37.0,price<EMA20; EMA20>EMA50; EMA20 falling,1.46,55.1,0.51,3.9,0,False,3.39,605913811.0,143.91,146.62,159.23,134.5,154.9,134.5,171.35,132.47,176.03,155.29,RESISTANCE_BREAKOUT,BREAKOUT,0.25,,,0,,,0,False,False,145.97,EMA50,146.62,5.58,6.0,139.62,136.95,163.05,167.71,170.82,1.33,171.35,10.34,True,5.0,167.71,8.0,1.33,False,2.5,7.97,0.0,4254836.0,590072675.0,3.03,True,True,Vistra Corp. Common Stock,0,14.8,UNCLASSIFIED,,0.0,NONE,0.0,0.0,NONE,,True,0,NOT CHECKED,NONE,NEUTRAL,,,,NOT CHECKED,False,NOT CHECKED,NONE,0,,False,14.8,NO TRADE,NOT CHECKED,,,,,,,,,False,,,False,,,,False,,,,False,NONE,False,False,0,,,,NOT CHECKED,NO LIVE SIGNAL,BAR_PROXY,0.0,NO DATA,,,,,,,,14.8,False
MGA,65.23,REJECT,REJECT,"near EMA50 support, volume contraction, low-volume pullback",24,30,40,NO TRADE,WEAK,37.0,price<EMA20; EMA20>EMA50; EMA20 falling,-7.22,48.6,0.27,3.78,0,False,2.69,80087049.0,66.08,66.37,60.78,62.96,73.22,61.44,73.22,50.69,73.22,73.36,RESISTANCE_BREAKOUT,BREAKOUT,0.19,,,0,,,0,False,False,70.42,ATR_FALLBACK,70.73,3.58,4.01,63.1,63.1,77.03,79.23,80.7,1.99,,,False,5.0,79.23,8.0,1.99,False,2.5,12.25,0.0,1208599.0,73380290.0,2.6,True,True,"Magna International, Inc. Common Stock",0,14.7,UNCLASSIFIED,,0.0,NONE,0.0,0.0,NONE,,True,0,NOT CHECKED,NONE,NEUTRAL,,,,NOT CHECKED,False,NOT CHECKED,NONE,0,,False,14.7,NO TRADE,NOT CHECKED,,,,,,,,,False,,,False,,,,False,,,,False,NONE,False,False,0,,,,NOT CHECKED,NO LIVE SIGNAL,BAR_PROXY,0.0,NO DATA,,,,,,,,14.7,False
ARES,125.9,REJECT,REJECT,"near EMA200 pivot, volume contraction, low-volume pullback",28,34,55,NO TRADE,WEAK,37.0,price<EMA20; EMA20>EMA50; EMA20 falling,-10.17,23.9,0.34,4.99,0,False,3.47,242244891.0,133.12,131.93,132.28,121.29,144.01,104.68,148.3,92.59,148.3,144.36,RESISTANCE_BREAKOUT,BREAKOUT,0.24,,,0,,,0,False,False,137.01,ATR_FALLBACK,137.8,4.55,5.09,121.29,121.29,151.58,155.91,158.79,1.57,148.3,2.73,False,5.0,148.3,2.73,0.54,False,2.5,14.38,0.0,1779624.0,225226935.0,2.98,True,True,Ares Management Corporation Class A Common Stock,0,14.4,UNCLASSIFIED,,0.0,NONE,0.0,0.0,NONE,,True,0,NOT CHECKED,NONE,NEUTRAL,,,,NOT CHECKED,False,NOT CHECKED,NONE,0,,False,14.4,NO TRADE,NOT CHECKED,,,,,,,,,False,,,False,,,,False,,,,False,NONE,False,False,0,,,,NOT CHECKED,NO LIVE SIGNAL,BAR_PROXY,0.0,NO DATA,,,,,,,,14.4,False
APO,127.49,REJECT,REJECT,"near EMA50 support, near EMA200 pivot",24,30,55,NO TRADE,WEAK,37.0,price<EMA20; EMA20>EMA50; EMA20 falling,-3.68,38.5,0.45,6.26,0,False,3.12,310437552.0,130.11,129.28,127.49,122.72,137.83,113.55,143.72,98.72,143.72,138.15,RESISTANCE_BREAKOUT,BREAKOUT,0.23,,,0,,,0,False,False,129.86,EMA20,130.11,5.82,6.0,122.72,122.72,145.06,149.2,151.96,1.33,143.72,4.04,False,5.0,143.72,4.04,0.67,False,2.5,8.11,0.0,2367985.0,280687400.0,2.67,True,True,"Apollo Global Management, Inc. (New) Common Stock",0,14.2,UNCLASSIFIED,,0.0,NONE,0.0,0.0,NONE,,True,0,NOT CHECKED,NONE,NEUTRAL,,,,NOT CHECKED,False,NOT CHECKED,NONE,0,,False,14.2,NO TRADE,NOT CHECKED,,,,,,,,,False,,,False,,,,False,,,,False,NONE,False,False,0,,,,NOT CHECKED,NO LIVE SIGNAL,BAR_PROXY,0.0,NO DATA,,,,,,,,14.2,False
BULL,7.66,REJECT,REJECT,"rising EMA50, near EMA200 pivot, volume contraction, low-volume pullback",28,34,55,NO TRADE,WEAK,37.0,price<EMA20; EMA20>EMA50; EMA20 falling,-10.48,26.8,0.57,11.11,1,True,6.9,167887909.0,8.73,8.25,8.0,7.65,10.19,6.32,10.19,4.5,9.95,10.23,RESISTANCE_BREAKOUT,BREAKOUT,0.41,,,0,,,0,False,False,9.62,ATR_FALLBACK,9.44,7.75,6.0,7.65,7.65,10.74,11.05,11.26,1.33,,,False,5.0,11.05,8.0,1.33,False,2.5,33.12,0.0,18633115.0,133783055.0,6.18,True,True,Webull Corporation - Class A Ordinary Shares,0,14.2,UNCLASSIFIED,,0.0,NONE,0.0,0.0,NONE,,True,0,NOT CHECKED,NONE,NEUTRAL,,,,NOT CHECKED,False,NOT CHECKED,NONE,0,,False,14.2,NO TRADE,NOT CHECKED,,,,,,,,,False,,,False,,,,False,,,,False,NONE,False,False,0,,,,NOT CHECKED,NO LIVE SIGNAL,BAR_PROXY,0.0,NO DATA,,,,,,,,14.2,True
DASH,194.6,REJECT,REJECT,"near EMA200 pivot, volume contraction, low-volume pullback",28,34,55,NO TRADE,WEAK,37.0,price<EMA20; EMA20>EMA50; EMA20 falling,-10.72,19.3,0.29,2.89,0,False,3.86,771792792.0,208.54,204.12,198.27,191.74,238.83,166.58,238.83,143.3,238.83,239.43,RESISTANCE_BREAKOUT,BREAKOUT,0.25,,,0,,,0,False,False,226.81,ATR_FALLBACK,228.16,4.71,5.27,191.74,191.74,251.4,258.58,263.37,1.52,,,False,5.0,258.58,8.0,1.52,False,2.5,22.72,0.0,3541808.0,785635516.0,3.37,True,True,"DoorDash, Inc. - Common Stock",0,14.1,UNCLASSIFIED,,0.0,NONE,0.0,0.0,NONE,,True,0,NOT CHECKED,NONE,NEUTRAL,,,,NOT CHECKED,False,NOT CHECKED,NONE,0,,False,14.1,NO TRADE,NOT CHECKED,,,,,,,,,False,,,False,,,,False,,,,False,NONE,False,False,0,,,,NOT CHECKED,NO LIVE SIGNAL,BAR_PROXY,0.0,NO DATA,,,,,,,,14.1,False
RYAN,40.18,REJECT,REJECT,"near EMA50 support, near EMA200 pivot",24,30,55,NO TRADE,WEAK,37.0,price<EMA20; EMA20>EMA50; EMA20 falling,-3.89,32.9,0.55,4.12,0,False,3.78,64205445.0,40.97,40.92,41.62,37.2,44.62,32.98,48.06,29.07,48.06,44.74,RESISTANCE_BREAKOUT,BREAKOUT,0.27,,,0,,,0,False,False,42.19,ATR_FALLBACK,42.46,5.09,5.71,37.2,37.2,46.98,48.32,49.22,1.4,48.06,7.42,True,5.0,48.06,7.42,1.3,False,2.5,11.05,0.0,1557785.0,64524936.0,3.34,True,True,"Ryan Specialty Holdings, Inc. Class A Common Stock",0,14.1,UNCLASSIFIED,,0.0,NONE,0.0,0.0,NONE,,True,0,NOT CHECKED,NONE,NEUTRAL,,,,NOT CHECKED,False,NOT CHECKED,NONE,0,,False,14.1,NO TRADE,NOT CHECKED,,,,,,,,,False,,,False,,,,False,,,,False,NONE,False,False,0,,,,NOT CHECKED,NO LIVE SIGNAL,BAR_PROXY,0.0,NO DATA,,,,,,,,14.1,False
UNH,378.76,REJECT,REJECT,none,16,22,20,NO TRADE,WEAK,37.0,price<EMA20; EMA20>EMA50; EMA20 falling,-1.02,39.3,0.36,2.22,0,False,2.66,1783523735.0,388.45,394.35,366.5,373.6,404.04,373.6,458.79,252.96,458.79,404.85,RESISTANCE_BREAKOUT,BREAKOUT,0.2,,,0,,,0,False,False,392.54,EMA50,394.35,2.59,3.04,373.6,373.6,425.09,437.24,445.33,2.63,458.79,13.32,True,5.0,437.24,8.0,2.63,True,2.5,6.67,0.0,4585358.0,1695393160.0,2.33,True,True,UnitedHealth Group Incorporated Common Stock (DE),0,14.0,UNCLASSIFIED,,0.0,NONE,0.0,0.0,NONE,,True,0,NOT CHECKED,NONE,NEUTRAL,,,,NOT CHECKED,False,NOT CHECKED,NONE,0,,False,14.0,NO TRADE,NOT CHECKED,,,,,,,,,False,,,False,,,,False,,,,False,NONE,False,False,0,,,,NOT CHECKED,NO LIVE SIGNAL,BAR_PROXY,0.0,NO DATA,,,,,,,,14.0,False
TOST,31.0,REJECT,REJECT,"near EMA200 pivot, volume contraction, low-volume pullback",28,34,55,NO TRADE,WEAK,37.0,price<EMA20; EMA20>EMA50; EMA20 falling,-10.9,23.3,0.34,3.74,0,False,3.68,269562690.0,33.09,32.42,31.42,30.89,37.2,23.91,37.2,22.26,37.2,37.29,RESISTANCE_BREAKOUT,BREAKOUT,0.25,,,0,,,0,False,False,35.38,ATR_FALLBACK,35.58,4.58,5.13,30.89,30.89,39.16,40.27,41.02,1.56,,,False,5.0,40.27,8.0,1.56,False,2.5,19.98,0.0,7893458.0,256455264.0,3.23,True,True,"Toast, Inc. Class A Common Stock",0,14.0,UNCLASSIFIED,,0.0,NONE,0.0,0.0,NONE,,True,0,NOT CHECKED,NONE,NEUTRAL,,,,NOT CHECKED,False,NOT CHECKED,NONE,0,,False,14.0,NO TRADE,NOT CHECKED,,,,,,,,,False,,,False,,,,False,,,,False,NONE,False,False,0,,,,NOT CHECKED,NO LIVE SIGNAL,BAR_PROXY,0.0,NO DATA,,,,,,,,14.0,False
CBRE,139.96,REJECT,REJECT,"near EMA50 support, near EMA200 pivot",24,30,40,NO TRADE,WEAK,37.0,price<EMA20; EMA20>EMA50; EMA20 falling,-8.83,40.0,0.48,5.27,0,False,3.26,219099877.0,143.47,143.81,146.09,137.24,154.32,128.55,156.55,121.69,157.6,154.69,RESISTANCE_BREAKOUT,BREAKOUT,0.24,,,0,,,0,False,False,147.01,ATR_FALLBACK,147.84,4.43,4.96,137.24,137.24,162.42,167.06,170.15,1.61,156.55,1.21,False,5.0,156.55,1.21,0.24,False,2.5,11.85,0.0,1514070.0,221022901.0,2.65,True,True,CBRE Group Inc Common Stock Class A,0,13.9,UNCLASSIFIED,,0.0,NONE,0.0,0.0,NONE,,True,0,NOT CHECKED,NONE,NEUTRAL,,,,NOT CHECKED,False,NOT CHECKED,NONE,0,,False,13.9,NO TRADE,NOT CHECKED,,,,,,,,,False,,,False,,,,False,,,,False,NONE,False,False,0,,,,NOT CHECKED,NO LIVE SIGNAL,BAR_PROXY,0.0,NO DATA,,,,,,,,13.9,False
TXT,81.39,REJECT,REJECT,tight range,18,24,20,NO TRADE,WEAK,37.0,price<EMA20; EMA20>EMA50; EMA20 falling,-4.74,45.1,0.42,2.3,0,False,2.1,132680877.0,81.73,84.78,87.82,78.1,86.34,78.1,97.3,80.54,100.91,86.47,RESISTANCE_BREAKOUT,BREAKOUT,0.16,,,0,,,0,False,False,84.48,EMA50,84.78,1.96,2.31,78.1,78.1,90.8,93.39,95.12,3.46,97.3,12.51,True,5.0,93.39,8.0,3.46,True,2.5,8.06,0.0,1640141.0,125005626.0,2.05,True,True,Textron Inc. Common Stock,0,13.8,UNCLASSIFIED,,0.0,NONE,0.0,0.0,NONE,,True,0,NOT CHECKED,NONE,NEUTRAL,,,,NOT CHECKED,False,NOT CHECKED,NONE,0,,False,13.8,NO TRADE,NOT CHECKED,,,,,,,,,False,,,False,,,,False,,,,False,NONE,False,False,0,,,,NOT CHECKED,NO LIVE SIGNAL,BAR_PROXY,0.0,NO DATA,,,,,,,,13.8,False
REYN,22.62,REJECT,REJECT,"near EMA200 pivot, tight range, volume contraction",26,32,40,NO TRADE,WEAK,37.0,price<EMA20; EMA20>EMA50; EMA20 falling,-12.35,29.2,0.27,2.23,0,False,2.43,35365265.0,22.96,23.84,23.31,21.26,25.92,21.26,27.08,20.05,27.08,25.96,RESISTANCE_BREAKOUT,BREAKOUT,0.17,,,0,,,0,False,False,25.04,ATR_FALLBACK,25.14,3.18,3.56,21.26,21.26,27.26,28.04,28.56,2.25,27.08,4.3,False,5.0,27.08,4.3,1.21,False,2.5,16.56,0.0,1550394.0,36691013.0,2.33,True,True,Reynolds Consumer Products Inc. - Common Stock,0,13.8,UNCLASSIFIED,,0.0,NONE,0.0,0.0,NONE,,True,0,NOT CHECKED,NONE,NEUTRAL,,,,NOT CHECKED,False,NOT CHECKED,NONE,0,,False,13.8,NO TRADE,NOT CHECKED,,,,,,,,,False,,,False,,,,False,,,,False,NONE,False,False,0,,,,NOT CHECKED,NO LIVE SIGNAL,BAR_PROXY,0.0,NO DATA,,,,,,,,13.8,False
DOW,29.65,REJECT,REJECT,"near EMA50 support, near EMA200 pivot",24,30,55,NO TRADE,WEAK,37.0,price<EMA20; EMA20>EMA50; EMA20 falling,-4.61,47.3,0.38,4.23,0,False,3.47,262040401.0,29.93,30.35,30.28,28.71,33.02,26.49,33.02,26.49,41.82,33.1,RESISTANCE_BREAKOUT,BREAKOUT,0.25,,,0,,,0,False,False,31.37,ATR_FALLBACK,31.56,4.66,5.22,28.71,28.71,34.75,35.75,36.41,1.53,41.82,26.36,True,5.0,35.75,8.0,1.53,False,2.5,11.36,0.0,8654640.0,257851236.0,3.23,True,True,Dow Inc. Common Stock ,0,13.7,UNCLASSIFIED,,0.0,NONE,0.0,0.0,NONE,,True,0,NOT CHECKED,NONE,NEUTRAL,,,,NOT CHECKED,False,NOT CHECKED,NONE,0,,False,13.7,NO TRADE,NOT CHECKED,,,,,,,,,False,,,False,,,,False,,,,False,NONE,False,False,0,,,,NOT CHECKED,NO LIVE SIGNAL,BAR_PROXY,0.0,NO DATA,,,,,,,,13.7,False
VSAT,72.31,REJECT,REJECT,"near EMA50 support, volume contraction, low-volume pullback",24,30,55,NO TRADE,WEAK,37.0,price<EMA20; EMA20>EMA50; EMA20 falling,-4.78,49.3,0.4,5.54,0,False,5.55,108949576.0,73.06,73.5,61.71,65.47,79.83,58.41,93.03,41.67,93.03,80.15,RESISTANCE_BREAKOUT,BREAKOUT,0.4,,,0,,,0,False,False,75.34,ATR_FALLBACK,74.13,7.51,6.0,67.86,65.47,84.16,86.56,88.17,1.33,93.03,16.07,True,5.0,86.56,8.0,1.33,False,2.5,10.41,0.0,1512826.0,103674334.0,5.06,True,True,"ViaSat, Inc. - Common Stock",0,13.7,UNCLASSIFIED,,0.0,NONE,0.0,0.0,NONE,,True,0,NOT CHECKED,NONE,NEUTRAL,,,,NOT CHECKED,False,NOT CHECKED,NONE,0,,False,13.7,NO TRADE,NOT CHECKED,,,,,,,,,False,,,False,,,,False,,,,False,NONE,False,False,0,,,,NOT CHECKED,NO LIVE SIGNAL,BAR_PROXY,0.0,NO DATA,,,,,,,,13.7,False
KLAC,169.02,REJECT,REJECT,"near EMA200 pivot, volume contraction, low-volume pullback",20,26,20,NO TRADE,WEAK,37.0,price<EMA20; EMA20>EMA50; EMA20 falling,-8.83,37.9,0.38,7.32,0,False,4.52,1527170184.0,178.99,190.02,175.43,165.89,190.87,167.05,307.02,131.78,307.02,191.48,RESISTANCE_BREAKOUT,BREAKOUT,0.32,,,0,,,0,False,False,185.75,EMA50,190.02,0.77,3.0,165.89,165.89,201.06,206.8,210.63,2.67,307.02,60.34,True,5.0,206.8,8.0,2.67,True,2.5,16.54,0.0,8556969.0,1496810837.0,3.58,True,True,KLA Corporation  - Common Stock,0,13.5,UNCLASSIFIED,,0.0,NONE,0.0,0.0,NONE,,True,0,NOT CHECKED,NONE,NEUTRAL,,,,NOT CHECKED,False,NOT CHECKED,NONE,0,,False,13.5,NO TRADE,NOT CHECKED,,,,,,,,,False,,,False,,,,False,,,,False,NONE,False,False,0,,,,NOT CHECKED,NO LIVE SIGNAL,BAR_PROXY,0.0,NO DATA,,,,,,,,13.5,False
BWA,64.22,REJECT,REJECT,near EMA50 support,22,28,55,NO TRADE,WEAK,37.0,price<EMA20; EMA20>EMA50; EMA20 falling,-1.85,48.7,0.45,4.6,0,False,2.81,107305216.0,64.9,65.21,59.46,61.44,68.58,59.91,73.66,49.96,78.61,68.72,RESISTANCE_BREAKOUT,BREAKOUT,0.21,,,0,,,0,False,False,64.88,EMA50,65.21,5.11,5.59,61.44,61.44,72.16,74.22,75.59,1.43,73.66,7.19,True,5.0,73.66,7.19,1.29,False,2.5,6.78,0.0,1654486.0,102123657.0,2.64,True,True,BorgWarner Inc. Common Stock,0,13.4,UNCLASSIFIED,,0.0,NONE,0.0,0.0,NONE,,True,0,NOT CHECKED,NONE,NEUTRAL,,,,NOT CHECKED,False,NOT CHECKED,NONE,0,,False,13.4,NO TRADE,NOT CHECKED,,,,,,,,,False,,,False,,,,False,,,,False,NONE,False,False,0,,,,NOT CHECKED,NO LIVE SIGNAL,BAR_PROXY,0.0,NO DATA,,,,,,,,13.4,False
NTLA,12.46,REJECT,REJECT,"near EMA50 support, near EMA200 pivot",24,30,55,NO TRADE,WEAK,37.0,price<EMA20; EMA20>EMA50; EMA20 falling,-5.23,40.5,1.05,14.48,1,True,4.89,42642800.0,12.23,12.52,13.0,11.24,13.73,10.15,18.48,10.15,18.48,13.78,RESISTANCE_BREAKOUT,BREAKOUT,0.35,,,0,,,0,False,False,12.95,ATR_FALLBACK,12.87,6.63,6.0,11.24,11.24,14.47,14.88,15.16,1.33,18.48,34.12,True,5.0,14.88,8.0,1.33,False,2.5,10.16,0.0,3422009.0,42178037.0,4.56,True,True,"Intellia Therapeutics, Inc. - Common Stock",0,13.4,UNCLASSIFIED,,0.0,NONE,0.0,0.0,NONE,,True,0,NOT CHECKED,NONE,NEUTRAL,,,,NOT CHECKED,False,NOT CHECKED,NONE,0,,False,13.4,NO TRADE,NOT CHECKED,,,,,,,,,False,,,False,,,,False,,,,False,NONE,False,False,0,,,,NOT CHECKED,NO LIVE SIGNAL,BAR_PROXY,0.0,NO DATA,,,,,,,,13.4,True
ETN,411.49,REJECT,REJECT,near EMA50 support,22,28,55,NO TRADE,WEAK,37.0,price<EMA20; EMA20>EMA50; EMA20 falling,-2.19,48.4,0.76,3.96,0,False,3.68,752149053.0,409.75,412.21,392.59,384.77,430.25,357.25,478.0,335.44,478.0,431.46,RESISTANCE_BREAKOUT,BREAKOUT,0.28,,,0,,,0,False,False,409.48,EMA50,412.21,4.46,5.09,387.0,384.77,453.04,465.98,474.61,1.57,478.0,10.79,True,5.0,465.98,8.0,1.57,False,2.5,6.19,0.0,1850478.0,726802580.0,2.73,True,True,"Eaton Corporation, PLC Ordinary Shares",0,13.3,UNCLASSIFIED,,0.0,NONE,0.0,0.0,NONE,,True,0,NOT CHECKED,NONE,NEUTRAL,,,,NOT CHECKED,False,NOT CHECKED,NONE,0,,False,13.3,NO TRADE,NOT CHECKED,,,,,,,,,False,,,False,,,,False,,,,False,NONE,False,False,0,,,,NOT CHECKED,NO LIVE SIGNAL,BAR_PROXY,0.0,NO DATA,,,,,,,,13.3,False
XYL,107.96,REJECT,REJECT,tight range,18,24,20,NO TRADE,WEAK,37.0,price<EMA20; EMA20>EMA50; EMA20 falling,-5.83,35.8,0.36,2.95,0,False,2.5,253658996.0,109.69,112.91,120.9,105.48,115.76,105.48,126.68,104.48,129.18,115.98,RESISTANCE_BREAKOUT,BREAKOUT,0.19,,,0,,,0,False,False,112.43,EMA50,112.91,2.64,3.06,105.7,105.48,121.77,125.25,127.57,2.61,126.68,9.23,True,5.0,125.25,8.0,2.61,True,2.5,7.8,0.0,2330974.0,216465562.0,2.37,True,True,Xylem Inc. Common Stock New,0,13.3,UNCLASSIFIED,,0.0,NONE,0.0,0.0,NONE,,True,0,NOT CHECKED,NONE,NEUTRAL,,,,NOT CHECKED,False,NOT CHECKED,NONE,0,,False,13.3,NO TRADE,NOT CHECKED,,,,,,,,,False,,,False,,,,False,,,,False,NONE,False,False,0,,,,NOT CHECKED,NO LIVE SIGNAL,BAR_PROXY,0.0,NO DATA,,,,,,,,13.3,False
EMR,147.04,REJECT,REJECT,"near EMA50 support, tight range",24,30,55,NO TRADE,WEAK,37.0,price<EMA20; EMA20>EMA50; EMA20 falling,-5.78,32.9,0.4,3.57,0,False,2.63,314623259.0,150.91,150.23,142.89,144.4,159.82,133.1,165.79,121.73,165.79,160.13,RESISTANCE_BREAKOUT,BREAKOUT,0.19,,,0,,,0,False,False,150.52,EMA20,150.91,5.75,6.0,144.4,144.4,168.14,172.94,176.14,1.33,165.79,3.53,False,5.0,165.79,3.53,0.59,False,2.5,8.69,0.0,2071629.0,306795828.0,2.18,True,True,Emerson Electric Company Common Stock,0,13.2,UNCLASSIFIED,,0.0,NONE,0.0,0.0,NONE,,True,0,NOT CHECKED,NONE,NEUTRAL,,,,NOT CHECKED,False,NOT CHECKED,NONE,0,,False,13.2,NO TRADE,NOT CHECKED,,,,,,,,,False,,,False,,,,False,,,,False,NONE,False,False,0,,,,NOT CHECKED,NO LIVE SIGNAL,BAR_PROXY,0.0,NO DATA,,,,,,,,13.2,False
RIG,5.65,REJECT,REJECT,"rising EMA50, near EMA50 support",22,28,55,NO TRADE,WEAK,37.0,price<EMA20; EMA20>EMA50; EMA20 falling,-2.34,48.1,0.58,8.99,0,False,4.98,232623897.0,5.72,5.67,5.42,5.44,6.27,4.8,6.27,4.8,7.66,6.29,RESISTANCE_BREAKOUT,BREAKOUT,0.36,,,0,,,0,False,False,5.91,ATR_FALLBACK,5.87,6.71,6.0,5.44,5.44,6.61,6.8,6.92,1.33,7.66,21.73,True,5.0,6.8,8.0,1.33,False,2.5,10.97,0.0,40068976.0,228276875.0,4.25,True,True,Transocean Ltd (Switzerland) Common Stock,0,13.2,UNCLASSIFIED,,0.0,NONE,0.0,0.0,NONE,,True,0,NOT CHECKED,NONE,NEUTRAL,,,,NOT CHECKED,False,NOT CHECKED,NONE,0,,False,13.2,NO TRADE,NOT CHECKED,,,,,,,,,False,,,False,,,,False,,,,False,NONE,False,False,0,,,,NOT CHECKED,NO LIVE SIGNAL,BAR_PROXY,0.0,NO DATA,,,,,,,,13.2,False
VAL,84.03,REJECT,REJECT,"rising EMA50, near EMA50 support",22,28,55,NO TRADE,WEAK,37.0,price<EMA20; EMA20>EMA50; EMA20 falling,-2.41,47.9,0.39,8.59,0,False,4.88,96233778.0,85.1,84.31,79.73,80.79,93.16,71.47,93.16,71.47,114.12,93.49,RESISTANCE_BREAKOUT,BREAKOUT,0.35,,,0,,,0,False,False,87.88,ATR_FALLBACK,87.33,6.58,6.0,80.79,80.79,98.16,100.97,102.84,1.33,114.12,22.07,True,5.0,100.97,8.0,1.33,False,2.5,10.87,0.0,1114092.0,97709984.0,4.2,True,True,Valaris Limited Common Shares,0,13.1,UNCLASSIFIED,,0.0,NONE,0.0,0.0,NONE,,True,0,NOT CHECKED,NONE,NEUTRAL,,,,NOT CHECKED,False,NOT CHECKED,NONE,0,,False,13.1,NO TRADE,NOT CHECKED,,,,,,,,,False,,,False,,,,False,,,,False,NONE,False,False,0,,,,NOT CHECKED,NO LIVE SIGNAL,BAR_PROXY,0.0,NO DATA,,,,,,,,13.1,False
ALKS,46.72,REJECT,REJECT,"near EMA50 support, tight range",24,30,55,NO TRADE,WEAK,37.0,price<EMA20; EMA20>EMA50; EMA20 falling,-5.97,34.1,0.44,2.17,0,False,2.85,64719583.0,47.06,47.6,40.77,44.63,49.86,44.63,55.67,27.0,55.67,49.97,RESISTANCE_BREAKOUT,BREAKOUT,0.21,,,0,,,0,False,False,47.36,EMA50,47.6,4.73,5.21,44.63,44.63,52.46,53.96,54.96,1.54,55.67,11.41,True,5.0,53.96,8.0,1.54,False,2.5,9.77,0.0,1375758.0,63570657.0,2.73,True,True,Alkermes plc - Ordinary Shares,0,13.1,UNCLASSIFIED,,0.0,NONE,0.0,0.0,NONE,,True,0,NOT CHECKED,NONE,NEUTRAL,,,,NOT CHECKED,False,NOT CHECKED,NONE,0,,False,13.1,NO TRADE,NOT CHECKED,,,,,,,,,False,,,False,,,,False,,,,False,NONE,False,False,0,,,,NOT CHECKED,NO LIVE SIGNAL,BAR_PROXY,0.0,NO DATA,,,,,,,,13.1,False
BTSG,58.48,REJECT,REJECT,tight range,18,24,40,NO TRADE,WEAK,37.0,price<EMA20; EMA20>EMA50; EMA20 falling,-0.52,43.0,0.43,7.2,0,False,3.66,126119519.0,60.06,61.39,52.89,56.43,63.14,56.43,73.75,37.24,73.75,63.31,RESISTANCE_BREAKOUT,BREAKOUT,0.27,,,0,,,0,False,False,61.0,EMA50,61.39,3.04,3.65,57.68,57.68,66.48,68.38,69.64,2.19,73.75,16.49,True,5.0,68.38,8.0,2.19,False,2.5,7.97,0.0,2108659.0,110623736.0,3.85,True,True,"BrightSpring Health Services, Inc. - Common Stock",0,12.9,UNCLASSIFIED,,0.0,NONE,0.0,0.0,NONE,,True,0,NOT CHECKED,NONE,NEUTRAL,,,,NOT CHECKED,False,NOT CHECKED,NONE,0,,False,12.9,NO TRADE,NOT CHECKED,,,,,,,,,False,,,False,,,,False,,,,False,NONE,False,False,0,,,,NOT CHECKED,NO LIVE SIGNAL,BAR_PROXY,0.0,NO DATA,,,,,,,,12.9,False
HOG,26.44,REJECT,REJECT,"rising EMA50, near EMA50 support",22,28,55,NO TRADE,WEAK,37.0,price<EMA20; EMA20>EMA50; EMA20 falling,-2.84,41.4,0.39,7.24,0,False,3.61,43482463.0,27.12,26.53,24.73,26.04,28.66,23.83,28.66,16.84,28.57,28.74,RESISTANCE_BREAKOUT,BREAKOUT,0.27,,,0,,,0,False,False,27.02,EMA20,27.12,5.65,6.0,26.04,26.04,30.18,31.04,31.61,1.33,,,False,5.0,31.04,8.0,1.33,False,2.5,8.41,0.0,1584526.0,42377042.0,3.1,True,True,"Harley-Davidson, Inc. Common Stock",0,12.9,UNCLASSIFIED,,0.0,NONE,0.0,0.0,NONE,,True,0,NOT CHECKED,NONE,NEUTRAL,,,,NOT CHECKED,False,NOT CHECKED,NONE,0,,False,12.9,NO TRADE,NOT CHECKED,,,,,,,,,False,,,False,,,,False,,,,False,NONE,False,False,0,,,,NOT CHECKED,NO LIVE SIGNAL,BAR_PROXY,0.0,NO DATA,,,,,,,,12.9,False
TSEM,220.23,REJECT,REJECT,near EMA50 support,14,26,40,NO TRADE,WEAK,37.0,price<EMA20; EMA20>EMA50; EMA20 falling,-1.83,50.2,1.08,12.37,1,True,5.16,273376961.0,213.52,223.28,193.49,190.55,229.79,185.07,319.94,108.43,319.94,230.7,RESISTANCE_BREAKOUT,BREAKOUT,0.4,,,0,,,0,False,False,221.23,EMA50,223.28,3.22,4.1,190.55,190.55,242.23,249.16,253.77,1.95,319.94,38.68,True,5.0,249.16,8.0,1.95,False,2.5,9.9,0.0,1299427.0,254526246.0,4.52,True,True,Tower Semiconductor Ltd. - Ordinary Shares,0,12.8,UNCLASSIFIED,,0.0,NONE,0.0,0.0,NONE,,True,0,NOT CHECKED,NONE,NEUTRAL,,,,NOT CHECKED,False,NOT CHECKED,NONE,0,,False,12.8,NO TRADE,NOT CHECKED,,,,,,,,,False,,,False,,,,False,,,,False,NONE,False,False,0,,,,NOT CHECKED,NO LIVE SIGNAL,BAR_PROXY,0.0,NO DATA,,,,,,,,12.8,True
ARQT,24.5,REJECT,REJECT,"near EMA50 support, near EMA200 pivot",24,30,55,NO TRADE,WEAK,37.0,price<EMA20; EMA20>EMA50; EMA20 falling,-6.49,48.0,1.08,11.19,1,True,4.43,54509189.0,24.59,25.12,24.36,23.1,26.56,23.21,29.84,19.3,29.84,26.65,RESISTANCE_BREAKOUT,BREAKOUT,0.33,,,0,,,0,False,False,25.05,EMA50,25.12,5.75,6.0,23.1,23.1,27.98,28.78,29.31,1.33,29.84,11.98,True,5.0,28.78,8.0,1.33,False,2.5,10.98,0.0,2223138.0,48443870.0,4.15,True,True,"Arcutis Biotherapeutics, Inc. - Common stock",0,12.8,UNCLASSIFIED,,0.0,NONE,0.0,0.0,NONE,,True,0,NOT CHECKED,NONE,NEUTRAL,,,,NOT CHECKED,False,NOT CHECKED,NONE,0,,False,12.8,NO TRADE,NOT CHECKED,,,,,,,,,False,,,False,,,,False,,,,False,NONE,False,False,0,,,,NOT CHECKED,NO LIVE SIGNAL,BAR_PROXY,0.0,NO DATA,,,,,,,,12.8,True
SOLS,59.07,REJECT,REJECT,"volume contraction, low-volume pullback",10,26,55,NO TRADE,WEAK,37.0,price<EMA20; EMA20>EMA50; EMA20 falling,4.07,56.1,0.28,12.76,1,True,5.19,189486894.0,60.23,62.85,65.71,54.49,67.5,53.8,90.13,53.8,90.6,67.75,RESISTANCE_BREAKOUT,BREAKOUT,0.36,,,0,,,0,False,False,63.68,ATR_FALLBACK,63.15,6.79,6.0,56.77,56.77,71.13,73.16,74.52,1.33,90.13,33.04,True,5.0,73.16,8.0,1.33,False,2.5,14.27,0.0,3125578.0,130482795.0,3.6,True,True,Solstice Advanced Materials Inc. - Common Stock,0,12.7,UNCLASSIFIED,,0.0,NONE,0.0,0.0,NONE,,True,0,NOT CHECKED,NONE,NEUTRAL,,,,NOT CHECKED,False,NOT CHECKED,NONE,0,,False,12.7,NO TRADE,NOT CHECKED,,,,,,,,,False,,,False,,,,False,,,,False,NONE,False,False,0,,,,NOT CHECKED,NO LIVE SIGNAL,BAR_PROXY,0.0,NO DATA,,,,,,,,12.7,True
EW,88.25,REJECT,REJECT,near EMA50 support,22,28,55,NO TRADE,WEAK,37.0,price<EMA20; EMA20>EMA50; EMA20 falling,-3.45,44.2,0.54,4.13,0,False,2.62,256660981.0,88.33,88.5,85.12,83.81,92.95,81.16,96.29,76.49,96.29,93.14,RESISTANCE_BREAKOUT,BREAKOUT,0.2,,,0,,,0,False,False,88.08,EMA50,88.5,4.98,5.43,83.81,83.81,97.79,100.59,102.45,1.47,96.29,3.39,False,5.0,96.29,3.39,0.62,False,2.5,5.66,0.0,2893368.0,241656272.0,2.37,True,True,Edwards Lifesciences Corporation Common Stock,0,12.6,UNCLASSIFIED,,0.0,NONE,0.0,0.0,NONE,,True,0,NOT CHECKED,NONE,NEUTRAL,,,,NOT CHECKED,False,NOT CHECKED,NONE,0,,False,12.6,NO TRADE,NOT CHECKED,,,,,,,,,False,,,False,,,,False,,,,False,NONE,False,False,0,,,,NOT CHECKED,NO LIVE SIGNAL,BAR_PROXY,0.0,NO DATA,,,,,,,,12.6,False
F,13.75,REJECT,REJECT,near EMA50 support,22,28,55,NO TRADE,WEAK,37.0,price<EMA20; EMA20>EMA50; EMA20 falling,-4.27,47.3,0.62,4.09,0,False,3.18,606354399.0,13.89,13.95,13.29,13.15,14.64,13.08,16.12,10.85,17.59,14.68,RESISTANCE_BREAKOUT,BREAKOUT,0.24,,,0,,,0,False,False,13.87,EMA50,13.95,4.97,5.51,13.15,13.15,15.41,15.85,16.14,1.45,16.12,9.82,True,5.0,15.85,8.0,1.45,False,2.5,6.48,0.0,43556543.0,580822985.0,2.87,True,True,Ford Motor Company Common Stock,0,12.2,UNCLASSIFIED,,0.0,NONE,0.0,0.0,NONE,,True,0,NOT CHECKED,NONE,NEUTRAL,,,,NOT CHECKED,False,NOT CHECKED,NONE,0,,False,12.2,NO TRADE,NOT CHECKED,,,,,,,,,False,,,False,,,,False,,,,False,NONE,False,False,0,,,,NOT CHECKED,NO LIVE SIGNAL,BAR_PROXY,0.0,NO DATA,,,,,,,,12.2,False
HUBS,228.82,REJECT,REJECT,"rising EMA50, near EMA50 support",22,28,55,NO TRADE,WEAK,37.0,price<EMA20; EMA20>EMA50; EMA20 falling,-4.39,37.9,0.92,14.46,2,True,5.67,287888854.0,237.93,231.07,268.82,222.0,265.0,169.63,265.0,169.63,297.0,266.04,RESISTANCE_BREAKOUT,BREAKOUT,0.39,,,0,,,0,False,False,250.08,ATR_FALLBACK,246.56,7.32,6.0,222.0,222.0,279.34,287.32,292.64,1.33,297.0,11.64,True,5.0,287.32,8.0,1.33,False,2.5,15.81,0.0,1186669.0,289598292.0,4.62,True,True,"HubSpot, Inc. Common Stock",0,12.2,UNCLASSIFIED,,0.0,NONE,0.0,0.0,NONE,,True,0,NOT CHECKED,NONE,NEUTRAL,,,,NOT CHECKED,False,NOT CHECKED,NONE,0,,False,12.2,NO TRADE,NOT CHECKED,,,,,,,,,False,,,False,,,,False,,,,False,NONE,False,False,0,,,,NOT CHECKED,NO LIVE SIGNAL,BAR_PROXY,0.0,NO DATA,,,,,,,,12.2,True
FTI,73.02,REJECT,REJECT,"rising EMA50, near EMA50 support",22,28,55,NO TRADE,WEAK,37.0,price<EMA20; EMA20>EMA50; EMA20 falling,-4.27,40.8,0.48,6.48,0,False,3.29,190105794.0,75.72,74.48,65.75,71.96,80.7,63.5,80.7,60.43,80.55,80.89,RESISTANCE_BREAKOUT,BREAKOUT,0.24,,,0,,,0,False,False,76.04,EMA20,75.72,6.39,6.0,71.96,71.96,84.94,87.36,88.98,1.33,,,False,5.0,87.36,8.0,1.33,False,2.5,10.51,0.0,2481129.0,192802554.0,2.99,True,True,TechnipFMC plc Ordinary Share,0,12.2,UNCLASSIFIED,,0.0,NONE,0.0,0.0,NONE,,True,0,NOT CHECKED,NONE,NEUTRAL,,,,NOT CHECKED,False,NOT CHECKED,NONE,0,,False,12.2,NO TRADE,NOT CHECKED,,,,,,,,,False,,,False,,,,False,,,,False,NONE,False,False,0,,,,NOT CHECKED,NO LIVE SIGNAL,BAR_PROXY,0.0,NO DATA,,,,,,,,12.2,False
AMCR,42.51,REJECT,REJECT,near EMA200 pivot,18,24,20,NO TRADE,WEAK,37.0,price<EMA20; EMA20>EMA50; EMA20 falling,-8.21,25.5,0.27,3.47,0,False,2.12,148100130.0,44.02,44.01,41.81,41.7,48.25,39.51,48.25,35.15,48.25,48.32,RESISTANCE_BREAKOUT,BREAKOUT,0.15,,,0,,,0,False,False,46.8,ATR_FALLBACK,46.97,2.8,3.14,41.7,41.7,50.73,52.18,53.15,2.55,,,False,5.0,52.18,8.0,2.55,True,2.5,13.5,0.0,3294692.0,145309692.0,2.05,True,True,Amcor plc Ordinary Shares,0,12.1,UNCLASSIFIED,,0.0,NONE,0.0,0.0,NONE,,True,0,NOT CHECKED,NONE,NEUTRAL,,,,NOT CHECKED,False,NOT CHECKED,NONE,0,,False,12.1,NO TRADE,NOT CHECKED,,,,,,,,,False,,,False,,,,False,,,,False,NONE,False,False,0,,,,NOT CHECKED,NO LIVE SIGNAL,BAR_PROXY,0.0,NO DATA,,,,,,,,12.1,False
IVZ,30.48,REJECT,REJECT,"rising EMA50, near EMA50 support",22,28,55,NO TRADE,WEAK,37.0,price<EMA20; EMA20>EMA50; EMA20 falling,-4.45,29.9,0.31,3.12,0,False,3.24,106596746.0,31.65,30.88,27.56,29.56,33.66,25.42,33.66,21.51,33.66,33.74,RESISTANCE_BREAKOUT,BREAKOUT,0.23,,,0,,,0,False,False,31.71,EMA20,31.65,6.2,6.0,29.56,29.56,35.43,36.44,37.11,1.33,,,False,5.0,36.44,8.0,1.33,False,2.5,10.43,0.0,3327372.0,102591883.0,2.74,True,True,Invesco Ltd Common Stock,0,12.1,UNCLASSIFIED,,0.0,NONE,0.0,0.0,NONE,,True,0,NOT CHECKED,NONE,NEUTRAL,,,,NOT CHECKED,False,NOT CHECKED,NONE,0,,False,12.1,NO TRADE,NOT CHECKED,,,,,,,,,False,,,False,,,,False,,,,False,NONE,False,False,0,,,,NOT CHECKED,NO LIVE SIGNAL,BAR_PROXY,0.0,NO DATA,,,,,,,,12.1,False
CHYM,31.48,REJECT,REJECT,"above EMA50, rising EMA50",18,24,35,NO TRADE,WEAK,37.0,price<EMA20; EMA20>EMA50; EMA20 falling,-3.89,43.1,0.34,20.56,1,True,5.03,230528518.0,32.24,29.15,24.12,30.85,35.55,16.46,35.55,15.88,34.16,35.68,RESISTANCE_BREAKOUT,BREAKOUT,0.36,,,0,,,0,False,False,33.54,ATR_FALLBACK,33.3,6.66,6.0,30.85,30.85,37.46,38.53,39.24,1.33,,,False,5.0,38.53,8.0,1.33,False,2.5,12.93,0.0,6980123.0,205313640.0,4.05,True,True,"Chime Financial, Inc. - Class A Common Stock",0,12.0,UNCLASSIFIED,,0.0,NONE,0.0,0.0,NONE,,True,0,NOT CHECKED,NONE,NEUTRAL,,,,NOT CHECKED,False,NOT CHECKED,NONE,0,,False,12.0,NO TRADE,NOT CHECKED,,,,,,,,,False,,,False,,,,False,,,,False,NONE,False,False,0,,,,NOT CHECKED,NO LIVE SIGNAL,BAR_PROXY,0.0,NO DATA,,,,,,,,12.0,True
COHR,294.98,REJECT,REJECT,near EMA50 support,14,24,55,NO TRADE,WEAK,37.0,price<EMA20; EMA20>EMA50; EMA20 falling,3.53,49.9,0.73,13.44,1,True,6.4,1640825249.0,290.04,302.48,276.99,255.25,315.7,220.68,439.68,215.55,440.0,317.21,RESISTANCE_BREAKOUT,BREAKOUT,0.48,,,0,,,0,False,False,299.09,EMA50,302.48,4.64,5.71,265.49,255.25,333.07,342.59,348.93,1.4,439.68,38.61,True,5.0,342.59,8.0,1.4,False,2.5,7.02,0.0,5745290.0,1480920193.0,5.54,True,True,Coherent Corp. Common Stock,0,11.9,UNCLASSIFIED,,0.0,NONE,0.0,0.0,NONE,,True,0,NOT CHECKED,NONE,NEUTRAL,,,,NOT CHECKED,False,NOT CHECKED,NONE,0,,False,11.9,NO TRADE,NOT CHECKED,,,,,,,,,False,,,False,,,,False,,,,False,NONE,False,False,0,,,,NOT CHECKED,NO LIVE SIGNAL,BAR_PROXY,0.0,NO DATA,,,,,,,,11.9,True
ZBH,94.83,REJECT,REJECT,"rising EMA50, near EMA50 support",22,28,55,NO TRADE,WEAK,37.0,price<EMA20; EMA20>EMA50; EMA20 falling,-4.95,38.6,0.49,3.26,0,False,3.15,159345390.0,96.92,95.63,92.93,91.45,102.86,83.72,102.86,78.91,102.12,103.1,RESISTANCE_BREAKOUT,BREAKOUT,0.23,,,0,,,0,False,False,96.91,EMA20,96.92,6.0,6.0,91.45,91.45,108.25,111.35,113.41,1.33,,,False,5.0,111.35,8.0,1.33,False,2.5,8.46,0.0,1631642.0,135797042.0,2.64,True,True,"Zimmer Biomet Holdings, Inc. Common Stock",0,11.9,UNCLASSIFIED,,0.0,NONE,0.0,0.0,NONE,,True,0,NOT CHECKED,NONE,NEUTRAL,,,,NOT CHECKED,False,NOT CHECKED,NONE,0,,False,11.9,NO TRADE,NOT CHECKED,,,,,,,,,False,,,False,,,,False,,,,False,NONE,False,False,0,,,,NOT CHECKED,NO LIVE SIGNAL,BAR_PROXY,0.0,NO DATA,,,,,,,,11.9,False
TPG,46.45,REJECT,REJECT,"rising EMA50, near EMA200 pivot",26,32,55,NO TRADE,WEAK,37.0,price<EMA20; EMA20>EMA50; EMA20 falling,-11.74,18.2,0.62,8.51,0,False,3.95,125847506.0,49.42,48.16,47.95,45.85,54.89,38.05,55.5,36.07,55.5,55.04,RESISTANCE_BREAKOUT,BREAKOUT,0.27,,,0,,,0,False,False,51.96,ATR_FALLBACK,52.29,4.99,5.59,45.85,45.85,57.79,59.44,60.54,1.43,55.5,0.84,False,5.0,55.5,0.84,0.15,False,2.5,18.17,0.0,2486952.0,123559820.0,3.32,True,True,TPG Inc. - Class A Common Stock,0,11.9,UNCLASSIFIED,,0.0,NONE,0.0,0.0,NONE,,True,0,NOT CHECKED,NONE,NEUTRAL,,,,NOT CHECKED,False,NOT CHECKED,NONE,0,,False,11.9,NO TRADE,NOT CHECKED,,,,,,,,,False,,,False,,,,False,,,,False,NONE,False,False,0,,,,NOT CHECKED,NO LIVE SIGNAL,BAR_PROXY,0.0,NO DATA,,,,,,,,11.9,False
MLI,60.31,REJECT,REJECT,near EMA200 pivot,18,24,40,NO TRADE,WEAK,37.0,price<EMA20; EMA20>EMA50; EMA20 falling,-2.68,33.8,0.36,4.18,0,False,2.66,83249541.0,62.09,63.04,60.98,57.82,64.9,54.35,70.92,53.34,70.92,65.03,RESISTANCE_BREAKOUT,BREAKOUT,0.2,,,0,,,0,False,False,62.75,EMA50,63.04,3.06,3.5,57.82,57.82,68.28,70.23,71.53,2.28,70.92,9.06,True,5.0,70.23,8.0,2.28,False,2.5,7.63,0.0,1344692.0,79765129.0,2.85,True,True,"Mueller Industries, Inc. Common Stock",0,11.9,UNCLASSIFIED,,0.0,NONE,0.0,0.0,NONE,,True,0,NOT CHECKED,NONE,NEUTRAL,,,,NOT CHECKED,False,NOT CHECKED,NONE,0,,False,11.9,NO TRADE,NOT CHECKED,,,,,,,,,False,,,False,,,,False,,,,False,NONE,False,False,0,,,,NOT CHECKED,NO LIVE SIGNAL,BAR_PROXY,0.0,NO DATA,,,,,,,,11.9,False
FANG,195.07,REJECT,REJECT,"rising EMA50, near EMA50 support",22,28,55,NO TRADE,WEAK,37.0,price<EMA20; EMA20>EMA50; EMA20 falling,-5.55,43.7,0.8,5.81,0,False,3.38,530086899.0,201.61,198.76,182.74,191.49,216.9,169.17,216.9,168.69,216.9,217.43,RESISTANCE_BREAKOUT,BREAKOUT,0.24,,,0,,,0,False,False,206.37,ATR_FALLBACK,207.55,4.54,5.09,191.49,191.49,228.3,234.82,239.17,1.57,,,False,5.0,234.82,8.0,1.57,False,2.5,11.19,0.0,2642716.0,402844022.0,2.67,True,True,"Diamondback Energy, Inc. - Common Stock",0,11.6,UNCLASSIFIED,,0.0,NONE,0.0,0.0,NONE,,True,0,NOT CHECKED,NONE,NEUTRAL,,,,NOT CHECKED,False,NOT CHECKED,NONE,0,,False,11.6,NO TRADE,NOT CHECKED,,,,,,,,,False,,,False,,,,False,,,,False,NONE,False,False,0,,,,NOT CHECKED,NO LIVE SIGNAL,BAR_PROXY,0.0,NO DATA,,,,,,,,11.6,False
CPB,21.45,REJECT,REJECT,"tight range, volume contraction",24,30,55,NO TRADE,WEAK,37.0,price<EMA20; EMA20>EMA50; EMA20 falling,-9.0,31.1,0.2,4.16,0,False,3.62,186692211.0,22.11,22.3,23.56,20.69,24.26,20.04,24.26,19.23,25.89,24.32,RESISTANCE_BREAKOUT,BREAKOUT,0.26,,,0,,,0,False,False,23.02,ATR_FALLBACK,23.16,4.79,5.36,20.8,20.69,25.54,26.27,26.75,1.49,25.89,6.43,True,5.0,25.89,6.43,1.2,False,2.5,13.1,0.0,8354186.0,154883248.0,3.0,True,True,The Campbell's Company - Common Stock,0,11.6,UNCLASSIFIED,,0.0,NONE,0.0,0.0,NONE,,True,0,NOT CHECKED,NONE,NEUTRAL,,,,NOT CHECKED,False,NOT CHECKED,NONE,0,,False,11.6,NO TRADE,NOT CHECKED,,,,,,,,,False,,,False,,,,False,,,,False,NONE,False,False,0,,,,NOT CHECKED,NO LIVE SIGNAL,BAR_PROXY,0.0,NO DATA,,,,,,,,11.6,False
OTEX,23.48,REJECT,REJECT,"near EMA50 support, volume contraction",20,26,55,NO TRADE,WEAK,37.0,price<EMA20; EMA20>EMA50; EMA20 falling,-2.19,39.5,0.22,5.39,0,False,2.99,30437216.0,23.7,23.64,25.31,22.33,25.28,19.56,26.53,19.54,26.53,25.34,RESISTANCE_BREAKOUT,BREAKOUT,0.22,,,0,,,0,False,False,23.82,EMA20,23.7,6.46,6.0,22.33,22.33,26.6,27.37,27.87,1.33,26.53,4.7,False,5.0,26.53,4.7,0.78,False,2.5,7.67,0.0,1275331.0,30179476.0,2.59,True,True,Open Text Corporation - Common Shares,0,11.6,UNCLASSIFIED,,0.0,NONE,0.0,0.0,NONE,,True,0,NOT CHECKED,NONE,NEUTRAL,,,,NOT CHECKED,False,NOT CHECKED,NONE,0,,False,11.6,NO TRADE,NOT CHECKED,,,,,,,,,False,,,False,,,,False,,,,False,NONE,False,False,0,,,,NOT CHECKED,NO LIVE SIGNAL,BAR_PROXY,0.0,NO DATA,,,,,,,,11.6,False
KLAR,14.07,REJECT,REJECT,"volume contraction, low-volume pullback",10,22,20,NO TRADE,WEAK,37.0,price<EMA20; EMA20>EMA50; EMA20 falling,-3.53,51.1,0.26,8.16,0,False,3.5,96408157.0,14.75,16.11,20.81,13.47,15.07,13.47,22.09,12.06,22.09,15.11,RESISTANCE_BREAKOUT,BREAKOUT,0.26,,,0,,,0,False,False,14.66,EMA20,14.75,2.36,2.95,13.47,13.47,15.86,16.32,16.62,2.72,22.09,46.2,True,5.0,16.32,8.0,2.72,True,2.5,8.45,0.0,6789739.0,80509088.0,3.58,True,True,Klarna Group plc Ordinary Shares,0,11.5,UNCLASSIFIED,,0.0,NONE,0.0,0.0,NONE,,True,0,NOT CHECKED,NONE,NEUTRAL,,,,NOT CHECKED,False,NOT CHECKED,NONE,0,,False,11.5,NO TRADE,NOT CHECKED,,,,,,,,,False,,,False,,,,False,,,,False,NONE,False,False,0,,,,NOT CHECKED,NO LIVE SIGNAL,BAR_PROXY,0.0,NO DATA,,,,,,,,11.5,False
DAL,79.28,REJECT,REJECT,tight range,18,24,40,NO TRADE,WEAK,37.0,price<EMA20; EMA20>EMA50; EMA20 falling,-3.9,44.0,0.53,2.3,0,False,2.77,415719655.0,80.52,82.45,75.75,75.99,84.99,75.99,95.44,55.0,95.44,85.17,RESISTANCE_BREAKOUT,BREAKOUT,0.21,,,0,,,0,False,False,82.06,EMA50,82.45,3.19,3.65,76.89,76.89,89.42,91.98,93.68,2.19,95.44,12.07,True,5.0,91.98,8.0,2.19,False,2.5,9.39,0.0,5210882.0,417172414.0,2.4,True,True,"Delta Air Lines, Inc. Common Stock",0,11.3,UNCLASSIFIED,,0.0,NONE,0.0,0.0,NONE,,True,0,NOT CHECKED,NONE,NEUTRAL,,,,NOT CHECKED,False,NOT CHECKED,NONE,0,,False,11.3,NO TRADE,NOT CHECKED,,,,,,,,,False,,,False,,,,False,,,,False,NONE,False,False,0,,,,NOT CHECKED,NO LIVE SIGNAL,BAR_PROXY,0.0,NO DATA,,,,,,,,11.3,False
TFC,48.56,REJECT,REJECT,near EMA200 pivot,18,24,40,NO TRADE,WEAK,37.0,price<EMA20; EMA20>EMA50; EMA20 falling,-3.82,38.9,0.43,2.77,0,False,2.41,298462005.0,50.29,50.51,48.74,47.64,51.89,47.85,53.69,42.26,53.69,51.98,RESISTANCE_BREAKOUT,BREAKOUT,0.18,,,0,,,0,False,False,50.3,EMA50,50.51,2.83,3.23,47.64,47.64,54.58,56.14,57.18,2.47,53.69,3.28,False,5.0,53.69,3.28,1.01,False,2.5,8.17,0.0,5948556.0,276708822.0,2.03,True,True,Truist Financial Corporation Common Stock,0,11.3,UNCLASSIFIED,,0.0,NONE,0.0,0.0,NONE,,True,0,NOT CHECKED,NONE,NEUTRAL,,,,NOT CHECKED,False,NOT CHECKED,NONE,0,,False,11.3,NO TRADE,NOT CHECKED,,,,,,,,,False,,,False,,,,False,,,,False,NONE,False,False,0,,,,NOT CHECKED,NO LIVE SIGNAL,BAR_PROXY,0.0,NO DATA,,,,,,,,11.3,False
ENPH,36.15,REJECT,REJECT,"tight range, volume contraction, low-volume pullback",20,26,40,NO TRADE,WEAK,37.0,price<EMA20; EMA20>EMA50; EMA20 falling,-7.26,37.0,0.48,6.76,0,False,5.41,147538233.0,37.17,39.42,40.99,34.45,39.82,34.45,55.19,29.9,73.74,39.98,RESISTANCE_BREAKOUT,BREAKOUT,0.39,,,0,,,0,False,False,38.51,EMA50,39.42,1.39,3.67,34.65,34.45,41.98,43.17,43.97,2.18,55.19,38.06,True,5.0,43.17,8.0,2.18,False,2.5,10.15,0.0,3977844.0,150012760.0,4.88,True,True,"Enphase Energy, Inc. - Common Stock",0,11.3,UNCLASSIFIED,,0.0,NONE,0.0,0.0,NONE,,True,0,NOT CHECKED,NONE,NEUTRAL,,,,NOT CHECKED,False,NOT CHECKED,NONE,0,,False,11.3,NO TRADE,NOT CHECKED,,,,,,,,,False,,,False,,,,False,,,,False,NONE,False,False,0,,,,NOT CHECKED,NO LIVE SIGNAL,BAR_PROXY,0.0,NO DATA,,,,,,,,11.3,False
FISV,49.45,REJECT,REJECT,"volume contraction, low-volume pullback",18,24,40,NO TRADE,WEAK,37.0,price<EMA20; EMA20>EMA50; EMA20 falling,-4.13,38.1,0.29,7.64,0,False,3.65,323055146.0,51.16,52.02,63.75,48.37,53.99,47.04,56.63,47.04,65.29,54.13,RESISTANCE_BREAKOUT,BREAKOUT,0.27,,,0,,,0,False,False,51.69,EMA50,52.02,3.91,4.51,48.37,48.37,56.84,58.47,59.55,1.77,56.63,4.61,False,5.0,56.63,4.61,1.02,False,2.5,9.18,0.0,6284298.0,288788436.0,3.03,True,True,"Fiserv, Inc. - Common Stock",0,11.1,UNCLASSIFIED,,0.0,NONE,0.0,0.0,NONE,,True,0,NOT CHECKED,NONE,NEUTRAL,,,,NOT CHECKED,False,NOT CHECKED,NONE,0,,False,11.1,NO TRADE,NOT CHECKED,,,,,,,,,False,,,False,,,,False,,,,False,NONE,False,False,0,,,,NOT CHECKED,NO LIVE SIGNAL,BAR_PROXY,0.0,NO DATA,,,,,,,,11.1,False
ZTS,72.62,REJECT,REJECT,"volume contraction, low-volume pullback",18,24,40,NO TRADE,WEAK,37.0,price<EMA20; EMA20>EMA50; EMA20 falling,-4.38,37.0,0.45,3.87,0,False,2.42,330855259.0,74.49,76.3,96.08,71.5,78.75,70.98,80.17,70.98,128.59,78.89,RESISTANCE_BREAKOUT,BREAKOUT,0.18,,,0,,,0,False,False,75.98,EMA50,76.3,3.29,3.69,71.5,71.5,82.84,85.2,86.78,2.17,80.17,1.62,False,5.0,80.17,1.62,0.44,False,2.5,8.44,0.0,4395891.0,325605442.0,2.37,True,True,Zoetis Inc. Class A Common Stock,0,11.0,UNCLASSIFIED,,0.0,NONE,0.0,0.0,NONE,,True,0,NOT CHECKED,NONE,NEUTRAL,,,,NOT CHECKED,False,NOT CHECKED,NONE,0,,False,11.0,NO TRADE,NOT CHECKED,,,,,,,,,False,,,False,,,,False,,,,False,NONE,False,False,0,,,,NOT CHECKED,NO LIVE SIGNAL,BAR_PROXY,0.0,NO DATA,,,,,,,,11.0,False
KRC,34.75,REJECT,REJECT,near EMA200 pivot,18,24,40,NO TRADE,WEAK,37.0,price<EMA20; EMA20>EMA50; EMA20 falling,-4.55,29.5,0.59,2.1,0,False,2.43,40757967.0,35.8,36.48,36.04,33.77,37.53,34.6,40.85,26.89,40.85,37.6,RESISTANCE_BREAKOUT,BREAKOUT,0.18,,,0,,,0,False,False,36.33,EMA50,36.48,2.97,3.38,33.77,33.77,39.48,40.61,41.36,2.37,40.85,8.65,True,5.0,40.61,8.0,2.37,False,2.5,8.0,0.0,1135600.0,40280288.0,2.12,True,True,Kilroy Realty Corporation Common Stock,0,10.9,UNCLASSIFIED,,0.0,NONE,0.0,0.0,NONE,,True,0,NOT CHECKED,NONE,NEUTRAL,,,,NOT CHECKED,False,NOT CHECKED,NONE,0,,False,10.9,NO TRADE,NOT CHECKED,,,,,,,,,False,,,False,,,,False,,,,False,NONE,False,False,0,,,,NOT CHECKED,NO LIVE SIGNAL,BAR_PROXY,0.0,NO DATA,,,,,,,,10.9,False
WULF,16.53,REJECT,REJECT,none,0,20,40,NO TRADE,WEAK,37.0,price<EMA20; EMA20>EMA50; EMA20 falling,7.56,50.2,0.72,9.51,0,False,6.89,457259432.0,16.17,17.56,17.85,14.24,18.08,14.24,29.84,13.02,29.84,18.17,RESISTANCE_BREAKOUT,BREAKOUT,0.5,,,0,,,0,False,False,17.32,EMA50,17.56,3.35,4.7,14.44,14.27,19.08,19.62,19.99,1.7,29.84,64.22,True,5.0,19.62,8.0,1.7,False,2.5,9.38,0.0,28677240.0,450384554.0,6.36,True,True,TeraWulf Inc. - Common Stock,0,10.8,UNCLASSIFIED,,0.0,NONE,0.0,0.0,NONE,,True,0,NOT CHECKED,NONE,NEUTRAL,,,,NOT CHECKED,False,NOT CHECKED,NONE,0,,False,10.8,NO TRADE,NOT CHECKED,,,,,,,,,False,,,False,,,,False,,,,False,NONE,False,False,0,,,,NOT CHECKED,NO LIVE SIGNAL,BAR_PROXY,0.0,NO DATA,,,,,,,,10.8,False
CBOE,267.29,REJECT,REJECT,"near EMA200 pivot, volume contraction, low-volume pullback",20,26,55,NO TRADE,WEAK,37.0,price<EMA20; EMA20>EMA50; EMA20 falling,-3.61,20.0,0.34,4.76,0,False,3.98,298596764.0,287.43,289.09,282.06,266.14,316.86,226.52,316.86,226.52,369.38,317.71,RESISTANCE_BREAKOUT,BREAKOUT,0.27,,,0,,,0,False,False,299.85,ATR_FALLBACK,301.76,5.02,5.62,266.14,266.14,333.6,343.13,349.48,1.42,369.38,16.26,True,5.0,343.13,8.0,1.42,False,2.5,18.55,0.0,1011721.0,275962227.0,3.31,True,True,"Cboe Global Markets, Inc. Common Stock",0,10.8,UNCLASSIFIED,,0.0,NONE,0.0,0.0,NONE,,True,0,NOT CHECKED,NONE,NEUTRAL,,,,NOT CHECKED,False,NOT CHECKED,NONE,0,,False,10.8,NO TRADE,NOT CHECKED,,,,,,,,,False,,,False,,,,False,,,,False,NONE,False,False,0,,,,NOT CHECKED,NO LIVE SIGNAL,BAR_PROXY,0.0,NO DATA,,,,,,,,10.8,False
SIRI,28.0,REJECT,REJECT,rising EMA50,16,22,40,NO TRADE,WEAK,37.0,price<EMA20; EMA20>EMA50; EMA20 falling,-1.44,46.3,0.71,7.53,0,False,3.0,98298474.0,28.86,28.86,26.17,27.51,30.15,27.14,32.37,20.88,32.37,30.22,RESISTANCE_BREAKOUT,BREAKOUT,0.22,,,0,,,0,False,False,28.71,EMA20,28.86,4.49,4.99,28.4,28.37,31.73,32.63,33.24,1.6,32.37,7.11,True,5.0,32.37,7.11,1.43,False,2.5,7.7,0.0,3411153.0,91436188.0,2.32,True,True,SiriusXM Holdings Inc. - Common Stock,0,10.8,UNCLASSIFIED,,0.0,NONE,0.0,0.0,NONE,,True,0,NOT CHECKED,NONE,NEUTRAL,,,,NOT CHECKED,False,NOT CHECKED,NONE,0,,False,10.8,NO TRADE,NOT CHECKED,,,,,,,,,False,,,False,,,,False,,,,False,NONE,False,False,0,,,,NOT CHECKED,NO LIVE SIGNAL,BAR_PROXY,0.0,NO DATA,,,,,,,,10.8,False
ADBE,250.34,REJECT,REJECT,"rising EMA50, near EMA50 support",22,28,55,NO TRADE,WEAK,37.0,price<EMA20; EMA20>EMA50; EMA20 falling,-7.21,28.8,0.46,5.73,0,False,4.1,1330838996.0,262.8,257.13,268.3,241.51,294.53,191.2,294.53,190.12,294.13,295.35,RESISTANCE_BREAKOUT,BREAKOUT,0.28,,,0,,,0,False,False,278.11,ATR_FALLBACK,279.96,5.21,5.84,241.51,241.51,310.12,318.98,324.89,1.37,,,False,5.0,318.98,8.0,1.37,False,2.5,17.65,0.0,4969131.0,1157582463.0,3.04,True,True,Adobe Inc. - Common Stock,0,10.7,UNCLASSIFIED,,0.0,NONE,0.0,0.0,NONE,,True,0,NOT CHECKED,NONE,NEUTRAL,,,,NOT CHECKED,False,NOT CHECKED,NONE,0,,False,10.7,NO TRADE,NOT CHECKED,,,,,,,,,False,,,False,,,,False,,,,False,NONE,False,False,0,,,,NOT CHECKED,NO LIVE SIGNAL,BAR_PROXY,0.0,NO DATA,,,,,,,,10.7,False
INGM,27.12,REJECT,REJECT,near EMA50 support,14,24,55,NO TRADE,WEAK,37.0,price<EMA20; EMA20>EMA50; EMA20 falling,1.14,38.2,0.56,4.47,0,False,4.07,52923956.0,27.49,27.87,25.97,25.68,29.59,25.48,30.85,20.02,31.59,29.68,RESISTANCE_BREAKOUT,BREAKOUT,0.3,,,0,,,0,False,False,27.9,EMA50,27.87,6.11,6.0,25.68,25.68,31.17,32.06,32.65,1.33,30.85,3.94,False,5.0,30.85,3.94,0.66,False,2.5,9.13,0.0,1941566.0,33877651.0,3.35,True,True,Ingram Micro Holding Corporation Common Stock,0,10.7,UNCLASSIFIED,,0.0,NONE,0.0,0.0,NONE,,True,0,NOT CHECKED,NONE,NEUTRAL,,,,NOT CHECKED,False,NOT CHECKED,NONE,0,,False,10.7,NO TRADE,NOT CHECKED,,,,,,,,,False,,,False,,,,False,,,,False,NONE,False,False,0,,,,NOT CHECKED,NO LIVE SIGNAL,BAR_PROXY,0.0,NO DATA,,,,,,,,10.7,False
RGTI,16.09,REJECT,REJECT,"near EMA50 support, volume contraction",20,26,55,NO TRADE,WEAK,37.0,price<EMA20; EMA20>EMA50; EMA20 falling,-4.41,46.7,0.82,11.48,1,True,5.1,257348971.0,15.71,16.45,19.14,14.41,18.06,13.13,22.57,12.53,28.06,18.12,RESISTANCE_BREAKOUT,BREAKOUT,0.36,,,0,,,0,False,False,17.03,ATR_FALLBACK,16.89,6.8,6.0,14.41,14.41,19.03,19.57,19.93,1.33,22.57,24.55,True,5.0,19.57,8.0,1.33,False,2.5,12.18,0.0,16287662.0,221491606.0,5.42,True,True,"Rigetti Computing, Inc.  - Common stock",0,10.4,UNCLASSIFIED,,0.0,NONE,0.0,0.0,NONE,,True,0,NOT CHECKED,NONE,NEUTRAL,,,,NOT CHECKED,False,NOT CHECKED,NONE,0,,False,10.4,NO TRADE,NOT CHECKED,,,,,,,,,False,,,False,,,,False,,,,False,NONE,False,False,0,,,,NOT CHECKED,NO LIVE SIGNAL,BAR_PROXY,0.0,NO DATA,,,,,,,,10.4,True
VSXY,77.69,REJECT,REJECT,"tight range, volume contraction",24,30,55,NO TRADE,WEAK,37.0,price<EMA20; EMA20>EMA50; EMA20 falling,-11.4,34.1,0.36,5.58,0,False,5.69,155857312.0,79.63,81.02,65.51,71.72,92.64,71.72,102.46,41.99,102.46,93.0,RESISTANCE_BREAKOUT,BREAKOUT,0.38,,,0,,,0,False,False,87.42,ATR_FALLBACK,86.37,7.13,6.0,71.72,71.72,97.65,100.44,102.3,1.33,102.46,10.17,True,5.0,100.44,8.0,1.33,False,2.5,19.24,0.0,1972566.0,120943013.0,4.72,True,True,Victorias Secret & Co. Common Stock ,0,10.4,UNCLASSIFIED,,0.0,NONE,0.0,0.0,NONE,,True,0,NOT CHECKED,NONE,NEUTRAL,,,,NOT CHECKED,False,NOT CHECKED,NONE,0,,False,10.4,NO TRADE,NOT CHECKED,,,,,,,,,False,,,False,,,,False,,,,False,NONE,False,False,0,,,,NOT CHECKED,NO LIVE SIGNAL,BAR_PROXY,0.0,NO DATA,,,,,,,,10.4,False
FIGS,13.11,REJECT,REJECT,"rising EMA50, near EMA50 support",22,28,55,NO TRADE,WEAK,37.0,price<EMA20; EMA20>EMA50; EMA20 falling,-8.57,32.0,0.32,26.87,1,True,4.99,35912081.0,13.77,13.22,12.07,12.6,15.74,9.17,16.38,9.17,17.48,15.79,RESISTANCE_BREAKOUT,BREAKOUT,0.33,,,0,,,0,False,False,14.84,ATR_FALLBACK,14.81,6.21,6.0,12.6,12.6,16.58,17.05,17.37,1.33,16.38,3.74,False,5.0,16.38,3.74,0.62,False,2.5,19.99,0.0,2522822.0,34592938.0,4.42,True,True,"FIGS, Inc. Class A Common Stock",0,10.1,UNCLASSIFIED,,0.0,NONE,0.0,0.0,NONE,,True,0,NOT CHECKED,NONE,NEUTRAL,,,,NOT CHECKED,False,NOT CHECKED,NONE,0,,False,10.1,NO TRADE,NOT CHECKED,,,,,,,,,False,,,False,,,,False,,,,False,NONE,False,False,0,,,,NOT CHECKED,NO LIVE SIGNAL,BAR_PROXY,0.0,NO DATA,,,,,,,,10.1,True
UAL,107.8,REJECT,REJECT,"near EMA200 pivot, tight range",20,26,55,NO TRADE,WEAK,37.0,price<EMA20; EMA20>EMA50; EMA20 falling,-5.98,41.7,0.47,3.56,0,False,3.43,376454125.0,110.69,114.34,110.1,104.15,119.73,104.15,138.77,84.64,138.77,120.03,RESISTANCE_BREAKOUT,BREAKOUT,0.25,,,0,,,0,False,False,113.68,EMA50,114.34,4.74,5.29,104.59,104.59,126.03,129.63,132.03,1.51,138.77,15.62,True,5.0,129.63,8.0,1.51,False,2.5,11.14,0.0,3435075.0,373358921.0,2.9,True,True,"United Airlines Holdings, Inc. - Common Stock",0,9.7,UNCLASSIFIED,,0.0,NONE,0.0,0.0,NONE,,True,0,NOT CHECKED,NONE,NEUTRAL,,,,NOT CHECKED,False,NOT CHECKED,NONE,0,,False,9.7,NO TRADE,NOT CHECKED,,,,,,,,,False,,,False,,,,False,,,,False,NONE,False,False,0,,,,NOT CHECKED,NO LIVE SIGNAL,BAR_PROXY,0.0,NO DATA,,,,,,,,9.7,False
IONQ,40.21,REJECT,REJECT,"near EMA50 support, volume contraction",20,26,55,NO TRADE,WEAK,37.0,price<EMA20; EMA20>EMA50; EMA20 falling,-6.35,43.1,0.81,11.86,1,True,5.97,727348770.0,39.16,41.28,46.32,35.0,45.46,31.81,61.99,25.89,73.65,45.65,RESISTANCE_BREAKOUT,BREAKOUT,0.42,,,0,,,0,False,False,42.91,ATR_FALLBACK,42.05,7.89,6.0,35.0,35.0,47.93,49.3,50.22,1.33,61.99,35.79,True,5.0,49.3,8.0,1.33,False,2.5,13.06,0.0,18416033.0,613196828.0,5.81,True,True,"IonQ, Inc. Common Stock",0,9.5,UNCLASSIFIED,,0.0,NONE,0.0,0.0,NONE,,True,0,NOT CHECKED,NONE,NEUTRAL,,,,NOT CHECKED,False,NOT CHECKED,NONE,0,,False,9.5,NO TRADE,NOT CHECKED,,,,,,,,,False,,,False,,,,False,,,,False,NONE,False,False,0,,,,NOT CHECKED,NO LIVE SIGNAL,BAR_PROXY,0.0,NO DATA,,,,,,,,9.5,True
NXPI,225.13,REJECT,REJECT,none,8,24,55,NO TRADE,WEAK,37.0,price<EMA20; EMA20>EMA50; EMA20 falling,0.97,50.2,0.61,4.48,0,False,3.31,659809384.0,226.64,238.83,243.23,216.33,237.53,216.33,324.93,183.23,337.28,238.13,RESISTANCE_BREAKOUT,BREAKOUT,0.25,,,0,,,0,False,False,225.3,EMA20,226.64,4.82,5.39,216.66,216.66,250.03,257.18,261.94,1.49,324.93,36.45,True,5.0,257.18,8.0,1.49,False,2.5,5.51,0.0,2944350.0,658555780.0,2.67,True,True,NXP Semiconductors N.V. - Common Stock,0,9.4,UNCLASSIFIED,,0.0,NONE,0.0,0.0,NONE,,True,0,NOT CHECKED,NONE,NEUTRAL,,,,NOT CHECKED,False,NOT CHECKED,NONE,0,,False,9.4,NO TRADE,NOT CHECKED,,,,,,,,,False,,,False,,,,False,,,,False,NONE,False,False,0,,,,NOT CHECKED,NO LIVE SIGNAL,BAR_PROXY,0.0,NO DATA,,,,,,,,9.4,False
ASTS,63.1,REJECT,REJECT,volume contraction,14,26,55,NO TRADE,WEAK,37.0,price<EMA20; EMA20>EMA50; EMA20 falling,-4.1,52.7,0.61,11.83,1,True,6.17,559374437.0,61.99,66.02,73.22,55.7,70.1,52.8,91.82,52.8,133.86,70.41,RESISTANCE_BREAKOUT,BREAKOUT,0.44,,,0,,,0,False,False,66.19,EMA50,66.02,6.24,6.0,57.27,57.27,73.93,76.04,77.45,1.33,91.82,30.4,True,5.0,76.04,8.0,1.33,False,2.5,11.09,0.0,9058544.0,500322839.0,5.65,True,True,"AST SpaceMobile, Inc. - Class A Common Stock",0,9.4,UNCLASSIFIED,,0.0,NONE,0.0,0.0,NONE,,True,0,NOT CHECKED,NONE,NEUTRAL,,,,NOT CHECKED,False,NOT CHECKED,NONE,0,,False,9.4,NO TRADE,NOT CHECKED,,,,,,,,,False,,,False,,,,False,,,,False,NONE,False,False,0,,,,NOT CHECKED,NO LIVE SIGNAL,BAR_PROXY,0.0,NO DATA,,,,,,,,9.4,True
CRK,12.98,REJECT,REJECT,"rising EMA50, volume contraction, low-volume pullback",18,24,55,NO TRADE,WEAK,37.0,price<EMA20; EMA20>EMA50; EMA20 falling,-3.18,37.1,0.41,11.02,1,True,5.64,41466879.0,14.3,14.21,16.22,12.98,16.12,12.12,16.12,12.12,23.44,16.18,RESISTANCE_BREAKOUT,BREAKOUT,0.36,,,0,,,0,False,False,15.21,ATR_FALLBACK,15.08,6.78,6.0,12.98,12.98,16.99,17.47,17.8,1.33,23.44,44.88,True,5.0,17.47,8.0,1.33,False,2.5,24.14,0.0,2792843.0,32872447.0,4.49,True,True,"Comstock Resources, Inc. Common Stock",0,9.4,UNCLASSIFIED,,0.0,NONE,0.0,0.0,NONE,,True,0,NOT CHECKED,NONE,NEUTRAL,,,,NOT CHECKED,False,NOT CHECKED,NONE,0,,False,9.4,NO TRADE,NOT CHECKED,,,,,,,,,False,,,False,,,,False,,,,False,NONE,False,False,0,,,,NOT CHECKED,NO LIVE SIGNAL,BAR_PROXY,0.0,NO DATA,,,,,,,,9.4,True
AM,21.37,REJECT,REJECT,near EMA200 pivot,18,24,55,NO TRADE,WEAK,37.0,price<EMA20; EMA20>EMA50; EMA20 falling,-3.79,29.9,0.61,3.15,0,False,2.17,44418535.0,22.04,22.05,20.96,21.03,23.19,21.09,23.19,19.98,23.35,23.23,RESISTANCE_BREAKOUT,BREAKOUT,0.16,,,0,,,0,False,False,21.97,EMA50,22.05,5.07,5.43,21.03,21.03,24.39,25.09,25.56,1.47,23.35,0.49,False,5.0,23.35,0.49,0.09,False,2.5,8.56,0.0,1999327.0,43734233.0,2.28,True,True,Antero Midstream Corporation Common Stock,0,9.1,UNCLASSIFIED,,0.0,NONE,0.0,0.0,NONE,,True,0,NOT CHECKED,NONE,NEUTRAL,,,,NOT CHECKED,False,NOT CHECKED,NONE,0,,False,9.1,NO TRADE,NOT CHECKED,,,,,,,,,False,,,False,,,,False,,,,False,NONE,False,False,0,,,,NOT CHECKED,NO LIVE SIGNAL,BAR_PROXY,0.0,NO DATA,,,,,,,,9.1,False
ETOR,28.08,REJECT,REJECT,"volume contraction, low-volume pullback",10,16,20,NO TRADE,WEAK,37.0,price<EMA20; EMA20>EMA50; EMA20 falling,-0.56,25.8,0.38,6.33,0,False,4.05,33043641.0,30.48,32.59,35.44,27.76,33.19,27.4,42.28,27.4,43.31,33.28,RESISTANCE_BREAKOUT,BREAKOUT,0.27,,,0,,,0,False,False,32.39,EMA50,32.59,2.07,2.68,27.76,27.76,34.94,35.94,36.61,2.98,42.28,27.04,True,5.0,35.94,8.0,2.98,True,2.5,18.2,0.0,1081644.0,30337668.0,3.69,True,True,eToro Group Ltd. - Class A Common Shares,0,9.1,UNCLASSIFIED,,0.0,NONE,0.0,0.0,NONE,,True,0,NOT CHECKED,NONE,NEUTRAL,,,,NOT CHECKED,False,NOT CHECKED,NONE,0,,False,9.1,NO TRADE,NOT CHECKED,,,,,,,,,False,,,False,,,,False,,,,False,NONE,False,False,0,,,,NOT CHECKED,NO LIVE SIGNAL,BAR_PROXY,0.0,NO DATA,,,,,,,,9.1,False
XYZ,76.89,REJECT,REJECT,"volume contraction, low-volume pullback",18,24,55,NO TRADE,WEAK,37.0,price<EMA20; EMA20>EMA50; EMA20 falling,-4.08,30.4,0.29,6.14,0,False,3.52,313110493.0,79.87,79.33,73.57,75.78,86.92,71.5,86.92,55.86,86.92,87.14,RESISTANCE_BREAKOUT,BREAKOUT,0.25,,,0,,,0,False,False,82.59,ATR_FALLBACK,83.08,4.66,5.22,75.78,75.78,91.49,94.11,95.85,1.53,,,False,5.0,94.11,8.0,1.53,False,2.5,13.04,0.0,3863544.0,278548477.0,3.14,True,True,"Block, Inc. Class A Common Stock,",0,8.9,UNCLASSIFIED,,0.0,NONE,0.0,0.0,NONE,,True,0,NOT CHECKED,NONE,NEUTRAL,,,,NOT CHECKED,False,NOT CHECKED,NONE,0,,False,8.9,NO TRADE,NOT CHECKED,,,,,,,,,False,,,False,,,,False,,,,False,NONE,False,False,0,,,,NOT CHECKED,NO LIVE SIGNAL,BAR_PROXY,0.0,NO DATA,,,,,,,,8.9,False
GTX,26.47,REJECT,REJECT,"volume contraction, low-volume pullback",10,16,20,NO TRADE,WEAK,37.0,price<EMA20; EMA20>EMA50; EMA20 falling,-1.3,43.5,0.25,3.01,0,False,3.25,74776316.0,27.17,28.33,24.96,25.43,28.38,25.59,36.14,16.76,36.14,28.45,RESISTANCE_BREAKOUT,BREAKOUT,0.24,,,0,,,0,False,False,27.8,EMA50,28.33,0.43,2.27,25.43,25.43,29.87,30.72,31.29,3.53,36.14,27.04,True,5.0,30.72,8.0,3.53,True,2.5,7.22,0.0,2780701.0,75010156.0,3.02,True,True,Garrett Motion Inc. - Common Stock,0,8.8,UNCLASSIFIED,,0.0,NONE,0.0,0.0,NONE,,True,0,NOT CHECKED,NONE,NEUTRAL,,,,NOT CHECKED,False,NOT CHECKED,NONE,0,,False,8.8,NO TRADE,NOT CHECKED,,,,,,,,,False,,,False,,,,False,,,,False,NONE,False,False,0,,,,NOT CHECKED,NO LIVE SIGNAL,BAR_PROXY,0.0,NO DATA,,,,,,,,8.8,False
ZION,66.17,REJECT,REJECT,near EMA50 support,14,20,40,NO TRADE,WEAK,37.0,price<EMA20; EMA20>EMA50; EMA20 falling,-2.19,42.3,0.45,2.5,0,False,2.39,88398656.0,68.09,68.17,63.39,64.13,70.13,65.72,72.85,51.95,72.85,70.26,RESISTANCE_BREAKOUT,BREAKOUT,0.18,,,0,,,0,False,False,67.88,EMA50,68.17,2.97,3.38,64.13,64.13,73.77,75.88,77.28,2.37,72.85,3.69,False,5.0,72.85,3.69,1.09,False,2.5,7.37,0.0,1304074.0,88067659.0,2.08,True,True,Zions Bancorporation N.A. - Common Stock,0,8.7,UNCLASSIFIED,,0.0,NONE,0.0,0.0,NONE,,True,0,NOT CHECKED,NONE,NEUTRAL,,,,NOT CHECKED,False,NOT CHECKED,NONE,0,,False,8.7,NO TRADE,NOT CHECKED,,,,,,,,,False,,,False,,,,False,,,,False,NONE,False,False,0,,,,NOT CHECKED,NO LIVE SIGNAL,BAR_PROXY,0.0,NO DATA,,,,,,,,8.7,False
AROC,31.41,REJECT,REJECT,near EMA200 pivot,10,16,20,NO TRADE,WEAK,37.0,price<EMA20; EMA20>EMA50; EMA20 falling,-1.82,45.7,0.3,4.05,0,False,3.43,60883008.0,32.13,33.48,32.7,29.87,33.95,30.31,41.95,30.31,41.95,34.04,RESISTANCE_BREAKOUT,BREAKOUT,0.25,,,0,,,0,False,False,33.23,EMA50,33.48,1.64,2.38,29.87,29.87,35.74,36.76,37.44,3.37,41.95,23.26,True,5.0,36.76,8.0,3.37,True,2.5,11.16,0.0,1922391.0,61056485.0,3.46,True,True,"Archrock, Inc. Common Stock",0,8.5,UNCLASSIFIED,,0.0,NONE,0.0,0.0,NONE,,True,0,NOT CHECKED,NONE,NEUTRAL,,,,NOT CHECKED,False,NOT CHECKED,NONE,0,,False,8.5,NO TRADE,NOT CHECKED,,,,,,,,,False,,,False,,,,False,,,,False,NONE,False,False,0,,,,NOT CHECKED,NO LIVE SIGNAL,BAR_PROXY,0.0,NO DATA,,,,,,,,8.5,False
TSN,52.58,REJECT,REJECT,"tight range, volume contraction, low-volume pullback",20,26,55,NO TRADE,WEAK,37.0,price<EMA20; EMA20>EMA50; EMA20 falling,-8.44,38.9,0.3,3.16,0,False,2.58,176963661.0,53.88,55.75,57.6,50.71,58.6,50.71,62.45,54.03,68.26,58.71,RESISTANCE_BREAKOUT,BREAKOUT,0.19,,,0,,,0,False,False,55.5,EMA50,55.75,5.05,5.47,51.64,50.71,61.65,63.41,64.58,1.46,62.45,6.36,True,5.0,62.45,6.36,1.16,False,2.5,12.77,0.0,3291868.0,167512711.0,2.08,True,True,"Tyson Foods, Inc. Common Stock",0,8.4,UNCLASSIFIED,,0.0,NONE,0.0,0.0,NONE,,True,0,NOT CHECKED,NONE,NEUTRAL,,,,NOT CHECKED,False,NOT CHECKED,NONE,0,,False,8.4,NO TRADE,NOT CHECKED,,,,,,,,,False,,,False,,,,False,,,,False,NONE,False,False,0,,,,NOT CHECKED,NO LIVE SIGNAL,BAR_PROXY,0.0,NO DATA,,,,,,,,8.4,False
ELAN,23.03,REJECT,REJECT,near EMA200 pivot,18,24,55,NO TRADE,WEAK,37.0,price<EMA20; EMA20>EMA50; EMA20 falling,-5.06,32.4,0.42,5.15,0,False,3.2,115005562.0,23.66,23.99,23.33,22.65,25.41,21.32,27.98,19.4,27.98,25.47,RESISTANCE_BREAKOUT,BREAKOUT,0.23,,,0,,,0,False,False,23.94,EMA50,23.99,5.82,6.0,22.65,22.65,26.74,27.51,28.02,1.33,27.98,9.86,True,5.0,27.51,8.0,1.33,False,2.5,10.31,0.0,4819642.0,106978000.0,2.92,True,True,Elanco Animal Health Incorporated Common Stock,0,8.4,UNCLASSIFIED,,0.0,NONE,0.0,0.0,NONE,,True,0,NOT CHECKED,NONE,NEUTRAL,,,,NOT CHECKED,False,NOT CHECKED,NONE,0,,False,8.4,NO TRADE,NOT CHECKED,,,,,,,,,False,,,False,,,,False,,,,False,NONE,False,False,0,,,,NOT CHECKED,NO LIVE SIGNAL,BAR_PROXY,0.0,NO DATA,,,,,,,,8.4,False
BAC,58.31,REJECT,REJECT,rising EMA50,16,22,40,NO TRADE,WEAK,37.0,price<EMA20; EMA20>EMA50; EMA20 falling,-6.31,35.4,0.51,1.88,0,False,2.4,2092313244.0,61.14,60.69,55.94,57.18,63.83,56.52,64.9,45.65,64.9,63.94,RESISTANCE_BREAKOUT,BREAKOUT,0.18,,,0,,,0,False,False,60.89,EMA20,61.14,4.38,4.78,57.18,57.18,67.14,69.06,70.34,1.67,64.9,1.5,False,5.0,64.9,1.5,0.31,False,2.5,9.94,0.0,34187817.0,1857333749.0,2.06,True,True,Bank of America Corporation Common Stock,0,8.3,UNCLASSIFIED,,0.0,NONE,0.0,0.0,NONE,,True,0,NOT CHECKED,NONE,NEUTRAL,,,,NOT CHECKED,False,NOT CHECKED,NONE,0,,False,8.3,NO TRADE,NOT CHECKED,,,,,,,,,False,,,False,,,,False,,,,False,NONE,False,False,0,,,,NOT CHECKED,NO LIVE SIGNAL,BAR_PROXY,0.0,NO DATA,,,,,,,,8.3,False
HIMS,27.98,REJECT,REJECT,"tight range, volume contraction, low-volume pullback",20,26,55,NO TRADE,WEAK,37.0,price<EMA20; EMA20>EMA50; EMA20 falling,-9.1,30.8,0.5,13.51,1,True,4.77,296402216.0,28.75,29.56,31.32,26.73,34.46,24.24,39.05,14.31,39.05,34.56,RESISTANCE_BREAKOUT,BREAKOUT,0.31,,,0,,,0,False,False,32.49,ATR_FALLBACK,32.56,5.79,6.0,26.73,26.73,36.29,37.33,38.02,1.33,39.05,12.98,True,5.0,37.33,8.0,1.33,False,2.5,23.17,0.0,10005986.0,243538698.0,5.43,True,True,"Hims & Hers Health, Inc. Class A Common Stock",0,8.1,UNCLASSIFIED,,0.0,NONE,0.0,0.0,NONE,,True,0,NOT CHECKED,NONE,NEUTRAL,,,,NOT CHECKED,False,NOT CHECKED,NONE,0,,False,8.1,NO TRADE,NOT CHECKED,,,,,,,,,False,,,False,,,,False,,,,False,NONE,False,False,0,,,,NOT CHECKED,NO LIVE SIGNAL,BAR_PROXY,0.0,NO DATA,,,,,,,,8.1,True
REPL,12.78,REJECT,REJECT,"rising EMA50, near EMA50 support",22,28,55,NO TRADE,WEAK,37.0,price<EMA20; EMA20>EMA50; EMA20 falling,-12.79,19.1,0.23,13.35,2,True,5.81,31630647.0,13.87,12.8,9.41,12.4,16.33,4.76,16.33,1.5,16.15,16.39,RESISTANCE_BREAKOUT,BREAKOUT,0.36,,,0,,,0,False,False,15.41,ATR_FALLBACK,15.28,6.8,6.0,12.4,12.4,17.21,17.7,18.03,1.33,,,False,5.0,17.7,8.0,1.33,False,2.5,27.78,0.0,2188130.0,29341103.0,5.57,True,True,"Replimune Group, Inc. - Common Stock",0,8.0,UNCLASSIFIED,,0.0,NONE,0.0,0.0,NONE,,True,0,NOT CHECKED,NONE,NEUTRAL,,,,NOT CHECKED,False,NOT CHECKED,NONE,0,,False,8.0,NO TRADE,NOT CHECKED,,,,,,,,,False,,,False,,,,False,,,,False,NONE,False,False,0,,,,NOT CHECKED,NO LIVE SIGNAL,BAR_PROXY,0.0,NO DATA,,,,,,,,8.0,True
PLNT,49.92,REJECT,REJECT,tight range,18,24,55,NO TRADE,WEAK,37.0,price<EMA20; EMA20>EMA50; EMA20 falling,-6.56,41.1,0.33,5.39,0,False,3.22,80204406.0,51.1,52.31,66.66,48.55,55.37,47.58,57.4,37.03,83.45,55.5,RESISTANCE_BREAKOUT,BREAKOUT,0.23,,,0,,,0,False,False,52.17,EMA50,52.31,5.74,6.0,49.08,48.55,58.27,59.94,61.05,1.33,57.4,3.43,False,5.0,57.4,3.43,0.57,False,2.5,10.93,0.0,1557081.0,79157201.0,3.07,True,True,"Planet Fitness, Inc. Common Stock",0,7.7,UNCLASSIFIED,,0.0,NONE,0.0,0.0,NONE,,True,0,NOT CHECKED,NONE,NEUTRAL,,,,NOT CHECKED,False,NOT CHECKED,NONE,0,,False,7.7,NO TRADE,NOT CHECKED,,,,,,,,,False,,,False,,,,False,,,,False,NONE,False,False,0,,,,NOT CHECKED,NO LIVE SIGNAL,BAR_PROXY,0.0,NO DATA,,,,,,,,7.7,False
CEG,262.64,REJECT,REJECT,rising EMA50,16,22,55,NO TRADE,WEAK,37.0,price<EMA20; EMA20>EMA50; EMA20 falling,-3.29,38.3,0.63,4.88,0,False,4.1,696564600.0,275.67,273.72,288.5,254.71,305.8,228.28,305.8,228.28,332.33,306.66,RESISTANCE_BREAKOUT,BREAKOUT,0.28,,,0,,,0,False,False,288.58,ATR_FALLBACK,290.52,5.26,5.9,254.71,254.71,321.99,331.19,337.33,1.36,332.33,8.37,True,5.0,331.19,8.0,1.36,False,2.5,16.44,0.0,2493874.0,687930178.0,3.21,True,True,Constellation Energy Corporation - Common Stock When-Issued,0,7.6,UNCLASSIFIED,,0.0,NONE,0.0,0.0,NONE,,True,0,NOT CHECKED,NONE,NEUTRAL,,,,NOT CHECKED,False,NOT CHECKED,NONE,0,,False,7.6,NO TRADE,NOT CHECKED,,,,,,,,,False,,,False,,,,False,,,,False,NONE,False,False,0,,,,NOT CHECKED,NO LIVE SIGNAL,BAR_PROXY,0.0,NO DATA,,,,,,,,7.6,False
COF,203.54,REJECT,REJECT,near EMA200 pivot,18,24,55,NO TRADE,WEAK,37.0,price<EMA20; EMA20>EMA50; EMA20 falling,-6.87,31.2,0.49,2.56,0,False,2.39,666544582.0,211.22,210.17,206.55,200.55,221.51,190.71,227.34,173.62,227.34,221.9,RESISTANCE_BREAKOUT,BREAKOUT,0.18,,,0,,,0,False,False,210.34,EMA20,211.22,4.81,5.21,200.55,200.55,232.99,239.65,244.09,1.54,227.34,2.45,False,5.0,227.34,2.45,0.47,False,2.5,10.35,0.0,3133761.0,649470304.0,2.21,True,True,Capital One Financial Corporation Common Stock,0,7.5,UNCLASSIFIED,,0.0,NONE,0.0,0.0,NONE,,True,0,NOT CHECKED,NONE,NEUTRAL,,,,NOT CHECKED,False,NOT CHECKED,NONE,0,,False,7.5,NO TRADE,NOT CHECKED,,,,,,,,,False,,,False,,,,False,,,,False,NONE,False,False,0,,,,NOT CHECKED,NO LIVE SIGNAL,BAR_PROXY,0.0,NO DATA,,,,,,,,7.5,False
NFLX,75.57,REJECT,REJECT,near EMA50 support,14,20,40,NO TRADE,WEAK,37.0,price<EMA20; EMA20>EMA50; EMA20 falling,-4.87,39.6,0.53,5.43,0,False,2.93,2047941425.0,78.03,77.86,87.24,75.03,83.6,65.08,83.6,65.08,108.95,83.78,RESISTANCE_BREAKOUT,BREAKOUT,0.21,,,0,,,0,False,False,80.05,ATR_FALLBACK,80.45,3.97,4.45,75.03,75.03,87.97,90.48,92.16,1.8,108.95,30.05,True,5.0,90.48,8.0,1.8,False,2.5,10.62,0.0,25781641.0,1959009504.0,2.43,True,True,"Netflix, Inc. - Common Stock",0,7.4,UNCLASSIFIED,,0.0,NONE,0.0,0.0,NONE,,True,0,NOT CHECKED,NONE,NEUTRAL,,,,NOT CHECKED,False,NOT CHECKED,NONE,0,,False,7.4,NO TRADE,NOT CHECKED,,,,,,,,,False,,,False,,,,False,,,,False,NONE,False,False,0,,,,NOT CHECKED,NO LIVE SIGNAL,BAR_PROXY,0.0,NO DATA,,,,,,,,7.4,False
TTWO,209.91,REJECT,REJECT,"tight range, volume contraction, low-volume pullback",20,26,55,NO TRADE,WEAK,37.0,price<EMA20; EMA20>EMA50; EMA20 falling,-10.53,29.2,0.56,6.04,0,False,3.67,582210186.0,221.04,228.41,230.76,208.52,245.68,208.52,265.94,187.63,265.94,246.3,RESISTANCE_BREAKOUT,BREAKOUT,0.25,,,0,,,0,False,False,233.35,ATR_FALLBACK,234.73,4.69,5.26,209.25,208.52,258.61,266.0,270.93,1.52,265.94,7.98,True,5.0,265.94,7.98,1.52,False,2.5,17.43,0.0,2615763.0,536793028.0,3.52,True,True,"Take-Two Interactive Software, Inc. - Common Stock",0,7.4,UNCLASSIFIED,,0.0,NONE,0.0,0.0,NONE,,True,0,NOT CHECKED,NONE,NEUTRAL,,,,NOT CHECKED,False,NOT CHECKED,NONE,0,,False,7.4,NO TRADE,NOT CHECKED,,,,,,,,,False,,,False,,,,False,,,,False,NONE,False,False,0,,,,NOT CHECKED,NO LIVE SIGNAL,BAR_PROXY,0.0,NO DATA,,,,,,,,7.4,False
RXO,19.67,REJECT,REJECT,"near EMA200 pivot, volume contraction, low-volume pullback",20,26,55,NO TRADE,WEAK,37.0,price<EMA20; EMA20>EMA50; EMA20 falling,-10.44,28.2,0.35,7.21,0,False,5.29,30534798.0,20.5,21.93,20.44,18.56,22.94,19.27,29.9,11.68,29.9,23.02,RESISTANCE_BREAKOUT,BREAKOUT,0.36,,,0,,,0,False,False,21.74,EMA50,21.93,4.75,5.56,18.56,18.56,24.17,24.87,25.33,1.44,29.9,29.87,True,5.0,24.87,8.0,1.44,False,2.5,17.9,0.0,1484645.0,31051555.0,5.11,True,True,"RXO, Inc. Common Stock",0,7.4,UNCLASSIFIED,,0.0,NONE,0.0,0.0,NONE,,True,0,NOT CHECKED,NONE,NEUTRAL,,,,NOT CHECKED,False,NOT CHECKED,NONE,0,,False,7.4,NO TRADE,NOT CHECKED,,,,,,,,,False,,,False,,,,False,,,,False,NONE,False,False,0,,,,NOT CHECKED,NO LIVE SIGNAL,BAR_PROXY,0.0,NO DATA,,,,,,,,7.4,False
FOUR,41.68,REJECT,REJECT,"tight range, volume contraction, low-volume pullback",20,26,55,NO TRADE,WEAK,37.0,price<EMA20; EMA20>EMA50; EMA20 falling,-10.65,44.5,0.17,9.29,0,False,6.74,87625570.0,44.07,45.44,52.23,40.78,51.07,38.23,57.38,34.56,57.38,51.29,RESISTANCE_BREAKOUT,BREAKOUT,0.44,,,0,,,0,False,False,48.22,ATR_FALLBACK,47.08,8.22,6.0,40.93,40.8,53.86,55.4,56.42,1.33,57.38,11.87,True,5.0,55.4,8.0,1.33,False,2.5,22.53,0.0,1967679.0,86229184.0,6.14,True,True,"Shift4 Payments, Inc. Class A Common Stock",0,7.3,UNCLASSIFIED,,0.0,NONE,0.0,0.0,NONE,,True,0,NOT CHECKED,NONE,NEUTRAL,,,,NOT CHECKED,False,NOT CHECKED,NONE,0,,False,7.3,NO TRADE,NOT CHECKED,,,,,,,,,False,,,False,,,,False,,,,False,NONE,False,False,0,,,,NOT CHECKED,NO LIVE SIGNAL,BAR_PROXY,0.0,NO DATA,,,,,,,,7.3,False
LOW,194.21,REJECT,REJECT,"tight range, volume contraction, low-volume pullback",20,26,55,NO TRADE,WEAK,37.0,price<EMA20; EMA20>EMA50; EMA20 falling,-10.81,27.4,0.31,2.27,0,False,2.06,623235415.0,202.2,208.6,226.63,193.35,220.31,195.06,227.4,199.4,258.6,220.63,RESISTANCE_BREAKOUT,BREAKOUT,0.15,,,0,,,0,False,False,207.88,EMA50,208.6,5.45,5.78,193.35,193.35,231.66,238.28,242.69,1.38,227.4,3.07,False,5.0,227.4,3.07,0.53,False,2.5,16.26,0.0,3048016.0,579973993.0,2.02,True,True,"Lowe's Companies, Inc. Common Stock",0,7.2,UNCLASSIFIED,,0.0,NONE,0.0,0.0,NONE,,True,0,NOT CHECKED,NONE,NEUTRAL,,,,NOT CHECKED,False,NOT CHECKED,NONE,0,,False,7.2,NO TRADE,NOT CHECKED,,,,,,,,,False,,,False,,,,False,,,,False,NONE,False,False,0,,,,NOT CHECKED,NO LIVE SIGNAL,BAR_PROXY,0.0,NO DATA,,,,,,,,7.2,False
PVH,74.14,REJECT,REJECT,volume contraction,14,20,40,NO TRADE,WEAK,37.0,price<EMA20; EMA20>EMA50; EMA20 falling,-5.17,45.1,0.41,5.35,0,False,3.72,78743615.0,74.0,77.1,78.6,67.62,79.2,67.62,91.08,59.55,100.7,79.42,RESISTANCE_BREAKOUT,BREAKOUT,0.28,,,0,,,0,False,False,76.61,EMA50,77.1,2.92,3.54,67.62,67.62,83.39,85.77,87.36,2.26,91.08,14.69,True,5.0,85.77,8.0,2.26,False,2.5,8.63,0.0,1073613.0,73247545.0,3.68,True,True,PVH Corp. Common Stock,0,7.2,UNCLASSIFIED,,0.0,NONE,0.0,0.0,NONE,,True,0,NOT CHECKED,NONE,NEUTRAL,,,,NOT CHECKED,False,NOT CHECKED,NONE,0,,False,7.2,NO TRADE,NOT CHECKED,,,,,,,,,False,,,False,,,,False,,,,False,NONE,False,False,0,,,,NOT CHECKED,NO LIVE SIGNAL,BAR_PROXY,0.0,NO DATA,,,,,,,,7.2,False
TRU,73.46,REJECT,REJECT,"near EMA200 pivot, volume contraction, low-volume pullback",20,26,55,NO TRADE,WEAK,37.0,price<EMA20; EMA20>EMA50; EMA20 falling,-11.01,24.6,0.3,5.12,0,False,4.1,158986063.0,79.15,78.74,77.61,73.9,86.4,63.28,86.4,63.28,86.37,86.64,RESISTANCE_BREAKOUT,BREAKOUT,0.28,,,0,,,0,False,False,81.58,ATR_FALLBACK,82.13,5.21,5.84,73.9,73.9,90.97,93.57,95.3,1.37,,,False,5.0,93.57,8.0,1.37,False,2.5,17.61,0.0,1966220.0,158444649.0,2.91,True,True,TransUnion Common Stock,0,7.1,UNCLASSIFIED,,0.0,NONE,0.0,0.0,NONE,,True,0,NOT CHECKED,NONE,NEUTRAL,,,,NOT CHECKED,False,NOT CHECKED,NONE,0,,False,7.1,NO TRADE,NOT CHECKED,,,,,,,,,False,,,False,,,,False,,,,False,NONE,False,False,0,,,,NOT CHECKED,NO LIVE SIGNAL,BAR_PROXY,0.0,NO DATA,,,,,,,,7.1,False
CVNA,66.58,REJECT,REJECT,rising EMA50,16,22,55,NO TRADE,WEAK,37.0,price<EMA20; EMA20>EMA50; EMA20 falling,-4.56,31.1,0.44,8.37,0,False,4.5,484580241.0,70.44,70.01,71.1,64.84,76.8,56.12,76.8,54.46,83.91,77.04,RESISTANCE_BREAKOUT,BREAKOUT,0.31,,,0,,,0,False,False,72.42,ATR_FALLBACK,72.54,5.84,6.0,64.84,64.84,80.89,83.2,84.74,1.33,83.91,8.92,True,5.0,83.2,8.0,1.33,False,2.5,15.35,0.0,6761187.0,440164571.0,4.15,True,True,Carvana Co. Class A Common Stock,0,7.0,UNCLASSIFIED,,0.0,NONE,0.0,0.0,NONE,,True,0,NOT CHECKED,NONE,NEUTRAL,,,,NOT CHECKED,False,NOT CHECKED,NONE,0,,False,7.0,NO TRADE,NOT CHECKED,,,,,,,,,False,,,False,,,,False,,,,False,NONE,False,False,0,,,,NOT CHECKED,NO LIVE SIGNAL,BAR_PROXY,0.0,NO DATA,,,,,,,,7.0,False
TAP,39.26,REJECT,REJECT,near EMA50 support,14,20,40,NO TRADE,WEAK,37.0,price<EMA20; EMA20>EMA50; EMA20 falling,-5.61,34.2,0.38,3.31,0,False,2.63,109993853.0,39.89,40.38,41.97,37.76,43.41,37.64,43.99,37.6,47.77,43.5,RESISTANCE_BREAKOUT,BREAKOUT,0.19,,,0,,,0,False,False,41.76,ATR_FALLBACK,41.95,3.56,3.99,37.76,37.76,45.67,46.98,47.85,2.01,43.99,1.13,False,5.0,43.99,1.13,0.28,False,2.5,10.58,0.0,2746591.0,105805639.0,2.45,True,True,Molson Coors Beverage Company Class B Common Stock,0,7.0,UNCLASSIFIED,,0.0,NONE,0.0,0.0,NONE,,True,0,NOT CHECKED,NONE,NEUTRAL,,,,NOT CHECKED,False,NOT CHECKED,NONE,0,,False,7.0,NO TRADE,NOT CHECKED,,,,,,,,,False,,,False,,,,False,,,,False,NONE,False,False,0,,,,NOT CHECKED,NO LIVE SIGNAL,BAR_PROXY,0.0,NO DATA,,,,,,,,7.0,False
IBKR,88.5,REJECT,REJECT,near EMA50 support,14,20,55,NO TRADE,WEAK,37.0,price<EMA20; EMA20>EMA50; EMA20 falling,-1.24,34.7,0.41,5.52,0,False,3.4,344327837.0,90.87,90.77,82.1,84.96,98.66,85.29,98.66,62.9,98.66,98.9,RESISTANCE_BREAKOUT,BREAKOUT,0.24,,,0,,,0,False,False,93.84,ATR_FALLBACK,94.39,4.57,5.11,84.96,84.96,103.85,106.81,108.79,1.56,,,False,5.0,106.81,8.0,1.56,False,2.5,11.47,0.0,3726837.0,337944754.0,3.04,True,True,"Interactive Brokers Group, Inc. - Class A Common Stock",0,6.9,UNCLASSIFIED,,0.0,NONE,0.0,0.0,NONE,,True,0,NOT CHECKED,NONE,NEUTRAL,,,,NOT CHECKED,False,NOT CHECKED,NONE,0,,False,6.9,NO TRADE,NOT CHECKED,,,,,,,,,False,,,False,,,,False,,,,False,NONE,False,False,0,,,,NOT CHECKED,NO LIVE SIGNAL,BAR_PROXY,0.0,NO DATA,,,,,,,,6.9,False
AMGN,379.8,REJECT,REJECT,"volume contraction, low-volume pullback",18,24,40,NO TRADE,WEAK,37.0,price<EMA20; EMA20>EMA50; EMA20 falling,-12.72,22.0,0.5,4.02,0,False,2.77,1035954617.0,402.01,396.73,357.57,374.46,447.03,335.64,447.03,316.27,447.03,447.87,RESISTANCE_BREAKOUT,BREAKOUT,0.19,,,0,,,0,False,False,430.19,ATR_FALLBACK,432.09,3.52,3.95,374.46,374.46,470.27,483.7,492.66,2.03,,,False,5.0,483.7,8.0,2.03,False,2.5,17.7,0.0,2513874.0,992887553.0,2.04,True,True,Amgen Inc. - Common Stock,0,6.8,UNCLASSIFIED,,0.0,NONE,0.0,0.0,NONE,,True,0,NOT CHECKED,NONE,NEUTRAL,,,,NOT CHECKED,False,NOT CHECKED,NONE,0,,False,6.8,NO TRADE,NOT CHECKED,,,,,,,,,False,,,False,,,,False,,,,False,NONE,False,False,0,,,,NOT CHECKED,NO LIVE SIGNAL,BAR_PROXY,0.0,NO DATA,,,,,,,,6.8,False
AAL,12.97,REJECT,REJECT,tight range,10,16,20,NO TRADE,WEAK,37.0,price<EMA20; EMA20>EMA50; EMA20 falling,-5.54,34.8,0.72,2.35,0,False,3.2,891691955.0,13.35,14.06,13.85,12.55,14.16,12.61,18.79,10.09,18.79,14.19,RESISTANCE_BREAKOUT,BREAKOUT,0.23,,,0,,,0,False,False,13.88,EMA50,14.06,0.97,2.19,12.55,12.55,14.9,15.33,15.61,3.65,18.79,32.39,True,5.0,15.33,8.0,3.65,True,2.5,9.22,0.0,67385271.0,855862387.0,2.78,True,True,"American Airlines Group, Inc. - Common Stock",0,6.6,UNCLASSIFIED,,0.0,NONE,0.0,0.0,NONE,,True,0,NOT CHECKED,NONE,NEUTRAL,,,,NOT CHECKED,False,NOT CHECKED,NONE,0,,False,6.6,NO TRADE,NOT CHECKED,,,,,,,,,False,,,False,,,,False,,,,False,NONE,False,False,0,,,,NOT CHECKED,NO LIVE SIGNAL,BAR_PROXY,0.0,NO DATA,,,,,,,,6.6,False
LSCC,109.72,REJECT,REJECT,near EMA200 pivot,10,16,20,NO TRADE,WEAK,37.0,price<EMA20; EMA20>EMA50; EMA20 falling,-5.85,37.4,0.33,4.92,0,False,4.64,144174881.0,114.79,121.05,111.62,103.82,122.25,109.53,157.01,83.18,157.01,122.66,RESISTANCE_BREAKOUT,BREAKOUT,0.33,,,0,,,0,False,False,118.84,EMA50,121.05,1.31,3.11,103.82,103.82,128.79,132.47,134.92,2.57,157.01,28.01,True,5.0,132.47,8.0,2.57,True,2.5,15.02,0.0,1266226.0,135999917.0,3.57,True,True,Lattice Semiconductor Corporation - Common Stock,0,6.5,UNCLASSIFIED,,0.0,NONE,0.0,0.0,NONE,,True,0,NOT CHECKED,NONE,NEUTRAL,,,,NOT CHECKED,False,NOT CHECKED,NONE,0,,False,6.5,NO TRADE,NOT CHECKED,,,,,,,,,False,,,False,,,,False,,,,False,NONE,False,False,0,,,,NOT CHECKED,NO LIVE SIGNAL,BAR_PROXY,0.0,NO DATA,,,,,,,,6.5,False
HON,206.15,REJECT,REJECT,tight range,10,16,20,NO TRADE,WEAK,37.0,price<EMA20; EMA20>EMA50; EMA20 falling,-6.11,29.2,0.3,2.31,0,False,2.28,588873416.0,211.24,220.33,224.53,196.98,222.18,201.08,251.25,212.22,258.09,222.56,RESISTANCE_BREAKOUT,BREAKOUT,0.17,,,0,,,0,False,False,219.03,EMA50,220.33,1.0,1.58,196.98,196.98,233.68,240.36,244.81,5.05,251.25,12.89,True,5.0,240.36,8.0,5.05,True,2.5,10.11,0.0,2799163.0,544045590.0,2.01,True,True,Honeywell International Inc. - Common Stock,0,6.3,UNCLASSIFIED,,0.0,NONE,0.0,0.0,NONE,,True,0,NOT CHECKED,NONE,NEUTRAL,,,,NOT CHECKED,False,NOT CHECKED,NONE,0,,False,6.3,NO TRADE,NOT CHECKED,,,,,,,,,False,,,False,,,,False,,,,False,NONE,False,False,0,,,,NOT CHECKED,NO LIVE SIGNAL,BAR_PROXY,0.0,NO DATA,,,,,,,,6.3,False
ERAS,15.6,REJECT,REJECT,"tight range, volume contraction, low-volume pullback",20,26,55,NO TRADE,WEAK,37.0,price<EMA20; EMA20>EMA50; EMA20 falling,-12.75,17.3,0.38,7.83,0,False,6.82,68689806.0,16.65,16.99,13.44,15.19,20.4,13.95,21.6,8.7,24.28,20.49,RESISTANCE_BREAKOUT,BREAKOUT,0.42,,,0,,,0,False,False,19.26,ATR_FALLBACK,18.89,7.79,6.0,15.19,15.19,21.51,22.12,22.53,1.33,21.6,5.44,True,5.0,21.6,5.44,0.91,False,2.5,30.77,0.0,4061716.0,62312349.0,6.54,True,True,"Erasca, Inc. - Common Stock",0,6.3,UNCLASSIFIED,,0.0,NONE,0.0,0.0,NONE,,True,0,NOT CHECKED,NONE,NEUTRAL,,,,NOT CHECKED,False,NOT CHECKED,NONE,0,,False,6.3,NO TRADE,NOT CHECKED,,,,,,,,,False,,,False,,,,False,,,,False,NONE,False,False,0,,,,NOT CHECKED,NO LIVE SIGNAL,BAR_PROXY,0.0,NO DATA,,,,,,,,6.3,False
TREX,43.31,REJECT,REJECT,near EMA200 pivot,18,24,55,NO TRADE,WEAK,37.0,price<EMA20; EMA20>EMA50; EMA20 falling,-9.4,37.1,0.24,4.44,0,False,3.62,62570588.0,44.91,45.31,44.14,42.25,48.0,41.7,50.96,35.11,50.96,48.13,RESISTANCE_BREAKOUT,BREAKOUT,0.26,,,0,,,0,False,False,45.24,EMA50,45.31,5.86,6.0,42.25,42.25,50.53,51.98,52.94,1.33,50.96,5.89,True,5.0,50.96,5.89,0.98,False,2.5,14.64,0.0,1390348.0,56623280.0,3.17,True,True,"Trex Company, Inc. Common Stock",0,6.3,UNCLASSIFIED,,0.0,NONE,0.0,0.0,NONE,,True,0,NOT CHECKED,NONE,NEUTRAL,,,,NOT CHECKED,False,NOT CHECKED,NONE,0,,False,6.3,NO TRADE,NOT CHECKED,,,,,,,,,False,,,False,,,,False,,,,False,NONE,False,False,0,,,,NOT CHECKED,NO LIVE SIGNAL,BAR_PROXY,0.0,NO DATA,,,,,,,,6.3,False
TNGX,24.13,REJECT,REJECT,volume contraction,14,20,55,NO TRADE,WEAK,37.0,price<EMA20; EMA20>EMA50; EMA20 falling,-3.33,43.5,0.41,5.73,0,False,5.37,52967527.0,24.05,25.11,21.12,21.64,27.0,21.64,33.53,10.8,34.39,27.1,RESISTANCE_BREAKOUT,BREAKOUT,0.38,,,0,,,0,False,False,25.48,ATR_FALLBACK,25.16,7.17,6.0,23.0,21.64,28.46,29.27,29.81,1.33,33.53,23.71,True,5.0,29.27,8.0,1.33,False,2.5,11.89,0.0,2229703.0,50269537.0,5.96,True,True,"Tango Therapeutics, Inc. - Common Stock",0,5.9,UNCLASSIFIED,,0.0,NONE,0.0,0.0,NONE,,True,0,NOT CHECKED,NONE,NEUTRAL,,,,NOT CHECKED,False,NOT CHECKED,NONE,0,,False,5.9,NO TRADE,NOT CHECKED,,,,,,,,,False,,,False,,,,False,,,,False,NONE,False,False,0,,,,NOT CHECKED,NO LIVE SIGNAL,BAR_PROXY,0.0,NO DATA,,,,,,,,5.9,False
MTSI,263.95,REJECT,REJECT,near EMA200 pivot,10,16,40,NO TRADE,WEAK,37.0,price<EMA20; EMA20>EMA50; EMA20 falling,-1.32,44.7,0.47,14.49,1,True,5.37,310010682.0,266.4,281.26,264.78,235.63,287.84,228.02,401.69,197.63,418.9,288.97,RESISTANCE_BREAKOUT,BREAKOUT,0.39,,,0,,,0,False,False,278.34,EMA50,281.26,2.67,3.68,235.63,235.63,303.42,312.09,317.87,2.17,401.69,39.01,True,5.0,312.09,8.0,2.17,False,2.5,14.68,0.0,1174430.0,286580428.0,4.15,True,True,"MACOM Technology Solutions Holdings, Inc. - Common Stock",0,5.7,UNCLASSIFIED,,0.0,NONE,0.0,0.0,NONE,,True,0,NOT CHECKED,NONE,NEUTRAL,,,,NOT CHECKED,False,NOT CHECKED,NONE,0,,False,5.7,NO TRADE,NOT CHECKED,,,,,,,,,False,,,False,,,,False,,,,False,NONE,False,False,0,,,,NOT CHECKED,NO LIVE SIGNAL,BAR_PROXY,0.0,NO DATA,,,,,,,,5.7,True
SYRE,92.25,REJECT,REJECT,"near EMA50 support, volume contraction",20,26,55,NO TRADE,WEAK,37.0,price<EMA20; EMA20>EMA50; EMA20 falling,-14.39,46.5,0.41,3.08,0,False,4.31,107170821.0,92.98,93.62,69.97,84.0,110.15,81.65,110.18,38.36,110.18,110.47,RESISTANCE_BREAKOUT,BREAKOUT,0.29,,,0,,,0,False,False,103.84,ATR_FALLBACK,104.5,5.4,6.0,85.26,84.0,115.99,119.31,121.52,1.33,,,False,5.0,119.31,8.0,1.33,False,2.5,19.43,0.0,1156250.0,99573330.0,4.19,True,True,"Spyre Therapeutics, Inc. - Common Stock",0,5.5,UNCLASSIFIED,,0.0,NONE,0.0,0.0,NONE,,True,0,NOT CHECKED,NONE,NEUTRAL,,,,NOT CHECKED,False,NOT CHECKED,NONE,0,,False,5.5,NO TRADE,NOT CHECKED,,,,,,,,,False,,,False,,,,False,,,,False,NONE,False,False,0,,,,NOT CHECKED,NO LIVE SIGNAL,BAR_PROXY,0.0,NO DATA,,,,,,,,5.5,False
CNM,42.78,REJECT,REJECT,none,8,14,20,NO TRADE,WEAK,37.0,price<EMA20; EMA20>EMA50; EMA20 falling,-4.63,45.1,0.47,4.24,0,False,3.42,112286374.0,42.91,44.3,47.86,40.03,45.3,40.41,49.14,41.88,54.81,45.42,RESISTANCE_BREAKOUT,BREAKOUT,0.26,,,0,,,0,False,False,44.04,EMA50,44.3,2.46,3.04,40.03,40.03,47.69,49.05,49.96,2.63,49.14,8.2,True,5.0,49.05,8.0,2.63,True,2.5,8.04,0.0,2636054.0,94702969.0,3.12,True,True,"Core & Main, Inc. Class A Common Stock",0,5.4,UNCLASSIFIED,,0.0,NONE,0.0,0.0,NONE,,True,0,NOT CHECKED,NONE,NEUTRAL,,,,NOT CHECKED,False,NOT CHECKED,NONE,0,,False,5.4,NO TRADE,NOT CHECKED,,,,,,,,,False,,,False,,,,False,,,,False,NONE,False,False,0,,,,NOT CHECKED,NO LIVE SIGNAL,BAR_PROXY,0.0,NO DATA,,,,,,,,5.4,False
PRMB,21.44,REJECT,REJECT,"near EMA200 pivot, volume contraction",16,22,55,NO TRADE,WEAK,37.0,price<EMA20; EMA20>EMA50; EMA20 falling,-7.96,39.5,0.44,3.6,0,False,3.77,94338782.0,21.9,22.6,21.78,20.28,23.68,20.28,26.07,17.65,26.07,23.74,RESISTANCE_BREAKOUT,BREAKOUT,0.27,,,0,,,0,False,False,22.45,EMA50,22.6,4.81,5.42,20.28,20.28,24.93,25.64,26.12,1.48,26.07,9.83,True,5.0,25.64,8.0,1.48,False,2.5,11.36,0.0,4281860.0,85233439.0,3.31,True,True,Primo Brands Corporation Class A Common Stock,0,5.3,UNCLASSIFIED,,0.0,NONE,0.0,0.0,NONE,,True,0,NOT CHECKED,NONE,NEUTRAL,,,,NOT CHECKED,False,NOT CHECKED,NONE,0,,False,5.3,NO TRADE,NOT CHECKED,,,,,,,,,False,,,False,,,,False,,,,False,NONE,False,False,0,,,,NOT CHECKED,NO LIVE SIGNAL,BAR_PROXY,0.0,NO DATA,,,,,,,,5.3,False
GEV,929.74,REJECT,REJECT,none,8,14,20,NO TRADE,WEAK,37.0,price<EMA20; EMA20>EMA50; EMA20 falling,-4.93,46.5,0.9,4.79,0,False,4.23,1955833132.0,939.17,970.77,906.52,868.25,986.0,874.0,1195.94,776.13,1195.94,989.14,RESISTANCE_BREAKOUT,BREAKOUT,0.32,,,0,,,0,False,False,959.67,EMA50,970.77,1.86,2.98,868.25,868.25,1038.6,1068.28,1088.06,2.68,1195.94,20.91,True,5.0,1068.28,8.0,2.68,True,2.5,7.88,0.0,2109168.0,1772198500.0,3.53,True,True,GE Vernova Inc. Common Stock,0,5.2,UNCLASSIFIED,,0.0,NONE,0.0,0.0,NONE,,True,0,NOT CHECKED,NONE,NEUTRAL,,,,NOT CHECKED,False,NOT CHECKED,NONE,0,,False,5.2,NO TRADE,NOT CHECKED,,,,,,,,,False,,,False,,,,False,,,,False,NONE,False,False,0,,,,NOT CHECKED,NO LIVE SIGNAL,BAR_PROXY,0.0,NO DATA,,,,,,,,5.2,False
PATH,13.82,REJECT,REJECT,"volume contraction, low-volume pullback",18,24,55,NO TRADE,WEAK,37.0,price<EMA20; EMA20>EMA50; EMA20 falling,-11.47,24.4,0.55,9.37,0,False,7.23,983869922.0,15.07,14.43,12.98,13.25,18.83,9.87,18.83,9.2,18.76,18.91,RESISTANCE_BREAKOUT,BREAKOUT,0.42,,,0,,,0,False,False,17.78,ATR_FALLBACK,17.41,7.93,6.0,13.25,13.25,19.86,20.42,20.8,1.33,,,False,5.0,20.42,8.0,1.33,False,2.5,36.2,0.0,61535823.0,978972763.0,5.3,True,True,"UiPath, Inc. Class A Common Stock",0,5.2,UNCLASSIFIED,,0.0,NONE,0.0,0.0,NONE,,True,0,NOT CHECKED,NONE,NEUTRAL,,,,NOT CHECKED,False,NOT CHECKED,NONE,0,,False,5.2,NO TRADE,NOT CHECKED,,,,,,,,,False,,,False,,,,False,,,,False,NONE,False,False,0,,,,NOT CHECKED,NO LIVE SIGNAL,BAR_PROXY,0.0,NO DATA,,,,,,,,5.2,False
ALAB,287.12,REJECT,REJECT,none,8,18,55,NO TRADE,WEAK,37.0,price<EMA20; EMA20>EMA50; EMA20 falling,0.26,46.0,0.61,9.75,0,False,7.21,936039182.0,286.63,300.83,261.96,251.62,321.65,244.61,499.48,97.89,499.48,323.31,RESISTANCE_BREAKOUT,BREAKOUT,0.52,,,0,,,0,False,False,303.91,ATR_FALLBACK,292.24,9.61,6.0,251.62,251.62,339.47,349.17,355.64,1.33,499.48,54.49,True,5.0,349.17,8.0,1.33,False,2.5,12.03,0.0,3292724.0,811629815.0,5.48,True,True,"Astera Labs, Inc. - Common Stock",0,5.2,UNCLASSIFIED,,0.0,NONE,0.0,0.0,NONE,,True,0,NOT CHECKED,NONE,NEUTRAL,,,,NOT CHECKED,False,NOT CHECKED,NONE,0,,False,5.2,NO TRADE,NOT CHECKED,,,,,,,,,False,,,False,,,,False,,,,False,NONE,False,False,0,,,,NOT CHECKED,NO LIVE SIGNAL,BAR_PROXY,0.0,NO DATA,,,,,,,,5.2,False
MOD,186.4,REJECT,REJECT,volume contraction,6,18,40,NO TRADE,WEAK,37.0,price<EMA20; EMA20>EMA50; EMA20 falling,-3.56,50.1,0.28,5.6,0,False,4.96,222274680.0,187.84,203.32,209.66,172.84,206.0,170.21,296.05,170.21,323.25,206.74,RESISTANCE_BREAKOUT,BREAKOUT,0.36,,,0,,,0,False,False,199.81,EMA50,203.32,1.65,3.35,173.5,173.5,217.08,223.28,227.41,2.39,296.05,43.2,True,5.0,223.28,8.0,2.39,False,2.5,10.52,0.0,1193958.0,219102348.0,4.83,True,True,Modine Manufacturing Company Common Stock,0,5.1,UNCLASSIFIED,,0.0,NONE,0.0,0.0,NONE,,True,0,NOT CHECKED,NONE,NEUTRAL,,,,NOT CHECKED,False,NOT CHECKED,NONE,0,,False,5.1,NO TRADE,NOT CHECKED,,,,,,,,,False,,,False,,,,False,,,,False,NONE,False,False,0,,,,NOT CHECKED,NO LIVE SIGNAL,BAR_PROXY,0.0,NO DATA,,,,,,,,5.1,False
INTU,315.89,REJECT,REJECT,"volume contraction, low-volume pullback",18,24,55,NO TRADE,WEAK,37.0,price<EMA20; EMA20>EMA50; EMA20 falling,-11.93,35.4,0.44,7.04,0,False,4.28,1305484912.0,331.37,328.86,402.88,309.8,372.98,251.72,372.98,251.72,479.6,374.06,RESISTANCE_BREAKOUT,BREAKOUT,0.29,,,0,,,0,False,False,351.62,ATR_FALLBACK,353.8,5.42,6.0,309.8,309.8,392.76,403.99,411.47,1.33,479.6,28.21,True,5.0,403.99,8.0,1.33,False,2.5,18.07,0.0,3805052.0,1169250367.0,3.77,True,True,Intuit Inc. - Common Stock,0,5.0,UNCLASSIFIED,,0.0,NONE,0.0,0.0,NONE,,True,0,NOT CHECKED,NONE,NEUTRAL,,,,NOT CHECKED,False,NOT CHECKED,NONE,0,,False,5.0,NO TRADE,NOT CHECKED,,,,,,,,,False,,,False,,,,False,,,,False,NONE,False,False,0,,,,NOT CHECKED,NO LIVE SIGNAL,BAR_PROXY,0.0,NO DATA,,,,,,,,5.0,False
LHX,249.18,REJECT,REJECT,tight range,10,16,20,NO TRADE,WEAK,37.0,price<EMA20; EMA20>EMA50; EMA20 falling,-8.73,32.0,0.49,1.65,0,False,2.24,410527878.0,258.1,271.82,295.74,244.76,275.3,244.76,307.42,257.31,374.59,275.75,RESISTANCE_BREAKOUT,BREAKOUT,0.16,,,0,,,0,False,False,270.82,EMA50,271.82,1.42,1.79,244.76,244.76,289.53,297.81,303.32,4.47,307.42,11.49,True,5.0,297.81,8.0,4.47,True,2.5,12.23,0.0,1593534.0,395331675.0,2.06,True,True,"L3Harris Technologies, Inc. Common Stock",0,5.0,UNCLASSIFIED,,0.0,NONE,0.0,0.0,NONE,,True,0,NOT CHECKED,NONE,NEUTRAL,,,,NOT CHECKED,False,NOT CHECKED,NONE,0,,False,5.0,NO TRADE,NOT CHECKED,,,,,,,,,False,,,False,,,,False,,,,False,NONE,False,False,0,,,,NOT CHECKED,NO LIVE SIGNAL,BAR_PROXY,0.0,NO DATA,,,,,,,,5.0,False
TER,356.02,REJECT,REJECT,near EMA50 support,14,20,55,NO TRADE,WEAK,37.0,price<EMA20; EMA20>EMA50; EMA20 falling,-5.27,45.8,0.43,6.11,0,False,5.5,828243850.0,359.3,366.52,320.57,325.87,385.78,296.71,487.72,262.82,487.72,387.35,RESISTANCE_BREAKOUT,BREAKOUT,0.41,,,0,,,0,False,False,364.11,EMA50,366.52,5.38,6.0,326.37,325.87,406.72,418.34,426.08,1.33,487.72,25.91,True,5.0,418.34,8.0,1.33,False,2.5,13.77,0.0,2322149.0,853547321.0,4.07,True,True,"Teradyne, Inc. - Common Stock",0,4.9,UNCLASSIFIED,,0.0,NONE,0.0,0.0,NONE,,True,0,NOT CHECKED,NONE,NEUTRAL,,,,NOT CHECKED,False,NOT CHECKED,NONE,0,,False,4.9,NO TRADE,NOT CHECKED,,,,,,,,,False,,,False,,,,False,,,,False,NONE,False,False,0,,,,NOT CHECKED,NO LIVE SIGNAL,BAR_PROXY,0.0,NO DATA,,,,,,,,4.9,False
MBLY,8.23,REJECT,REJECT,20d volume expansion,16,22,55,NO TRADE,WEAK,37.0,price<EMA20; EMA20>EMA50; EMA20 falling,-8.7,41.5,1.44,5.18,0,False,3.86,30296778.0,8.35,8.58,9.55,7.74,9.2,7.1,10.35,6.47,11.26,9.23,RESISTANCE_BREAKOUT,BREAKOUT,0.28,,,0,,,0,False,False,8.69,ATR_FALLBACK,8.75,5.16,5.78,7.74,7.74,9.69,9.96,10.15,1.39,10.35,12.19,True,5.0,9.96,8.0,1.39,False,2.5,11.85,0.0,3611354.0,27943015.0,3.55,True,True,Mobileye Global Inc. - Class A Common Stock,0,4.9,UNCLASSIFIED,,0.0,NONE,0.0,0.0,NONE,,True,0,NOT CHECKED,NONE,NEUTRAL,,,,NOT CHECKED,False,NOT CHECKED,NONE,0,,False,4.9,NO TRADE,NOT CHECKED,,,,,,,,,False,,,False,,,,False,,,,False,NONE,False,False,0,,,,NOT CHECKED,NO LIVE SIGNAL,BAR_PROXY,0.0,NO DATA,,,,,,,,4.9,False
HRB,44.29,REJECT,REJECT,rising EMA50,16,22,40,NO TRADE,WEAK,37.0,price<EMA20; EMA20>EMA50; EMA20 falling,-13.55,14.6,0.47,16.09,1,True,3.32,72421176.0,47.39,45.95,41.38,44.32,54.25,33.26,58.14,28.45,58.14,54.36,RESISTANCE_BREAKOUT,BREAKOUT,0.22,,,0,,,0,False,False,51.89,ATR_FALLBACK,52.16,4.06,4.54,44.32,44.32,57.08,58.71,59.8,1.76,58.14,6.95,True,5.0,58.14,6.95,1.53,False,2.5,22.48,0.0,1484721.0,72903290.0,2.85,True,True,"H&R Block, Inc. Common Stock",0,4.7,UNCLASSIFIED,,0.0,NONE,0.0,0.0,NONE,,True,0,NOT CHECKED,NONE,NEUTRAL,,,,NOT CHECKED,False,NOT CHECKED,NONE,0,,False,4.7,NO TRADE,NOT CHECKED,,,,,,,,,False,,,False,,,,False,,,,False,NONE,False,False,0,,,,NOT CHECKED,NO LIVE SIGNAL,BAR_PROXY,0.0,NO DATA,,,,,,,,4.7,True
AXGN,45.56,REJECT,REJECT,near EMA50 support,14,20,55,NO TRADE,WEAK,37.0,price<EMA20; EMA20>EMA50; EMA20 falling,-5.98,31.9,0.21,8.53,0,False,5.32,54638794.0,46.4,45.68,38.26,39.62,52.91,38.23,52.91,27.54,52.91,53.1,RESISTANCE_BREAKOUT,BREAKOUT,0.37,,,0,,,0,False,False,49.92,ATR_FALLBACK,49.47,6.85,6.0,39.62,39.62,55.76,57.35,58.41,1.33,,,False,5.0,57.35,8.0,1.33,False,2.5,16.15,0.0,1183470.0,44145782.0,5.11,True,True,"Axogen, Inc. - Common Stock",0,4.6,UNCLASSIFIED,,0.0,NONE,0.0,0.0,NONE,,True,0,NOT CHECKED,NONE,NEUTRAL,,,,NOT CHECKED,False,NOT CHECKED,NONE,0,,False,4.6,NO TRADE,NOT CHECKED,,,,,,,,,False,,,False,,,,False,,,,False,NONE,False,False,0,,,,NOT CHECKED,NO LIVE SIGNAL,BAR_PROXY,0.0,NO DATA,,,,,,,,4.6,False
AKAM,107.46,REJECT,REJECT,near EMA200 pivot,10,16,40,NO TRADE,WEAK,37.0,price<EMA20; EMA20>EMA50; EMA20 falling,-3.85,42.7,0.48,6.43,0,False,4.17,313821805.0,108.38,113.21,109.62,100.77,112.76,100.77,131.08,88.5,165.45,113.12,RESISTANCE_BREAKOUT,BREAKOUT,0.32,,,0,,,0,False,False,107.57,EMA20,108.38,4.19,4.9,102.5,100.77,118.77,122.17,124.43,1.63,131.08,15.88,True,5.0,122.17,8.0,1.63,False,2.5,8.69,0.0,2925367.0,305864589.0,3.81,True,True,"Akamai Technologies, Inc. - Common Stock",0,4.5,UNCLASSIFIED,,0.0,NONE,0.0,0.0,NONE,,True,0,NOT CHECKED,NONE,NEUTRAL,,,,NOT CHECKED,False,NOT CHECKED,NONE,0,,False,4.5,NO TRADE,NOT CHECKED,,,,,,,,,False,,,False,,,,False,,,,False,NONE,False,False,0,,,,NOT CHECKED,NO LIVE SIGNAL,BAR_PROXY,0.0,NO DATA,,,,,,,,4.5,False
RBA,84.35,REJECT,REJECT,none,8,14,40,NO TRADE,WEAK,37.0,price<EMA20; EMA20>EMA50; EMA20 falling,-0.82,44.8,0.22,4.45,0,False,2.6,142474431.0,85.42,92.02,101.45,79.75,88.34,79.75,117.04,81.71,117.04,88.52,RESISTANCE_BREAKOUT,BREAKOUT,0.2,,,0,,,0,False,False,85.02,EMA20,85.42,3.5,3.95,79.75,79.75,92.94,95.6,97.37,2.02,117.04,32.22,True,5.0,95.6,8.0,2.02,False,2.5,4.73,0.0,1690633.0,150540830.0,2.63,True,True,"RB Global, Inc. Common Stock",0,4.3,UNCLASSIFIED,,0.0,NONE,0.0,0.0,NONE,,True,0,NOT CHECKED,NONE,NEUTRAL,,,,NOT CHECKED,False,NOT CHECKED,NONE,0,,False,4.3,NO TRADE,NOT CHECKED,,,,,,,,,False,,,False,,,,False,,,,False,NONE,False,False,0,,,,NOT CHECKED,NO LIVE SIGNAL,BAR_PROXY,0.0,NO DATA,,,,,,,,4.3,False
SRRK,48.53,REJECT,REJECT,"rising EMA50, near EMA200 pivot",18,24,55,NO TRADE,WEAK,37.0,price<EMA20; EMA20>EMA50; EMA20 falling,-13.21,19.2,0.71,9.96,0,False,5.49,88747427.0,53.64,53.09,47.74,46.54,61.76,45.73,61.76,38.75,61.76,61.97,RESISTANCE_BREAKOUT,BREAKOUT,0.35,,,0,,,0,False,False,58.25,ATR_FALLBACK,57.98,6.45,6.0,46.54,46.54,65.07,66.93,68.17,1.33,,,False,5.0,66.93,8.0,1.33,False,2.5,27.27,0.0,1641893.0,65391125.0,4.66,True,True,Scholar Rock Holding Corporation - Common Stock,0,4.3,UNCLASSIFIED,,0.0,NONE,0.0,0.0,NONE,,True,0,NOT CHECKED,NONE,NEUTRAL,,,,NOT CHECKED,False,NOT CHECKED,NONE,0,,False,4.3,NO TRADE,NOT CHECKED,,,,,,,,,False,,,False,,,,False,,,,False,NONE,False,False,0,,,,NOT CHECKED,NO LIVE SIGNAL,BAR_PROXY,0.0,NO DATA,,,,,,,,4.3,False
ALLY,40.74,REJECT,REJECT,near EMA200 pivot,10,16,40,NO TRADE,WEAK,37.0,price<EMA20; EMA20>EMA50; EMA20 falling,-4.58,36.4,0.32,2.18,0,False,2.71,135326278.0,42.22,42.96,42.58,39.84,43.92,41.36,46.96,35.43,46.96,44.01,RESISTANCE_BREAKOUT,BREAKOUT,0.2,,,0,,,0,False,False,42.76,EMA50,42.96,2.39,2.84,39.84,39.84,46.21,47.53,48.41,2.82,46.96,6.7,True,5.0,46.96,6.7,2.36,False,2.5,7.85,0.0,3211230.0,130172553.0,2.18,True,True,Ally Financial Inc. Common Stock,0,4.1,UNCLASSIFIED,,0.0,NONE,0.0,0.0,NONE,,True,0,NOT CHECKED,NONE,NEUTRAL,,,,NOT CHECKED,False,NOT CHECKED,NONE,0,,False,4.1,NO TRADE,NOT CHECKED,,,,,,,,,False,,,False,,,,False,,,,False,NONE,False,False,0,,,,NOT CHECKED,NO LIVE SIGNAL,BAR_PROXY,0.0,NO DATA,,,,,,,,4.1,False
NRG,106.41,REJECT,REJECT,"volume contraction, low-volume pullback",10,16,20,NO TRADE,WEAK,37.0,price<EMA20; EMA20>EMA50; EMA20 falling,-10.84,38.5,0.63,6.42,0,False,4.0,300340119.0,113.01,120.3,139.09,105.13,121.68,108.34,150.44,108.54,180.39,122.02,RESISTANCE_BREAKOUT,BREAKOUT,0.28,,,0,,,0,False,False,118.83,EMA50,120.3,1.41,2.62,105.13,105.13,128.12,131.78,134.22,3.06,150.44,23.29,True,5.0,131.78,8.0,3.06,True,2.5,14.35,0.0,2674527.0,314811154.0,3.52,True,True,"NRG Energy, Inc. Common Stock",0,4.0,UNCLASSIFIED,,0.0,NONE,0.0,0.0,NONE,,True,0,NOT CHECKED,NONE,NEUTRAL,,,,NOT CHECKED,False,NOT CHECKED,NONE,0,,False,4.0,NO TRADE,NOT CHECKED,,,,,,,,,False,,,False,,,,False,,,,False,NONE,False,False,0,,,,NOT CHECKED,NO LIVE SIGNAL,BAR_PROXY,0.0,NO DATA,,,,,,,,4.0,False
FRPT,61.13,REJECT,REJECT,"near EMA200 pivot, volume contraction, low-volume pullback",20,26,55,NO TRADE,WEAK,37.0,price<EMA20; EMA20>EMA50; EMA20 falling,-17.61,10.2,0.41,5.87,0,False,4.09,74075006.0,66.71,65.47,61.9,61.1,77.13,50.5,77.13,46.45,86.0,77.33,RESISTANCE_BREAKOUT,BREAKOUT,0.26,,,0,,,0,False,False,73.13,ATR_FALLBACK,73.58,4.85,5.43,61.1,61.1,81.2,83.52,85.06,1.47,86.0,11.21,True,5.0,83.52,8.0,1.47,False,2.5,26.17,0.0,1065777.0,71791789.0,3.5,True,True,"Freshpet, Inc. - Common Stock",0,3.8,UNCLASSIFIED,,0.0,NONE,0.0,0.0,NONE,,True,0,NOT CHECKED,NONE,NEUTRAL,,,,NOT CHECKED,False,NOT CHECKED,NONE,0,,False,3.8,NO TRADE,NOT CHECKED,,,,,,,,,False,,,False,,,,False,,,,False,NONE,False,False,0,,,,NOT CHECKED,NO LIVE SIGNAL,BAR_PROXY,0.0,NO DATA,,,,,,,,3.8,False
GS,953.34,REJECT,REJECT,near EMA200 pivot,10,16,40,NO TRADE,WEAK,37.0,price<EMA20; EMA20>EMA50; EMA20 falling,-5.31,29.8,0.93,3.73,0,False,2.94,1897816519.0,1007.12,1019.23,954.82,932.37,1058.34,972.93,1148.37,773.29,1148.37,1060.58,RESISTANCE_BREAKOUT,BREAKOUT,0.21,,,0,,,0,False,False,1014.19,EMA50,1019.23,3.9,4.37,932.37,932.37,1113.61,1145.42,1166.64,1.83,1148.37,8.28,True,5.0,1145.42,8.0,1.83,False,2.5,11.01,0.0,1878931.0,1762425512.0,2.53,True,True,"Goldman Sachs Group, Inc. (The) Common Stock",0,3.7,UNCLASSIFIED,,0.0,NONE,0.0,0.0,NONE,,True,0,NOT CHECKED,NONE,NEUTRAL,,,,NOT CHECKED,False,NOT CHECKED,NONE,0,,False,3.7,NO TRADE,NOT CHECKED,,,,,,,,,False,,,False,,,,False,,,,False,NONE,False,False,0,,,,NOT CHECKED,NO LIVE SIGNAL,BAR_PROXY,0.0,NO DATA,,,,,,,,3.7,False
GLBE,37.69,REJECT,REJECT,near EMA50 support,14,20,55,NO TRADE,WEAK,37.0,price<EMA20; EMA20>EMA50; EMA20 falling,-7.7,42.3,0.35,4.89,0,False,3.67,46606408.0,38.0,37.92,35.95,35.53,41.23,31.27,43.99,26.84,43.99,41.34,RESISTANCE_BREAKOUT,BREAKOUT,0.27,,,0,,,0,False,False,39.02,ATR_FALLBACK,39.27,5.02,5.62,35.53,35.53,43.41,44.65,45.47,1.42,43.99,6.41,True,5.0,43.99,6.41,1.14,False,2.5,12.33,0.0,1229770.0,39294800.0,3.29,True,True,Global-E Online Ltd. - ordinary shares,0,3.7,UNCLASSIFIED,,0.0,NONE,0.0,0.0,NONE,,True,0,NOT CHECKED,NONE,NEUTRAL,,,,NOT CHECKED,False,NOT CHECKED,NONE,0,,False,3.7,NO TRADE,NOT CHECKED,,,,,,,,,False,,,False,,,,False,,,,False,NONE,False,False,0,,,,NOT CHECKED,NO LIVE SIGNAL,BAR_PROXY,0.0,NO DATA,,,,,,,,3.7,False
Q,117.71,REJECT,REJECT,"volume contraction, low-volume pullback",10,16,40,NO TRADE,WEAK,37.0,price<EMA20; EMA20>EMA50; EMA20 falling,-5.63,39.5,0.23,5.93,0,False,4.47,207747616.0,122.6,129.71,125.62,111.75,134.31,113.33,177.16,105.29,177.16,134.73,RESISTANCE_BREAKOUT,BREAKOUT,0.31,,,0,,,0,False,False,128.76,EMA50,129.71,3.72,4.43,111.75,111.75,141.46,145.5,148.2,1.81,177.16,31.5,True,5.0,145.5,8.0,1.81,False,2.5,15.53,0.0,1697247.0,184907132.0,3.83,True,True,"Qnity Electronics, Inc. Common Stock",0,3.6,UNCLASSIFIED,,0.0,NONE,0.0,0.0,NONE,,True,0,NOT CHECKED,NONE,NEUTRAL,,,,NOT CHECKED,False,NOT CHECKED,NONE,0,,False,3.6,NO TRADE,NOT CHECKED,,,,,,,,,False,,,False,,,,False,,,,False,NONE,False,False,0,,,,NOT CHECKED,NO LIVE SIGNAL,BAR_PROXY,0.0,NO DATA,,,,,,,,3.6,False
APP,315.93,REJECT,REJECT,none,0,16,55,NO TRADE,WEAK,37.0,price<EMA20; EMA20>EMA50; EMA20 falling,2.57,51.8,0.47,4.0,0,False,4.82,1379731774.0,323.9,359.71,457.45,297.5,338.34,297.5,576.46,297.5,622.0,339.56,RESISTANCE_BREAKOUT,BREAKOUT,0.36,,,0,,,0,False,False,321.16,EMA20,323.9,4.61,5.42,300.09,300.09,356.54,366.72,373.51,1.48,576.46,69.77,True,5.0,366.72,8.0,1.48,False,2.5,7.09,0.0,4372219.0,1253716527.0,4.28,True,True,Applovin Corporation - Class A Common Stock,0,3.4,UNCLASSIFIED,,0.0,NONE,0.0,0.0,NONE,,True,0,NOT CHECKED,NONE,NEUTRAL,,,,NOT CHECKED,False,NOT CHECKED,NONE,0,,False,3.4,NO TRADE,NOT CHECKED,,,,,,,,,False,,,False,,,,False,,,,False,NONE,False,False,0,,,,NOT CHECKED,NO LIVE SIGNAL,BAR_PROXY,0.0,NO DATA,,,,,,,,3.4,False
KNX,67.14,REJECT,REJECT,none,8,14,40,NO TRADE,WEAK,37.0,price<EMA20; EMA20>EMA50; EMA20 falling,-2.53,45.9,0.44,4.06,0,False,3.88,230633323.0,68.74,70.0,64.09,65.03,72.56,65.3,79.78,51.36,82.62,72.77,RESISTANCE_BREAKOUT,BREAKOUT,0.29,,,0,,,0,False,False,69.53,EMA50,70.0,3.81,4.45,65.03,65.03,76.41,78.59,80.05,1.8,79.78,9.64,True,5.0,78.59,8.0,1.8,False,2.5,8.07,0.0,3373828.0,209339749.0,3.34,True,True,Knight-Swift Transportation Holdings Inc.,0,3.4,UNCLASSIFIED,,0.0,NONE,0.0,0.0,NONE,,True,0,NOT CHECKED,NONE,NEUTRAL,,,,NOT CHECKED,False,NOT CHECKED,NONE,0,,False,3.4,NO TRADE,NOT CHECKED,,,,,,,,,False,,,False,,,,False,,,,False,NONE,False,False,0,,,,NOT CHECKED,NO LIVE SIGNAL,BAR_PROXY,0.0,NO DATA,,,,,,,,3.4,False
ACM,63.53,REJECT,REJECT,"volume contraction, low-volume pullback",10,16,55,NO TRADE,WEAK,37.0,price<EMA20; EMA20>EMA50; EMA20 falling,-1.41,40.7,0.15,5.38,0,False,3.41,135637171.0,65.13,67.3,82.0,61.78,70.5,60.35,76.85,60.35,97.01,70.67,RESISTANCE_BREAKOUT,BREAKOUT,0.25,,,0,,,0,False,False,66.91,EMA50,67.3,4.77,5.32,62.47,62.47,74.21,76.33,77.74,1.5,76.85,8.74,True,5.0,76.33,8.0,1.5,False,2.5,10.98,0.0,2053854.0,101276851.0,3.27,True,True,AECOM Common Stock,0,3.4,UNCLASSIFIED,,0.0,NONE,0.0,0.0,NONE,,True,0,NOT CHECKED,NONE,NEUTRAL,,,,NOT CHECKED,False,NOT CHECKED,NONE,0,,False,3.4,NO TRADE,NOT CHECKED,,,,,,,,,False,,,False,,,,False,,,,False,NONE,False,False,0,,,,NOT CHECKED,NO LIVE SIGNAL,BAR_PROXY,0.0,NO DATA,,,,,,,,3.4,False
GLW,148.17,REJECT,REJECT,near EMA200 pivot,10,16,55,NO TRADE,WEAK,37.0,price<EMA20; EMA20>EMA50; EMA20 falling,-1.71,46.8,0.57,7.56,0,False,5.32,1297699322.0,152.81,158.45,147.0,139.25,171.3,114.28,271.27,114.28,271.27,171.93,RESISTANCE_BREAKOUT,BREAKOUT,0.37,,,0,,,0,False,False,161.62,ATR_FALLBACK,160.1,6.88,6.0,142.35,139.25,180.53,185.69,189.12,1.33,271.27,57.78,True,5.0,185.69,8.0,1.33,False,2.5,15.61,0.0,8593553.0,1227124936.0,4.0,True,True,Corning Incorporated Common Stock,0,3.3,UNCLASSIFIED,,0.0,NONE,0.0,0.0,NONE,,True,0,NOT CHECKED,NONE,NEUTRAL,,,,NOT CHECKED,False,NOT CHECKED,NONE,0,,False,3.3,NO TRADE,NOT CHECKED,,,,,,,,,False,,,False,,,,False,,,,False,NONE,False,False,0,,,,NOT CHECKED,NO LIVE SIGNAL,BAR_PROXY,0.0,NO DATA,,,,,,,,3.3,False
PPG,105.83,REJECT,REJECT,near EMA200 pivot,10,16,40,NO TRADE,WEAK,37.0,price<EMA20; EMA20>EMA50; EMA20 falling,-6.18,29.6,0.31,2.19,0,False,2.7,152403853.0,109.11,111.74,110.46,103.74,116.23,104.18,124.92,94.85,124.92,116.46,RESISTANCE_BREAKOUT,BREAKOUT,0.2,,,0,,,0,False,False,111.22,EMA50,111.74,4.06,4.5,103.74,103.74,122.28,125.78,128.1,1.78,124.92,7.27,True,5.0,124.92,7.27,1.62,False,2.5,9.82,0.0,1390772.0,157623157.0,2.19,True,True,"PPG Industries, Inc. Common Stock",0,3.3,UNCLASSIFIED,,0.0,NONE,0.0,0.0,NONE,,True,0,NOT CHECKED,NONE,NEUTRAL,,,,NOT CHECKED,False,NOT CHECKED,NONE,0,,False,3.3,NO TRADE,NOT CHECKED,,,,,,,,,False,,,False,,,,False,,,,False,NONE,False,False,0,,,,NOT CHECKED,NO LIVE SIGNAL,BAR_PROXY,0.0,NO DATA,,,,,,,,3.3,False
HE,10.17,REJECT,REJECT,"volume contraction, low-volume pullback",10,16,20,NO TRADE,WEAK,37.0,price<EMA20; EMA20>EMA50; EMA20 falling,-12.24,15.9,0.38,1.46,0,False,2.67,26184012.0,10.89,11.77,12.99,10.07,11.84,10.28,14.16,11.15,16.83,11.86,RESISTANCE_BREAKOUT,BREAKOUT,0.18,,,0,,,0,False,False,11.66,EMA50,11.77,0.74,1.72,10.07,10.07,12.45,12.81,13.05,4.65,14.16,19.38,True,5.0,12.81,8.0,4.65,True,2.5,16.81,0.0,2399059.0,26848719.0,2.38,True,True,"Hawaiian Electric Industries, Inc. Common Stock",0,3.3,UNCLASSIFIED,,0.0,NONE,0.0,0.0,NONE,,True,0,NOT CHECKED,NONE,NEUTRAL,,,,NOT CHECKED,False,NOT CHECKED,NONE,0,,False,3.3,NO TRADE,NOT CHECKED,,,,,,,,,False,,,False,,,,False,,,,False,NONE,False,False,0,,,,NOT CHECKED,NO LIVE SIGNAL,BAR_PROXY,0.0,NO DATA,,,,,,,,3.3,False
BRZE,24.58,REJECT,REJECT,"near EMA200 pivot, volume contraction, low-volume pullback",20,26,55,NO TRADE,WEAK,37.0,price<EMA20; EMA20>EMA50; EMA20 falling,-18.9,19.8,0.28,10.65,1,True,7.08,93308684.0,27.78,27.29,25.76,23.38,35.02,18.65,35.02,17.65,35.02,35.16,RESISTANCE_BREAKOUT,BREAKOUT,0.4,,,0,,,0,False,False,33.05,ATR_FALLBACK,32.55,7.43,6.0,23.38,23.38,36.92,37.97,38.68,1.33,,,False,5.0,37.97,8.0,1.33,False,2.5,42.5,0.0,3221368.0,75530731.0,4.89,True,True,"Braze, Inc. - Class A Common Stock",0,3.2,UNCLASSIFIED,,0.0,NONE,0.0,0.0,NONE,,True,0,NOT CHECKED,NONE,NEUTRAL,,,,NOT CHECKED,False,NOT CHECKED,NONE,0,,False,3.2,NO TRADE,NOT CHECKED,,,,,,,,,False,,,False,,,,False,,,,False,NONE,False,False,0,,,,NOT CHECKED,NO LIVE SIGNAL,BAR_PROXY,0.0,NO DATA,,,,,,,,3.2,True
REZI,18.66,REJECT,REJECT,tight range,10,16,20,NO TRADE,WEAK,37.0,price<EMA20; EMA20>EMA50; EMA20 falling,-12.48,32.6,0.22,6.06,0,False,3.53,41101851.0,19.74,21.18,23.54,18.5,21.18,18.5,27.35,18.59,29.06,21.23,RESISTANCE_BREAKOUT,BREAKOUT,0.25,,,0,,,0,False,False,20.74,EMA50,21.18,0.26,2.33,18.5,18.5,22.29,22.93,23.36,3.44,27.35,28.81,True,5.0,22.93,8.0,3.44,True,2.5,18.63,0.0,2115671.0,41235478.0,3.66,True,True,"Resideo Technologies, Inc. Common Stock ",0,3.2,UNCLASSIFIED,,0.0,NONE,0.0,0.0,NONE,,True,0,NOT CHECKED,NONE,NEUTRAL,,,,NOT CHECKED,False,NOT CHECKED,NONE,0,,False,3.2,NO TRADE,NOT CHECKED,,,,,,,,,False,,,False,,,,False,,,,False,NONE,False,False,0,,,,NOT CHECKED,NO LIVE SIGNAL,BAR_PROXY,0.0,NO DATA,,,,,,,,3.2,False
CFG,67.6,REJECT,REJECT,none,8,14,40,NO TRADE,WEAK,37.0,price<EMA20; EMA20>EMA50; EMA20 falling,-3.55,39.0,0.38,2.38,0,False,2.6,219141773.0,69.85,69.94,64.42,65.66,71.18,66.72,75.33,54.74,75.33,71.32,RESISTANCE_BREAKOUT,BREAKOUT,0.2,,,0,,,0,False,False,69.63,EMA50,69.94,1.93,2.37,65.66,65.66,74.89,77.03,78.45,3.37,75.33,5.62,True,5.0,75.33,5.62,2.37,False,2.5,9.31,0.0,3150143.0,184655559.0,2.2,True,True,"Citizens Financial Group, Inc. Common Stock",0,2.9,UNCLASSIFIED,,0.0,NONE,0.0,0.0,NONE,,True,0,NOT CHECKED,NONE,NEUTRAL,,,,NOT CHECKED,False,NOT CHECKED,NONE,0,,False,2.9,NO TRADE,NOT CHECKED,,,,,,,,,False,,,False,,,,False,,,,False,NONE,False,False,0,,,,NOT CHECKED,NO LIVE SIGNAL,BAR_PROXY,0.0,NO DATA,,,,,,,,2.9,False
STM,48.56,REJECT,REJECT,near EMA200 pivot,10,16,55,NO TRADE,WEAK,37.0,price<EMA20; EMA20>EMA50; EMA20 falling,-2.76,39.3,0.47,5.29,0,False,3.3,355852108.0,50.56,54.03,48.78,47.53,52.87,47.88,81.08,30.26,81.33,53.0,RESISTANCE_BREAKOUT,BREAKOUT,0.24,,,0,,,0,False,False,50.27,EMA20,50.56,4.61,5.15,47.53,47.53,55.65,57.24,58.3,1.55,81.08,52.98,True,5.0,57.24,8.0,1.55,False,2.5,8.95,0.0,7104864.0,369980722.0,2.26,True,True,STMicroelectronics N.V. Common Stock,0,2.8,UNCLASSIFIED,,0.0,NONE,0.0,0.0,NONE,,True,0,NOT CHECKED,NONE,NEUTRAL,,,,NOT CHECKED,False,NOT CHECKED,NONE,0,,False,2.8,NO TRADE,NOT CHECKED,,,,,,,,,False,,,False,,,,False,,,,False,NONE,False,False,0,,,,NOT CHECKED,NO LIVE SIGNAL,BAR_PROXY,0.0,NO DATA,,,,,,,,2.8,False
MS,203.5,REJECT,REJECT,none,8,14,40,NO TRADE,WEAK,37.0,price<EMA20; EMA20>EMA50; EMA20 falling,-4.09,31.3,0.51,3.25,0,False,2.62,918203926.0,211.31,212.0,194.61,200.4,218.51,201.83,230.98,151.15,230.98,218.94,RESISTANCE_BREAKOUT,BREAKOUT,0.19,,,0,,,0,False,False,211.05,EMA50,212.0,3.17,3.6,200.4,200.4,229.88,236.45,240.83,2.22,230.98,5.5,True,5.0,230.98,5.5,1.53,False,2.5,7.51,0.0,4342496.0,842576069.0,2.37,True,True,Morgan Stanley Common Stock,0,2.7,UNCLASSIFIED,,0.0,NONE,0.0,0.0,NONE,,True,0,NOT CHECKED,NONE,NEUTRAL,,,,NOT CHECKED,False,NOT CHECKED,NONE,0,,False,2.7,NO TRADE,NOT CHECKED,,,,,,,,,False,,,False,,,,False,,,,False,NONE,False,False,0,,,,NOT CHECKED,NO LIVE SIGNAL,BAR_PROXY,0.0,NO DATA,,,,,,,,2.7,False
PCG,13.53,REJECT,REJECT,"tight range, volume contraction, low-volume pullback",20,26,55,NO TRADE,WEAK,37.0,price<EMA20; EMA20>EMA50; EMA20 falling,-22.4,27.3,0.19,5.95,0,False,7.78,804282537.0,14.8,15.94,16.42,12.59,18.41,12.59,18.44,13.09,19.05,18.49,RESISTANCE_BREAKOUT,BREAKOUT,0.46,,,0,,,0,False,False,17.38,ATR_FALLBACK,16.91,8.55,6.0,13.08,12.59,19.42,19.97,20.34,1.33,19.05,3.0,False,5.0,19.05,3.0,0.5,False,2.5,36.02,0.0,54752489.0,544391190.0,4.89,True,True,Pacific Gas & Electric Co. Common Stock,0,2.7,UNCLASSIFIED,,0.0,NONE,0.0,0.0,NONE,,True,0,NOT CHECKED,NONE,NEUTRAL,,,,NOT CHECKED,False,NOT CHECKED,NONE,0,,False,2.7,NO TRADE,NOT CHECKED,,,,,,,,,False,,,False,,,,False,,,,False,NONE,False,False,0,,,,NOT CHECKED,NO LIVE SIGNAL,BAR_PROXY,0.0,NO DATA,,,,,,,,2.7,False
EIX,56.05,REJECT,REJECT,"tight range, volume contraction, low-volume pullback",20,26,55,NO TRADE,WEAK,37.0,price<EMA20; EMA20>EMA50; EMA20 falling,-22.76,27.3,0.5,8.93,0,False,7.1,409438179.0,60.71,66.2,66.5,52.5,75.9,52.5,81.62,53.11,81.62,76.22,RESISTANCE_BREAKOUT,BREAKOUT,0.42,,,0,,,0,False,False,71.65,ATR_FALLBACK,70.25,7.83,6.0,54.48,53.79,80.03,82.32,83.84,1.33,81.62,7.09,True,5.0,81.62,7.09,1.18,False,2.5,35.41,0.0,6899370.0,270637220.0,4.55,True,True,Edison International Common Stock,0,2.7,UNCLASSIFIED,,0.0,NONE,0.0,0.0,NONE,,True,0,NOT CHECKED,NONE,NEUTRAL,,,,NOT CHECKED,False,NOT CHECKED,NONE,0,,False,2.7,NO TRADE,NOT CHECKED,,,,,,,,,False,,,False,,,,False,,,,False,NONE,False,False,0,,,,NOT CHECKED,NO LIVE SIGNAL,BAR_PROXY,0.0,NO DATA,,,,,,,,2.7,False
AAP,42.47,REJECT,REJECT,"tight range, volume contraction, low-volume pullback",20,26,55,NO TRADE,WEAK,37.0,price<EMA20; EMA20>EMA50; EMA20 falling,-23.49,44.8,0.18,7.17,0,False,3.83,108888006.0,45.01,49.15,52.95,40.66,47.37,40.66,62.91,40.66,62.91,47.5,RESISTANCE_BREAKOUT,BREAKOUT,0.27,,,0,,,0,False,False,44.72,EMA20,45.01,5.24,5.86,41.85,41.69,49.88,51.3,52.25,1.37,62.91,32.45,True,5.0,51.3,8.0,1.37,False,2.5,38.76,0.0,2536052.0,71597531.0,4.29,True,True,Advance Auto Parts Inc.,0,2.7,UNCLASSIFIED,,0.0,NONE,0.0,0.0,NONE,,True,0,NOT CHECKED,NONE,NEUTRAL,,,,NOT CHECKED,False,NOT CHECKED,NONE,0,,False,2.7,NO TRADE,NOT CHECKED,,,,,,,,,False,,,False,,,,False,,,,False,NONE,False,False,0,,,,NOT CHECKED,NO LIVE SIGNAL,BAR_PROXY,0.0,NO DATA,,,,,,,,2.7,False
MKSI,240.45,REJECT,REJECT,"volume contraction, low-volume pullback",10,16,20,NO TRADE,WEAK,37.0,price<EMA20; EMA20>EMA50; EMA20 falling,-13.62,35.7,0.24,4.7,0,False,4.88,320445825.0,260.34,284.98,265.02,228.46,285.2,241.51,447.2,200.16,447.2,286.14,RESISTANCE_BREAKOUT,BREAKOUT,0.33,,,0,,,0,False,False,277.35,EMA50,284.98,0.41,3.07,228.46,228.46,300.45,309.03,314.76,2.6,447.2,56.29,True,5.0,309.03,8.0,2.6,True,2.5,26.38,0.0,1237000.0,313302467.0,3.65,True,True,MKS Inc. - Common Stock,0,2.6,UNCLASSIFIED,,0.0,NONE,0.0,0.0,NONE,,True,0,NOT CHECKED,NONE,NEUTRAL,,,,NOT CHECKED,False,NOT CHECKED,NONE,0,,False,2.6,NO TRADE,NOT CHECKED,,,,,,,,,False,,,False,,,,False,,,,False,NONE,False,False,0,,,,NOT CHECKED,NO LIVE SIGNAL,BAR_PROXY,0.0,NO DATA,,,,,,,,2.6,False
ESI,33.04,REJECT,REJECT,"volume contraction, low-volume pullback",10,16,40,NO TRADE,WEAK,37.0,price<EMA20; EMA20>EMA50; EMA20 falling,-7.56,34.8,0.26,2.94,0,False,4.7,175024110.0,34.61,36.53,35.53,31.44,37.42,33.49,49.14,29.34,49.14,37.54,RESISTANCE_BREAKOUT,BREAKOUT,0.33,,,0,,,0,False,False,36.25,EMA50,36.53,2.69,3.43,31.44,31.44,39.42,40.54,41.29,2.33,49.14,30.9,True,5.0,40.54,8.0,2.33,False,2.5,14.36,0.0,5055986.0,154712651.0,3.47,True,True,Element Solutions Inc. Common Stock,0,2.6,UNCLASSIFIED,,0.0,NONE,0.0,0.0,NONE,,True,0,NOT CHECKED,NONE,NEUTRAL,,,,NOT CHECKED,False,NOT CHECKED,NONE,0,,False,2.6,NO TRADE,NOT CHECKED,,,,,,,,,False,,,False,,,,False,,,,False,NONE,False,False,0,,,,NOT CHECKED,NO LIVE SIGNAL,BAR_PROXY,0.0,NO DATA,,,,,,,,2.6,False
BIPC,36.17,REJECT,REJECT,tight range,10,16,40,NO TRADE,WEAK,37.0,price<EMA20; EMA20>EMA50; EMA20 falling,-7.73,31.2,0.34,4.44,0,False,2.76,42699915.0,37.27,38.4,40.19,35.1,39.91,36.2,44.7,33.41,49.09,39.99,RESISTANCE_BREAKOUT,BREAKOUT,0.2,,,0,,,0,False,False,38.22,EMA50,38.4,3.96,4.41,35.1,35.1,41.99,43.19,43.99,1.81,44.7,11.77,True,5.0,43.19,8.0,1.81,False,2.5,10.32,0.0,1143548.0,40081783.0,2.38,True,True,Brookfield Infrastructure Corporation Brookfield Infrastructure Corporation,0,2.5,UNCLASSIFIED,,0.0,NONE,0.0,0.0,NONE,,True,0,NOT CHECKED,NONE,NEUTRAL,,,,NOT CHECKED,False,NOT CHECKED,NONE,0,,False,2.5,NO TRADE,NOT CHECKED,,,,,,,,,False,,,False,,,,False,,,,False,NONE,False,False,0,,,,NOT CHECKED,NO LIVE SIGNAL,BAR_PROXY,0.0,NO DATA,,,,,,,,2.5,False
FLEX,110.7,REJECT,REJECT,volume contraction,6,12,40,NO TRADE,WEAK,37.0,price<EMA20; EMA20>EMA50; EMA20 falling,-1.15,44.6,0.29,7.19,0,False,4.71,306010204.0,111.66,116.93,102.76,102.25,117.68,99.5,165.89,58.53,166.86,118.1,RESISTANCE_BREAKOUT,BREAKOUT,0.35,,,0,,,0,False,False,114.18,EMA50,116.93,0.99,3.31,105.85,102.25,124.0,127.55,129.91,2.41,165.89,40.47,True,5.0,127.55,8.0,2.41,False,2.5,9.87,0.0,2783026.0,307678268.0,3.88,True,True,Flex Ltd. - Ordinary Shares,0,2.4,UNCLASSIFIED,,0.0,NONE,0.0,0.0,NONE,,True,0,NOT CHECKED,NONE,NEUTRAL,,,,NOT CHECKED,False,NOT CHECKED,NONE,0,,False,2.4,NO TRADE,NOT CHECKED,,,,,,,,,False,,,False,,,,False,,,,False,NONE,False,False,0,,,,NOT CHECKED,NO LIVE SIGNAL,BAR_PROXY,0.0,NO DATA,,,,,,,,2.4,False
AMRZ,38.38,REJECT,REJECT,"volume contraction, low-volume pullback",10,16,20,NO TRADE,WEAK,37.0,price<EMA20; EMA20>EMA50; EMA20 falling,-14.27,18.0,0.44,2.83,0,False,2.81,178347553.0,42.15,45.53,50.65,38.19,46.25,39.74,56.3,43.67,63.11,46.34,RESISTANCE_BREAKOUT,BREAKOUT,0.19,,,0,,,0,False,False,45.33,EMA50,45.53,1.75,2.17,38.19,38.19,48.65,50.04,50.97,3.69,56.3,21.5,True,5.0,50.04,8.0,3.69,True,2.5,20.49,0.0,4193272.0,155060369.0,2.35,True,True,Amrize Ltd Ordinary Shares,0,2.3,UNCLASSIFIED,,0.0,NONE,0.0,0.0,NONE,,True,0,NOT CHECKED,NONE,NEUTRAL,,,,NOT CHECKED,False,NOT CHECKED,NONE,0,,False,2.3,NO TRADE,NOT CHECKED,,,,,,,,,False,,,False,,,,False,,,,False,NONE,False,False,0,,,,NOT CHECKED,NO LIVE SIGNAL,BAR_PROXY,0.0,NO DATA,,,,,,,,2.3,False
NG,7.5,REJECT,REJECT,near EMA50 support,14,20,55,NO TRADE,WEAK,37.0,price<EMA20; EMA20>EMA50; EMA20 falling,-10.43,27.9,0.88,14.17,2,True,6.4,46543470.0,7.78,7.61,8.07,6.81,9.87,5.08,9.87,5.08,14.4,9.91,RESISTANCE_BREAKOUT,BREAKOUT,0.39,,,0,,,0,False,False,9.31,ATR_FALLBACK,9.19,7.27,6.0,6.81,6.81,10.4,10.7,10.9,1.33,14.4,45.33,True,5.0,10.7,8.0,1.33,False,2.5,31.6,0.0,5639852.0,43939543.0,5.24,True,True,Novagold Resources Inc.,0,2.3,UNCLASSIFIED,,0.0,NONE,0.0,0.0,NONE,,True,0,NOT CHECKED,NONE,NEUTRAL,,,,NOT CHECKED,False,NOT CHECKED,NONE,0,,False,2.3,NO TRADE,NOT CHECKED,,,,,,,,,False,,,False,,,,False,,,,False,NONE,False,False,0,,,,NOT CHECKED,NO LIVE SIGNAL,BAR_PROXY,0.0,NO DATA,,,,,,,,2.3,True
VNO,34.86,REJECT,REJECT,near EMA200 pivot,10,16,40,NO TRADE,WEAK,37.0,price<EMA20; EMA20>EMA50; EMA20 falling,-8.26,21.4,0.37,3.11,0,False,2.98,41651262.0,36.28,37.12,35.5,34.11,39.98,34.11,41.6,24.57,41.6,40.06,RESISTANCE_BREAKOUT,BREAKOUT,0.21,,,0,,,0,False,False,38.32,ATR_FALLBACK,38.51,3.88,4.35,34.11,34.11,42.07,43.27,44.07,1.84,41.6,3.84,False,5.0,41.6,3.84,0.88,False,2.5,14.69,0.0,1139416.0,42487432.0,2.86,True,True,Vornado Realty Trust Common Stock,0,2.3,UNCLASSIFIED,,0.0,NONE,0.0,0.0,NONE,,True,0,NOT CHECKED,NONE,NEUTRAL,,,,NOT CHECKED,False,NOT CHECKED,NONE,0,,False,2.3,NO TRADE,NOT CHECKED,,,,,,,,,False,,,False,,,,False,,,,False,NONE,False,False,0,,,,NOT CHECKED,NO LIVE SIGNAL,BAR_PROXY,0.0,NO DATA,,,,,,,,2.3,False
PTRN,19.77,REJECT,REJECT,tight range,10,16,55,NO TRADE,WEAK,37.0,price<EMA20; EMA20>EMA50; EMA20 falling,-3.67,27.5,0.24,5.87,0,False,4.26,26442083.0,20.44,21.28,18.55,19.06,22.49,19.15,29.8,9.21,29.8,22.56,RESISTANCE_BREAKOUT,BREAKOUT,0.3,,,0,,,0,False,False,21.2,EMA50,21.28,5.65,6.0,19.06,19.06,23.69,24.36,24.81,1.33,29.8,32.11,True,5.0,24.36,8.0,1.33,False,2.5,13.76,0.0,1295260.0,27130772.0,4.32,True,True,Pattern Group Inc. - Series A Common Stock,0,2.3,UNCLASSIFIED,,0.0,NONE,0.0,0.0,NONE,,True,0,NOT CHECKED,NONE,NEUTRAL,,,,NOT CHECKED,False,NOT CHECKED,NONE,0,,False,2.3,NO TRADE,NOT CHECKED,,,,,,,,,False,,,False,,,,False,,,,False,NONE,False,False,0,,,,NOT CHECKED,NO LIVE SIGNAL,BAR_PROXY,0.0,NO DATA,,,,,,,,2.3,False
M,21.81,REJECT,REJECT,none,8,14,40,NO TRADE,WEAK,37.0,price<EMA20; EMA20>EMA50; EMA20 falling,-5.08,46.3,0.3,7.71,0,False,4.41,145301278.0,22.23,22.66,21.23,19.6,23.28,19.6,26.36,16.42,26.36,23.36,RESISTANCE_BREAKOUT,BREAKOUT,0.33,,,0,,,0,False,False,22.48,EMA50,22.66,3.0,3.74,19.6,19.6,24.53,25.23,25.69,2.14,26.36,12.87,True,5.0,25.23,8.0,2.14,False,2.5,8.7,0.0,6621835.0,142196287.0,3.74,True,True,Macy's Inc Common Stock,0,2.2,UNCLASSIFIED,,0.0,NONE,0.0,0.0,NONE,,True,0,NOT CHECKED,NONE,NEUTRAL,,,,NOT CHECKED,False,NOT CHECKED,NONE,0,,False,2.2,NO TRADE,NOT CHECKED,,,,,,,,,False,,,False,,,,False,,,,False,NONE,False,False,0,,,,NOT CHECKED,NO LIVE SIGNAL,BAR_PROXY,0.0,NO DATA,,,,,,,,2.2,False
MAS,67.89,REJECT,REJECT,near EMA200 pivot,10,16,40,NO TRADE,WEAK,37.0,price<EMA20; EMA20>EMA50; EMA20 falling,-8.46,32.8,0.5,2.7,0,False,2.72,132898135.0,70.7,72.47,70.78,67.19,74.54,67.19,83.27,57.63,83.27,74.69,RESISTANCE_BREAKOUT,BREAKOUT,0.2,,,0,,,0,False,False,72.14,EMA50,72.47,2.96,3.41,67.19,67.19,78.42,80.66,82.16,2.35,83.27,11.5,True,5.0,80.66,8.0,2.35,False,2.5,12.08,0.0,1879896.0,132992728.0,2.28,True,True,Masco Corporation Common Stock,0,2.2,UNCLASSIFIED,,0.0,NONE,0.0,0.0,NONE,,True,0,NOT CHECKED,NONE,NEUTRAL,,,,NOT CHECKED,False,NOT CHECKED,NONE,0,,False,2.2,NO TRADE,NOT CHECKED,,,,,,,,,False,,,False,,,,False,,,,False,NONE,False,False,0,,,,NOT CHECKED,NO LIVE SIGNAL,BAR_PROXY,0.0,NO DATA,,,,,,,,2.2,False
LQDA,68.33,REJECT,REJECT,"volume contraction, low-volume pullback",10,16,40,NO TRADE,WEAK,37.0,price<EMA20; EMA20>EMA50; EMA20 falling,-8.38,45.4,0.29,4.38,0,False,3.95,73717072.0,69.72,72.01,56.9,62.86,74.53,66.1,93.61,29.81,93.61,74.75,RESISTANCE_BREAKOUT,BREAKOUT,0.29,,,0,,,0,False,False,71.53,EMA50,72.01,3.66,4.31,62.86,62.86,78.48,80.73,82.22,1.86,93.61,25.24,True,5.0,80.73,8.0,1.86,False,2.5,12.18,0.0,1075935.0,69551220.0,4.06,True,True,Liquidia Corporation - Common Stock,0,2.2,UNCLASSIFIED,,0.0,NONE,0.0,0.0,NONE,,True,0,NOT CHECKED,NONE,NEUTRAL,,,,NOT CHECKED,False,NOT CHECKED,NONE,0,,False,2.2,NO TRADE,NOT CHECKED,,,,,,,,,False,,,False,,,,False,,,,False,NONE,False,False,0,,,,NOT CHECKED,NO LIVE SIGNAL,BAR_PROXY,0.0,NO DATA,,,,,,,,2.2,False
AXTA,32.85,REJECT,REJECT,near EMA200 pivot,10,16,40,NO TRADE,WEAK,37.0,price<EMA20; EMA20>EMA50; EMA20 falling,-8.5,20.7,0.47,2.4,0,False,2.68,56562807.0,34.78,34.73,32.44,32.92,37.32,31.52,38.61,24.94,38.61,37.39,RESISTANCE_BREAKOUT,BREAKOUT,0.19,,,0,,,0,False,False,35.91,ATR_FALLBACK,36.07,3.53,3.95,32.92,32.92,39.26,40.38,41.13,2.02,38.61,3.26,False,5.0,38.61,3.26,0.82,False,2.5,13.59,0.0,1610269.0,51512780.0,2.09,True,True,Axalta Coating Systems Ltd. Common Shares,0,2.2,UNCLASSIFIED,,0.0,NONE,0.0,0.0,NONE,,True,0,NOT CHECKED,NONE,NEUTRAL,,,,NOT CHECKED,False,NOT CHECKED,NONE,0,,False,2.2,NO TRADE,NOT CHECKED,,,,,,,,,False,,,False,,,,False,,,,False,NONE,False,False,0,,,,NOT CHECKED,NO LIVE SIGNAL,BAR_PROXY,0.0,NO DATA,,,,,,,,2.2,False
KGS,59.07,REJECT,REJECT,none,8,14,55,NO TRADE,WEAK,37.0,price<EMA20; EMA20>EMA50; EMA20 falling,-0.68,47.5,0.36,5.35,0,False,4.52,103581804.0,60.52,61.76,56.73,56.26,65.17,53.5,76.44,52.92,77.1,65.38,RESISTANCE_BREAKOUT,BREAKOUT,0.33,,,0,,,0,False,False,61.46,EMA50,61.76,5.55,6.0,56.26,56.26,68.65,70.61,71.92,1.33,76.44,16.91,True,5.0,70.61,8.0,1.33,False,2.5,10.33,0.0,1720912.0,101273471.0,4.25,True,True,"Kodiak Gas Services, Inc. Common Stock",0,2.1,UNCLASSIFIED,,0.0,NONE,0.0,0.0,NONE,,True,0,NOT CHECKED,NONE,NEUTRAL,,,,NOT CHECKED,False,NOT CHECKED,NONE,0,,False,2.1,NO TRADE,NOT CHECKED,,,,,,,,,False,,,False,,,,False,,,,False,NONE,False,False,0,,,,NOT CHECKED,NO LIVE SIGNAL,BAR_PROXY,0.0,NO DATA,,,,,,,,2.1,False
AAON,76.78,REJECT,REJECT,tight range,10,16,55,NO TRADE,WEAK,37.0,price<EMA20; EMA20>EMA50; EMA20 falling,-4.16,47.2,0.42,5.04,0,False,4.31,81512149.0,78.87,88.32,96.89,73.41,82.34,73.41,139.69,74.21,150.16,82.61,RESISTANCE_BREAKOUT,BREAKOUT,0.32,,,0,,,0,False,False,78.27,EMA20,78.87,4.53,5.25,74.08,73.41,86.74,89.22,90.87,1.52,139.69,69.1,True,5.0,89.22,8.0,1.52,False,2.5,8.43,0.0,1055040.0,77992512.0,4.07,True,True,"AAON, Inc. - Common Stock",0,2.1,UNCLASSIFIED,,0.0,NONE,0.0,0.0,NONE,,True,0,NOT CHECKED,NONE,NEUTRAL,,,,NOT CHECKED,False,NOT CHECKED,NONE,0,,False,2.1,NO TRADE,NOT CHECKED,,,,,,,,,False,,,False,,,,False,,,,False,NONE,False,False,0,,,,NOT CHECKED,NO LIVE SIGNAL,BAR_PROXY,0.0,NO DATA,,,,,,,,2.1,False
LBRT,19.05,REJECT,REJECT,"volume contraction, low-volume pullback",10,16,55,NO TRADE,WEAK,37.0,price<EMA20; EMA20>EMA50; EMA20 falling,-4.1,49.0,0.36,5.97,0,False,4.99,64570960.0,20.05,21.26,22.64,17.82,22.27,15.78,27.85,15.78,34.23,22.35,RESISTANCE_BREAKOUT,BREAKOUT,0.34,,,0,,,0,False,False,21.09,EMA50,21.26,4.87,5.63,18.87,18.87,23.46,24.13,24.58,1.42,27.85,24.62,True,5.0,24.13,8.0,1.42,False,2.5,16.93,0.0,3278233.0,67643365.0,4.41,True,True,Liberty Energy Inc. Class A common stock,0,2.1,UNCLASSIFIED,,0.0,NONE,0.0,0.0,NONE,,True,0,NOT CHECKED,NONE,NEUTRAL,,,,NOT CHECKED,False,NOT CHECKED,NONE,0,,False,2.1,NO TRADE,NOT CHECKED,,,,,,,,,False,,,False,,,,False,,,,False,NONE,False,False,0,,,,NOT CHECKED,NO LIVE SIGNAL,BAR_PROXY,0.0,NO DATA,,,,,,,,2.1,False
LYFT,15.32,REJECT,REJECT,volume contraction,14,20,55,NO TRADE,WEAK,37.0,price<EMA20; EMA20>EMA50; EMA20 falling,-11.16,32.8,0.4,7.12,0,False,4.42,164396010.0,16.19,16.09,16.42,14.53,17.98,13.49,17.98,12.46,17.97,18.03,RESISTANCE_BREAKOUT,BREAKOUT,0.3,,,0,,,0,False,False,16.95,ATR_FALLBACK,17.02,5.64,6.0,14.53,14.53,18.94,19.48,19.84,1.33,,,False,5.0,19.48,8.0,1.33,False,2.5,17.32,0.0,9930553.0,157126250.0,3.69,True,True,"Lyft, Inc. - Class A Common Stock",0,2.0,UNCLASSIFIED,,0.0,NONE,0.0,0.0,NONE,,True,0,NOT CHECKED,NONE,NEUTRAL,,,,NOT CHECKED,False,NOT CHECKED,NONE,0,,False,2.0,NO TRADE,NOT CHECKED,,,,,,,,,False,,,False,,,,False,,,,False,NONE,False,False,0,,,,NOT CHECKED,NO LIVE SIGNAL,BAR_PROXY,0.0,NO DATA,,,,,,,,2.0,False
YUM,137.29,REJECT,REJECT,"volume contraction, low-volume pullback",10,16,55,NO TRADE,WEAK,37.0,price<EMA20; EMA20>EMA50; EMA20 falling,-4.53,30.4,0.33,4.39,0,False,2.85,323725546.0,145.94,148.9,151.16,137.78,157.26,140.85,169.29,142.28,169.29,157.57,RESISTANCE_BREAKOUT,BREAKOUT,0.2,,,0,,,0,False,False,148.19,EMA50,148.9,5.5,5.95,137.78,137.78,165.45,170.18,173.33,1.34,169.29,7.44,True,5.0,169.29,7.44,1.25,False,2.5,14.54,0.0,2175718.0,300257542.0,2.44,True,True,"Yum! Brands, Inc.",0,1.9,UNCLASSIFIED,,0.0,NONE,0.0,0.0,NONE,,True,0,NOT CHECKED,NONE,NEUTRAL,,,,NOT CHECKED,False,NOT CHECKED,NONE,0,,False,1.9,NO TRADE,NOT CHECKED,,,,,,,,,False,,,False,,,,False,,,,False,NONE,False,False,0,,,,NOT CHECKED,NO LIVE SIGNAL,BAR_PROXY,0.0,NO DATA,,,,,,,,1.9,False
VIAV,34.91,REJECT,REJECT,near EMA200 pivot,10,16,40,NO TRADE,WEAK,37.0,price<EMA20; EMA20>EMA50; EMA20 falling,-8.97,41.0,0.39,12.27,2,True,6.16,142984907.0,36.66,38.87,35.52,32.8,40.04,31.41,53.1,26.87,60.43,40.21,RESISTANCE_BREAKOUT,BREAKOUT,0.43,,,0,,,0,False,False,38.49,EMA50,38.87,3.33,4.29,33.3,32.8,42.22,43.43,44.23,1.86,53.1,32.05,True,5.0,43.43,8.0,1.86,False,2.5,21.97,0.0,3913489.0,136578601.0,4.99,True,True,Viavi Solutions Inc. - Common Stock,0,1.9,UNCLASSIFIED,,0.0,NONE,0.0,0.0,NONE,,True,0,NOT CHECKED,NONE,NEUTRAL,,,,NOT CHECKED,False,NOT CHECKED,NONE,0,,False,1.9,NO TRADE,NOT CHECKED,,,,,,,,,False,,,False,,,,False,,,,False,NONE,False,False,0,,,,NOT CHECKED,NO LIVE SIGNAL,BAR_PROXY,0.0,NO DATA,,,,,,,,1.9,True
SNPS,378.64,REJECT,REJECT,"volume contraction, low-volume pullback",10,16,55,NO TRADE,WEAK,37.0,price<EMA20; EMA20>EMA50; EMA20 falling,-4.72,14.6,0.37,13.39,1,True,4.06,787845376.0,397.52,410.04,434.38,362.55,464.98,366.0,479.8,366.0,539.48,466.21,RESISTANCE_BREAKOUT,BREAKOUT,0.26,,,0,,,0,False,False,440.38,ATR_FALLBACK,443.15,4.95,5.54,362.55,362.55,489.52,503.51,512.83,1.44,479.8,2.92,False,5.0,479.8,2.92,0.53,False,2.5,22.8,0.0,1932723.0,689957202.0,3.73,True,True,"Synopsys, Inc. - Common Stock",0,1.8,UNCLASSIFIED,,0.0,NONE,0.0,0.0,NONE,,True,0,NOT CHECKED,NONE,NEUTRAL,,,,NOT CHECKED,False,NOT CHECKED,NONE,0,,False,1.8,NO TRADE,NOT CHECKED,,,,,,,,,False,,,False,,,,False,,,,False,NONE,False,False,0,,,,NOT CHECKED,NO LIVE SIGNAL,BAR_PROXY,0.0,NO DATA,,,,,,,,1.8,True
CCJ,92.56,REJECT,REJECT,"volume contraction, low-volume pullback",10,16,55,NO TRADE,WEAK,37.0,price<EMA20; EMA20>EMA50; EMA20 falling,-4.62,25.8,0.46,7.24,0,False,3.76,260068851.0,96.68,97.73,100.65,89.74,111.54,83.15,111.54,83.15,131.21,111.82,RESISTANCE_BREAKOUT,BREAKOUT,0.25,,,0,,,0,False,False,105.98,ATR_FALLBACK,106.6,4.66,5.22,89.74,89.74,117.41,120.76,123.0,1.53,131.21,17.34,True,5.0,120.76,8.0,1.53,False,2.5,20.51,0.0,2611825.0,225535991.0,3.31,True,True,Cameco Corporation Common Stock,0,1.8,UNCLASSIFIED,,0.0,NONE,0.0,0.0,NONE,,True,0,NOT CHECKED,NONE,NEUTRAL,,,,NOT CHECKED,False,NOT CHECKED,NONE,0,,False,1.8,NO TRADE,NOT CHECKED,,,,,,,,,False,,,False,,,,False,,,,False,NONE,False,False,0,,,,NOT CHECKED,NO LIVE SIGNAL,BAR_PROXY,0.0,NO DATA,,,,,,,,1.8,False
CWEN,30.94,REJECT,REJECT,none,8,14,40,NO TRADE,WEAK,37.0,price<EMA20; EMA20>EMA50; EMA20 falling,-5.77,42.9,0.51,5.36,0,False,2.86,35454710.0,31.43,32.45,33.71,29.81,33.38,29.74,37.24,29.74,41.12,33.45,RESISTANCE_BREAKOUT,BREAKOUT,0.21,,,0,,,0,False,False,32.29,EMA50,32.45,2.99,3.47,29.81,29.81,35.12,36.13,36.8,2.31,37.24,11.34,True,5.0,36.13,8.0,2.31,False,2.5,7.89,0.0,1125438.0,35535534.0,2.59,True,True,"Clearway Energy, Inc. Class C Common Stock",0,1.8,UNCLASSIFIED,,0.0,NONE,0.0,0.0,NONE,,True,0,NOT CHECKED,NONE,NEUTRAL,,,,NOT CHECKED,False,NOT CHECKED,NONE,0,,False,1.8,NO TRADE,NOT CHECKED,,,,,,,,,False,,,False,,,,False,,,,False,NONE,False,False,0,,,,NOT CHECKED,NO LIVE SIGNAL,BAR_PROXY,0.0,NO DATA,,,,,,,,1.8,False
TPR,118.71,REJECT,REJECT,volume contraction,6,12,20,NO TRADE,WEAK,37.0,price<EMA20; EMA20>EMA50; EMA20 falling,-8.62,41.3,0.14,2.51,0,False,2.85,394982740.0,123.22,131.65,133.89,112.11,132.48,112.11,164.18,121.42,164.18,132.75,RESISTANCE_BREAKOUT,BREAKOUT,0.2,,,0,,,0,False,False,130.21,EMA50,131.65,0.83,1.91,112.11,112.11,139.39,143.37,146.02,4.18,164.18,23.68,True,5.0,143.37,8.0,4.18,True,2.5,13.23,0.0,3219287.0,367412533.0,2.65,True,True,"Tapestry, Inc. Common Stock",0,1.7,UNCLASSIFIED,,0.0,NONE,0.0,0.0,NONE,,True,0,NOT CHECKED,NONE,NEUTRAL,,,,NOT CHECKED,False,NOT CHECKED,NONE,0,,False,1.7,NO TRADE,NOT CHECKED,,,,,,,,,False,,,False,,,,False,,,,False,NONE,False,False,0,,,,NOT CHECKED,NO LIVE SIGNAL,BAR_PROXY,0.0,NO DATA,,,,,,,,1.7,False
COGT,33.04,REJECT,REJECT,near EMA200 pivot,10,16,40,NO TRADE,WEAK,37.0,price<EMA20; EMA20>EMA50; EMA20 falling,-9.42,23.0,0.31,4.02,0,False,3.98,54829041.0,34.8,36.23,33.86,32.2,37.67,33.07,43.39,30.87,43.39,37.77,RESISTANCE_BREAKOUT,BREAKOUT,0.28,,,0,,,0,False,False,36.0,EMA50,36.23,4.07,4.69,32.2,32.2,39.66,40.79,41.55,1.7,43.39,14.88,True,5.0,40.79,8.0,1.7,False,2.5,16.89,0.0,1572696.0,55141857.0,3.6,True,True,"Cogent Biosciences, Inc. - Common Stock",0,1.7,UNCLASSIFIED,,0.0,NONE,0.0,0.0,NONE,,True,0,NOT CHECKED,NONE,NEUTRAL,,,,NOT CHECKED,False,NOT CHECKED,NONE,0,,False,1.7,NO TRADE,NOT CHECKED,,,,,,,,,False,,,False,,,,False,,,,False,NONE,False,False,0,,,,NOT CHECKED,NO LIVE SIGNAL,BAR_PROXY,0.0,NO DATA,,,,,,,,1.7,False
IR,72.58,REJECT,REJECT,tight range,10,16,40,NO TRADE,WEAK,37.0,price<EMA20; EMA20>EMA50; EMA20 falling,-9.63,23.6,0.77,1.78,0,False,2.75,266823969.0,75.61,78.28,80.14,70.94,81.61,71.65,91.76,68.05,94.48,81.77,RESISTANCE_BREAKOUT,BREAKOUT,0.2,,,0,,,0,False,False,77.92,EMA50,78.28,4.27,4.71,70.94,70.94,85.86,88.31,89.95,1.7,91.76,12.22,True,5.0,88.31,8.0,1.7,False,2.5,13.12,0.0,3524921.0,258569749.0,2.56,True,True,Ingersoll Rand Inc. Common Stock,0,1.6,UNCLASSIFIED,,0.0,NONE,0.0,0.0,NONE,,True,0,NOT CHECKED,NONE,NEUTRAL,,,,NOT CHECKED,False,NOT CHECKED,NONE,0,,False,1.6,NO TRADE,NOT CHECKED,,,,,,,,,False,,,False,,,,False,,,,False,NONE,False,False,0,,,,NOT CHECKED,NO LIVE SIGNAL,BAR_PROXY,0.0,NO DATA,,,,,,,,1.6,False
APTV,43.79,REJECT,REJECT,"volume contraction, low-volume pullback",10,16,40,NO TRADE,WEAK,37.0,price<EMA20; EMA20>EMA50; EMA20 falling,-9.57,43.1,0.52,7.02,0,False,3.32,213061065.0,46.01,50.14,62.43,42.99,49.28,43.83,65.75,44.52,78.49,49.4,RESISTANCE_BREAKOUT,BREAKOUT,0.24,,,0,,,0,False,False,46.95,ATR_FALLBACK,47.21,4.42,4.95,42.99,42.99,51.87,53.35,54.34,1.62,65.75,33.11,True,5.0,53.35,8.0,1.62,False,2.5,13.18,0.0,4682189.0,166387444.0,3.05,True,True,Aptiv PLC Ordinary Shares,0,1.6,UNCLASSIFIED,,0.0,NONE,0.0,0.0,NONE,,True,0,NOT CHECKED,NONE,NEUTRAL,,,,NOT CHECKED,False,NOT CHECKED,NONE,0,,False,1.6,NO TRADE,NOT CHECKED,,,,,,,,,False,,,False,,,,False,,,,False,NONE,False,False,0,,,,NOT CHECKED,NO LIVE SIGNAL,BAR_PROXY,0.0,NO DATA,,,,,,,,1.6,False
SMR,9.03,REJECT,REJECT,none,8,14,55,NO TRADE,WEAK,37.0,price<EMA20; EMA20>EMA50; EMA20 falling,-1.83,44.3,0.7,15.26,1,True,7.87,349188878.0,9.28,9.46,14.31,8.05,11.37,7.21,11.85,7.21,14.3,11.43,RESISTANCE_BREAKOUT,BREAKOUT,0.5,,,0,,,0,False,False,10.74,ATR_FALLBACK,10.36,9.34,6.0,8.05,8.05,12.0,12.34,12.57,1.33,11.85,3.7,False,5.0,11.85,3.7,0.62,False,2.5,25.84,0.0,37344061.0,304739334.0,6.96,True,True,NuScale Power Corporation Class A Common Stock,0,1.5,UNCLASSIFIED,,0.0,NONE,0.0,0.0,NONE,,True,0,NOT CHECKED,NONE,NEUTRAL,,,,NOT CHECKED,False,NOT CHECKED,NONE,0,,False,1.5,NO TRADE,NOT CHECKED,,,,,,,,,False,,,False,,,,False,,,,False,NONE,False,False,0,,,,NOT CHECKED,NO LIVE SIGNAL,BAR_PROXY,0.0,NO DATA,,,,,,,,1.5,True
FIG,23.27,REJECT,REJECT,volume contraction,14,20,55,NO TRADE,WEAK,37.0,price<EMA20; EMA20>EMA50; EMA20 falling,-12.22,18.2,0.31,13.28,2,True,6.03,362273456.0,24.49,24.27,27.9,21.62,31.22,16.8,31.22,16.6,31.94,31.33,RESISTANCE_BREAKOUT,BREAKOUT,0.36,,,0,,,0,False,False,29.45,ATR_FALLBACK,29.23,6.72,6.0,21.62,21.62,32.9,33.84,34.47,1.33,31.94,1.94,False,5.0,31.94,1.94,0.32,False,2.5,34.16,0.0,14096015.0,329050623.0,5.49,True,True,"Figma, Inc. Class A Common Stock",0,1.4,UNCLASSIFIED,,0.0,NONE,0.0,0.0,NONE,,True,0,NOT CHECKED,NONE,NEUTRAL,,,,NOT CHECKED,False,NOT CHECKED,NONE,0,,False,1.4,NO TRADE,NOT CHECKED,,,,,,,,,False,,,False,,,,False,,,,False,NONE,False,False,0,,,,NOT CHECKED,NO LIVE SIGNAL,BAR_PROXY,0.0,NO DATA,,,,,,,,1.4,True
OLN,17.26,REJECT,REJECT,"volume contraction, low-volume pullback",10,16,55,NO TRADE,WEAK,37.0,price<EMA20; EMA20>EMA50; EMA20 falling,-5.77,49.8,0.52,3.09,0,False,3.71,46226474.0,17.57,18.97,22.01,16.68,18.69,16.73,24.54,16.89,29.9,18.75,RESISTANCE_BREAKOUT,BREAKOUT,0.27,,,0,,,0,False,False,17.62,EMA20,17.57,6.26,6.0,16.68,16.68,19.68,20.24,20.62,1.33,24.54,30.89,True,5.0,20.24,8.0,1.33,False,2.5,10.66,0.0,2658504.0,45895380.0,3.5,True,True,Olin Corporation Common Stock,0,1.3,UNCLASSIFIED,,0.0,NONE,0.0,0.0,NONE,,True,0,NOT CHECKED,NONE,NEUTRAL,,,,NOT CHECKED,False,NOT CHECKED,NONE,0,,False,1.3,NO TRADE,NOT CHECKED,,,,,,,,,False,,,False,,,,False,,,,False,NONE,False,False,0,,,,NOT CHECKED,NO LIVE SIGNAL,BAR_PROXY,0.0,NO DATA,,,,,,,,1.3,False
GE,315.96,REJECT,REJECT,near EMA200 pivot,10,16,40,NO TRADE,WEAK,37.0,price<EMA20; EMA20>EMA50; EMA20 falling,-10.39,27.6,0.6,2.25,0,False,2.58,1236896328.0,331.24,340.77,325.96,306.8,356.39,321.16,388.84,268.58,388.84,357.04,RESISTANCE_BREAKOUT,BREAKOUT,0.18,,,0,,,0,False,False,339.31,EMA50,340.77,4.56,4.97,306.8,306.8,374.89,385.61,392.75,1.61,388.84,8.91,True,5.0,385.61,8.0,1.61,False,2.5,18.55,0.0,3734436.0,1085815332.0,2.28,True,True,GE Aerospace Common Stock,0,1.2,UNCLASSIFIED,,0.0,NONE,0.0,0.0,NONE,,True,0,NOT CHECKED,NONE,NEUTRAL,,,,NOT CHECKED,False,NOT CHECKED,NONE,0,,False,1.2,NO TRADE,NOT CHECKED,,,,,,,,,False,,,False,,,,False,,,,False,NONE,False,False,0,,,,NOT CHECKED,NO LIVE SIGNAL,BAR_PROXY,0.0,NO DATA,,,,,,,,1.2,False
RDDT,152.49,REJECT,REJECT,none,0,10,40,NO TRADE,WEAK,37.0,price<EMA20; EMA20>EMA50; EMA20 falling,1.43,48.8,0.86,12.63,1,True,4.85,655274642.0,156.09,160.7,176.76,143.47,166.18,135.22,208.05,119.27,208.05,166.77,RESISTANCE_BREAKOUT,BREAKOUT,0.36,,,0,,,0,False,False,159.36,EMA50,160.7,3.64,4.44,144.8,143.47,175.11,180.11,183.45,1.8,208.05,24.75,True,5.0,180.11,8.0,1.8,False,2.5,8.97,0.0,4251318.0,600671363.0,4.66,True,True,"Reddit, Inc. Class A Common Stock",0,1.2,UNCLASSIFIED,,0.0,NONE,0.0,0.0,NONE,,True,0,NOT CHECKED,NONE,NEUTRAL,,,,NOT CHECKED,False,NOT CHECKED,NONE,0,,False,1.2,NO TRADE,NOT CHECKED,,,,,,,,,False,,,False,,,,False,,,,False,NONE,False,False,0,,,,NOT CHECKED,NO LIVE SIGNAL,BAR_PROXY,0.0,NO DATA,,,,,,,,1.2,True
DHI,139.86,REJECT,REJECT,none,8,14,40,NO TRADE,WEAK,37.0,price<EMA20; EMA20>EMA50; EMA20 falling,-6.99,40.7,0.71,4.24,0,False,2.58,296502811.0,142.1,145.3,149.67,133.88,151.54,133.88,170.28,130.96,170.28,151.83,RESISTANCE_BREAKOUT,BREAKOUT,0.19,,,0,,,0,False,False,144.65,EMA50,145.3,4.3,4.73,133.88,133.88,159.42,163.98,167.01,1.69,170.28,12.15,True,5.0,163.98,8.0,1.69,False,2.5,10.4,0.0,2086971.0,266910786.0,2.26,True,True,"D.R. Horton, Inc. Common Stock",0,1.2,UNCLASSIFIED,,0.0,NONE,0.0,0.0,NONE,,True,0,NOT CHECKED,NONE,NEUTRAL,,,,NOT CHECKED,False,NOT CHECKED,NONE,0,,False,1.2,NO TRADE,NOT CHECKED,,,,,,,,,False,,,False,,,,False,,,,False,NONE,False,False,0,,,,NOT CHECKED,NO LIVE SIGNAL,BAR_PROXY,0.0,NO DATA,,,,,,,,1.2,False
CORZ,17.44,REJECT,REJECT,"volume contraction, low-volume pullback",10,16,55,NO TRADE,WEAK,37.0,price<EMA20; EMA20>EMA50; EMA20 falling,-5.89,49.1,0.56,6.48,0,False,5.98,187985024.0,17.77,19.48,20.01,15.61,19.26,15.61,30.43,13.56,30.46,19.34,RESISTANCE_BREAKOUT,BREAKOUT,0.43,,,0,,,0,False,False,18.18,ATR_FALLBACK,17.78,8.08,6.0,16.01,15.72,20.31,20.89,21.28,1.33,30.43,57.31,True,5.0,20.89,8.0,1.33,False,2.5,10.86,0.0,10823151.0,181917309.0,5.53,True,True,"Core Scientific, Inc. - Common Stock",0,1.2,UNCLASSIFIED,,0.0,NONE,0.0,0.0,NONE,,True,0,NOT CHECKED,NONE,NEUTRAL,,,,NOT CHECKED,False,NOT CHECKED,NONE,0,,False,1.2,NO TRADE,NOT CHECKED,,,,,,,,,False,,,False,,,,False,,,,False,NONE,False,False,0,,,,NOT CHECKED,NO LIVE SIGNAL,BAR_PROXY,0.0,NO DATA,,,,,,,,1.2,False
NN,15.16,REJECT,REJECT,"tight range, volume contraction",16,22,55,NO TRADE,WEAK,37.0,price<EMA20; EMA20>EMA50; EMA20 falling,-16.06,45.1,0.27,15.55,1,True,5.39,33861117.0,15.51,16.02,16.77,14.49,18.75,12.03,19.92,12.03,24.42,18.82,RESISTANCE_BREAKOUT,BREAKOUT,0.35,,,0,,,0,False,False,17.69,ATR_FALLBACK,17.59,6.51,6.0,14.49,14.49,19.76,20.32,20.7,1.33,19.92,5.87,True,5.0,19.92,5.87,0.98,False,2.5,28.43,0.0,2178556.0,33743552.0,5.72,True,True,NextNav Inc. - Common stock,0,1.2,UNCLASSIFIED,,0.0,NONE,0.0,0.0,NONE,,True,0,NOT CHECKED,NONE,NEUTRAL,,,,NOT CHECKED,False,NOT CHECKED,NONE,0,,False,1.2,NO TRADE,NOT CHECKED,,,,,,,,,False,,,False,,,,False,,,,False,NONE,False,False,0,,,,NOT CHECKED,NO LIVE SIGNAL,BAR_PROXY,0.0,NO DATA,,,,,,,,1.2,True
SBUX,97.61,REJECT,REJECT,near EMA200 pivot,10,16,55,NO TRADE,WEAK,37.0,price<EMA20; EMA20>EMA50; EMA20 falling,-6.11,17.1,0.4,2.97,0,False,2.28,608492644.0,101.9,103.12,97.79,96.04,108.74,98.46,109.88,84.62,109.88,108.92,RESISTANCE_BREAKOUT,BREAKOUT,0.16,,,0,,,0,False,False,102.72,EMA50,103.12,5.33,5.69,96.04,96.04,114.36,117.63,119.81,1.4,109.88,0.88,False,5.0,109.88,0.88,0.15,False,2.5,11.41,0.0,5892430.0,603068387.0,2.22,True,True,Starbucks Corporation - Common Stock,0,1.1,UNCLASSIFIED,,0.0,NONE,0.0,0.0,NONE,,True,0,NOT CHECKED,NONE,NEUTRAL,,,,NOT CHECKED,False,NOT CHECKED,NONE,0,,False,1.1,NO TRADE,NOT CHECKED,,,,,,,,,False,,,False,,,,False,,,,False,NONE,False,False,0,,,,NOT CHECKED,NO LIVE SIGNAL,BAR_PROXY,0.0,NO DATA,,,,,,,,1.1,False
JBS,12.17,REJECT,REJECT,"volume contraction, low-volume pullback",10,16,40,NO TRADE,WEAK,37.0,price<EMA20; EMA20>EMA50; EMA20 falling,-10.57,9.5,0.29,3.94,0,False,3.03,62885908.0,12.89,13.05,13.51,12.12,14.16,11.66,14.35,11.49,17.27,14.19,RESISTANCE_BREAKOUT,BREAKOUT,0.21,,,0,,,0,False,False,13.57,ATR_FALLBACK,13.64,3.9,4.37,12.12,12.12,14.9,15.32,15.61,1.83,14.35,1.1,False,5.0,14.35,1.1,0.25,False,2.5,17.63,0.0,4766377.0,60270332.0,2.79,True,True,JBS N.V. Class A Common Shares,0,1.1,UNCLASSIFIED,,0.0,NONE,0.0,0.0,NONE,,True,0,NOT CHECKED,NONE,NEUTRAL,,,,NOT CHECKED,False,NOT CHECKED,NONE,0,,False,1.1,NO TRADE,NOT CHECKED,,,,,,,,,False,,,False,,,,False,,,,False,NONE,False,False,0,,,,NOT CHECKED,NO LIVE SIGNAL,BAR_PROXY,0.0,NO DATA,,,,,,,,1.1,False
EYE,16.73,REJECT,REJECT,tight range,10,16,40,NO TRADE,WEAK,37.0,price<EMA20; EMA20>EMA50; EMA20 falling,-10.66,38.1,0.38,3.79,0,False,4.98,36716730.0,17.48,18.58,21.63,15.81,19.01,16.44,23.9,14.75,30.0,19.08,RESISTANCE_BREAKOUT,BREAKOUT,0.35,,,0,,,0,False,False,18.43,EMA50,18.58,2.59,3.37,15.81,15.81,20.03,20.6,20.98,2.37,23.9,25.28,True,5.0,20.6,8.0,2.37,False,2.5,16.62,0.0,2116970.0,39842169.0,4.71,True,True,"National Vision Holdings, Inc. - Common Stock",0,1.1,UNCLASSIFIED,,0.0,NONE,0.0,0.0,NONE,,True,0,NOT CHECKED,NONE,NEUTRAL,,,,NOT CHECKED,False,NOT CHECKED,NONE,0,,False,1.1,NO TRADE,NOT CHECKED,,,,,,,,,False,,,False,,,,False,,,,False,NONE,False,False,0,,,,NOT CHECKED,NO LIVE SIGNAL,BAR_PROXY,0.0,NO DATA,,,,,,,,1.1,False
FMC,10.42,REJECT,REJECT,rising EMA50,8,14,55,NO TRADE,WEAK,37.0,price<EMA20; EMA20>EMA50; EMA20 falling,-2.67,48.1,0.45,12.21,1,True,6.76,34174138.0,11.43,11.44,15.0,10.53,13.46,9.95,13.46,9.95,18.16,13.52,RESISTANCE_BREAKOUT,BREAKOUT,0.42,,,0,,,0,False,False,12.71,ATR_FALLBACK,12.46,7.82,6.0,10.61,10.61,14.19,14.6,14.87,1.33,18.16,34.38,True,5.0,14.6,8.0,1.33,False,2.5,29.14,0.0,2900385.0,30460660.0,5.24,True,True,FMC Corporation Common Stock,0,1.1,UNCLASSIFIED,,0.0,NONE,0.0,0.0,NONE,,True,0,NOT CHECKED,NONE,NEUTRAL,,,,NOT CHECKED,False,NOT CHECKED,NONE,0,,False,1.1,NO TRADE,NOT CHECKED,,,,,,,,,False,,,False,,,,False,,,,False,NONE,False,False,0,,,,NOT CHECKED,NO LIVE SIGNAL,BAR_PROXY,0.0,NO DATA,,,,,,,,1.1,True
STX,800.15,REJECT,REJECT,none,8,14,55,NO TRADE,WEAK,37.0,price<EMA20; EMA20>EMA50; EMA20 falling,-2.98,42.5,0.6,7.03,0,False,5.36,2705018321.0,829.88,838.57,662.84,758.35,925.44,698.99,1127.19,341.16,1144.18,928.87,RESISTANCE_BREAKOUT,BREAKOUT,0.37,,,0,,,0,False,False,873.14,ATR_FALLBACK,864.58,6.92,6.0,758.35,758.35,975.31,1003.18,1021.76,1.33,1127.19,21.35,True,5.0,1003.18,8.0,1.33,False,2.5,15.66,0.0,3252912.0,2601851980.0,4.88,True,True,Seagate Technology Holdings PLC - Ordinary Shares (Ireland),0,1.0,UNCLASSIFIED,,0.0,NONE,0.0,0.0,NONE,,True,0,NOT CHECKED,NONE,NEUTRAL,,,,NOT CHECKED,False,NOT CHECKED,NONE,0,,False,1.0,NO TRADE,NOT CHECKED,,,,,,,,,False,,,False,,,,False,,,,False,NONE,False,False,0,,,,NOT CHECKED,NO LIVE SIGNAL,BAR_PROXY,0.0,NO DATA,,,,,,,,1.0,False
PCAR,118.28,REJECT,REJECT,near EMA200 pivot,10,16,55,NO TRADE,WEAK,37.0,price<EMA20; EMA20>EMA50; EMA20 falling,-6.29,23.3,0.43,1.95,0,False,2.21,278786122.0,123.76,125.01,118.76,117.0,132.43,116.01,138.87,106.49,138.87,132.64,RESISTANCE_BREAKOUT,BREAKOUT,0.16,,,0,,,0,False,False,124.68,EMA50,125.01,5.75,6.0,117.0,117.0,139.27,143.25,145.9,1.33,138.87,4.7,False,5.0,138.87,4.7,0.78,False,2.5,11.96,0.0,2238906.0,288183304.0,2.15,True,True,PACCAR Inc. - Common Stock,0,1.0,UNCLASSIFIED,,0.0,NONE,0.0,0.0,NONE,,True,0,NOT CHECKED,NONE,NEUTRAL,,,,NOT CHECKED,False,NOT CHECKED,NONE,0,,False,1.0,NO TRADE,NOT CHECKED,,,,,,,,,False,,,False,,,,False,,,,False,NONE,False,False,0,,,,NOT CHECKED,NO LIVE SIGNAL,BAR_PROXY,0.0,NO DATA,,,,,,,,1.0,False
PLAB,28.46,REJECT,REJECT,"volume contraction, low-volume pullback",10,16,55,NO TRADE,WEAK,37.0,price<EMA20; EMA20>EMA50; EMA20 falling,-6.38,41.4,0.23,3.37,0,False,4.17,47558389.0,28.89,30.48,32.98,26.93,37.91,27.06,37.91,27.1,56.0,38.0,RESISTANCE_BREAKOUT,BREAKOUT,0.25,,,0,,,0,False,False,36.01,ATR_FALLBACK,36.22,4.69,5.25,26.93,26.93,39.91,41.05,41.81,1.52,56.0,47.35,True,5.0,41.05,8.0,1.52,False,2.5,33.2,0.0,1638056.0,30335838.0,4.82,True,True,"Photronics, Inc. - Common Stock",0,1.0,UNCLASSIFIED,,0.0,NONE,0.0,0.0,NONE,,True,0,NOT CHECKED,NONE,NEUTRAL,,,,NOT CHECKED,False,NOT CHECKED,NONE,0,,False,1.0,NO TRADE,NOT CHECKED,,,,,,,,,False,,,False,,,,False,,,,False,NONE,False,False,0,,,,NOT CHECKED,NO LIVE SIGNAL,BAR_PROXY,0.0,NO DATA,,,,,,,,1.0,False
BRO,65.4,REJECT,REJECT,none,8,14,40,NO TRADE,WEAK,37.0,price<EMA20; EMA20>EMA50; EMA20 falling,-7.6,30.2,0.47,3.23,0,False,2.9,114498969.0,68.92,68.75,70.36,65.41,74.77,58.01,75.46,53.69,75.46,74.92,RESISTANCE_BREAKOUT,BREAKOUT,0.2,,,0,,,0,False,False,71.74,ATR_FALLBACK,72.08,3.8,4.25,65.41,65.41,78.67,80.92,82.41,1.88,75.46,0.71,False,5.0,75.46,0.71,0.17,False,2.5,14.32,0.0,1633840.0,106439184.0,2.25,True,True,"Brown & Brown, Inc. Common Stock",0,0.9,UNCLASSIFIED,,0.0,NONE,0.0,0.0,NONE,,True,0,NOT CHECKED,NONE,NEUTRAL,,,,NOT CHECKED,False,NOT CHECKED,NONE,0,,False,0.9,NO TRADE,NOT CHECKED,,,,,,,,,False,,,False,,,,False,,,,False,NONE,False,False,0,,,,NOT CHECKED,NO LIVE SIGNAL,BAR_PROXY,0.0,NO DATA,,,,,,,,0.9,False
BKR,56.49,REJECT,REJECT,near EMA200 pivot,10,16,40,NO TRADE,WEAK,37.0,price<EMA20; EMA20>EMA50; EMA20 falling,-11.47,26.3,0.46,4.09,0,False,3.46,425324835.0,60.41,60.83,58.23,55.44,66.09,52.08,66.09,52.08,69.92,66.25,RESISTANCE_BREAKOUT,BREAKOUT,0.24,,,0,,,0,False,False,62.96,ATR_FALLBACK,63.31,4.43,4.96,55.44,55.44,69.56,71.55,72.87,1.61,69.92,5.54,True,5.0,69.92,5.54,1.12,False,2.5,16.98,0.0,6969242.0,380707698.0,3.08,True,True,Baker Hughes Company - Common Stock,0,0.7,UNCLASSIFIED,,0.0,NONE,0.0,0.0,NONE,,True,0,NOT CHECKED,NONE,NEUTRAL,,,,NOT CHECKED,False,NOT CHECKED,NONE,0,,False,0.7,NO TRADE,NOT CHECKED,,,,,,,,,False,,,False,,,,False,,,,False,NONE,False,False,0,,,,NOT CHECKED,NO LIVE SIGNAL,BAR_PROXY,0.0,NO DATA,,,,,,,,0.7,False
STZ,123.0,REJECT,REJECT,"volume contraction, low-volume pullback",10,16,55,NO TRADE,WEAK,37.0,price<EMA20; EMA20>EMA50; EMA20 falling,-6.96,28.1,0.25,2.44,0,False,2.58,258442285.0,127.02,130.96,137.87,120.25,138.9,120.25,146.96,127.28,166.17,139.15,RESISTANCE_BREAKOUT,BREAKOUT,0.18,,,0,,,0,False,False,130.8,EMA50,130.96,5.89,6.0,121.5,120.25,146.11,150.29,153.07,1.33,146.96,5.61,True,5.0,146.96,5.61,0.94,False,2.5,12.93,0.0,2023302.0,260052473.0,2.32,True,True,"Constellation Brands, Inc. Common Stock",0,0.7,UNCLASSIFIED,,0.0,NONE,0.0,0.0,NONE,,True,0,NOT CHECKED,NONE,NEUTRAL,,,,NOT CHECKED,False,NOT CHECKED,NONE,0,,False,0.7,NO TRADE,NOT CHECKED,,,,,,,,,False,,,False,,,,False,,,,False,NONE,False,False,0,,,,NOT CHECKED,NO LIVE SIGNAL,BAR_PROXY,0.0,NO DATA,,,,,,,,0.7,False
PRIM,76.33,REJECT,REJECT,none,8,14,55,NO TRADE,WEAK,37.0,price<EMA20; EMA20>EMA50; EMA20 falling,-3.59,48.2,0.6,4.52,0,False,4.08,84234983.0,76.27,82.96,110.02,70.12,80.81,64.95,108.98,64.95,205.33,81.06,RESISTANCE_BREAKOUT,BREAKOUT,0.31,,,0,,,0,False,False,76.2,EMA20,76.27,5.9,6.0,71.41,71.41,85.11,87.54,89.16,1.33,108.98,34.45,True,5.0,87.54,8.0,1.33,False,2.5,5.87,0.0,1120931.0,81398534.0,3.96,True,True,Primoris Services Corporation Common Stock,0,0.7,UNCLASSIFIED,,0.0,NONE,0.0,0.0,NONE,,True,0,NOT CHECKED,NONE,NEUTRAL,,,,NOT CHECKED,False,NOT CHECKED,NONE,0,,False,0.7,NO TRADE,NOT CHECKED,,,,,,,,,False,,,False,,,,False,,,,False,NONE,False,False,0,,,,NOT CHECKED,NO LIVE SIGNAL,BAR_PROXY,0.0,NO DATA,,,,,,,,0.7,False
WH,69.31,REJECT,REJECT,tight range,10,16,55,NO TRADE,WEAK,37.0,price<EMA20; EMA20>EMA50; EMA20 falling,-7.14,25.3,0.42,3.39,0,False,2.86,79749401.0,70.8,73.53,77.14,67.41,77.97,68.01,87.81,70.81,89.3,78.13,RESISTANCE_BREAKOUT,BREAKOUT,0.2,,,0,,,0,False,False,73.44,EMA50,73.53,5.89,6.0,67.41,67.41,82.04,84.38,85.94,1.33,87.81,12.39,True,5.0,84.38,8.0,1.33,False,2.5,12.51,0.0,1116345.0,75029584.0,2.6,True,True,"Wyndham Hotels & Resorts, Inc. Common Stock ",0,0.6,UNCLASSIFIED,,0.0,NONE,0.0,0.0,NONE,,True,0,NOT CHECKED,NONE,NEUTRAL,,,,NOT CHECKED,False,NOT CHECKED,NONE,0,,False,0.6,NO TRADE,NOT CHECKED,,,,,,,,,False,,,False,,,,False,,,,False,NONE,False,False,0,,,,NOT CHECKED,NO LIVE SIGNAL,BAR_PROXY,0.0,NO DATA,,,,,,,,0.6,False
UBER,70.75,REJECT,REJECT,none,8,14,40,NO TRADE,WEAK,37.0,price<EMA20; EMA20>EMA50; EMA20 falling,-8.43,32.0,0.55,6.46,0,False,3.14,1262747218.0,73.68,73.94,76.96,69.24,82.36,65.41,82.36,65.41,82.36,82.54,RESISTANCE_BREAKOUT,BREAKOUT,0.22,,,0,,,0,False,False,78.81,ATR_FALLBACK,79.21,4.04,4.53,69.24,69.24,86.67,89.15,90.8,1.77,,,False,5.0,89.15,8.0,1.77,False,2.5,16.42,0.0,16903207.0,1123711781.0,2.88,True,True,"Uber Technologies, Inc. Common Stock",0,0.5,UNCLASSIFIED,,0.0,NONE,0.0,0.0,NONE,,True,0,NOT CHECKED,NONE,NEUTRAL,,,,NOT CHECKED,False,NOT CHECKED,NONE,0,,False,0.5,NO TRADE,NOT CHECKED,,,,,,,,,False,,,False,,,,False,,,,False,NONE,False,False,0,,,,NOT CHECKED,NO LIVE SIGNAL,BAR_PROXY,0.0,NO DATA,,,,,,,,0.5,False
SWK,89.76,REJECT,REJECT,none,8,14,40,NO TRADE,WEAK,37.0,price<EMA20; EMA20>EMA50; EMA20 falling,-8.36,25.3,0.28,2.82,0,False,3.1,142580109.0,92.99,92.72,83.67,87.25,100.4,82.48,103.78,64.5,103.78,100.62,RESISTANCE_BREAKOUT,BREAKOUT,0.22,,,0,,,0,False,False,95.95,ATR_FALLBACK,96.45,4.15,4.64,87.25,87.25,105.65,108.67,110.68,1.72,103.78,3.14,False,5.0,103.78,3.14,0.68,False,2.5,11.85,0.0,1517662.0,142023671.0,2.7,True,True,"Stanley Black & Decker, Inc. Common Stock",0,0.5,UNCLASSIFIED,,0.0,NONE,0.0,0.0,NONE,,True,0,NOT CHECKED,NONE,NEUTRAL,,,,NOT CHECKED,False,NOT CHECKED,NONE,0,,False,0.5,NO TRADE,NOT CHECKED,,,,,,,,,False,,,False,,,,False,,,,False,NONE,False,False,0,,,,NOT CHECKED,NO LIVE SIGNAL,BAR_PROXY,0.0,NO DATA,,,,,,,,0.5,False
VRSK,176.32,REJECT,REJECT,none,8,14,55,NO TRADE,WEAK,37.0,price<EMA20; EMA20>EMA50; EMA20 falling,-4.26,37.4,0.41,6.15,0,False,3.65,198221866.0,183.2,185.31,194.44,171.33,196.68,167.73,225.48,155.1,225.48,197.2,RESISTANCE_BREAKOUT,BREAKOUT,0.26,,,0,,,0,False,False,185.37,EMA50,185.31,6.03,6.0,173.37,171.33,207.06,212.97,216.92,1.33,225.48,14.34,True,5.0,212.97,8.0,1.33,False,2.5,11.55,0.0,1070742.0,177761597.0,3.0,True,True,"Verisk Analytics, Inc. - Common Stock",0,0.3,UNCLASSIFIED,,0.0,NONE,0.0,0.0,NONE,,True,0,NOT CHECKED,NONE,NEUTRAL,,,,NOT CHECKED,False,NOT CHECKED,NONE,0,,False,0.3,NO TRADE,NOT CHECKED,,,,,,,,,False,,,False,,,,False,,,,False,NONE,False,False,0,,,,NOT CHECKED,NO LIVE SIGNAL,BAR_PROXY,0.0,NO DATA,,,,,,,,0.3,False
AA,47.12,REJECT,REJECT,"volume contraction, low-volume pullback",10,16,55,NO TRADE,WEAK,37.0,price<EMA20; EMA20>EMA50; EMA20 falling,-7.66,32.4,0.31,5.67,0,False,3.97,176754403.0,48.93,50.57,53.07,45.82,53.34,42.4,58.81,42.4,84.22,53.49,RESISTANCE_BREAKOUT,BREAKOUT,0.28,,,0,,,0,False,False,50.28,EMA50,50.57,5.45,6.0,45.82,45.82,56.16,57.77,58.84,1.33,58.81,9.94,True,5.0,57.77,8.0,1.33,False,2.5,13.2,0.0,3552192.0,168444860.0,3.6,True,True,Alcoa Corporation Common Stock ,0,0.3,UNCLASSIFIED,,0.0,NONE,0.0,0.0,NONE,,True,0,NOT CHECKED,NONE,NEUTRAL,,,,NOT CHECKED,False,NOT CHECKED,NONE,0,,False,0.3,NO TRADE,NOT CHECKED,,,,,,,,,False,,,False,,,,False,,,,False,NONE,False,False,0,,,,NOT CHECKED,NO LIVE SIGNAL,BAR_PROXY,0.0,NO DATA,,,,,,,,0.3,False
ALK,40.24,REJECT,REJECT,none,0,6,20,NO TRADE,WEAK,37.0,price<EMA20; EMA20>EMA50; EMA20 falling,-1.49,38.5,0.51,4.26,0,False,3.29,93514427.0,41.6,43.6,46.08,38.88,44.38,39.4,54.32,33.03,54.32,44.49,RESISTANCE_BREAKOUT,BREAKOUT,0.24,,,0,,,0,False,False,43.36,EMA50,43.6,1.99,2.52,38.88,38.88,46.71,48.04,48.93,3.17,54.32,22.11,True,5.0,48.04,8.0,3.17,True,2.5,10.29,0.0,2275245.0,93052854.0,2.93,True,True,"Alaska Air Group, Inc. Common Stock",0,0.2,UNCLASSIFIED,,0.0,NONE,0.0,0.0,NONE,,True,0,NOT CHECKED,NONE,NEUTRAL,,,,NOT CHECKED,False,NOT CHECKED,NONE,0,,False,0.2,NO TRADE,NOT CHECKED,,,,,,,,,False,,,False,,,,False,,,,False,NONE,False,False,0,,,,NOT CHECKED,NO LIVE SIGNAL,BAR_PROXY,0.0,NO DATA,,,,,,,,0.2,False
BX,125.53,REJECT,REJECT,near EMA200 pivot,10,16,40,NO TRADE,WEAK,37.0,price<EMA20; EMA20>EMA50; EMA20 falling,-12.57,21.9,0.43,3.89,0,False,3.37,422250268.0,132.59,132.2,132.72,121.42,145.77,110.93,150.24,99.78,150.24,146.11,RESISTANCE_BREAKOUT,BREAKOUT,0.23,,,0,,,0,False,False,139.0,ATR_FALLBACK,139.76,4.34,4.86,121.42,121.42,153.41,157.8,160.72,1.64,150.24,2.83,False,5.0,150.24,2.83,0.58,False,2.5,17.0,0.0,3122804.0,415490889.0,2.63,True,True,Blackstone Inc. Common Stock,0,0.1,UNCLASSIFIED,,0.0,NONE,0.0,0.0,NONE,,True,0,NOT CHECKED,NONE,NEUTRAL,,,,NOT CHECKED,False,NOT CHECKED,NONE,0,,False,0.1,NO TRADE,NOT CHECKED,,,,,,,,,False,,,False,,,,False,,,,False,NONE,False,False,0,,,,NOT CHECKED,NO LIVE SIGNAL,BAR_PROXY,0.0,NO DATA,,,,,,,,0.1,False
DKNG,23.05,REJECT,REJECT,tight range,10,16,55,NO TRADE,WEAK,37.0,price<EMA20; EMA20>EMA50; EMA20 falling,-8.03,41.8,0.6,8.39,0,False,4.81,222748341.0,24.31,24.57,27.2,23.09,26.58,21.32,27.52,20.46,30.13,26.67,RESISTANCE_BREAKOUT,BREAKOUT,0.33,,,0,,,0,False,False,25.07,ATR_FALLBACK,25.01,6.24,6.0,23.41,23.09,28.0,28.8,29.34,1.33,27.52,3.19,False,5.0,27.52,3.19,0.53,False,2.5,15.34,0.0,9065392.0,207362213.0,4.23,True,True,DraftKings Inc. - Class A Common Stock,0,0.1,UNCLASSIFIED,,0.0,NONE,0.0,0.0,NONE,,True,0,NOT CHECKED,NONE,NEUTRAL,,,,NOT CHECKED,False,NOT CHECKED,NONE,0,,False,0.1,NO TRADE,NOT CHECKED,,,,,,,,,False,,,False,,,,False,,,,False,NONE,False,False,0,,,,NOT CHECKED,NO LIVE SIGNAL,BAR_PROXY,0.0,NO DATA,,,,,,,,0.1,False
BIRK,31.57,REJECT,REJECT,volume contraction,6,12,20,NO TRADE,WEAK,37.0,price<EMA20; EMA20>EMA50; EMA20 falling,-11.71,28.8,0.52,11.59,1,True,3.56,80359189.0,33.27,36.42,39.78,29.93,37.0,30.25,46.94,31.12,50.73,37.09,RESISTANCE_BREAKOUT,BREAKOUT,0.24,,,0,,,0,False,False,36.22,EMA50,36.42,1.8,2.34,29.93,29.93,38.94,40.05,40.8,3.42,46.94,26.57,True,5.0,40.05,8.0,3.42,True,2.5,19.29,0.0,2388760.0,69560435.0,3.63,True,True,Birkenstock Holding plc Ordinary Shares,0,0.1,UNCLASSIFIED,,0.0,NONE,0.0,0.0,NONE,,True,0,NOT CHECKED,NONE,NEUTRAL,,,,NOT CHECKED,False,NOT CHECKED,NONE,0,,False,0.1,NO TRADE,NOT CHECKED,,,,,,,,,False,,,False,,,,False,,,,False,NONE,False,False,0,,,,NOT CHECKED,NO LIVE SIGNAL,BAR_PROXY,0.0,NO DATA,,,,,,,,0.1,True
LW,46.59,REJECT,REJECT,near EMA200 pivot,10,16,40,NO TRADE,WEAK,37.0,price<EMA20; EMA20>EMA50; EMA20 falling,-12.58,13.8,0.4,3.62,0,False,3.03,67183958.0,49.89,49.84,48.24,46.82,55.7,42.3,55.7,37.02,55.7,55.81,RESISTANCE_BREAKOUT,BREAKOUT,0.2,,,0,,,0,False,False,53.44,ATR_FALLBACK,53.7,3.79,4.25,46.82,46.82,58.6,60.28,61.39,1.88,,,False,5.0,60.28,8.0,1.88,False,2.5,19.55,0.0,1307043.0,65634101.0,2.74,True,True,"Lamb Weston Holdings, Inc. Common Stock ",0,0.1,UNCLASSIFIED,,0.0,NONE,0.0,0.0,NONE,,True,0,NOT CHECKED,NONE,NEUTRAL,,,,NOT CHECKED,False,NOT CHECKED,NONE,0,,False,0.1,NO TRADE,NOT CHECKED,,,,,,,,,False,,,False,,,,False,,,,False,NONE,False,False,0,,,,NOT CHECKED,NO LIVE SIGNAL,BAR_PROXY,0.0,NO DATA,,,,,,,,0.1,False
NUVB,6.11,REJECT,REJECT,near EMA50 support,14,20,55,NO TRADE,WEAK,37.0,price<EMA20; EMA20>EMA50; EMA20 falling,-14.92,30.0,0.67,8.02,0,False,5.16,29792643.0,6.37,6.28,5.6,5.63,7.31,5.33,7.58,4.05,7.58,7.34,RESISTANCE_BREAKOUT,BREAKOUT,0.35,,,0,,,0,False,False,6.9,ATR_FALLBACK,6.86,6.45,6.0,5.63,5.63,7.7,7.92,8.07,1.33,7.58,3.34,False,5.0,7.58,3.34,0.56,False,2.5,24.06,0.0,4579994.0,25891586.0,4.52,True,True,Nuvation Bio Inc. Class A Common Stock,0,0.1,UNCLASSIFIED,,0.0,NONE,0.0,0.0,NONE,,True,0,NOT CHECKED,NONE,NEUTRAL,,,,NOT CHECKED,False,NOT CHECKED,NONE,0,,False,0.1,NO TRADE,NOT CHECKED,,,,,,,,,False,,,False,,,,False,,,,False,NONE,False,False,0,,,,NOT CHECKED,NO LIVE SIGNAL,BAR_PROXY,0.0,NO DATA,,,,,,,,0.1,False
BWXT,147.23,REJECT,REJECT,"volume contraction, low-volume pullback",10,16,55,NO TRADE,WEAK,37.0,price<EMA20; EMA20>EMA50; EMA20 falling,-8.35,40.4,0.29,6.07,0,False,3.5,164350459.0,154.6,164.78,183.07,144.33,162.91,147.74,215.04,147.74,241.12,163.32,RESISTANCE_BREAKOUT,BREAKOUT,0.25,,,0,,,0,False,False,153.67,EMA20,154.6,5.34,5.91,144.33,144.33,171.49,176.39,179.65,1.35,215.04,31.67,True,5.0,176.39,8.0,1.35,False,2.5,12.31,0.0,1069083.0,150655754.0,3.28,True,True,"BWX Technologies, Inc. Common Stock",0,-0.0,UNCLASSIFIED,,0.0,NONE,0.0,0.0,NONE,,True,0,NOT CHECKED,NONE,NEUTRAL,,,,NOT CHECKED,False,NOT CHECKED,NONE,0,,False,0.0,NO TRADE,NOT CHECKED,,,,,,,,,False,,,False,,,,False,,,,False,NONE,False,False,0,,,,NOT CHECKED,NO LIVE SIGNAL,BAR_PROXY,0.0,NO DATA,,,,,,,,0.0,False
PHM,118.32,REJECT,REJECT,near EMA200 pivot,10,16,55,NO TRADE,WEAK,37.0,price<EMA20; EMA20>EMA50; EMA20 falling,-8.34,31.9,0.36,3.67,0,False,2.54,155344868.0,122.2,124.66,125.19,114.53,131.76,114.53,139.78,108.02,139.78,132.0,RESISTANCE_BREAKOUT,BREAKOUT,0.18,,,0,,,0,False,False,124.12,EMA50,124.66,5.56,5.97,114.53,114.53,138.6,142.56,145.2,1.34,139.78,5.9,True,5.0,139.78,5.9,0.99,False,2.5,12.43,0.0,1264979.0,146378782.0,2.22,True,True,"PulteGroup, Inc. Common Stock",0,-0.0,UNCLASSIFIED,,0.0,NONE,0.0,0.0,NONE,,True,0,NOT CHECKED,NONE,NEUTRAL,,,,NOT CHECKED,False,NOT CHECKED,NONE,0,,False,0.0,NO TRADE,NOT CHECKED,,,,,,,,,False,,,False,,,,False,,,,False,NONE,False,False,0,,,,NOT CHECKED,NO LIVE SIGNAL,BAR_PROXY,0.0,NO DATA,,,,,,,,0.0,False
USFD,92.56,REJECT,REJECT,near EMA200 pivot,10,16,40,NO TRADE,WEAK,37.0,price<EMA20; EMA20>EMA50; EMA20 falling,-13.0,11.9,0.52,6.45,0,False,3.22,205151861.0,99.85,100.68,92.76,90.19,111.28,91.26,111.42,79.52,111.42,111.51,RESISTANCE_BREAKOUT,BREAKOUT,0.21,,,0,,,0,False,False,106.51,ATR_FALLBACK,107.04,4.01,4.49,90.19,90.19,117.09,120.43,122.66,1.78,,,False,5.0,120.43,8.0,1.78,False,2.5,20.22,0.0,2037289.0,182059526.0,2.69,True,True,US Foods Holding Corp. Common Stock,0,-0.1,UNCLASSIFIED,,0.0,NONE,0.0,0.0,NONE,,True,0,NOT CHECKED,NONE,NEUTRAL,,,,NOT CHECKED,False,NOT CHECKED,NONE,0,,False,-0.1,NO TRADE,NOT CHECKED,,,,,,,,,False,,,False,,,,False,,,,False,NONE,False,False,0,,,,NOT CHECKED,NO LIVE SIGNAL,BAR_PROXY,0.0,NO DATA,,,,,,,,-0.1,False
PODD,140.57,REJECT,REJECT,volume contraction,6,12,40,NO TRADE,WEAK,37.0,price<EMA20; EMA20>EMA50; EMA20 falling,-6.3,46.0,0.22,5.96,0,False,3.62,244667878.0,142.71,148.76,195.75,131.24,152.69,126.4,172.92,126.4,249.23,153.1,RESISTANCE_BREAKOUT,BREAKOUT,0.27,,,0,,,0,False,False,147.84,EMA50,148.76,2.83,3.43,131.24,131.24,160.75,165.35,168.41,2.33,172.92,12.95,True,5.0,165.35,8.0,2.33,False,2.5,10.39,0.0,1706902.0,198042197.0,3.49,True,True,Insulet Corporation - Common Stock,0,-0.2,UNCLASSIFIED,,0.0,NONE,0.0,0.0,NONE,,True,0,NOT CHECKED,NONE,NEUTRAL,,,,NOT CHECKED,False,NOT CHECKED,NONE,0,,False,-0.2,NO TRADE,NOT CHECKED,,,,,,,,,False,,,False,,,,False,,,,False,NONE,False,False,0,,,,NOT CHECKED,NO LIVE SIGNAL,BAR_PROXY,0.0,NO DATA,,,,,,,,-0.2,False
ODFL,175.29,REJECT,REJECT,"volume contraction, low-volume pullback",10,16,40,NO TRADE,WEAK,37.0,price<EMA20; EMA20>EMA50; EMA20 falling,-13.48,17.4,0.35,2.34,0,False,3.53,312215048.0,188.75,201.18,195.7,173.02,209.41,177.54,238.14,175.55,251.64,209.91,RESISTANCE_BREAKOUT,BREAKOUT,0.24,,,0,,,0,False,False,200.06,EMA50,201.18,4.16,4.69,173.02,173.02,220.41,226.7,230.9,1.71,238.14,13.45,True,5.0,226.7,8.0,1.71,False,2.5,21.38,0.0,1656390.0,262679512.0,3.1,True,True,"Old Dominion Freight Line, Inc. - Common Stock",0,-0.3,UNCLASSIFIED,,0.0,NONE,0.0,0.0,NONE,,True,0,NOT CHECKED,NONE,NEUTRAL,,,,NOT CHECKED,False,NOT CHECKED,NONE,0,,False,-0.3,NO TRADE,NOT CHECKED,,,,,,,,,False,,,False,,,,False,,,,False,NONE,False,False,0,,,,NOT CHECKED,NO LIVE SIGNAL,BAR_PROXY,0.0,NO DATA,,,,,,,,-0.3,False
ETSY,72.53,REJECT,REJECT,"volume contraction, low-volume pullback",10,16,55,NO TRADE,WEAK,37.0,price<EMA20; EMA20>EMA50; EMA20 falling,-8.94,23.6,0.38,7.4,0,False,4.29,225489926.0,76.79,77.71,69.18,69.99,87.41,69.99,87.97,46.9,87.97,87.66,RESISTANCE_BREAKOUT,BREAKOUT,0.28,,,0,,,0,False,False,82.43,ATR_FALLBACK,82.99,5.32,5.96,70.03,69.99,92.04,94.67,96.42,1.34,87.97,0.36,False,5.0,87.97,0.36,0.06,False,2.5,20.51,0.0,2877700.0,213266518.0,3.97,True,True,"Etsy, Inc. Common Stock",0,-0.3,UNCLASSIFIED,,0.0,NONE,0.0,0.0,NONE,,True,0,NOT CHECKED,NONE,NEUTRAL,,,,NOT CHECKED,False,NOT CHECKED,NONE,0,,False,-0.3,NO TRADE,NOT CHECKED,,,,,,,,,False,,,False,,,,False,,,,False,NONE,False,False,0,,,,NOT CHECKED,NO LIVE SIGNAL,BAR_PROXY,0.0,NO DATA,,,,,,,,-0.3,False
MKC,50.2,REJECT,REJECT,none,8,14,40,NO TRADE,WEAK,37.0,price<EMA20; EMA20>EMA50; EMA20 falling,-10.2,19.5,0.38,2.79,0,False,2.53,136403445.0,52.07,52.21,54.85,49.55,56.87,45.31,56.87,44.42,69.5,56.97,RESISTANCE_BREAKOUT,BREAKOUT,0.18,,,0,,,0,False,False,54.84,ATR_FALLBACK,55.07,3.34,3.75,49.55,49.55,59.82,61.53,62.67,2.14,69.5,21.98,True,5.0,61.53,8.0,2.14,False,2.5,13.29,0.0,2580700.0,140766395.0,2.42,True,True,"McCormick & Company, Incorporated Common Stock",0,-0.4,UNCLASSIFIED,,0.0,NONE,0.0,0.0,NONE,,True,0,NOT CHECKED,NONE,NEUTRAL,,,,NOT CHECKED,False,NOT CHECKED,NONE,0,,False,-0.4,NO TRADE,NOT CHECKED,,,,,,,,,False,,,False,,,,False,,,,False,NONE,False,False,0,,,,NOT CHECKED,NO LIVE SIGNAL,BAR_PROXY,0.0,NO DATA,,,,,,,,-0.4,False
AVGO,348.89,REJECT,REJECT,none,0,6,20,NO TRADE,WEAK,37.0,price<EMA20; EMA20>EMA50; EMA20 falling,-2.83,33.8,0.42,4.49,0,False,3.06,8959645818.0,361.37,374.52,372.21,335.81,376.59,342.33,432.73,289.5,494.22,377.45,RESISTANCE_BREAKOUT,BREAKOUT,0.23,,,0,,,0,False,False,369.43,EMA50,374.52,0.78,2.12,335.81,335.81,396.32,407.64,415.19,3.77,432.73,14.65,True,5.0,407.64,8.0,3.77,True,2.5,7.94,0.0,24918948.0,7877550844.0,2.34,True,True,Broadcom Inc. - Common Stock,0,-0.5,UNCLASSIFIED,,0.0,NONE,0.0,0.0,NONE,,True,0,NOT CHECKED,NONE,NEUTRAL,,,,NOT CHECKED,False,NOT CHECKED,NONE,0,,False,-0.5,NO TRADE,NOT CHECKED,,,,,,,,,False,,,False,,,,False,,,,False,NONE,False,False,0,,,,NOT CHECKED,NO LIVE SIGNAL,BAR_PROXY,0.0,NO DATA,,,,,,,,-0.5,False
PNR,55.99,REJECT,REJECT,"volume contraction, low-volume pullback",10,16,40,NO TRADE,WEAK,37.0,price<EMA20; EMA20>EMA50; EMA20 falling,-13.73,10.1,0.15,3.21,0,False,2.86,227493322.0,59.47,63.83,79.53,55.99,65.68,56.25,77.62,57.35,98.19,65.81,RESISTANCE_BREAKOUT,BREAKOUT,0.19,,,0,,,0,False,False,63.54,EMA50,63.83,3.01,3.44,55.99,55.99,69.1,71.07,72.39,2.32,77.62,17.95,True,5.0,71.07,8.0,2.32,False,2.5,17.69,0.0,3777014.0,159901063.0,2.66,True,True,Pentair plc. Ordinary Share,0,-0.5,UNCLASSIFIED,,0.0,NONE,0.0,0.0,NONE,,True,0,NOT CHECKED,NONE,NEUTRAL,,,,NOT CHECKED,False,NOT CHECKED,NONE,0,,False,-0.5,NO TRADE,NOT CHECKED,,,,,,,,,False,,,False,,,,False,,,,False,NONE,False,False,0,,,,NOT CHECKED,NO LIVE SIGNAL,BAR_PROXY,0.0,NO DATA,,,,,,,,-0.5,False
ONON,26.67,REJECT,REJECT,tight range,10,16,40,NO TRADE,WEAK,37.0,price<EMA20; EMA20>EMA50; EMA20 falling,-13.77,29.6,0.67,3.28,0,False,3.01,204014502.0,28.51,31.48,37.02,26.6,31.04,26.6,39.23,28.2,47.26,31.1,RESISTANCE_BREAKOUT,BREAKOUT,0.21,,,0,,,0,False,False,29.75,ATR_FALLBACK,29.9,3.87,4.34,26.6,26.6,32.66,33.59,34.21,1.84,39.23,26.13,True,5.0,33.59,8.0,1.84,False,2.5,18.77,0.0,7267798.0,205305030.0,2.75,True,True,On Holding AG Class A Ordinary Shares,0,-0.5,UNCLASSIFIED,,0.0,NONE,0.0,0.0,NONE,,True,0,NOT CHECKED,NONE,NEUTRAL,,,,NOT CHECKED,False,NOT CHECKED,NONE,0,,False,-0.5,NO TRADE,NOT CHECKED,,,,,,,,,False,,,False,,,,False,,,,False,NONE,False,False,0,,,,NOT CHECKED,NO LIVE SIGNAL,BAR_PROXY,0.0,NO DATA,,,,,,,,-0.5,False
LKQ,23.81,REJECT,REJECT,none,8,14,55,NO TRADE,WEAK,37.0,price<EMA20; EMA20>EMA50; EMA20 falling,-5.95,37.3,0.59,3.5,0,False,3.1,76552569.0,24.39,24.87,27.02,22.98,26.24,20.92,26.96,20.92,31.77,26.3,RESISTANCE_BREAKOUT,BREAKOUT,0.22,,,0,,,0,False,False,24.74,EMA50,24.87,5.42,5.92,22.98,22.98,27.61,28.4,28.93,1.35,26.96,2.53,False,5.0,26.96,2.53,0.43,False,2.5,10.23,0.0,3093205.0,76669975.0,2.88,True,True,LKQ Corporation - Common Stock,0,-0.5,UNCLASSIFIED,,0.0,NONE,0.0,0.0,NONE,,True,0,NOT CHECKED,NONE,NEUTRAL,,,,NOT CHECKED,False,NOT CHECKED,NONE,0,,False,-0.5,NO TRADE,NOT CHECKED,,,,,,,,,False,,,False,,,,False,,,,False,NONE,False,False,0,,,,NOT CHECKED,NO LIVE SIGNAL,BAR_PROXY,0.0,NO DATA,,,,,,,,-0.5,False
QS,5.28,REJECT,REJECT,"volume contraction, low-volume pullback",10,16,55,NO TRADE,WEAK,37.0,price<EMA20; EMA20>EMA50; EMA20 falling,-9.37,31.1,0.6,9.95,0,False,4.52,74219522.0,5.43,5.84,7.6,4.9,6.12,4.77,8.49,4.77,9.66,6.14,RESISTANCE_BREAKOUT,BREAKOUT,0.31,,,0,,,0,False,False,5.8,EMA50,5.84,4.85,5.55,4.9,4.9,6.45,6.63,6.75,1.44,8.49,38.29,True,5.0,6.63,8.0,1.44,False,2.5,16.02,0.0,13328534.0,60941076.0,4.22,True,True,QuantumScape Corporation - Common Stock,0,-0.5,UNCLASSIFIED,,0.0,NONE,0.0,0.0,NONE,,True,0,NOT CHECKED,NONE,NEUTRAL,,,,NOT CHECKED,False,NOT CHECKED,NONE,0,,False,-0.5,NO TRADE,NOT CHECKED,,,,,,,,,False,,,False,,,,False,,,,False,NONE,False,False,0,,,,NOT CHECKED,NO LIVE SIGNAL,BAR_PROXY,0.0,NO DATA,,,,,,,,-0.5,False
ENTG,134.3,REJECT,REJECT,none,8,14,55,NO TRADE,WEAK,37.0,price<EMA20; EMA20>EMA50; EMA20 falling,-6.0,40.4,0.28,7.24,0,False,4.74,254743130.0,136.89,139.61,129.55,125.78,147.12,106.91,186.78,106.91,186.78,147.63,RESISTANCE_BREAKOUT,BREAKOUT,0.35,,,0,,,0,False,False,138.77,EMA50,139.61,5.43,6.0,126.63,125.78,155.01,159.44,162.39,1.33,186.78,26.52,True,5.0,159.44,8.0,1.33,False,2.5,14.21,0.0,1873566.0,237481267.0,3.48,True,True,"Entegris, Inc. - Common Stock",0,-0.6,UNCLASSIFIED,,0.0,NONE,0.0,0.0,NONE,,True,0,NOT CHECKED,NONE,NEUTRAL,,,,NOT CHECKED,False,NOT CHECKED,NONE,0,,False,-0.6,NO TRADE,NOT CHECKED,,,,,,,,,False,,,False,,,,False,,,,False,NONE,False,False,0,,,,NOT CHECKED,NO LIVE SIGNAL,BAR_PROXY,0.0,NO DATA,,,,,,,,-0.6,False
CX,10.19,REJECT,REJECT,none,0,6,20,NO TRADE,WEAK,37.0,price<EMA20; EMA20>EMA50; EMA20 falling,-3.26,32.0,0.24,4.81,0,False,2.65,59822308.0,10.68,11.18,11.43,10.01,11.17,10.38,13.18,9.85,13.6,11.19,RESISTANCE_BREAKOUT,BREAKOUT,0.19,,,0,,,0,False,False,10.99,EMA50,11.18,0.04,1.81,10.01,10.01,11.75,12.08,12.31,4.42,13.18,17.81,True,5.0,12.08,8.0,4.42,True,2.5,9.64,0.0,5602463.0,47154889.0,2.37,True,True,"Cemex, S.A.B. de C.V. Sponsored ADR",0,-0.7,UNCLASSIFIED,,0.0,NONE,0.0,0.0,NONE,,True,0,NOT CHECKED,NONE,NEUTRAL,,,,NOT CHECKED,False,NOT CHECKED,NONE,0,,False,-0.7,NO TRADE,NOT CHECKED,,,,,,,,,False,,,False,,,,False,,,,False,NONE,False,False,0,,,,NOT CHECKED,NO LIVE SIGNAL,BAR_PROXY,0.0,NO DATA,,,,,,,,-0.7,False
BRBR,9.11,REJECT,REJECT,"volume contraction, low-volume pullback",10,16,40,NO TRADE,WEAK,37.0,price<EMA20; EMA20>EMA50; EMA20 falling,-14.18,31.7,0.3,6.48,0,False,5.4,27112717.0,9.96,10.79,16.38,8.85,11.09,9.09,14.29,7.82,19.11,11.13,RESISTANCE_BREAKOUT,BREAKOUT,0.35,,,0,,,0,False,False,10.7,EMA50,10.79,3.02,3.82,8.85,8.85,11.69,12.02,12.24,2.1,14.29,28.4,True,5.0,12.02,8.0,2.1,False,2.5,21.73,0.0,2694056.0,26436236.0,4.7,True,True,"BellRing Brands, Inc. Common Stock ",0,-0.7,UNCLASSIFIED,,0.0,NONE,0.0,0.0,NONE,,True,0,NOT CHECKED,NONE,NEUTRAL,,,,NOT CHECKED,False,NOT CHECKED,NONE,0,,False,-0.7,NO TRADE,NOT CHECKED,,,,,,,,,False,,,False,,,,False,,,,False,NONE,False,False,0,,,,NOT CHECKED,NO LIVE SIGNAL,BAR_PROXY,0.0,NO DATA,,,,,,,,-0.7,False
ASML,1621.36,REJECT,REJECT,none,8,14,55,NO TRADE,WEAK,37.0,price<EMA20; EMA20>EMA50; EMA20 falling,-6.53,38.6,0.8,4.17,0,False,3.35,1932783407.0,1681.06,1704.99,1515.7,1572.84,1790.0,1530.64,1997.38,1243.78,1997.38,1794.34,RESISTANCE_BREAKOUT,BREAKOUT,0.24,,,0,,,0,False,False,1695.22,EMA50,1704.99,4.98,5.52,1572.84,1572.84,1884.06,1937.89,1973.78,1.45,1997.38,11.32,True,5.0,1937.89,8.0,1.45,False,2.5,11.28,0.0,1147521.0,1826254781.0,2.14,True,True,ASML Holding N.V. - New York Registry Shares,0,-0.8,UNCLASSIFIED,,0.0,NONE,0.0,0.0,NONE,,True,0,NOT CHECKED,NONE,NEUTRAL,,,,NOT CHECKED,False,NOT CHECKED,NONE,0,,False,-0.8,NO TRADE,NOT CHECKED,,,,,,,,,False,,,False,,,,False,,,,False,NONE,False,False,0,,,,NOT CHECKED,NO LIVE SIGNAL,BAR_PROXY,0.0,NO DATA,,,,,,,,-0.8,False
RPM,99.49,REJECT,REJECT,"volume contraction, low-volume pullback",10,16,55,NO TRADE,WEAK,37.0,price<EMA20; EMA20>EMA50; EMA20 falling,-9.99,33.2,0.11,2.02,0,False,2.6,168128070.0,103.34,105.69,107.11,98.0,112.01,98.0,117.93,91.96,117.93,112.22,RESISTANCE_BREAKOUT,BREAKOUT,0.18,,,0,,,0,False,False,105.48,EMA50,105.69,5.82,6.0,98.0,98.0,117.83,121.19,123.44,1.33,117.93,5.09,True,5.0,117.93,5.09,0.85,False,2.5,14.37,0.0,1617373.0,116456892.0,2.43,True,True,RPM International Inc. Common Stock,0,-0.8,UNCLASSIFIED,,0.0,NONE,0.0,0.0,NONE,,True,0,NOT CHECKED,NONE,NEUTRAL,,,,NOT CHECKED,False,NOT CHECKED,NONE,0,,False,-0.8,NO TRADE,NOT CHECKED,,,,,,,,,False,,,False,,,,False,,,,False,NONE,False,False,0,,,,NOT CHECKED,NO LIVE SIGNAL,BAR_PROXY,0.0,NO DATA,,,,,,,,-0.8,False
WY,21.77,REJECT,REJECT,tight range,10,16,55,NO TRADE,WEAK,37.0,price<EMA20; EMA20>EMA50; EMA20 falling,-9.85,18.4,0.41,4.28,0,False,2.15,118326423.0,22.83,23.43,23.7,21.71,24.74,21.83,25.76,22.02,25.76,24.78,RESISTANCE_BREAKOUT,BREAKOUT,0.15,,,0,,,0,False,False,23.34,EMA50,23.43,5.46,5.8,21.71,21.71,26.02,26.76,27.26,1.38,25.76,3.97,False,5.0,25.76,3.97,0.68,False,2.5,13.65,0.0,5172939.0,116277932.0,2.03,True,True,Weyerhaeuser Company Common Stock,0,-0.8,UNCLASSIFIED,,0.0,NONE,0.0,0.0,NONE,,True,0,NOT CHECKED,NONE,NEUTRAL,,,,NOT CHECKED,False,NOT CHECKED,NONE,0,,False,-0.8,NO TRADE,NOT CHECKED,,,,,,,,,False,,,False,,,,False,,,,False,NONE,False,False,0,,,,NOT CHECKED,NO LIVE SIGNAL,BAR_PROXY,0.0,NO DATA,,,,,,,,-0.8,False
CHTR,135.67,REJECT,REJECT,"volume contraction, low-volume pullback",10,16,55,NO TRADE,WEAK,37.0,price<EMA20; EMA20>EMA50; EMA20 falling,-10.1,41.6,0.34,8.74,0,False,5.31,367764921.0,144.59,146.09,176.1,133.33,160.7,111.55,168.11,111.55,254.11,161.28,RESISTANCE_BREAKOUT,BREAKOUT,0.36,,,0,,,0,False,False,151.6,ATR_FALLBACK,150.48,6.7,6.0,133.49,133.33,169.34,174.18,177.4,1.33,168.11,4.24,False,5.0,168.11,4.24,0.71,False,2.5,18.45,0.0,2502329.0,331184894.0,4.7,True,True,"Charter Communications, Inc. - Class A Common Stock",0,-0.9,UNCLASSIFIED,,0.0,NONE,0.0,0.0,NONE,,True,0,NOT CHECKED,NONE,NEUTRAL,,,,NOT CHECKED,False,NOT CHECKED,NONE,0,,False,-0.9,NO TRADE,NOT CHECKED,,,,,,,,,False,,,False,,,,False,,,,False,NONE,False,False,0,,,,NOT CHECKED,NO LIVE SIGNAL,BAR_PROXY,0.0,NO DATA,,,,,,,,-0.9,False
POET,7.51,REJECT,REJECT,"volume contraction, low-volume pullback",10,16,55,NO TRADE,WEAK,37.0,price<EMA20; EMA20>EMA50; EMA20 falling,-10.04,42.3,0.5,8.05,0,False,5.99,59557500.0,7.76,8.27,8.23,7.02,8.75,6.28,12.7,4.87,20.81,8.79,RESISTANCE_BREAKOUT,BREAKOUT,0.41,,,0,,,0,False,False,8.26,EMA50,8.27,5.93,6.0,7.18,7.02,9.23,9.49,9.66,1.33,12.7,44.55,True,5.0,9.49,8.0,1.33,False,2.5,16.43,0.0,7655246.0,53327009.0,4.75,True,True,POET Technologies Inc. - Common Shares,0,-0.9,UNCLASSIFIED,,0.0,NONE,0.0,0.0,NONE,,True,0,NOT CHECKED,NONE,NEUTRAL,,,,NOT CHECKED,False,NOT CHECKED,NONE,0,,False,-0.9,NO TRADE,NOT CHECKED,,,,,,,,,False,,,False,,,,False,,,,False,NONE,False,False,0,,,,NOT CHECKED,NO LIVE SIGNAL,BAR_PROXY,0.0,NO DATA,,,,,,,,-0.9,False
SON,48.93,REJECT,REJECT,near EMA200 pivot,10,16,40,NO TRADE,WEAK,37.0,price<EMA20; EMA20>EMA50; EMA20 falling,-14.58,15.9,0.46,1.97,0,False,3.34,58803812.0,51.81,53.55,51.09,47.59,59.75,47.59,60.11,45.48,60.11,59.88,RESISTANCE_BREAKOUT,BREAKOUT,0.22,,,0,,,0,False,False,57.14,ATR_FALLBACK,57.43,4.09,4.58,47.59,47.59,62.87,64.67,65.87,1.75,60.11,0.38,False,5.0,60.11,0.38,0.08,False,2.5,22.11,0.0,1123381.0,57976814.0,2.98,True,True,Sonoco Products Company Common Stock,0,-0.9,UNCLASSIFIED,,0.0,NONE,0.0,0.0,NONE,,True,0,NOT CHECKED,NONE,NEUTRAL,,,,NOT CHECKED,False,NOT CHECKED,NONE,0,,False,-0.9,NO TRADE,NOT CHECKED,,,,,,,,,False,,,False,,,,False,,,,False,NONE,False,False,0,,,,NOT CHECKED,NO LIVE SIGNAL,BAR_PROXY,0.0,NO DATA,,,,,,,,-0.9,False
LVS,41.35,REJECT,REJECT,"volume contraction, low-volume pullback",10,16,55,NO TRADE,WEAK,37.0,price<EMA20; EMA20>EMA50; EMA20 falling,-10.32,29.3,0.3,2.44,0,False,2.47,219198606.0,43.59,45.28,50.09,40.86,47.5,42.11,49.76,43.59,57.75,47.58,RESISTANCE_BREAKOUT,BREAKOUT,0.17,,,0,,,0,False,False,45.09,EMA50,45.28,4.85,5.23,40.86,40.86,49.96,51.39,52.34,1.53,49.76,4.58,False,5.0,49.76,4.58,0.88,False,2.5,14.89,0.0,4981283.0,203806355.0,2.41,True,True,Las Vegas Sands Corp. Common Stock,0,-1.0,UNCLASSIFIED,,0.0,NONE,0.0,0.0,NONE,,True,0,NOT CHECKED,NONE,NEUTRAL,,,,NOT CHECKED,False,NOT CHECKED,NONE,0,,False,-1.0,NO TRADE,NOT CHECKED,,,,,,,,,False,,,False,,,,False,,,,False,NONE,False,False,0,,,,NOT CHECKED,NO LIVE SIGNAL,BAR_PROXY,0.0,NO DATA,,,,,,,,-1.0,False
CYTK,69.07,REJECT,REJECT,near EMA200 pivot,10,16,55,NO TRADE,WEAK,37.0,price<EMA20; EMA20>EMA50; EMA20 falling,-10.24,28.6,0.27,3.62,0,False,4.19,128180998.0,73.24,75.27,70.25,68.55,79.88,69.31,88.31,58.43,88.31,80.11,RESISTANCE_BREAKOUT,BREAKOUT,0.29,,,0,,,0,False,False,75.31,EMA50,75.27,6.05,6.0,68.55,68.55,84.12,86.52,88.12,1.33,88.31,10.23,True,5.0,86.52,8.0,1.33,False,2.5,15.66,0.0,1748457.0,116197344.0,3.2,True,True,"Cytokinetics, Incorporated - Common Stock",0,-1.0,UNCLASSIFIED,,0.0,NONE,0.0,0.0,NONE,,True,0,NOT CHECKED,NONE,NEUTRAL,,,,NOT CHECKED,False,NOT CHECKED,NONE,0,,False,-1.0,NO TRADE,NOT CHECKED,,,,,,,,,False,,,False,,,,False,,,,False,NONE,False,False,0,,,,NOT CHECKED,NO LIVE SIGNAL,BAR_PROXY,0.0,NO DATA,,,,,,,,-1.0,False
AMAT,415.6,REJECT,REJECT,near EMA200 pivot,10,16,40,NO TRADE,WEAK,37.0,price<EMA20; EMA20>EMA50; EMA20 falling,-15.23,27.1,0.53,5.55,0,False,4.17,2702708629.0,456.18,485.43,423.15,411.51,503.5,426.13,738.88,315.93,738.88,504.89,RESISTANCE_BREAKOUT,BREAKOUT,0.28,,,0,,,0,False,False,482.3,EMA50,485.43,3.85,4.47,411.51,411.51,530.13,545.28,555.38,1.79,738.88,46.35,True,5.0,545.28,8.0,1.79,False,2.5,23.42,0.0,5904389.0,2726744220.0,3.02,True,True,"Applied Materials, Inc. - Common Stock",0,-1.2,UNCLASSIFIED,,0.0,NONE,0.0,0.0,NONE,,True,0,NOT CHECKED,NONE,NEUTRAL,,,,NOT CHECKED,False,NOT CHECKED,NONE,0,,False,-1.2,NO TRADE,NOT CHECKED,,,,,,,,,False,,,False,,,,False,,,,False,NONE,False,False,0,,,,NOT CHECKED,NO LIVE SIGNAL,BAR_PROXY,0.0,NO DATA,,,,,,,,-1.2,False
CIEN,353.42,REJECT,REJECT,near EMA200 pivot,10,16,55,NO TRADE,WEAK,37.0,price<EMA20; EMA20>EMA50; EMA20 falling,-10.61,38.4,0.88,11.49,1,True,6.97,831344293.0,356.74,386.82,372.04,311.6,418.72,311.6,494.53,278.39,637.51,420.69,RESISTANCE_BREAKOUT,BREAKOUT,0.47,,,0,,,0,False,False,395.45,ATR_FALLBACK,383.75,8.78,6.0,318.43,311.6,441.72,454.35,462.76,1.33,494.53,17.55,True,5.0,454.35,8.0,1.33,False,2.5,18.48,0.0,2391173.0,702890197.0,5.96,True,True,Ciena Corporation Common Stock,0,-1.2,UNCLASSIFIED,,0.0,NONE,0.0,0.0,NONE,,True,0,NOT CHECKED,NONE,NEUTRAL,,,,NOT CHECKED,False,NOT CHECKED,NONE,0,,False,-1.2,NO TRADE,NOT CHECKED,,,,,,,,,False,,,False,,,,False,,,,False,NONE,False,False,0,,,,NOT CHECKED,NO LIVE SIGNAL,BAR_PROXY,0.0,NO DATA,,,,,,,,-1.2,True
EXE,88.15,REJECT,REJECT,rising EMA50,8,14,55,NO TRADE,WEAK,37.0,price<EMA20; EMA20>EMA50; EMA20 falling,-7.29,20.2,0.45,5.08,0,False,2.83,251550575.0,94.67,94.15,96.73,88.57,100.14,84.48,100.14,84.48,113.44,100.34,RESISTANCE_BREAKOUT,BREAKOUT,0.2,,,0,,,0,False,False,94.32,EMA20,94.67,5.65,6.0,88.57,88.57,105.36,108.37,110.37,1.33,113.44,13.05,True,5.0,108.37,8.0,1.33,False,2.5,13.6,0.0,2626186.0,223494054.0,2.63,True,True,Expand Energy Corporation - Common Stock,0,-1.2,UNCLASSIFIED,,0.0,NONE,0.0,0.0,NONE,,True,0,NOT CHECKED,NONE,NEUTRAL,,,,NOT CHECKED,False,NOT CHECKED,NONE,0,,False,-1.2,NO TRADE,NOT CHECKED,,,,,,,,,False,,,False,,,,False,,,,False,NONE,False,False,0,,,,NOT CHECKED,NO LIVE SIGNAL,BAR_PROXY,0.0,NO DATA,,,,,,,,-1.2,False
BAX,23.25,REJECT,REJECT,none,8,14,40,NO TRADE,WEAK,37.0,price<EMA20; EMA20>EMA50; EMA20 falling,-11.76,18.0,0.57,2.7,0,False,3.36,122549451.0,24.79,24.45,21.89,23.16,26.77,19.41,29.99,15.72,29.99,26.83,RESISTANCE_BREAKOUT,BREAKOUT,0.23,,,0,,,0,False,False,25.52,ATR_FALLBACK,25.66,4.37,4.89,23.16,23.16,28.17,28.98,29.52,1.64,29.99,11.76,True,5.0,28.98,8.0,1.64,False,2.5,15.11,0.0,4890832.0,118676749.0,2.9,True,True,Baxter International Inc. Common Stock,0,-1.2,UNCLASSIFIED,,0.0,NONE,0.0,0.0,NONE,,True,0,NOT CHECKED,NONE,NEUTRAL,,,,NOT CHECKED,False,NOT CHECKED,NONE,0,,False,-1.2,NO TRADE,NOT CHECKED,,,,,,,,,False,,,False,,,,False,,,,False,NONE,False,False,0,,,,NOT CHECKED,NO LIVE SIGNAL,BAR_PROXY,0.0,NO DATA,,,,,,,,-1.2,False
SOFI,16.85,REJECT,REJECT,none,8,14,55,NO TRADE,WEAK,37.0,price<EMA20; EMA20>EMA50; EMA20 falling,-7.58,31.1,0.69,5.52,0,False,4.25,698476127.0,17.63,17.71,19.58,16.53,19.5,14.88,19.74,14.88,20.13,19.55,RESISTANCE_BREAKOUT,BREAKOUT,0.29,,,0,,,0,False,False,18.38,ATR_FALLBACK,18.48,5.5,6.0,16.53,16.53,20.53,21.12,21.51,1.33,19.74,0.96,False,5.0,19.74,0.96,0.16,False,2.5,15.66,0.0,38960384.0,702507903.0,4.13,True,True,"SoFi Technologies, Inc.  - Common Stock",0,-1.3,UNCLASSIFIED,,0.0,NONE,0.0,0.0,NONE,,True,0,NOT CHECKED,NONE,NEUTRAL,,,,NOT CHECKED,False,NOT CHECKED,NONE,0,,False,-1.3,NO TRADE,NOT CHECKED,,,,,,,,,False,,,False,,,,False,,,,False,NONE,False,False,0,,,,NOT CHECKED,NO LIVE SIGNAL,BAR_PROXY,0.0,NO DATA,,,,,,,,-1.3,False
MP,49.97,REJECT,REJECT,"volume contraction, low-volume pullback",10,16,55,NO TRADE,WEAK,37.0,price<EMA20; EMA20>EMA50; EMA20 falling,-10.91,22.5,0.44,9.1,0,False,4.94,277145387.0,52.65,53.19,57.31,47.88,62.47,37.81,63.14,37.81,76.8,62.67,RESISTANCE_BREAKOUT,BREAKOUT,0.32,,,0,,,0,False,False,58.91,ATR_FALLBACK,58.96,5.91,6.0,47.88,47.88,65.8,67.68,68.93,1.33,63.14,0.76,False,5.0,63.14,0.76,0.13,False,2.5,25.0,0.0,5036013.0,252214021.0,5.1,True,True,MP Materials Corp. Common Stock,0,-1.3,UNCLASSIFIED,,0.0,NONE,0.0,0.0,NONE,,True,0,NOT CHECKED,NONE,NEUTRAL,,,,NOT CHECKED,False,NOT CHECKED,NONE,0,,False,-1.3,NO TRADE,NOT CHECKED,,,,,,,,,False,,,False,,,,False,,,,False,NONE,False,False,0,,,,NOT CHECKED,NO LIVE SIGNAL,BAR_PROXY,0.0,NO DATA,,,,,,,,-1.3,False
CCL,22.28,REJECT,REJECT,"volume contraction, low-volume pullback",10,16,40,NO TRADE,WEAK,37.0,price<EMA20; EMA20>EMA50; EMA20 falling,-15.59,22.2,0.49,2.71,0,False,3.05,473447719.0,23.79,25.34,27.11,21.93,26.46,22.28,30.83,23.21,31.44,26.51,RESISTANCE_BREAKOUT,BREAKOUT,0.21,,,0,,,0,False,False,25.21,EMA50,25.34,4.44,4.9,21.93,21.93,27.84,28.64,29.17,1.63,30.83,16.27,True,5.0,28.64,8.0,1.63,False,2.5,23.9,0.0,19854403.0,448418955.0,2.79,True,True,Carnival Corporation Ltd. Common Shares,0,-1.4,UNCLASSIFIED,,0.0,NONE,0.0,0.0,NONE,,True,0,NOT CHECKED,NONE,NEUTRAL,,,,NOT CHECKED,False,NOT CHECKED,NONE,0,,False,-1.4,NO TRADE,NOT CHECKED,,,,,,,,,False,,,False,,,,False,,,,False,NONE,False,False,0,,,,NOT CHECKED,NO LIVE SIGNAL,BAR_PROXY,0.0,NO DATA,,,,,,,,-1.4,False
GEHC,64.77,REJECT,REJECT,none,8,14,40,NO TRADE,WEAK,37.0,price<EMA20; EMA20>EMA50; EMA20 falling,-12.28,15.5,0.6,2.74,0,False,2.58,190373755.0,67.47,68.05,70.3,63.22,75.65,60.2,75.65,58.72,82.84,75.78,RESISTANCE_BREAKOUT,BREAKOUT,0.18,,,0,,,0,False,False,72.98,ATR_FALLBACK,73.28,3.31,3.7,63.22,63.22,79.57,81.85,83.36,2.16,82.84,9.32,True,5.0,81.85,8.0,2.16,False,2.5,16.8,0.0,2772941.0,194577255.0,2.15,True,True,GE HealthCare Technologies Inc. - Common Stock,0,-1.4,UNCLASSIFIED,,0.0,NONE,0.0,0.0,NONE,,True,0,NOT CHECKED,NONE,NEUTRAL,,,,NOT CHECKED,False,NOT CHECKED,NONE,0,,False,-1.4,NO TRADE,NOT CHECKED,,,,,,,,,False,,,False,,,,False,,,,False,NONE,False,False,0,,,,NOT CHECKED,NO LIVE SIGNAL,BAR_PROXY,0.0,NO DATA,,,,,,,,-1.4,False
UEC,10.2,REJECT,REJECT,"volume contraction, low-volume pullback",10,16,55,NO TRADE,WEAK,37.0,price<EMA20; EMA20>EMA50; EMA20 falling,-11.38,11.8,0.4,14.44,1,True,6.02,102515374.0,11.1,11.26,12.42,9.76,13.8,8.91,13.8,8.91,16.83,13.85,RESISTANCE_BREAKOUT,BREAKOUT,0.36,,,0,,,0,False,False,13.02,ATR_FALLBACK,12.93,6.65,6.0,9.76,9.76,14.54,14.96,15.23,1.33,16.83,21.52,True,5.0,14.96,8.0,1.33,False,2.5,35.29,0.0,8695102.0,100249097.0,5.55,True,True,Uranium Energy Corp. Common Stock,0,-1.5,UNCLASSIFIED,,0.0,NONE,0.0,0.0,NONE,,True,0,NOT CHECKED,NONE,NEUTRAL,,,,NOT CHECKED,False,NOT CHECKED,NONE,0,,False,-1.5,NO TRADE,NOT CHECKED,,,,,,,,,False,,,False,,,,False,,,,False,NONE,False,False,0,,,,NOT CHECKED,NO LIVE SIGNAL,BAR_PROXY,0.0,NO DATA,,,,,,,,-1.5,True
CPNG,14.59,REJECT,REJECT,"volume contraction, low-volume pullback",10,16,55,NO TRADE,WEAK,37.0,price<EMA20; EMA20>EMA50; EMA20 falling,-11.54,28.6,0.34,6.93,0,False,3.31,231992048.0,15.35,16.02,19.55,14.38,16.8,14.45,19.53,14.92,22.24,16.83,RESISTANCE_BREAKOUT,BREAKOUT,0.23,,,0,,,0,False,False,15.94,EMA50,16.02,4.81,5.33,14.38,14.38,17.68,18.18,18.52,1.5,19.53,16.02,True,5.0,18.18,8.0,1.5,False,2.5,15.15,0.0,14995900.0,203357088.0,2.89,True,True,"Coupang, Inc. Class A Common Stock",0,-1.6,UNCLASSIFIED,,0.0,NONE,0.0,0.0,NONE,,True,0,NOT CHECKED,NONE,NEUTRAL,,,,NOT CHECKED,False,NOT CHECKED,NONE,0,,False,-1.6,NO TRADE,NOT CHECKED,,,,,,,,,False,,,False,,,,False,,,,False,NONE,False,False,0,,,,NOT CHECKED,NO LIVE SIGNAL,BAR_PROXY,0.0,NO DATA,,,,,,,,-1.6,False
NVTS,11.23,REJECT,REJECT,"volume contraction, low-volume pullback",10,16,55,NO TRADE,WEAK,37.0,price<EMA20; EMA20>EMA50; EMA20 falling,-11.52,39.9,0.6,12.02,1,True,6.36,131545085.0,11.64,12.94,13.11,10.27,13.44,9.43,24.66,7.66,34.17,13.5,RESISTANCE_BREAKOUT,BREAKOUT,0.43,,,0,,,0,False,False,12.81,EMA50,12.94,4.16,5.12,10.27,10.27,14.17,14.58,14.85,1.56,24.66,82.7,True,5.0,14.58,8.0,1.56,False,2.5,19.89,0.0,11201501.0,118819972.0,5.38,True,True,Navitas Semiconductor Corporation - Common Stock,0,-1.6,UNCLASSIFIED,,0.0,NONE,0.0,0.0,NONE,,True,0,NOT CHECKED,NONE,NEUTRAL,,,,NOT CHECKED,False,NOT CHECKED,NONE,0,,False,-1.6,NO TRADE,NOT CHECKED,,,,,,,,,False,,,False,,,,False,,,,False,NONE,False,False,0,,,,NOT CHECKED,NO LIVE SIGNAL,BAR_PROXY,0.0,NO DATA,,,,,,,,-1.6,True
RELY,21.92,REJECT,REJECT,"volume contraction, low-volume pullback",10,16,55,NO TRADE,WEAK,37.0,price<EMA20; EMA20>EMA50; EMA20 falling,-11.59,28.1,0.36,7.93,0,False,5.2,90359429.0,23.94,23.91,20.61,21.51,27.48,20.26,27.48,14.99,27.15,27.57,RESISTANCE_BREAKOUT,BREAKOUT,0.33,,,0,,,0,False,False,25.92,ATR_FALLBACK,25.86,6.2,6.0,21.51,21.51,28.95,29.78,30.33,1.33,,,False,5.0,29.78,8.0,1.33,False,2.5,25.33,0.0,3654950.0,88001821.0,4.46,True,True,"Remitly Global, Inc. - Common stock",0,-1.6,UNCLASSIFIED,,0.0,NONE,0.0,0.0,NONE,,True,0,NOT CHECKED,NONE,NEUTRAL,,,,NOT CHECKED,False,NOT CHECKED,NONE,0,,False,-1.6,NO TRADE,NOT CHECKED,,,,,,,,,False,,,False,,,,False,,,,False,NONE,False,False,0,,,,NOT CHECKED,NO LIVE SIGNAL,BAR_PROXY,0.0,NO DATA,,,,,,,,-1.6,False
ALGM,33.58,REJECT,REJECT,"volume contraction, low-volume pullback",10,16,55,NO TRADE,WEAK,37.0,price<EMA20; EMA20>EMA50; EMA20 falling,-11.52,30.8,0.26,5.08,0,False,4.82,72086192.0,36.27,40.36,40.3,32.67,38.79,34.02,71.77,27.65,71.77,38.92,RESISTANCE_BREAKOUT,BREAKOUT,0.33,,,0,,,0,False,False,36.58,ATR_FALLBACK,36.49,6.24,6.0,32.67,32.67,40.87,42.03,42.81,1.33,71.77,84.41,True,5.0,42.03,8.0,1.33,False,2.5,20.01,0.0,2008939.0,72463220.0,4.02,True,True,"Allegro MicroSystems, Inc. - Common Stock",0,-1.6,UNCLASSIFIED,,0.0,NONE,0.0,0.0,NONE,,True,0,NOT CHECKED,NONE,NEUTRAL,,,,NOT CHECKED,False,NOT CHECKED,NONE,0,,False,-1.6,NO TRADE,NOT CHECKED,,,,,,,,,False,,,False,,,,False,,,,False,NONE,False,False,0,,,,NOT CHECKED,NO LIVE SIGNAL,BAR_PROXY,0.0,NO DATA,,,,,,,,-1.6,False
NVST,24.13,REJECT,REJECT,near EMA200 pivot,10,16,55,NO TRADE,WEAK,37.0,price<EMA20; EMA20>EMA50; EMA20 falling,-11.59,23.3,0.94,2.82,0,False,3.6,59698106.0,26.27,26.6,25.31,24.71,28.27,25.18,29.0,22.35,29.66,28.34,RESISTANCE_BREAKOUT,BREAKOUT,0.25,,,0,,,0,False,False,26.64,EMA50,26.6,6.15,6.0,24.71,24.71,29.76,30.61,31.17,1.33,29.0,2.33,False,5.0,29.0,2.33,0.39,False,2.5,19.64,0.0,2267167.0,53083275.0,3.12,True,True,Envista Holdings Corporation Common Stock,0,-1.6,UNCLASSIFIED,,0.0,NONE,0.0,0.0,NONE,,True,0,NOT CHECKED,NONE,NEUTRAL,,,,NOT CHECKED,False,NOT CHECKED,NONE,0,,False,-1.6,NO TRADE,NOT CHECKED,,,,,,,,,False,,,False,,,,False,,,,False,NONE,False,False,0,,,,NOT CHECKED,NO LIVE SIGNAL,BAR_PROXY,0.0,NO DATA,,,,,,,,-1.6,False
WU,6.55,REJECT,REJECT,none,0,6,20,NO TRADE,WEAK,37.0,price<EMA20; EMA20>EMA50; EMA20 falling,-4.95,32.9,0.46,4.9,0,False,2.65,48910677.0,6.82,7.07,7.63,6.49,7.23,6.05,8.64,6.05,9.07,7.25,RESISTANCE_BREAKOUT,BREAKOUT,0.19,,,0,,,0,False,False,7.04,EMA50,7.07,2.42,2.85,6.49,6.49,7.61,7.83,7.97,2.81,8.64,19.26,True,5.0,7.83,8.0,2.81,True,2.5,10.51,0.0,7129970.0,44685219.0,2.35,True,True,Western Union Company (The) Common Stock,0,-1.6,UNCLASSIFIED,,0.0,NONE,0.0,0.0,NONE,,True,0,NOT CHECKED,NONE,NEUTRAL,,,,NOT CHECKED,False,NOT CHECKED,NONE,0,,False,-1.6,NO TRADE,NOT CHECKED,,,,,,,,,False,,,False,,,,False,,,,False,NONE,False,False,0,,,,NOT CHECKED,NO LIVE SIGNAL,BAR_PROXY,0.0,NO DATA,,,,,,,,-1.6,False
LRCX,268.67,REJECT,REJECT,near EMA200 pivot,10,16,55,NO TRADE,WEAK,37.0,price<EMA20; EMA20>EMA50; EMA20 falling,-11.62,28.2,0.57,5.12,0,False,5.15,2226156543.0,295.26,306.68,269.49,265.37,322.21,250.5,438.5,193.94,438.5,323.32,RESISTANCE_BREAKOUT,BREAKOUT,0.34,,,0,,,0,False,False,304.2,EMA50,306.68,5.14,5.91,265.37,265.37,339.48,349.18,355.65,1.35,438.5,35.63,True,5.0,349.18,8.0,1.35,False,2.5,22.3,0.0,7480755.0,2110820641.0,3.7,True,True,Lam Research Corporation - Common Stock,0,-1.7,UNCLASSIFIED,,0.0,NONE,0.0,0.0,NONE,,True,0,NOT CHECKED,NONE,NEUTRAL,,,,NOT CHECKED,False,NOT CHECKED,NONE,0,,False,-1.7,NO TRADE,NOT CHECKED,,,,,,,,,False,,,False,,,,False,,,,False,NONE,False,False,0,,,,NOT CHECKED,NO LIVE SIGNAL,BAR_PROXY,0.0,NO DATA,,,,,,,,-1.7,False
SHOP,128.07,REJECT,REJECT,near EMA200 pivot,10,16,55,NO TRADE,WEAK,37.0,price<EMA20; EMA20>EMA50; EMA20 falling,-11.72,25.3,0.56,5.4,0,False,4.79,1047660746.0,136.7,134.88,131.91,124.03,156.49,106.0,158.87,94.0,158.87,156.98,RESISTANCE_BREAKOUT,BREAKOUT,0.31,,,0,,,0,False,False,147.56,ATR_FALLBACK,147.79,5.86,6.0,124.03,124.03,164.83,169.54,172.68,1.33,158.87,1.2,False,5.0,158.87,1.2,0.2,False,2.5,22.2,0.0,7554379.0,898688253.0,3.75,True,True,Shopify Inc. - Class A Subordinate Voting Shares,0,-1.7,UNCLASSIFIED,,0.0,NONE,0.0,0.0,NONE,,True,0,NOT CHECKED,NONE,NEUTRAL,,,,NOT CHECKED,False,NOT CHECKED,NONE,0,,False,-1.7,NO TRADE,NOT CHECKED,,,,,,,,,False,,,False,,,,False,,,,False,NONE,False,False,0,,,,NOT CHECKED,NO LIVE SIGNAL,BAR_PROXY,0.0,NO DATA,,,,,,,,-1.7,False
USAR,15.81,REJECT,REJECT,"volume contraction, low-volume pullback",10,16,55,NO TRADE,WEAK,37.0,price<EMA20; EMA20>EMA50; EMA20 falling,-11.72,23.2,0.56,12.57,2,True,5.83,227637805.0,16.86,17.81,19.0,14.88,20.52,12.93,26.07,12.93,32.8,20.59,RESISTANCE_BREAKOUT,BREAKOUT,0.36,,,0,,,0,False,False,19.36,ATR_FALLBACK,19.21,6.71,6.0,14.88,14.88,21.62,22.24,22.65,1.33,26.07,26.59,True,5.0,22.24,8.0,1.33,False,2.5,29.83,0.0,13033390.0,229693114.0,5.92,True,True,"USA Rare Earth, Inc. - Common Stock",0,-1.7,UNCLASSIFIED,,0.0,NONE,0.0,0.0,NONE,,True,0,NOT CHECKED,NONE,NEUTRAL,,,,NOT CHECKED,False,NOT CHECKED,NONE,0,,False,-1.7,NO TRADE,NOT CHECKED,,,,,,,,,False,,,False,,,,False,,,,False,NONE,False,False,0,,,,NOT CHECKED,NO LIVE SIGNAL,BAR_PROXY,0.0,NO DATA,,,,,,,,-1.7,True
CSGP,29.49,REJECT,REJECT,"volume contraction, low-volume pullback",10,16,55,NO TRADE,WEAK,37.0,price<EMA20; EMA20>EMA50; EMA20 falling,-11.65,39.2,0.21,8.36,0,False,4.15,207495270.0,30.9,31.14,42.49,28.79,33.63,25.89,33.82,25.89,49.03,33.73,RESISTANCE_BREAKOUT,BREAKOUT,0.29,,,0,,,0,False,False,31.7,ATR_FALLBACK,31.89,5.44,6.0,28.79,28.79,35.41,36.43,37.1,1.33,33.82,0.27,False,5.0,33.82,0.27,0.05,False,2.5,14.68,0.0,6582709.0,163473986.0,3.66,True,True,"CoStar Group, Inc. - Common Stock",0,-1.7,UNCLASSIFIED,,0.0,NONE,0.0,0.0,NONE,,True,0,NOT CHECKED,NONE,NEUTRAL,,,,NOT CHECKED,False,NOT CHECKED,NONE,0,,False,-1.7,NO TRADE,NOT CHECKED,,,,,,,,,False,,,False,,,,False,,,,False,NONE,False,False,0,,,,NOT CHECKED,NO LIVE SIGNAL,BAR_PROXY,0.0,NO DATA,,,,,,,,-1.7,False
STLA,5.1,REJECT,REJECT,none,0,6,20,NO TRADE,WEAK,37.0,price<EMA20; EMA20>EMA50; EMA20 falling,-5.16,44.9,0.72,7.52,0,False,3.39,110933222.0,5.29,5.58,7.14,4.88,5.57,5.05,6.51,5.05,8.83,5.58,RESISTANCE_BREAKOUT,BREAKOUT,0.25,,,0,,,0,False,False,5.45,EMA50,5.58,0.15,2.32,4.88,4.88,5.86,6.03,6.14,3.45,6.51,16.59,True,5.0,6.03,8.0,3.45,True,2.5,9.22,0.0,21009512.0,105428650.0,2.58,True,True,Stellantis N.V. Common Shares,0,-1.7,UNCLASSIFIED,,0.0,NONE,0.0,0.0,NONE,,True,0,NOT CHECKED,NONE,NEUTRAL,,,,NOT CHECKED,False,NOT CHECKED,NONE,0,,False,-1.7,NO TRADE,NOT CHECKED,,,,,,,,,False,,,False,,,,False,,,,False,NONE,False,False,0,,,,NOT CHECKED,NO LIVE SIGNAL,BAR_PROXY,0.0,NO DATA,,,,,,,,-1.7,False
APG,37.05,REJECT,REJECT,"volume contraction, low-volume pullback",10,16,55,NO TRADE,WEAK,37.0,price<EMA20; EMA20>EMA50; EMA20 falling,-11.93,23.4,0.33,2.08,0,False,3.87,123931934.0,38.94,40.22,40.72,35.57,42.44,35.57,44.95,37.48,49.99,42.56,RESISTANCE_BREAKOUT,BREAKOUT,0.27,,,0,,,0,False,False,40.01,EMA50,40.22,5.5,6.0,36.15,35.57,44.69,45.96,46.82,1.33,44.95,5.62,True,5.0,44.95,5.62,0.94,False,2.5,16.79,0.0,3168815.0,106734625.0,3.2,True,True,APi Group Corporation Common Stock,0,-1.8,UNCLASSIFIED,,0.0,NONE,0.0,0.0,NONE,,True,0,NOT CHECKED,NONE,NEUTRAL,,,,NOT CHECKED,False,NOT CHECKED,NONE,0,,False,-1.8,NO TRADE,NOT CHECKED,,,,,,,,,False,,,False,,,,False,,,,False,NONE,False,False,0,,,,NOT CHECKED,NO LIVE SIGNAL,BAR_PROXY,0.0,NO DATA,,,,,,,,-1.8,False
BBWI,16.89,REJECT,REJECT,"volume contraction, low-volume pullback",10,16,55,NO TRADE,WEAK,37.0,price<EMA20; EMA20>EMA50; EMA20 falling,-12.36,38.2,0.27,7.51,0,False,5.5,124920613.0,18.22,18.9,20.01,16.6,19.93,17.23,23.49,15.41,23.49,20.0,RESISTANCE_BREAKOUT,BREAKOUT,0.37,,,0,,,0,False,False,18.8,EMA50,18.9,5.52,6.0,16.6,16.6,21.0,21.6,22.0,1.33,23.49,17.42,True,5.0,21.6,8.0,1.33,False,2.5,22.05,0.0,6776402.0,114500924.0,4.93,True,True,"Bath & Body Works, Inc.",0,-2.0,UNCLASSIFIED,,0.0,NONE,0.0,0.0,NONE,,True,0,NOT CHECKED,NONE,NEUTRAL,,,,NOT CHECKED,False,NOT CHECKED,NONE,0,,False,-2.0,NO TRADE,NOT CHECKED,,,,,,,,,False,,,False,,,,False,,,,False,NONE,False,False,0,,,,NOT CHECKED,NO LIVE SIGNAL,BAR_PROXY,0.0,NO DATA,,,,,,,,-2.0,False
OKLO,40.12,REJECT,REJECT,volume expanding,6,12,55,NO TRADE,WEAK,37.0,price<EMA20; EMA20>EMA50; EMA20 falling,-5.65,44.5,1.16,14.77,3,True,6.22,407918665.0,39.88,43.53,61.62,34.38,46.2,36.2,61.3,36.61,81.5,46.4,RESISTANCE_BREAKOUT,BREAKOUT,0.43,,,0,,,0,False,False,43.62,EMA50,43.53,6.19,6.0,34.38,34.38,48.72,50.11,51.04,1.33,61.3,32.11,True,5.0,50.11,8.0,1.33,False,2.5,15.15,0.0,10185595.0,331390550.0,6.15,True,True,Oklo Inc. Class A common stock,0,-2.1,UNCLASSIFIED,,0.0,NONE,0.0,0.0,NONE,,True,0,NOT CHECKED,NONE,NEUTRAL,,,,NOT CHECKED,False,NOT CHECKED,NONE,0,,False,-2.1,NO TRADE,NOT CHECKED,,,,,,,,,False,,,False,,,,False,,,,False,NONE,False,False,0,,,,NOT CHECKED,NO LIVE SIGNAL,BAR_PROXY,0.0,NO DATA,,,,,,,,-2.1,True
BKV,22.82,REJECT,REJECT,"volume contraction, low-volume pullback",10,16,55,NO TRADE,WEAK,37.0,price<EMA20; EMA20>EMA50; EMA20 falling,-12.55,41.5,0.12,4.91,0,False,5.13,55869040.0,24.54,25.12,26.04,22.69,27.37,22.72,28.05,22.72,32.81,27.46,RESISTANCE_BREAKOUT,BREAKOUT,0.34,,,0,,,0,False,False,25.82,ATR_FALLBACK,25.71,6.4,6.0,22.69,22.69,28.84,29.66,30.21,1.33,28.05,2.13,False,5.0,28.05,2.13,0.36,False,2.5,19.94,0.0,2266273.0,27718152.0,4.34,True,True,BKV Corporation Common Stock,0,-2.1,UNCLASSIFIED,,0.0,NONE,0.0,0.0,NONE,,True,0,NOT CHECKED,NONE,NEUTRAL,,,,NOT CHECKED,False,NOT CHECKED,NONE,0,,False,-2.1,NO TRADE,NOT CHECKED,,,,,,,,,False,,,False,,,,False,,,,False,NONE,False,False,0,,,,NOT CHECKED,NO LIVE SIGNAL,BAR_PROXY,0.0,NO DATA,,,,,,,,-2.1,False
DLTR,113.63,REJECT,REJECT,near EMA200 pivot,10,16,55,NO TRADE,WEAK,37.0,price<EMA20; EMA20>EMA50; EMA20 falling,-12.9,29.3,0.34,4.04,0,False,4.17,347264495.0,122.54,123.45,115.76,111.43,137.07,111.8,137.07,85.88,137.07,137.45,RESISTANCE_BREAKOUT,BREAKOUT,0.28,,,0,,,0,False,False,129.49,ATR_FALLBACK,130.34,5.17,5.79,111.43,111.43,144.32,148.45,151.19,1.38,,,False,5.0,148.45,8.0,1.38,False,2.5,20.63,0.0,2789491.0,353177256.0,3.89,True,True,"Dollar Tree, Inc. - Common Stock",0,-2.3,UNCLASSIFIED,,0.0,NONE,0.0,0.0,NONE,,True,0,NOT CHECKED,NONE,NEUTRAL,,,,NOT CHECKED,False,NOT CHECKED,NONE,0,,False,-2.3,NO TRADE,NOT CHECKED,,,,,,,,,False,,,False,,,,False,,,,False,NONE,False,False,0,,,,NOT CHECKED,NO LIVE SIGNAL,BAR_PROXY,0.0,NO DATA,,,,,,,,-2.3,False
KKR,98.93,REJECT,REJECT,none,8,14,55,NO TRADE,WEAK,37.0,price<EMA20; EMA20>EMA50; EMA20 falling,-9.52,30.1,0.35,6.88,0,False,3.38,346917439.0,103.75,103.32,106.58,95.11,111.64,88.06,116.57,82.35,116.57,111.91,RESISTANCE_BREAKOUT,BREAKOUT,0.24,,,0,,,0,False,False,106.28,ATR_FALLBACK,106.89,4.49,5.03,95.11,95.11,117.5,120.86,123.1,1.59,116.57,4.17,False,5.0,116.57,4.17,0.83,False,2.5,14.22,0.0,3293868.0,370334856.0,2.81,True,True,KKR & Co. Inc. Common Stock,0,-2.3,UNCLASSIFIED,,0.0,NONE,0.0,0.0,NONE,,True,0,NOT CHECKED,NONE,NEUTRAL,,,,NOT CHECKED,False,NOT CHECKED,NONE,0,,False,-2.3,NO TRADE,NOT CHECKED,,,,,,,,,False,,,False,,,,False,,,,False,NONE,False,False,0,,,,NOT CHECKED,NO LIVE SIGNAL,BAR_PROXY,0.0,NO DATA,,,,,,,,-2.3,False
MTZ,213.51,REJECT,REJECT,20d volume expansion,8,14,20,NO TRADE,WEAK,37.0,price<EMA20; EMA20>EMA50; EMA20 falling,-20.61,28.5,1.46,5.35,0,False,5.36,339609726.0,242.46,276.75,295.75,221.65,278.59,230.1,429.68,235.5,441.43,279.51,RESISTANCE_BREAKOUT,BREAKOUT,0.33,,,0,,,0,False,False,270.92,EMA50,276.75,0.98,3.07,221.65,221.65,293.48,301.87,307.46,2.6,429.68,53.73,True,5.0,301.87,8.0,2.6,True,2.5,33.31,0.0,1413795.0,342090074.0,4.71,True,True,"MasTec, Inc. Common Stock",0,-2.3,UNCLASSIFIED,,0.0,NONE,0.0,0.0,NONE,,True,0,NOT CHECKED,NONE,NEUTRAL,,,,NOT CHECKED,False,NOT CHECKED,NONE,0,,False,-2.3,NO TRADE,NOT CHECKED,,,,,,,,,False,,,False,,,,False,,,,False,NONE,False,False,0,,,,NOT CHECKED,NO LIVE SIGNAL,BAR_PROXY,0.0,NO DATA,,,,,,,,-2.3,False
RHI,37.05,REJECT,REJECT,"volume contraction, low-volume pullback",10,16,55,NO TRADE,WEAK,37.0,price<EMA20; EMA20>EMA50; EMA20 falling,-12.86,15.5,0.23,5.37,0,False,4.34,83585877.0,40.14,39.13,32.73,36.41,46.09,28.23,46.09,21.08,46.09,46.22,RESISTANCE_BREAKOUT,BREAKOUT,0.28,,,0,,,0,False,False,43.52,ATR_FALLBACK,43.81,5.22,5.85,36.41,36.41,48.53,49.92,50.84,1.37,,,False,5.0,49.92,8.0,1.37,False,2.5,24.4,0.0,1992490.0,73498392.0,3.58,True,True,Robert Half Inc. Common Stock,0,-2.3,UNCLASSIFIED,,0.0,NONE,0.0,0.0,NONE,,True,0,NOT CHECKED,NONE,NEUTRAL,,,,NOT CHECKED,False,NOT CHECKED,NONE,0,,False,-2.3,NO TRADE,NOT CHECKED,,,,,,,,,False,,,False,,,,False,,,,False,NONE,False,False,0,,,,NOT CHECKED,NO LIVE SIGNAL,BAR_PROXY,0.0,NO DATA,,,,,,,,-2.3,False
HBAN,15.88,REJECT,REJECT,none,0,6,20,NO TRADE,WEAK,37.0,price<EMA20; EMA20>EMA50; EMA20 falling,-6.63,33.3,0.93,2.8,0,False,2.41,404647957.0,16.75,17.01,16.85,15.61,17.36,16.4,18.58,14.76,18.58,17.39,RESISTANCE_BREAKOUT,BREAKOUT,0.18,,,0,,,0,False,False,16.95,EMA50,17.01,2.16,2.56,15.61,15.61,18.26,18.78,19.13,3.13,18.58,6.84,True,5.0,18.58,6.84,2.67,True,2.5,12.88,0.0,24326617.0,344644696.0,2.1,True,True,Huntington Bancshares Incorporated - Common Stock,0,-2.4,UNCLASSIFIED,,0.0,NONE,0.0,0.0,NONE,,True,0,NOT CHECKED,NONE,NEUTRAL,,,,NOT CHECKED,False,NOT CHECKED,NONE,0,,False,-2.4,NO TRADE,NOT CHECKED,,,,,,,,,False,,,False,,,,False,,,,False,NONE,False,False,0,,,,NOT CHECKED,NO LIVE SIGNAL,BAR_PROXY,0.0,NO DATA,,,,,,,,-2.4,False
LEN,77.96,REJECT,REJECT,20d volume expansion,8,14,55,NO TRADE,WEAK,37.0,price<EMA20; EMA20>EMA50; EMA20 falling,-9.78,30.3,1.38,3.96,0,False,3.25,262230074.0,81.96,84.27,95.2,76.63,89.15,76.63,95.46,79.83,110.6,89.35,RESISTANCE_BREAKOUT,BREAKOUT,0.23,,,0,,,0,False,False,83.99,EMA50,84.27,5.68,6.0,76.63,76.63,93.82,96.5,98.29,1.33,95.46,6.84,True,5.0,95.46,6.84,1.14,False,2.5,14.99,0.0,3197255.0,238385553.0,2.62,True,True,Lennar Corporation Class A Common Stock,0,-2.4,UNCLASSIFIED,,0.0,NONE,0.0,0.0,NONE,,True,0,NOT CHECKED,NONE,NEUTRAL,,,,NOT CHECKED,False,NOT CHECKED,NONE,0,,False,-2.4,NO TRADE,NOT CHECKED,,,,,,,,,False,,,False,,,,False,,,,False,NONE,False,False,0,,,,NOT CHECKED,NO LIVE SIGNAL,BAR_PROXY,0.0,NO DATA,,,,,,,,-2.4,False
MCHP,70.69,REJECT,REJECT,none,0,6,20,NO TRADE,WEAK,37.0,price<EMA20; EMA20>EMA50; EMA20 falling,-6.82,37.2,0.36,13.89,1,True,3.55,541158806.0,73.29,76.97,76.99,68.75,76.96,70.45,103.41,58.66,104.75,77.16,RESISTANCE_BREAKOUT,BREAKOUT,0.26,,,0,,,0,False,False,75.27,EMA50,76.97,0.25,2.44,68.75,68.75,81.02,83.33,84.87,3.28,103.41,34.02,True,5.0,83.33,8.0,3.28,True,2.5,12.14,0.0,7404862.0,521320838.0,2.88,True,True,Microchip Technology Incorporated - Common Stock,0,-2.5,UNCLASSIFIED,,0.0,NONE,0.0,0.0,NONE,,True,0,NOT CHECKED,NONE,NEUTRAL,,,,NOT CHECKED,False,NOT CHECKED,NONE,0,,False,-2.5,NO TRADE,NOT CHECKED,,,,,,,,,False,,,False,,,,False,,,,False,NONE,False,False,0,,,,NOT CHECKED,NO LIVE SIGNAL,BAR_PROXY,0.0,NO DATA,,,,,,,,-2.5,True
CART,45.2,REJECT,REJECT,rising EMA50,8,14,55,NO TRADE,WEAK,37.0,price<EMA20; EMA20>EMA50; EMA20 falling,-9.88,31.8,0.56,11.41,1,True,3.78,164345743.0,48.48,47.74,44.12,45.59,52.68,42.1,52.68,35.18,52.05,52.82,RESISTANCE_BREAKOUT,BREAKOUT,0.26,,,0,,,0,False,False,49.94,ATR_FALLBACK,50.25,4.86,5.44,45.59,45.59,55.46,57.04,58.1,1.47,,,False,5.0,57.04,8.0,1.47,False,2.5,16.55,0.0,3338666.0,146354794.0,3.23,True,True,Maplebear Inc. - Common Stock,0,-2.5,UNCLASSIFIED,,0.0,NONE,0.0,0.0,NONE,,True,0,NOT CHECKED,NONE,NEUTRAL,,,,NOT CHECKED,False,NOT CHECKED,NONE,0,,False,-2.5,NO TRADE,NOT CHECKED,,,,,,,,,False,,,False,,,,False,,,,False,NONE,False,False,0,,,,NOT CHECKED,NO LIVE SIGNAL,BAR_PROXY,0.0,NO DATA,,,,,,,,-2.5,True
BCRX,8.65,REJECT,REJECT,near EMA200 pivot,10,16,55,NO TRADE,WEAK,37.0,price<EMA20; EMA20>EMA50; EMA20 falling,-13.23,31.7,0.51,5.08,0,False,4.47,33971908.0,9.07,9.32,8.82,8.02,10.23,8.05,11.22,7.79,11.22,10.26,RESISTANCE_BREAKOUT,BREAKOUT,0.3,,,0,,,0,False,False,9.65,ATR_FALLBACK,9.68,5.65,6.0,8.02,8.02,10.77,11.08,11.29,1.33,11.22,9.35,True,5.0,11.08,8.0,1.33,False,2.5,18.33,0.0,3765604.0,26638323.0,3.41,True,True,"BioCryst Pharmaceuticals, Inc. - Common Stock",0,-2.5,UNCLASSIFIED,,0.0,NONE,0.0,0.0,NONE,,True,0,NOT CHECKED,NONE,NEUTRAL,,,,NOT CHECKED,False,NOT CHECKED,NONE,0,,False,-2.5,NO TRADE,NOT CHECKED,,,,,,,,,False,,,False,,,,False,,,,False,NONE,False,False,0,,,,NOT CHECKED,NO LIVE SIGNAL,BAR_PROXY,0.0,NO DATA,,,,,,,,-2.5,False
OWL,10.06,REJECT,REJECT,"volume contraction, low-volume pullback",10,16,55,NO TRADE,WEAK,37.0,price<EMA20; EMA20>EMA50; EMA20 falling,-13.61,18.8,0.36,5.75,0,False,4.19,202334164.0,10.95,10.76,11.24,9.84,12.37,8.15,12.77,7.62,12.77,12.4,RESISTANCE_BREAKOUT,BREAKOUT,0.27,,,0,,,0,False,False,11.7,ATR_FALLBACK,11.77,5.1,5.71,9.84,9.84,13.02,13.4,13.64,1.4,12.77,2.95,False,5.0,12.77,2.95,0.52,False,2.5,22.96,0.0,17855398.0,179876729.0,3.44,True,True,Blue Owl Capital Inc. Class A Common Stock,0,-2.7,UNCLASSIFIED,,0.0,NONE,0.0,0.0,NONE,,True,0,NOT CHECKED,NONE,NEUTRAL,,,,NOT CHECKED,False,NOT CHECKED,NONE,0,,False,-2.7,NO TRADE,NOT CHECKED,,,,,,,,,False,,,False,,,,False,,,,False,NONE,False,False,0,,,,NOT CHECKED,NO LIVE SIGNAL,BAR_PROXY,0.0,NO DATA,,,,,,,,-2.7,False
WSC,18.2,REJECT,REJECT,"volume contraction, low-volume pullback",10,16,40,NO TRADE,WEAK,37.0,price<EMA20; EMA20>EMA50; EMA20 falling,-18.28,16.7,0.29,4.26,0,False,3.79,53013059.0,19.94,22.05,22.65,17.82,22.87,18.57,29.66,16.42,29.66,22.92,RESISTANCE_BREAKOUT,BREAKOUT,0.24,,,0,,,0,False,False,21.93,EMA50,22.05,3.8,4.34,17.82,17.82,24.07,24.76,25.22,1.84,29.66,29.4,True,5.0,24.76,8.0,1.84,False,2.5,28.46,0.0,2614093.0,38535430.0,3.57,True,True,WillScot Holdings Corporation - Class A Common Stock,0,-2.7,UNCLASSIFIED,,0.0,NONE,0.0,0.0,NONE,,True,0,NOT CHECKED,NONE,NEUTRAL,,,,NOT CHECKED,False,NOT CHECKED,NONE,0,,False,-2.7,NO TRADE,NOT CHECKED,,,,,,,,,False,,,False,,,,False,,,,False,NONE,False,False,0,,,,NOT CHECKED,NO LIVE SIGNAL,BAR_PROXY,0.0,NO DATA,,,,,,,,-2.7,False
STUB,5.93,REJECT,REJECT,"volume contraction, low-volume pullback",10,16,55,NO TRADE,WEAK,37.0,price<EMA20; EMA20>EMA50; EMA20 falling,-13.71,33.3,0.48,5.66,0,False,4.71,35220444.0,6.47,7.57,10.4,5.83,7.06,5.83,14.02,5.74,14.02,7.08,RESISTANCE_BREAKOUT,BREAKOUT,0.32,,,0,,,0,False,False,6.66,ATR_FALLBACK,6.66,5.91,6.0,5.83,5.83,7.44,7.65,7.79,1.33,14.02,97.96,True,5.0,7.65,8.0,1.33,False,2.5,21.1,0.0,5560370.0,35304571.0,4.19,True,True,"StubHub Holdings, Inc. Class A Common Stock",0,-2.7,UNCLASSIFIED,,0.0,NONE,0.0,0.0,NONE,,True,0,NOT CHECKED,NONE,NEUTRAL,,,,NOT CHECKED,False,NOT CHECKED,NONE,0,,False,-2.7,NO TRADE,NOT CHECKED,,,,,,,,,False,,,False,,,,False,,,,False,NONE,False,False,0,,,,NOT CHECKED,NO LIVE SIGNAL,BAR_PROXY,0.0,NO DATA,,,,,,,,-2.7,False
FNF,43.86,REJECT,REJECT,none,0,6,20,NO TRADE,WEAK,37.0,price<EMA20; EMA20>EMA50; EMA20 falling,-7.41,32.4,0.42,2.82,0,False,2.58,93080177.0,45.15,46.74,48.9,42.32,47.54,43.07,54.15,41.81,54.15,47.63,RESISTANCE_BREAKOUT,BREAKOUT,0.19,,,0,,,0,False,False,46.53,EMA50,46.74,1.87,2.3,42.32,42.32,50.01,51.44,52.39,3.48,54.15,13.69,True,5.0,51.44,8.0,3.48,True,2.5,11.13,0.0,2070494.0,84169358.0,2.1,True,True,"Fidelity National Financial, Inc. Common Stock",0,-2.8,UNCLASSIFIED,,0.0,NONE,0.0,0.0,NONE,,True,0,NOT CHECKED,NONE,NEUTRAL,,,,NOT CHECKED,False,NOT CHECKED,NONE,0,,False,-2.8,NO TRADE,NOT CHECKED,,,,,,,,,False,,,False,,,,False,,,,False,NONE,False,False,0,,,,NOT CHECKED,NO LIVE SIGNAL,BAR_PROXY,0.0,NO DATA,,,,,,,,-2.8,False
COCO,57.56,REJECT,REJECT,near EMA200 pivot,10,16,55,NO TRADE,WEAK,37.0,price<EMA20; EMA20>EMA50; EMA20 falling,-13.9,38.2,0.75,6.34,0,False,4.09,72700891.0,57.67,62.25,60.69,50.62,67.86,50.62,85.15,45.02,85.83,68.05,RESISTANCE_BREAKOUT,BREAKOUT,0.28,,,0,,,0,False,False,64.09,ATR_FALLBACK,64.51,5.19,5.82,50.62,50.62,71.45,73.49,74.85,1.38,85.15,25.13,True,5.0,73.49,8.0,1.38,False,2.5,18.57,0.0,1286350.0,59771134.0,4.0,True,True,"The Vita Coco Company, Inc. - Common Stock",0,-2.8,UNCLASSIFIED,,0.0,NONE,0.0,0.0,NONE,,True,0,NOT CHECKED,NONE,NEUTRAL,,,,NOT CHECKED,False,NOT CHECKED,NONE,0,,False,-2.8,NO TRADE,NOT CHECKED,,,,,,,,,False,,,False,,,,False,,,,False,NONE,False,False,0,,,,NOT CHECKED,NO LIVE SIGNAL,BAR_PROXY,0.0,NO DATA,,,,,,,,-2.8,False
CRH,86.51,REJECT,REJECT,none,0,6,20,NO TRADE,WEAK,37.0,price<EMA20; EMA20>EMA50; EMA20 falling,-7.77,26.9,0.37,2.89,0,False,3.07,397082172.0,91.31,95.87,105.4,85.91,98.19,86.84,116.43,92.52,119.62,98.4,RESISTANCE_BREAKOUT,BREAKOUT,0.22,,,0,,,0,False,False,95.39,EMA50,95.87,2.57,3.06,85.91,85.91,103.32,106.27,108.24,2.62,116.43,18.32,True,5.0,106.27,8.0,2.62,True,2.5,13.49,0.0,4320779.0,387086334.0,2.56,True,True,CRH PLC Ordinary Shares,0,-3.0,UNCLASSIFIED,,0.0,NONE,0.0,0.0,NONE,,True,0,NOT CHECKED,NONE,NEUTRAL,,,,NOT CHECKED,False,NOT CHECKED,NONE,0,,False,-3.0,NO TRADE,NOT CHECKED,,,,,,,,,False,,,False,,,,False,,,,False,NONE,False,False,0,,,,NOT CHECKED,NO LIVE SIGNAL,BAR_PROXY,0.0,NO DATA,,,,,,,,-3.0,False
QBTS,17.69,REJECT,REJECT,volume contraction,6,12,55,NO TRADE,WEAK,37.0,price<EMA20; EMA20>EMA50; EMA20 falling,-7.52,48.4,0.87,8.73,0,False,4.95,274793879.0,17.48,18.7,21.04,15.81,20.59,16.02,26.71,12.75,31.55,20.66,RESISTANCE_BREAKOUT,BREAKOUT,0.34,,,0,,,0,False,False,19.43,ATR_FALLBACK,19.35,6.35,6.0,15.81,15.81,21.7,22.32,22.73,1.33,26.71,29.25,True,5.0,22.32,8.0,1.33,False,2.5,16.42,0.0,15646523.0,220137894.0,4.93,True,True,D-Wave Quantum Inc. - Common Stock,0,-3.0,UNCLASSIFIED,,0.0,NONE,0.0,0.0,NONE,,True,0,NOT CHECKED,NONE,NEUTRAL,,,,NOT CHECKED,False,NOT CHECKED,NONE,0,,False,-3.0,NO TRADE,NOT CHECKED,,,,,,,,,False,,,False,,,,False,,,,False,NONE,False,False,0,,,,NOT CHECKED,NO LIVE SIGNAL,BAR_PROXY,0.0,NO DATA,,,,,,,,-3.0,False
XRAY,9.61,REJECT,REJECT,volume expanding,6,12,40,NO TRADE,WEAK,37.0,price<EMA20; EMA20>EMA50; EMA20 falling,-11.91,30.5,1.17,4.93,0,False,4.65,38759984.0,10.77,11.31,11.72,9.8,11.72,10.02,14.44,9.41,14.49,11.76,RESISTANCE_BREAKOUT,BREAKOUT,0.31,,,0,,,0,False,False,11.23,EMA50,11.31,3.82,4.51,9.8,9.8,12.34,12.7,12.93,1.77,14.44,22.83,True,5.0,12.7,8.0,1.77,False,2.5,21.89,0.0,3614327.0,36207486.0,3.77,True,True,DENTSPLY SIRONA Inc. - Common Stock,0,-3.0,UNCLASSIFIED,,0.0,NONE,0.0,0.0,NONE,,True,0,NOT CHECKED,NONE,NEUTRAL,,,,NOT CHECKED,False,NOT CHECKED,NONE,0,,False,-3.0,NO TRADE,NOT CHECKED,,,,,,,,,False,,,False,,,,False,,,,False,NONE,False,False,0,,,,NOT CHECKED,NO LIVE SIGNAL,BAR_PROXY,0.0,NO DATA,,,,,,,,-3.0,False
ATI,182.69,REJECT,REJECT,"volume contraction, low-volume pullback",10,16,55,NO TRADE,WEAK,37.0,price<EMA20; EMA20>EMA50; EMA20 falling,-14.5,22.2,0.55,8.93,0,False,4.58,383457826.0,200.44,200.38,166.45,182.63,217.84,174.77,243.57,135.48,243.57,218.51,RESISTANCE_BREAKOUT,BREAKOUT,0.31,,,0,,,0,False,False,205.4,ATR_FALLBACK,205.96,5.74,6.0,182.63,182.63,229.43,235.99,240.36,1.33,243.57,11.47,True,5.0,235.99,8.0,1.33,False,2.5,23.95,0.0,1884229.0,299198948.0,3.87,True,True,ATI Inc. Common Stock,0,-3.1,UNCLASSIFIED,,0.0,NONE,0.0,0.0,NONE,,True,0,NOT CHECKED,NONE,NEUTRAL,,,,NOT CHECKED,False,NOT CHECKED,NONE,0,,False,-3.1,NO TRADE,NOT CHECKED,,,,,,,,,False,,,False,,,,False,,,,False,NONE,False,False,0,,,,NOT CHECKED,NO LIVE SIGNAL,BAR_PROXY,0.0,NO DATA,,,,,,,,-3.1,False
PTC,134.12,REJECT,REJECT,none,8,14,55,NO TRADE,WEAK,37.0,price<EMA20; EMA20>EMA50; EMA20 falling,-11.1,24.4,0.45,5.9,0,False,3.86,191144282.0,139.65,139.31,149.12,126.79,159.46,111.17,159.46,108.5,168.55,159.87,RESISTANCE_BREAKOUT,BREAKOUT,0.26,,,0,,,0,False,False,151.17,ATR_FALLBACK,152.1,4.86,5.44,126.79,126.79,167.87,172.66,175.86,1.47,168.55,5.43,True,5.0,168.55,5.43,1.0,False,2.5,18.89,0.0,1343884.0,189657286.0,3.08,True,True,PTC Inc. - Common Stock,0,-3.1,UNCLASSIFIED,,0.0,NONE,0.0,0.0,NONE,,True,0,NOT CHECKED,NONE,NEUTRAL,,,,NOT CHECKED,False,NOT CHECKED,NONE,0,,False,-3.1,NO TRADE,NOT CHECKED,,,,,,,,,False,,,False,,,,False,,,,False,NONE,False,False,0,,,,NOT CHECKED,NO LIVE SIGNAL,BAR_PROXY,0.0,NO DATA,,,,,,,,-3.1,False
VFC,12.97,REJECT,REJECT,none,0,6,20,NO TRADE,WEAK,37.0,price<EMA20; EMA20>EMA50; EMA20 falling,-8.19,40.8,0.35,4.36,0,False,3.32,80983119.0,13.36,14.42,16.06,12.46,14.46,12.46,18.13,13.23,22.0,14.49,RESISTANCE_BREAKOUT,BREAKOUT,0.24,,,0,,,0,False,False,14.17,EMA50,14.42,0.51,2.23,12.46,12.46,15.22,15.65,15.94,3.59,18.13,25.11,True,5.0,15.65,8.0,3.59,True,2.5,12.01,0.0,6095944.0,81873250.0,2.89,True,True,V.F. Corporation Common Stock,0,-3.2,UNCLASSIFIED,,0.0,NONE,0.0,0.0,NONE,,True,0,NOT CHECKED,NONE,NEUTRAL,,,,NOT CHECKED,False,NOT CHECKED,NONE,0,,False,-3.2,NO TRADE,NOT CHECKED,,,,,,,,,False,,,False,,,,False,,,,False,NONE,False,False,0,,,,NOT CHECKED,NO LIVE SIGNAL,BAR_PROXY,0.0,NO DATA,,,,,,,,-3.2,False
CRWV,79.55,REJECT,REJECT,20d volume expansion,8,14,55,NO TRADE,WEAK,37.0,price<EMA20; EMA20>EMA50; EMA20 falling,-11.54,42.9,2.32,19.28,2,True,6.86,1917474739.0,86.64,88.59,95.74,79.03,104.59,60.55,119.19,60.55,138.25,105.03,RESISTANCE_BREAKOUT,BREAKOUT,0.42,,,0,,,0,False,False,98.72,ATR_FALLBACK,96.84,7.79,6.0,80.52,79.03,110.28,113.43,115.53,1.33,119.19,13.49,True,5.0,113.43,8.0,1.33,False,2.5,31.48,0.0,21966273.0,1586883468.0,5.0,True,True,"CoreWeave, Inc. - Class A Common Stock",0,-3.3,UNCLASSIFIED,,0.0,NONE,0.0,0.0,NONE,,True,0,NOT CHECKED,NONE,NEUTRAL,,,,NOT CHECKED,False,NOT CHECKED,NONE,0,,False,-3.3,NO TRADE,NOT CHECKED,,,,,,,,,False,,,False,,,,False,,,,False,NONE,False,False,0,,,,NOT CHECKED,NO LIVE SIGNAL,BAR_PROXY,0.0,NO DATA,,,,,,,,-3.3,True
WRBY,24.0,REJECT,REJECT,near EMA200 pivot,10,16,55,NO TRADE,WEAK,37.0,price<EMA20; EMA20>EMA50; EMA20 falling,-14.89,42.0,0.33,11.28,1,True,5.04,56909437.0,24.85,25.51,25.29,22.84,28.42,22.84,30.93,19.8,30.93,28.52,RESISTANCE_BREAKOUT,BREAKOUT,0.34,,,0,,,0,False,False,26.81,ATR_FALLBACK,26.71,6.36,6.0,23.44,22.84,29.95,30.8,31.37,1.33,30.93,8.44,True,5.0,30.8,8.0,1.33,False,2.5,19.61,0.0,2283016.0,55434742.0,4.85,True,True,Warby Parker Inc. Class A Common Stock,0,-3.3,UNCLASSIFIED,,0.0,NONE,0.0,0.0,NONE,,True,0,NOT CHECKED,NONE,NEUTRAL,,,,NOT CHECKED,False,NOT CHECKED,NONE,0,,False,-3.3,NO TRADE,NOT CHECKED,,,,,,,,,False,,,False,,,,False,,,,False,NONE,False,False,0,,,,NOT CHECKED,NO LIVE SIGNAL,BAR_PROXY,0.0,NO DATA,,,,,,,,-3.3,True
CPRT,29.56,REJECT,REJECT,rising EMA50,8,14,55,NO TRADE,WEAK,37.0,price<EMA20; EMA20>EMA50; EMA20 falling,-11.77,34.5,0.39,7.55,0,False,4.04,287633034.0,31.5,31.18,34.13,29.58,34.63,26.81,34.63,26.81,38.84,34.73,RESISTANCE_BREAKOUT,BREAKOUT,0.28,,,0,,,0,False,False,32.72,ATR_FALLBACK,32.93,5.16,5.78,29.58,29.58,36.46,37.5,38.2,1.38,38.84,11.85,True,5.0,37.5,8.0,1.38,False,2.5,17.17,0.0,8928989.0,249511206.0,3.22,True,True,"Copart, Inc. - Common Stock",0,-3.4,UNCLASSIFIED,,0.0,NONE,0.0,0.0,NONE,,True,0,NOT CHECKED,NONE,NEUTRAL,,,,NOT CHECKED,False,NOT CHECKED,NONE,0,,False,-3.4,NO TRADE,NOT CHECKED,,,,,,,,,False,,,False,,,,False,,,,False,NONE,False,False,0,,,,NOT CHECKED,NO LIVE SIGNAL,BAR_PROXY,0.0,NO DATA,,,,,,,,-3.4,False
SOUN,6.02,REJECT,REJECT,"volume contraction, low-volume pullback",10,16,55,NO TRADE,WEAK,37.0,price<EMA20; EMA20>EMA50; EMA20 falling,-15.0,18.4,0.45,13.28,2,True,4.72,157187271.0,6.55,6.78,8.53,5.83,7.4,5.65,8.19,5.65,10.05,7.42,RESISTANCE_BREAKOUT,BREAKOUT,0.31,,,0,,,0,False,False,6.98,ATR_FALLBACK,7.0,5.75,6.0,5.83,5.83,7.79,8.02,8.17,1.33,8.19,10.34,True,5.0,8.02,8.0,1.33,False,2.5,22.92,0.0,23349465.0,160565542.0,4.14,True,True,"SoundHound AI, Inc. - Class A Common Stock",0,-3.4,UNCLASSIFIED,,0.0,NONE,0.0,0.0,NONE,,True,0,NOT CHECKED,NONE,NEUTRAL,,,,NOT CHECKED,False,NOT CHECKED,NONE,0,,False,-3.4,NO TRADE,NOT CHECKED,,,,,,,,,False,,,False,,,,False,,,,False,NONE,False,False,0,,,,NOT CHECKED,NO LIVE SIGNAL,BAR_PROXY,0.0,NO DATA,,,,,,,,-3.4,True
LEVI,19.88,REJECT,REJECT,none,0,6,20,NO TRADE,WEAK,37.0,price<EMA20; EMA20>EMA50; EMA20 falling,-8.74,34.2,0.32,1.74,0,False,2.62,41856214.0,20.79,21.87,22.02,19.65,21.94,19.98,25.7,17.5,25.7,21.98,RESISTANCE_BREAKOUT,BREAKOUT,0.19,,,0,,,0,False,False,21.59,EMA50,21.87,0.49,1.77,19.65,19.65,23.08,23.74,24.18,4.51,25.7,16.92,True,5.0,23.74,8.0,4.51,True,2.5,13.16,0.0,2022753.0,42459621.0,2.45,True,True,Levi Strauss & Co Class A Common Stock,0,-3.5,UNCLASSIFIED,,0.0,NONE,0.0,0.0,NONE,,True,0,NOT CHECKED,NONE,NEUTRAL,,,,NOT CHECKED,False,NOT CHECKED,NONE,0,,False,-3.5,NO TRADE,NOT CHECKED,,,,,,,,,False,,,False,,,,False,,,,False,NONE,False,False,0,,,,NOT CHECKED,NO LIVE SIGNAL,BAR_PROXY,0.0,NO DATA,,,,,,,,-3.5,False
DKS,123.82,REJECT,REJECT,"volume contraction, low-volume pullback",10,16,40,NO TRADE,WEAK,37.0,price<EMA20; EMA20>EMA50; EMA20 falling,-33.74,40.5,0.16,5.15,0,False,4.09,789785663.0,141.91,168.03,197.29,119.27,185.19,119.27,242.09,119.27,242.09,185.6,RESISTANCE_BREAKOUT,BREAKOUT,0.22,,,0,,,0,False,False,177.09,ATR_FALLBACK,178.0,4.1,4.59,122.76,122.76,194.88,200.45,204.16,1.74,242.09,30.43,True,5.0,200.45,8.0,1.74,False,2.5,55.65,0.0,5968275.0,467804786.0,4.82,True,True,Dick's Sporting Goods Inc Common Stock,0,-3.6,UNCLASSIFIED,,0.0,NONE,0.0,0.0,NONE,,True,0,NOT CHECKED,NONE,NEUTRAL,,,,NOT CHECKED,False,NOT CHECKED,NONE,0,,False,-3.6,NO TRADE,NOT CHECKED,,,,,,,,,False,,,False,,,,False,,,,False,NONE,False,False,0,,,,NOT CHECKED,NO LIVE SIGNAL,BAR_PROXY,0.0,NO DATA,,,,,,,,-3.6,False
TU,8.91,REJECT,REJECT,none,0,6,20,NO TRADE,WEAK,37.0,price<EMA20; EMA20>EMA50; EMA20 falling,-8.9,22.2,0.32,3.72,0,False,2.27,53119682.0,9.34,9.79,11.44,8.85,9.96,9.01,11.38,9.07,13.08,9.98,RESISTANCE_BREAKOUT,BREAKOUT,0.16,,,0,,,0,False,False,9.76,EMA50,9.79,1.88,2.25,8.85,8.85,10.48,10.78,10.98,3.56,11.38,14.06,True,5.0,10.78,8.0,3.56,True,2.5,11.77,0.0,5649310.0,51913023.0,2.05,True,True,Telus Corporation Ordinary Shares,0,-3.6,UNCLASSIFIED,,0.0,NONE,0.0,0.0,NONE,,True,0,NOT CHECKED,NONE,NEUTRAL,,,,NOT CHECKED,False,NOT CHECKED,NONE,0,,False,-3.6,NO TRADE,NOT CHECKED,,,,,,,,,False,,,False,,,,False,,,,False,NONE,False,False,0,,,,NOT CHECKED,NO LIVE SIGNAL,BAR_PROXY,0.0,NO DATA,,,,,,,,-3.6,False
WYFI,17.87,REJECT,REJECT,"volume contraction, low-volume pullback",10,16,55,NO TRADE,WEAK,37.0,price<EMA20; EMA20>EMA50; EMA20 falling,-15.5,44.5,0.34,18.0,1,True,7.75,39561950.0,19.6,22.68,23.18,16.61,21.99,16.81,46.87,10.51,46.87,22.1,RESISTANCE_BREAKOUT,BREAKOUT,0.5,,,0,,,0,False,False,20.77,ATR_FALLBACK,20.02,9.4,6.0,16.61,16.61,23.21,23.87,24.31,1.33,46.87,112.07,True,5.0,23.87,8.0,1.33,False,2.5,25.57,0.0,2051837.0,37488304.0,7.05,True,True,"WhiteFiber, Inc. - Ordinary Shares",0,-3.6,UNCLASSIFIED,,0.0,NONE,0.0,0.0,NONE,,True,0,NOT CHECKED,NONE,NEUTRAL,,,,NOT CHECKED,False,NOT CHECKED,NONE,0,,False,-3.6,NO TRADE,NOT CHECKED,,,,,,,,,False,,,False,,,,False,,,,False,NONE,False,False,0,,,,NOT CHECKED,NO LIVE SIGNAL,BAR_PROXY,0.0,NO DATA,,,,,,,,-3.6,True
DNLI,20.22,REJECT,REJECT,near EMA200 pivot,10,16,40,NO TRADE,WEAK,37.0,price<EMA20; EMA20>EMA50; EMA20 falling,-20.38,5.8,0.39,5.68,0,False,3.57,27306417.0,22.22,22.98,20.92,19.87,25.6,21.06,27.3,17.71,27.3,25.66,RESISTANCE_BREAKOUT,BREAKOUT,0.23,,,0,,,0,False,False,24.45,ATR_FALLBACK,24.58,4.22,4.72,19.87,19.87,26.94,27.71,28.23,1.69,27.3,6.39,True,5.0,27.3,6.39,1.35,False,2.5,27.1,0.0,1212509.0,25253613.0,3.21,True,True,Denali Therapeutics Inc. - Common Stock,0,-3.6,UNCLASSIFIED,,0.0,NONE,0.0,0.0,NONE,,True,0,NOT CHECKED,NONE,NEUTRAL,,,,NOT CHECKED,False,NOT CHECKED,NONE,0,,False,-3.6,NO TRADE,NOT CHECKED,,,,,,,,,False,,,False,,,,False,,,,False,NONE,False,False,0,,,,NOT CHECKED,NO LIVE SIGNAL,BAR_PROXY,0.0,NO DATA,,,,,,,,-3.6,False
EXPE,283.04,REJECT,REJECT,none,8,14,55,NO TRADE,WEAK,37.0,price<EMA20; EMA20>EMA50; EMA20 falling,-12.21,33.0,0.38,5.44,0,False,4.39,494999067.0,296.57,292.49,262.35,261.43,341.51,232.19,341.51,202.02,341.51,342.5,RESISTANCE_BREAKOUT,BREAKOUT,0.29,,,0,,,0,False,False,321.95,ATR_FALLBACK,323.88,5.44,6.0,267.82,261.43,359.63,369.9,376.75,1.33,,,False,5.0,369.9,8.0,1.33,False,2.5,20.66,0.0,1650880.0,492525013.0,3.83,True,True,"Expedia Group, Inc. - Common Stock",0,-3.7,UNCLASSIFIED,,0.0,NONE,0.0,0.0,NONE,,True,0,NOT CHECKED,NONE,NEUTRAL,,,,NOT CHECKED,False,NOT CHECKED,NONE,0,,False,-3.7,NO TRADE,NOT CHECKED,,,,,,,,,False,,,False,,,,False,,,,False,NONE,False,False,0,,,,NOT CHECKED,NO LIVE SIGNAL,BAR_PROXY,0.0,NO DATA,,,,,,,,-3.7,False
JHX,26.23,REJECT,REJECT,rising EMA50,8,14,55,NO TRADE,WEAK,37.0,price<EMA20; EMA20>EMA50; EMA20 falling,-12.25,28.6,0.54,7.96,0,False,4.15,222328994.0,28.51,27.9,24.27,26.45,31.43,23.86,31.43,17.36,31.36,31.52,RESISTANCE_BREAKOUT,BREAKOUT,0.28,,,0,,,0,False,False,29.69,ATR_FALLBACK,29.88,5.18,5.8,26.45,26.45,33.09,34.04,34.67,1.38,,,False,5.0,34.04,8.0,1.38,False,2.5,19.85,0.0,7714058.0,194059890.0,3.18,True,True,James Hardie Industries plc. Ordinary Shares,0,-3.7,UNCLASSIFIED,,0.0,NONE,0.0,0.0,NONE,,True,0,NOT CHECKED,NONE,NEUTRAL,,,,NOT CHECKED,False,NOT CHECKED,NONE,0,,False,-3.7,NO TRADE,NOT CHECKED,,,,,,,,,False,,,False,,,,False,,,,False,NONE,False,False,0,,,,NOT CHECKED,NO LIVE SIGNAL,BAR_PROXY,0.0,NO DATA,,,,,,,,-3.7,False
Z,30.52,REJECT,REJECT,"volume contraction, low-volume pullback",10,16,55,NO TRADE,WEAK,37.0,price<EMA20; EMA20>EMA50; EMA20 falling,-15.64,31.1,0.79,8.0,0,False,4.71,104026250.0,33.21,33.99,45.3,31.03,37.58,29.23,37.58,29.23,49.12,37.7,RESISTANCE_BREAKOUT,BREAKOUT,0.31,,,0,,,0,False,False,35.43,ATR_FALLBACK,35.54,5.73,6.0,31.03,31.03,39.58,40.71,41.46,1.33,49.12,30.32,True,5.0,40.71,8.0,1.33,False,2.5,23.11,0.0,3070373.0,96360510.0,3.99,True,True,"Zillow Group, Inc. - Class C Capital Stock",0,-3.7,UNCLASSIFIED,,0.0,NONE,0.0,0.0,NONE,,True,0,NOT CHECKED,NONE,NEUTRAL,,,,NOT CHECKED,False,NOT CHECKED,NONE,0,,False,-3.7,NO TRADE,NOT CHECKED,,,,,,,,,False,,,False,,,,False,,,,False,NONE,False,False,0,,,,NOT CHECKED,NO LIVE SIGNAL,BAR_PROXY,0.0,NO DATA,,,,,,,,-3.7,False
ONDS,7.39,REJECT,REJECT,tight range,10,16,55,NO TRADE,WEAK,37.0,price<EMA20; EMA20>EMA50; EMA20 falling,-16.11,26.7,0.71,8.1,0,False,5.45,457829136.0,7.67,8.09,8.69,6.98,8.94,6.22,9.99,6.22,14.16,8.97,RESISTANCE_BREAKOUT,BREAKOUT,0.36,,,0,,,0,False,False,8.43,ATR_FALLBACK,8.37,6.73,6.0,6.98,6.98,9.42,9.69,9.87,1.33,9.99,11.34,True,5.0,9.69,8.0,1.33,False,2.5,21.87,0.0,59222865.0,467109137.0,5.07,True,True,Ondas Inc - Common Stock,0,-3.9,UNCLASSIFIED,,0.0,NONE,0.0,0.0,NONE,,True,0,NOT CHECKED,NONE,NEUTRAL,,,,NOT CHECKED,False,NOT CHECKED,NONE,0,,False,-3.9,NO TRADE,NOT CHECKED,,,,,,,,,False,,,False,,,,False,,,,False,NONE,False,False,0,,,,NOT CHECKED,NO LIVE SIGNAL,BAR_PROXY,0.0,NO DATA,,,,,,,,-3.9,False
AEO,14.98,REJECT,REJECT,volume contraction,6,12,55,NO TRADE,WEAK,37.0,price<EMA20; EMA20>EMA50; EMA20 falling,-9.25,35.3,0.17,5.14,0,False,5.35,118967373.0,16.02,16.58,18.01,14.1,17.8,14.1,18.65,14.43,23.56,17.86,RESISTANCE_BREAKOUT,BREAKOUT,0.36,,,0,,,0,False,False,16.79,ATR_FALLBACK,16.66,6.73,6.0,14.1,14.1,18.76,19.29,19.65,1.33,18.65,4.39,False,5.0,18.65,4.39,0.73,False,2.5,18.86,0.0,7420635.0,82390695.0,3.9,True,True,"American Eagle Outfitters, Inc. Common Stock",0,-3.9,UNCLASSIFIED,,0.0,NONE,0.0,0.0,NONE,,True,0,NOT CHECKED,NONE,NEUTRAL,,,,NOT CHECKED,False,NOT CHECKED,NONE,0,,False,-3.9,NO TRADE,NOT CHECKED,,,,,,,,,False,,,False,,,,False,,,,False,NONE,False,False,0,,,,NOT CHECKED,NO LIVE SIGNAL,BAR_PROXY,0.0,NO DATA,,,,,,,,-3.9,False
FND,47.49,REJECT,REJECT,tight range,10,16,55,NO TRADE,WEAK,37.0,price<EMA20; EMA20>EMA50; EMA20 falling,-16.38,32.1,0.61,4.5,0,False,4.36,114255643.0,49.86,52.51,58.31,45.95,56.46,46.03,63.25,42.64,68.15,56.63,RESISTANCE_BREAKOUT,BREAKOUT,0.29,,,0,,,0,False,False,53.23,ATR_FALLBACK,53.52,5.48,6.0,45.95,45.95,59.46,61.16,62.29,1.33,63.25,11.7,True,5.0,61.16,8.0,1.33,False,2.5,24.24,0.0,2295947.0,111702993.0,3.55,True,True,"Floor & Decor Holdings, Inc. Common Stock",0,-4.0,UNCLASSIFIED,,0.0,NONE,0.0,0.0,NONE,,True,0,NOT CHECKED,NONE,NEUTRAL,,,,NOT CHECKED,False,NOT CHECKED,NONE,0,,False,-4.0,NO TRADE,NOT CHECKED,,,,,,,,,False,,,False,,,,False,,,,False,NONE,False,False,0,,,,NOT CHECKED,NO LIVE SIGNAL,BAR_PROXY,0.0,NO DATA,,,,,,,,-4.0,False
ASM,6.27,REJECT,REJECT,near EMA200 pivot,10,16,55,NO TRADE,WEAK,37.0,price<EMA20; EMA20>EMA50; EMA20 falling,-16.26,29.4,0.49,10.83,1,True,6.77,29752130.0,6.82,6.75,6.53,5.83,7.9,5.15,7.9,5.15,9.7,7.93,RESISTANCE_BREAKOUT,BREAKOUT,0.43,,,0,,,0,False,False,7.46,ATR_FALLBACK,7.3,8.03,6.0,5.83,5.83,8.33,8.57,8.73,1.33,9.7,22.26,True,5.0,8.57,8.0,1.33,False,2.5,25.99,0.0,4152236.0,28551395.0,5.32,True,True,Avino Silver & Gold Mines Ltd. Common Shares (Canada),0,-4.0,UNCLASSIFIED,,0.0,NONE,0.0,0.0,NONE,,True,0,NOT CHECKED,NONE,NEUTRAL,,,,NOT CHECKED,False,NOT CHECKED,NONE,0,,False,-4.0,NO TRADE,NOT CHECKED,,,,,,,,,False,,,False,,,,False,,,,False,NONE,False,False,0,,,,NOT CHECKED,NO LIVE SIGNAL,BAR_PROXY,0.0,NO DATA,,,,,,,,-4.0,True
CARR,54.32,REJECT,REJECT,none,0,6,20,NO TRADE,WEAK,37.0,price<EMA20; EMA20>EMA50; EMA20 falling,-10.33,29.8,0.41,2.61,0,False,3.37,337578442.0,58.07,61.14,61.9,53.73,61.24,55.97,76.48,53.39,76.48,61.39,RESISTANCE_BREAKOUT,BREAKOUT,0.24,,,0,,,0,False,False,60.01,EMA50,61.14,0.4,2.24,53.73,53.73,64.46,66.3,67.53,3.57,76.48,24.6,True,5.0,66.3,8.0,3.57,True,2.5,14.89,0.0,5842796.0,309099744.0,2.86,True,True,Carrier Global Corporation Common Stock ,0,-4.3,UNCLASSIFIED,,0.0,NONE,0.0,0.0,NONE,,True,0,NOT CHECKED,NONE,NEUTRAL,,,,NOT CHECKED,False,NOT CHECKED,NONE,0,,False,-4.3,NO TRADE,NOT CHECKED,,,,,,,,,False,,,False,,,,False,,,,False,NONE,False,False,0,,,,NOT CHECKED,NO LIVE SIGNAL,BAR_PROXY,0.0,NO DATA,,,,,,,,-4.3,False
PCOR,51.65,REJECT,REJECT,"volume contraction, low-volume pullback",10,16,55,NO TRADE,WEAK,37.0,price<EMA20; EMA20>EMA50; EMA20 falling,-17.0,21.8,0.31,7.23,0,False,4.57,158920965.0,56.15,54.75,56.42,51.8,64.79,38.03,64.79,38.03,64.79,64.98,RESISTANCE_BREAKOUT,BREAKOUT,0.29,,,0,,,0,False,False,61.08,ATR_FALLBACK,61.43,5.45,6.0,51.8,51.8,68.23,70.18,71.48,1.33,,,False,5.0,70.18,8.0,1.33,False,2.5,25.44,0.0,2701205.0,148223202.0,3.65,True,True,"Procore Technologies, Inc. Common Stock",0,-4.4,UNCLASSIFIED,,0.0,NONE,0.0,0.0,NONE,,True,0,NOT CHECKED,NONE,NEUTRAL,,,,NOT CHECKED,False,NOT CHECKED,NONE,0,,False,-4.4,NO TRADE,NOT CHECKED,,,,,,,,,False,,,False,,,,False,,,,False,NONE,False,False,0,,,,NOT CHECKED,NO LIVE SIGNAL,BAR_PROXY,0.0,NO DATA,,,,,,,,-4.4,False
APLD,26.63,REJECT,REJECT,none,0,6,40,NO TRADE,WEAK,37.0,price<EMA20; EMA20>EMA50; EMA20 falling,-4.76,47.6,1.07,9.18,0,False,5.89,389120404.0,26.37,28.75,30.79,23.39,29.61,22.93,47.96,20.0,50.72,29.74,RESISTANCE_BREAKOUT,BREAKOUT,0.42,,,0,,,0,False,False,28.47,EMA50,28.75,3.3,4.25,23.39,23.39,31.22,32.11,32.71,1.88,47.96,61.29,True,5.0,32.11,8.0,1.88,False,2.5,11.2,0.0,14833701.0,376137482.0,5.53,True,True,Applied Digital Corporation - Common Stock,0,-4.5,UNCLASSIFIED,,0.0,NONE,0.0,0.0,NONE,,True,0,NOT CHECKED,NONE,NEUTRAL,,,,NOT CHECKED,False,NOT CHECKED,NONE,0,,False,-4.5,NO TRADE,NOT CHECKED,,,,,,,,,False,,,False,,,,False,,,,False,NONE,False,False,0,,,,NOT CHECKED,NO LIVE SIGNAL,BAR_PROXY,0.0,NO DATA,,,,,,,,-4.5,False
UPST,24.99,REJECT,REJECT,"volume contraction, low-volume pullback",10,16,55,NO TRADE,WEAK,37.0,price<EMA20; EMA20>EMA50; EMA20 falling,-17.42,22.7,0.37,6.43,0,False,4.84,109701005.0,27.16,28.67,34.99,24.49,31.8,25.09,36.9,23.97,36.9,31.9,RESISTANCE_BREAKOUT,BREAKOUT,0.3,,,0,,,0,False,False,29.98,ATR_FALLBACK,30.08,5.69,6.0,24.49,24.49,33.49,34.45,35.09,1.33,36.9,15.69,True,5.0,34.45,8.0,1.33,False,2.5,27.25,0.0,3950248.0,98996922.0,4.48,True,True,"Upstart Holdings, Inc. - Common stock",0,-4.6,UNCLASSIFIED,,0.0,NONE,0.0,0.0,NONE,,True,0,NOT CHECKED,NONE,NEUTRAL,,,,NOT CHECKED,False,NOT CHECKED,NONE,0,,False,-4.6,NO TRADE,NOT CHECKED,,,,,,,,,False,,,False,,,,False,,,,False,NONE,False,False,0,,,,NOT CHECKED,NO LIVE SIGNAL,BAR_PROXY,0.0,NO DATA,,,,,,,,-4.6,False
ELVN,50.45,REJECT,REJECT,rising EMA50,8,14,55,NO TRADE,WEAK,37.0,price<EMA20; EMA20>EMA50; EMA20 falling,-14.14,19.9,1.0,2.71,0,False,4.73,57490133.0,55.93,54.91,42.33,48.42,62.0,45.01,62.32,26.7,62.32,62.19,RESISTANCE_BREAKOUT,BREAKOUT,0.31,,,0,,,0,False,False,58.46,ATR_FALLBACK,58.61,5.76,6.0,48.42,48.42,65.3,67.17,68.41,1.33,62.32,0.21,False,5.0,62.32,0.21,0.03,False,2.5,22.89,0.0,1016047.0,52695943.0,3.93,True,True,"Enliven Therapeutics, Inc.  - Common Stock",0,-4.6,UNCLASSIFIED,,0.0,NONE,0.0,0.0,NONE,,True,0,NOT CHECKED,NONE,NEUTRAL,,,,NOT CHECKED,False,NOT CHECKED,NONE,0,,False,-4.6,NO TRADE,NOT CHECKED,,,,,,,,,False,,,False,,,,False,,,,False,NONE,False,False,0,,,,NOT CHECKED,NO LIVE SIGNAL,BAR_PROXY,0.0,NO DATA,,,,,,,,-4.6,False
CELH,28.42,REJECT,REJECT,volume contraction,6,12,55,NO TRADE,WEAK,37.0,price<EMA20; EMA20>EMA50; EMA20 falling,-10.99,30.3,0.38,16.83,1,True,4.39,231230393.0,29.5,30.02,36.45,26.59,36.15,23.56,36.15,23.56,52.42,36.25,RESISTANCE_BREAKOUT,BREAKOUT,0.28,,,0,,,0,False,False,34.15,ATR_FALLBACK,34.38,5.16,5.78,26.59,26.59,38.06,39.15,39.87,1.38,52.42,44.61,True,5.0,39.15,8.0,1.38,False,2.5,27.2,0.0,7470538.0,238483559.0,3.97,True,True,"Celsius Holdings, Inc. - Common Stock",0,-4.7,UNCLASSIFIED,,0.0,NONE,0.0,0.0,NONE,,True,0,NOT CHECKED,NONE,NEUTRAL,,,,NOT CHECKED,False,NOT CHECKED,NONE,0,,False,-4.7,NO TRADE,NOT CHECKED,,,,,,,,,False,,,False,,,,False,,,,False,NONE,False,False,0,,,,NOT CHECKED,NO LIVE SIGNAL,BAR_PROXY,0.0,NO DATA,,,,,,,,-4.7,True
VCYT,39.57,REJECT,REJECT,none,0,6,40,NO TRADE,WEAK,37.0,price<EMA20; EMA20>EMA50; EMA20 falling,-5.29,30.7,0.41,6.2,0,False,5.15,51197888.0,42.49,45.34,43.05,38.24,45.99,40.1,60.91,29.45,60.91,46.15,RESISTANCE_BREAKOUT,BREAKOUT,0.35,,,0,,,0,False,False,44.62,EMA50,45.34,1.76,3.31,38.24,38.24,48.46,49.85,50.77,2.41,60.91,31.97,True,5.0,49.85,8.0,2.41,False,2.5,16.22,0.0,1202595.0,45439232.0,4.36,True,True,"Veracyte, Inc. - Common Stock",0,-4.7,UNCLASSIFIED,,0.0,NONE,0.0,0.0,NONE,,True,0,NOT CHECKED,NONE,NEUTRAL,,,,NOT CHECKED,False,NOT CHECKED,NONE,0,,False,-4.7,NO TRADE,NOT CHECKED,,,,,,,,,False,,,False,,,,False,,,,False,NONE,False,False,0,,,,NOT CHECKED,NO LIVE SIGNAL,BAR_PROXY,0.0,NO DATA,,,,,,,,-4.7,False
LASR,38.84,REJECT,REJECT,"volume contraction, low-volume pullback",10,16,55,NO TRADE,WEAK,37.0,price<EMA20; EMA20>EMA50; EMA20 falling,-17.96,32.2,0.31,7.78,0,False,4.87,51185106.0,42.88,51.23,54.79,37.33,49.58,38.95,80.1,41.53,86.95,49.73,RESISTANCE_BREAKOUT,BREAKOUT,0.31,,,0,,,0,False,False,46.75,ATR_FALLBACK,46.89,5.71,6.0,37.33,37.33,52.22,53.71,54.7,1.33,80.1,61.07,True,5.0,53.71,8.0,1.33,False,2.5,31.67,0.0,1227190.0,46216034.0,4.78,True,True,"nLIGHT, Inc. - Common Stock",0,-4.8,UNCLASSIFIED,,0.0,NONE,0.0,0.0,NONE,,True,0,NOT CHECKED,NONE,NEUTRAL,,,,NOT CHECKED,False,NOT CHECKED,NONE,0,,False,-4.8,NO TRADE,NOT CHECKED,,,,,,,,,False,,,False,,,,False,,,,False,NONE,False,False,0,,,,NOT CHECKED,NO LIVE SIGNAL,BAR_PROXY,0.0,NO DATA,,,,,,,,-4.8,False
LULU,96.68,REJECT,REJECT,"volume contraction, low-volume pullback",10,16,55,NO TRADE,WEAK,37.0,price<EMA20; EMA20>EMA50; EMA20 falling,-18.15,32.0,0.35,5.05,0,False,5.76,807859614.0,107.13,114.13,137.77,95.67,124.47,95.67,128.86,104.44,179.38,124.92,RESISTANCE_BREAKOUT,BREAKOUT,0.36,,,0,,,0,False,False,117.42,ATR_FALLBACK,116.56,6.69,6.0,95.67,95.67,131.16,134.91,137.41,1.33,128.86,3.16,False,5.0,128.86,3.16,0.53,False,2.5,28.74,0.0,7467277.0,466434383.0,3.43,True,True,lululemon athletica inc. - Common Stock,0,-4.9,UNCLASSIFIED,,0.0,NONE,0.0,0.0,NONE,,True,0,NOT CHECKED,NONE,NEUTRAL,,,,NOT CHECKED,False,NOT CHECKED,NONE,0,,False,-4.9,NO TRADE,NOT CHECKED,,,,,,,,,False,,,False,,,,False,,,,False,NONE,False,False,0,,,,NOT CHECKED,NO LIVE SIGNAL,BAR_PROXY,0.0,NO DATA,,,,,,,,-4.9,False
AAOI,98.65,REJECT,REJECT,"volume contraction, low-volume pullback",10,16,55,NO TRADE,WEAK,37.0,price<EMA20; EMA20>EMA50; EMA20 falling,-18.35,35.6,0.75,15.53,1,True,6.59,749383861.0,106.72,116.54,106.4,94.0,133.72,76.01,177.16,76.01,233.67,134.24,RESISTANCE_BREAKOUT,BREAKOUT,0.39,,,0,,,0,False,False,126.19,ATR_FALLBACK,124.48,7.27,6.0,94.0,94.0,140.95,144.98,147.66,1.33,177.16,31.97,True,5.0,144.98,8.0,1.33,False,2.5,40.46,0.0,6913983.0,626223545.0,5.99,True,True,"Applied Optoelectronics, Inc. - Common Stock",0,-5.0,UNCLASSIFIED,,0.0,NONE,0.0,0.0,NONE,,True,0,NOT CHECKED,NONE,NEUTRAL,,,,NOT CHECKED,False,NOT CHECKED,NONE,0,,False,-5.0,NO TRADE,NOT CHECKED,,,,,,,,,False,,,False,,,,False,,,,False,NONE,False,False,0,,,,NOT CHECKED,NO LIVE SIGNAL,BAR_PROXY,0.0,NO DATA,,,,,,,,-5.0,True
DECK,79.65,REJECT,REJECT,none,0,6,20,NO TRADE,WEAK,37.0,price<EMA20; EMA20>EMA50; EMA20 falling,-12.1,33.9,0.5,3.17,0,False,2.93,249740447.0,84.15,91.0,100.63,77.37,93.09,79.34,110.78,86.11,116.5,93.28,RESISTANCE_BREAKOUT,BREAKOUT,0.2,,,0,,,0,False,False,90.58,EMA50,91.0,2.44,2.89,77.37,77.37,97.94,100.74,102.6,2.76,110.78,18.77,True,5.0,100.74,8.0,2.76,True,2.5,16.87,0.0,2964272.0,245886315.0,2.63,True,True,Deckers Outdoor Corporation Common Stock,0,-5.1,UNCLASSIFIED,,0.0,NONE,0.0,0.0,NONE,,True,0,NOT CHECKED,NONE,NEUTRAL,,,,NOT CHECKED,False,NOT CHECKED,NONE,0,,False,-5.1,NO TRADE,NOT CHECKED,,,,,,,,,False,,,False,,,,False,,,,False,NONE,False,False,0,,,,NOT CHECKED,NO LIVE SIGNAL,BAR_PROXY,0.0,NO DATA,,,,,,,,-5.1,False
WEN,7.14,REJECT,REJECT,"volume contraction, low-volume pullback",10,16,55,NO TRADE,WEAK,37.0,price<EMA20; EMA20>EMA50; EMA20 falling,-18.45,37.9,0.32,14.7,1,True,4.35,51397139.0,7.76,7.79,7.67,7.02,9.06,6.02,9.37,6.02,9.37,9.09,RESISTANCE_BREAKOUT,BREAKOUT,0.27,,,0,,,0,False,False,8.57,ATR_FALLBACK,8.62,5.12,5.74,7.02,7.02,9.54,9.81,10.0,1.39,9.37,3.11,False,5.0,9.37,3.11,0.54,False,2.5,26.93,0.0,6415446.0,44400991.0,3.73,True,True,Wendy's Company (The) - Common Stock,0,-5.1,UNCLASSIFIED,,0.0,NONE,0.0,0.0,NONE,,True,0,NOT CHECKED,NONE,NEUTRAL,,,,NOT CHECKED,False,NOT CHECKED,NONE,0,,False,-5.1,NO TRADE,NOT CHECKED,,,,,,,,,False,,,False,,,,False,,,,False,NONE,False,False,0,,,,NOT CHECKED,NO LIVE SIGNAL,BAR_PROXY,0.0,NO DATA,,,,,,,,-5.1,True
DFTX,38.36,REJECT,REJECT,none,8,14,55,NO TRADE,WEAK,37.0,price<EMA20; EMA20>EMA50; EMA20 falling,-15.37,31.6,0.42,6.17,0,False,5.58,79780446.0,39.81,39.88,29.04,36.7,46.57,35.13,49.7,16.55,49.7,46.74,RESISTANCE_BREAKOUT,BREAKOUT,0.37,,,0,,,0,False,False,43.94,ATR_FALLBACK,43.53,6.87,6.0,36.7,36.7,49.08,50.48,51.42,1.33,49.7,6.33,True,5.0,49.7,6.33,1.06,False,2.5,23.28,0.0,1991891.0,61459576.0,4.97,True,True,"Definium Therapeutics, Inc.  - Common Shares",0,-5.2,UNCLASSIFIED,,0.0,NONE,0.0,0.0,NONE,,True,0,NOT CHECKED,NONE,NEUTRAL,,,,NOT CHECKED,False,NOT CHECKED,NONE,0,,False,-5.2,NO TRADE,NOT CHECKED,,,,,,,,,False,,,False,,,,False,,,,False,NONE,False,False,0,,,,NOT CHECKED,NO LIVE SIGNAL,BAR_PROXY,0.0,NO DATA,,,,,,,,-5.2,False
CMI,525.02,REJECT,REJECT,none,0,6,20,NO TRADE,WEAK,37.0,price<EMA20; EMA20>EMA50; EMA20 falling,-12.46,24.1,0.44,2.8,0,False,2.99,583862531.0,561.24,596.01,586.08,519.09,605.81,542.7,728.83,506.57,735.02,607.07,RESISTANCE_BREAKOUT,BREAKOUT,0.21,,,0,,,0,False,False,593.18,EMA50,596.01,1.82,2.29,519.09,519.09,637.43,655.64,667.78,3.5,728.83,20.06,True,5.0,655.64,8.0,3.5,True,2.5,17.93,0.0,1048326.0,600685381.0,2.57,True,True,Cummins Inc. Common Stock,0,-5.3,UNCLASSIFIED,,0.0,NONE,0.0,0.0,NONE,,True,0,NOT CHECKED,NONE,NEUTRAL,,,,NOT CHECKED,False,NOT CHECKED,NONE,0,,False,-5.3,NO TRADE,NOT CHECKED,,,,,,,,,False,,,False,,,,False,,,,False,NONE,False,False,0,,,,NOT CHECKED,NO LIVE SIGNAL,BAR_PROXY,0.0,NO DATA,,,,,,,,-5.3,False
BW,7.29,REJECT,REJECT,tight range,10,16,55,NO TRADE,WEAK,37.0,price<EMA20; EMA20>EMA50; EMA20 falling,-19.06,46.5,0.47,10.74,2,True,7.99,32642462.0,7.64,9.19,10.51,6.67,9.05,6.75,17.94,7.11,22.03,9.1,RESISTANCE_BREAKOUT,BREAKOUT,0.51,,,0,,,0,False,False,8.55,ATR_FALLBACK,8.22,9.61,6.0,6.67,6.67,9.55,9.82,10.01,1.33,17.94,97.22,True,5.0,9.82,8.0,1.33,False,2.5,26.2,0.0,4384649.0,29159239.0,6.42,True,True,"Babcock & Wilcox Enterprises, Inc. Common Stock",0,-5.4,UNCLASSIFIED,,0.0,NONE,0.0,0.0,NONE,,True,0,NOT CHECKED,NONE,NEUTRAL,,,,NOT CHECKED,False,NOT CHECKED,NONE,0,,False,-5.4,NO TRADE,NOT CHECKED,,,,,,,,,False,,,False,,,,False,,,,False,NONE,False,False,0,,,,NOT CHECKED,NO LIVE SIGNAL,BAR_PROXY,0.0,NO DATA,,,,,,,,-5.4,True
HWM,225.5,REJECT,REJECT,"volume contraction, low-volume pullback",10,16,55,NO TRADE,WEAK,37.0,price<EMA20; EMA20>EMA50; EMA20 falling,-19.54,26.3,0.26,4.06,0,False,4.46,930221131.0,245.69,259.26,247.26,223.03,285.07,226.3,309.85,220.31,309.85,285.87,RESISTANCE_BREAKOUT,BREAKOUT,0.28,,,0,,,0,False,False,268.97,ATR_FALLBACK,270.79,5.28,5.91,223.03,223.03,300.17,308.74,314.46,1.35,309.85,8.39,True,5.0,308.74,8.0,1.35,False,2.5,30.11,0.0,3809649.0,736946293.0,3.19,True,True,Howmet Aerospace Inc. Common Stock,0,-5.6,UNCLASSIFIED,,0.0,NONE,0.0,0.0,NONE,,True,0,NOT CHECKED,NONE,NEUTRAL,,,,NOT CHECKED,False,NOT CHECKED,NONE,0,,False,-5.6,NO TRADE,NOT CHECKED,,,,,,,,,False,,,False,,,,False,,,,False,NONE,False,False,0,,,,NOT CHECKED,NO LIVE SIGNAL,BAR_PROXY,0.0,NO DATA,,,,,,,,-5.6,False
MAT,13.36,REJECT,REJECT,none,0,6,40,NO TRADE,WEAK,37.0,price<EMA20; EMA20>EMA50; EMA20 falling,-7.1,27.7,0.5,2.97,0,False,2.92,49351057.0,14.13,14.38,15.57,13.16,15.58,12.73,15.65,12.73,16.64,15.61,RESISTANCE_BREAKOUT,BREAKOUT,0.2,,,0,,,0,False,False,14.96,ATR_FALLBACK,15.03,3.75,4.2,13.16,13.16,16.39,16.86,17.17,1.9,15.65,0.25,False,5.0,15.65,0.25,0.06,False,2.5,16.57,0.0,3452406.0,46814108.0,2.84,True,True,"Mattel, Inc. - Common Stock",0,-5.6,UNCLASSIFIED,,0.0,NONE,0.0,0.0,NONE,,True,0,NOT CHECKED,NONE,NEUTRAL,,,,NOT CHECKED,False,NOT CHECKED,NONE,0,,False,-5.6,NO TRADE,NOT CHECKED,,,,,,,,,False,,,False,,,,False,,,,False,NONE,False,False,0,,,,NOT CHECKED,NO LIVE SIGNAL,BAR_PROXY,0.0,NO DATA,,,,,,,,-5.6,False
KTOS,48.08,REJECT,REJECT,tight range,10,16,55,NO TRADE,WEAK,37.0,price<EMA20; EMA20>EMA50; EMA20 falling,-19.69,22.8,0.62,5.85,0,False,4.52,160518911.0,49.9,52.33,64.33,45.47,60.09,43.09,67.1,43.09,97.1,60.26,RESISTANCE_BREAKOUT,BREAKOUT,0.29,,,0,,,0,False,False,56.65,ATR_FALLBACK,57.0,5.41,6.0,45.47,45.47,63.28,65.08,66.29,1.33,67.1,11.34,True,5.0,65.08,8.0,1.33,False,2.5,28.95,0.0,3222947.0,170087747.0,4.63,True,True,"Kratos Defense & Security Solutions, Inc. - Common Stock",0,-5.7,UNCLASSIFIED,,0.0,NONE,0.0,0.0,NONE,,True,0,NOT CHECKED,NONE,NEUTRAL,,,,NOT CHECKED,False,NOT CHECKED,NONE,0,,False,-5.7,NO TRADE,NOT CHECKED,,,,,,,,,False,,,False,,,,False,,,,False,NONE,False,False,0,,,,NOT CHECKED,NO LIVE SIGNAL,BAR_PROXY,0.0,NO DATA,,,,,,,,-5.7,False
CRDO,167.45,REJECT,REJECT,tight range,10,16,55,NO TRADE,WEAK,37.0,price<EMA20; EMA20>EMA50; EMA20 falling,-27.78,21.1,0.72,8.82,0,False,7.88,1360198176.0,185.24,205.86,189.66,149.14,244.46,159.2,308.67,86.49,308.67,245.52,RESISTANCE_BREAKOUT,BREAKOUT,0.43,,,0,,,0,False,False,230.79,ATR_FALLBACK,225.71,8.07,6.0,149.14,149.14,257.79,265.16,270.07,1.33,308.67,25.72,True,5.0,265.16,8.0,1.33,False,2.5,49.3,0.0,7652807.0,996170222.0,5.55,True,True,Credo Technology Group Holding Ltd - Ordinary Shares,0,-5.8,UNCLASSIFIED,,0.0,NONE,0.0,0.0,NONE,,True,0,NOT CHECKED,NONE,NEUTRAL,,,,NOT CHECKED,False,NOT CHECKED,NONE,0,,False,-5.8,NO TRADE,NOT CHECKED,,,,,,,,,False,,,False,,,,False,,,,False,NONE,False,False,0,,,,NOT CHECKED,NO LIVE SIGNAL,BAR_PROXY,0.0,NO DATA,,,,,,,,-5.8,False
BURL,239.95,REJECT,REJECT,"volume contraction, low-volume pullback",10,16,55,NO TRADE,WEAK,37.0,price<EMA20; EMA20>EMA50; EMA20 falling,-27.99,24.6,0.5,4.01,0,False,4.32,475533770.0,266.25,298.88,307.25,226.85,339.01,236.28,378.33,256.26,378.33,339.84,RESISTANCE_BREAKOUT,BREAKOUT,0.24,,,0,,,0,False,False,322.42,ATR_FALLBACK,324.29,4.58,5.13,226.85,226.85,356.83,367.03,373.82,1.56,378.33,11.33,True,5.0,367.03,8.0,1.56,False,2.5,41.28,0.0,1760866.0,423043992.0,3.97,True,True,"Burlington Stores, Inc. Common Stock",0,-5.8,UNCLASSIFIED,,0.0,NONE,0.0,0.0,NONE,,True,0,NOT CHECKED,NONE,NEUTRAL,,,,NOT CHECKED,False,NOT CHECKED,NONE,0,,False,-5.8,NO TRADE,NOT CHECKED,,,,,,,,,False,,,False,,,,False,,,,False,NONE,False,False,0,,,,NOT CHECKED,NO LIVE SIGNAL,BAR_PROXY,0.0,NO DATA,,,,,,,,-5.8,False
FTAI,193.3,REJECT,REJECT,none,0,6,40,NO TRADE,WEAK,37.0,price<EMA20; EMA20>EMA50; EMA20 falling,-7.43,46.2,0.51,7.59,0,False,4.96,254477055.0,193.11,206.72,220.56,171.97,211.2,177.43,284.37,178.71,306.49,211.97,RESISTANCE_BREAKOUT,BREAKOUT,0.36,,,0,,,0,False,False,204.78,EMA50,206.72,2.48,3.39,171.97,171.97,222.56,228.92,233.16,2.36,284.37,34.16,True,5.0,228.92,8.0,2.36,False,2.5,10.19,0.0,1334263.0,227671013.0,4.37,True,True,FTAI Aviation Ltd. - Common Stock,0,-5.8,UNCLASSIFIED,,0.0,NONE,0.0,0.0,NONE,,True,0,NOT CHECKED,NONE,NEUTRAL,,,,NOT CHECKED,False,NOT CHECKED,NONE,0,,False,-5.8,NO TRADE,NOT CHECKED,,,,,,,,,False,,,False,,,,False,,,,False,NONE,False,False,0,,,,NOT CHECKED,NO LIVE SIGNAL,BAR_PROXY,0.0,NO DATA,,,,,,,,-5.8,False
AS,26.5,REJECT,REJECT,"volume contraction, low-volume pullback",10,16,55,NO TRADE,WEAK,37.0,price<EMA20; EMA20>EMA50; EMA20 falling,-21.2,28.7,0.53,3.58,0,False,3.77,239302555.0,29.2,31.57,34.24,26.54,33.54,27.21,37.65,30.09,38.35,33.62,RESISTANCE_BREAKOUT,BREAKOUT,0.24,,,0,,,0,False,False,31.6,EMA50,31.57,6.09,6.0,26.54,26.54,35.3,36.31,36.98,1.33,37.65,11.97,True,5.0,36.31,8.0,1.33,False,2.5,31.5,0.0,8090830.0,224016805.0,3.31,True,True,"Amer Sports, Inc. Ordinary Shares",0,-5.8,UNCLASSIFIED,,0.0,NONE,0.0,0.0,NONE,,True,0,NOT CHECKED,NONE,NEUTRAL,,,,NOT CHECKED,False,NOT CHECKED,NONE,0,,False,-5.8,NO TRADE,NOT CHECKED,,,,,,,,,False,,,False,,,,False,,,,False,NONE,False,False,0,,,,NOT CHECKED,NO LIVE SIGNAL,BAR_PROXY,0.0,NO DATA,,,,,,,,-5.8,False
PL,17.0,REJECT,REJECT,"volume contraction, low-volume pullback",10,16,55,NO TRADE,WEAK,37.0,price<EMA20; EMA20>EMA50; EMA20 falling,-23.95,22.5,0.52,6.09,0,False,6.48,192768888.0,18.61,21.95,24.72,15.6,22.96,16.44,34.25,19.16,51.76,23.05,RESISTANCE_BREAKOUT,BREAKOUT,0.38,,,0,,,0,False,False,21.75,EMA50,21.95,4.76,5.62,15.6,15.6,24.2,24.89,25.35,1.42,34.25,48.6,True,5.0,24.89,8.0,1.42,False,2.5,38.28,0.0,10551019.0,134891262.0,5.4,True,True,Planet Labs PBC Class A Common Stock,0,-5.8,UNCLASSIFIED,,0.0,NONE,0.0,0.0,NONE,,True,0,NOT CHECKED,NONE,NEUTRAL,,,,NOT CHECKED,False,NOT CHECKED,NONE,0,,False,-5.8,NO TRADE,NOT CHECKED,,,,,,,,,False,,,False,,,,False,,,,False,NONE,False,False,0,,,,NOT CHECKED,NO LIVE SIGNAL,BAR_PROXY,0.0,NO DATA,,,,,,,,-5.8,False
ARWR,67.63,REJECT,REJECT,near EMA200 pivot,10,16,55,NO TRADE,WEAK,37.0,price<EMA20; EMA20>EMA50; EMA20 falling,-23.44,18.5,1.07,3.18,0,False,6.6,134025211.0,80.37,81.89,70.69,64.5,90.21,69.88,95.49,54.02,95.49,90.57,RESISTANCE_BREAKOUT,BREAKOUT,0.4,,,0,,,0,False,False,85.13,ATR_FALLBACK,83.87,7.39,6.0,64.5,64.5,95.1,97.81,99.62,1.33,95.49,5.43,True,5.0,95.49,5.43,0.91,False,2.5,33.39,0.0,1692984.0,109482724.0,4.67,True,True,"Arrowhead Pharmaceuticals, Inc. - Common Stock",0,-5.8,UNCLASSIFIED,,0.0,NONE,0.0,0.0,NONE,,True,0,NOT CHECKED,NONE,NEUTRAL,,,,NOT CHECKED,False,NOT CHECKED,NONE,0,,False,-5.8,NO TRADE,NOT CHECKED,,,,,,,,,False,,,False,,,,False,,,,False,NONE,False,False,0,,,,NOT CHECKED,NO LIVE SIGNAL,BAR_PROXY,0.0,NO DATA,,,,,,,,-5.8,False
SARO,22.62,REJECT,REJECT,none,0,6,20,NO TRADE,WEAK,37.0,price<EMA20; EMA20>EMA50; EMA20 falling,-13.4,23.9,0.62,2.88,0,False,3.36,74837903.0,24.5,25.88,27.11,22.83,26.32,23.51,31.64,23.83,31.64,26.38,RESISTANCE_BREAKOUT,BREAKOUT,0.23,,,0,,,0,False,False,25.75,EMA50,25.88,1.89,2.41,22.83,22.83,27.7,28.49,29.02,3.33,31.64,19.94,True,5.0,28.49,8.0,3.33,True,2.5,20.25,0.0,3080213.0,67573117.0,3.03,True,True,"StandardAero, Inc. Common Stock",0,-5.8,UNCLASSIFIED,,0.0,NONE,0.0,0.0,NONE,,True,0,NOT CHECKED,NONE,NEUTRAL,,,,NOT CHECKED,False,NOT CHECKED,NONE,0,,False,-5.8,NO TRADE,NOT CHECKED,,,,,,,,,False,,,False,,,,False,,,,False,NONE,False,False,0,,,,NOT CHECKED,NO LIVE SIGNAL,BAR_PROXY,0.0,NO DATA,,,,,,,,-5.8,False
BKD,11.65,REJECT,REJECT,none,0,6,55,NO TRADE,WEAK,37.0,price<EMA20; EMA20>EMA50; EMA20 falling,-3.0,37.2,0.43,3.43,0,False,3.52,51153636.0,12.13,12.83,12.72,11.51,12.79,11.59,16.31,11.59,16.31,12.82,RESISTANCE_BREAKOUT,BREAKOUT,0.26,,,0,,,0,False,False,12.05,EMA20,12.13,5.43,6.0,11.51,11.51,13.46,13.85,14.11,1.33,16.31,27.2,True,5.0,13.85,8.0,1.33,False,2.5,9.83,0.0,4280051.0,52309180.0,3.36,True,True,Brookdale Senior Living Inc. Common Stock,0,-5.8,UNCLASSIFIED,,0.0,NONE,0.0,0.0,NONE,,True,0,NOT CHECKED,NONE,NEUTRAL,,,,NOT CHECKED,False,NOT CHECKED,NONE,0,,False,-5.8,NO TRADE,NOT CHECKED,,,,,,,,,False,,,False,,,,False,,,,False,NONE,False,False,0,,,,NOT CHECKED,NO LIVE SIGNAL,BAR_PROXY,0.0,NO DATA,,,,,,,,-5.8,False
ENOV,18.19,REJECT,REJECT,tight range,10,16,55,NO TRADE,WEAK,37.0,price<EMA20; EMA20>EMA50; EMA20 falling,-30.44,24.1,0.49,7.65,0,False,7.76,34239979.0,20.91,23.08,25.05,17.3,26.93,18.08,31.67,19.14,31.67,27.04,RESISTANCE_BREAKOUT,BREAKOUT,0.42,,,0,,,0,False,False,25.42,ATR_FALLBACK,24.92,7.83,6.0,17.3,17.3,28.4,29.21,29.75,1.33,31.67,17.11,True,5.0,29.21,8.0,1.33,False,2.5,50.96,0.0,1707935.0,33132559.0,6.18,True,True,Enovis Corporation Common Stock,0,-5.8,UNCLASSIFIED,,0.0,NONE,0.0,0.0,NONE,,True,0,NOT CHECKED,NONE,NEUTRAL,,,,NOT CHECKED,False,NOT CHECKED,NONE,0,,False,-5.8,NO TRADE,NOT CHECKED,,,,,,,,,False,,,False,,,,False,,,,False,NONE,False,False,0,,,,NOT CHECKED,NO LIVE SIGNAL,BAR_PROXY,0.0,NO DATA,,,,,,,,-5.8,False
ROL,33.1,REJECT,REJECT,none,0,6,40,NO TRADE,WEAK,37.0,price<EMA20; EMA20>EMA50; EMA20 falling,-7.81,25.5,0.59,2.47,0,False,2.47,162677190.0,35.31,38.03,47.27,33.53,37.73,34.35,46.14,35.81,60.71,37.8,RESISTANCE_BREAKOUT,BREAKOUT,0.17,,,0,,,0,False,False,36.42,ATR_FALLBACK,36.57,3.24,3.63,33.53,33.53,39.69,40.82,41.57,2.2,46.14,22.07,True,5.0,40.82,8.0,2.2,False,2.5,14.01,0.0,4590417.0,172471182.0,2.21,True,True,"Rollins, Inc. Common Stock",0,-6.0,UNCLASSIFIED,,0.0,NONE,0.0,0.0,NONE,,True,0,NOT CHECKED,NONE,NEUTRAL,,,,NOT CHECKED,False,NOT CHECKED,NONE,0,,False,-6.0,NO TRADE,NOT CHECKED,,,,,,,,,False,,,False,,,,False,,,,False,NONE,False,False,0,,,,NOT CHECKED,NO LIVE SIGNAL,BAR_PROXY,0.0,NO DATA,,,,,,,,-6.0,False
AMKR,48.2,REJECT,REJECT,none,0,6,55,NO TRADE,WEAK,37.0,price<EMA20; EMA20>EMA50; EMA20 falling,-4.2,42.7,0.4,6.9,0,False,5.15,204027537.0,49.51,54.53,54.53,45.26,52.78,42.58,96.11,40.02,96.5,52.98,RESISTANCE_BREAKOUT,BREAKOUT,0.38,,,0,,,0,False,False,49.8,ATR_FALLBACK,49.26,7.03,6.0,45.33,45.3,55.63,57.22,58.28,1.33,96.11,81.41,True,5.0,57.22,8.0,1.33,False,2.5,14.91,0.0,4204223.0,199736418.0,3.92,True,True,"Amkor Technology, Inc. - Common Stock",0,-6.4,UNCLASSIFIED,,0.0,NONE,0.0,0.0,NONE,,True,0,NOT CHECKED,NONE,NEUTRAL,,,,NOT CHECKED,False,NOT CHECKED,NONE,0,,False,-6.4,NO TRADE,NOT CHECKED,,,,,,,,,False,,,False,,,,False,,,,False,NONE,False,False,0,,,,NOT CHECKED,NO LIVE SIGNAL,BAR_PROXY,0.0,NO DATA,,,,,,,,-6.4,False
FLO,6.2,REJECT,REJECT,volume contraction,6,12,55,NO TRADE,WEAK,37.0,price<EMA20; EMA20>EMA50; EMA20 falling,-14.24,29.8,0.31,5.02,0,False,3.64,52428244.0,6.45,6.92,8.32,5.92,7.33,5.98,8.74,6.55,9.27,7.35,RESISTANCE_BREAKOUT,BREAKOUT,0.25,,,0,,,0,False,False,6.9,EMA50,6.92,5.79,6.0,5.92,5.92,7.71,7.93,8.08,1.33,8.74,18.96,True,5.0,7.93,8.0,1.33,False,2.5,18.97,0.0,8058246.0,48948646.0,4.08,True,True,"Flowers Foods, Inc. Common Stock",0,-6.4,UNCLASSIFIED,,0.0,NONE,0.0,0.0,NONE,,True,0,NOT CHECKED,NONE,NEUTRAL,,,,NOT CHECKED,False,NOT CHECKED,NONE,0,,False,-6.4,NO TRADE,NOT CHECKED,,,,,,,,,False,,,False,,,,False,,,,False,NONE,False,False,0,,,,NOT CHECKED,NO LIVE SIGNAL,BAR_PROXY,0.0,NO DATA,,,,,,,,-6.4,False
GFS,46.0,REJECT,REJECT,none,0,6,55,NO TRADE,WEAK,37.0,price<EMA20; EMA20>EMA50; EMA20 falling,-4.39,48.7,1.06,7.09,0,False,4.07,168521463.0,46.09,51.59,53.0,42.15,48.63,42.7,90.65,40.48,92.42,48.78,RESISTANCE_BREAKOUT,BREAKOUT,0.31,,,0,,,0,False,False,45.85,EMA20,46.09,5.52,6.0,42.15,42.15,51.22,52.68,53.66,1.33,90.65,85.83,True,5.0,52.68,8.0,1.33,False,2.5,10.87,0.0,3722537.0,168048914.0,3.46,True,True,GlobalFoundries Inc. - Ordinary Share,0,-6.5,UNCLASSIFIED,,0.0,NONE,0.0,0.0,NONE,,True,0,NOT CHECKED,NONE,NEUTRAL,,,,NOT CHECKED,False,NOT CHECKED,NONE,0,,False,-6.5,NO TRADE,NOT CHECKED,,,,,,,,,False,,,False,,,,False,,,,False,NONE,False,False,0,,,,NOT CHECKED,NO LIVE SIGNAL,BAR_PROXY,0.0,NO DATA,,,,,,,,-6.5,False
MIAX,38.39,REJECT,REJECT,none,0,6,55,NO TRADE,WEAK,37.0,price<EMA20; EMA20>EMA50; EMA20 falling,-4.53,28.7,0.4,5.15,0,False,4.45,54099952.0,41.6,42.44,42.69,37.83,44.76,35.43,47.5,35.43,57.14,44.9,RESISTANCE_BREAKOUT,BREAKOUT,0.3,,,0,,,0,False,False,42.21,EMA50,42.44,5.48,6.0,37.83,37.83,47.15,48.49,49.39,1.33,47.5,5.79,True,5.0,47.5,5.79,0.96,False,2.5,16.61,0.0,1289905.0,53183098.0,3.94,True,True,"Miami International Holdings, Inc. Common Stock",0,-6.6,UNCLASSIFIED,,0.0,NONE,0.0,0.0,NONE,,True,0,NOT CHECKED,NONE,NEUTRAL,,,,NOT CHECKED,False,NOT CHECKED,NONE,0,,False,-6.6,NO TRADE,NOT CHECKED,,,,,,,,,False,,,False,,,,False,,,,False,NONE,False,False,0,,,,NOT CHECKED,NO LIVE SIGNAL,BAR_PROXY,0.0,NO DATA,,,,,,,,-6.6,False
LAZ,36.56,REJECT,REJECT,20d volume expansion,8,14,55,NO TRADE,WEAK,37.0,price<EMA20; EMA20>EMA50; EMA20 falling,-18.22,24.1,1.56,4.48,0,False,5.64,52230738.0,41.37,42.48,45.18,35.73,46.95,38.58,46.95,37.82,50.25,47.12,RESISTANCE_BREAKOUT,BREAKOUT,0.35,,,0,,,0,False,False,44.29,ATR_FALLBACK,44.02,6.57,6.0,35.73,35.73,49.47,50.88,51.83,1.33,50.25,6.64,True,5.0,50.25,6.64,1.11,False,2.5,28.42,0.0,1258388.0,50709925.0,4.42,True,True,"Lazard, Inc. Common Stock",0,-6.7,UNCLASSIFIED,,0.0,NONE,0.0,0.0,NONE,,True,0,NOT CHECKED,NONE,NEUTRAL,,,,NOT CHECKED,False,NOT CHECKED,NONE,0,,False,-6.7,NO TRADE,NOT CHECKED,,,,,,,,,False,,,False,,,,False,,,,False,NONE,False,False,0,,,,NOT CHECKED,NO LIVE SIGNAL,BAR_PROXY,0.0,NO DATA,,,,,,,,-6.7,False
BA,198.4,REJECT,REJECT,none,0,6,40,NO TRADE,WEAK,37.0,price<EMA20; EMA20>EMA50; EMA20 falling,-9.8,34.0,1.14,2.76,0,False,2.62,1153341105.0,210.02,215.14,218.42,197.01,221.11,203.9,241.09,187.72,244.07,221.53,RESISTANCE_BREAKOUT,BREAKOUT,0.19,,,0,,,0,False,False,214.21,EMA50,215.14,2.88,3.3,197.01,197.01,232.6,239.25,243.68,2.42,241.09,8.83,True,5.0,239.25,8.0,2.42,False,2.5,13.0,0.0,5526668.0,999011901.0,2.22,True,True,Boeing Company (The) Common Stock,0,-7.0,UNCLASSIFIED,,0.0,NONE,0.0,0.0,NONE,,True,0,NOT CHECKED,NONE,NEUTRAL,,,,NOT CHECKED,False,NOT CHECKED,NONE,0,,False,-7.0,NO TRADE,NOT CHECKED,,,,,,,,,False,,,False,,,,False,,,,False,NONE,False,False,0,,,,NOT CHECKED,NO LIVE SIGNAL,BAR_PROXY,0.0,NO DATA,,,,,,,,-7.0,False
RMBS,85.12,REJECT,REJECT,none,0,6,55,NO TRADE,WEAK,37.0,price<EMA20; EMA20>EMA50; EMA20 falling,-5.39,40.4,0.4,4.76,0,False,4.34,153335102.0,87.04,95.42,105.58,80.0,93.35,81.48,147.0,77.89,174.1,93.65,RESISTANCE_BREAKOUT,BREAKOUT,0.32,,,0,,,0,False,False,88.03,ATR_FALLBACK,88.1,5.92,6.0,80.0,80.0,98.33,101.14,103.01,1.33,147.0,56.97,True,5.0,101.14,8.0,1.33,False,2.5,13.39,0.0,1784036.0,156599480.0,3.28,True,True,"Rambus, Inc. - Common Stock",0,-7.0,UNCLASSIFIED,,0.0,NONE,0.0,0.0,NONE,,True,0,NOT CHECKED,NONE,NEUTRAL,,,,NOT CHECKED,False,NOT CHECKED,NONE,0,,False,-7.0,NO TRADE,NOT CHECKED,,,,,,,,,False,,,False,,,,False,,,,False,NONE,False,False,0,,,,NOT CHECKED,NO LIVE SIGNAL,BAR_PROXY,0.0,NO DATA,,,,,,,,-7.0,False
CENX,40.88,REJECT,REJECT,none,0,6,55,NO TRADE,WEAK,37.0,price<EMA20; EMA20>EMA50; EMA20 falling,-5.29,32.8,0.47,11.49,1,True,5.48,68250893.0,44.21,46.28,47.03,39.26,49.77,40.4,55.55,40.4,70.43,49.95,RESISTANCE_BREAKOUT,BREAKOUT,0.36,,,0,,,0,False,False,46.95,ATR_FALLBACK,46.59,6.73,6.0,39.26,39.26,52.45,53.95,54.94,1.33,55.55,11.21,True,5.0,53.95,8.0,1.33,False,2.5,21.76,0.0,1534652.0,67014974.0,4.48,True,True,Century Aluminum Company - Common Stock,0,-7.0,UNCLASSIFIED,,0.0,NONE,0.0,0.0,NONE,,True,0,NOT CHECKED,NONE,NEUTRAL,,,,NOT CHECKED,False,NOT CHECKED,NONE,0,,False,-7.0,NO TRADE,NOT CHECKED,,,,,,,,,False,,,False,,,,False,,,,False,NONE,False,False,0,,,,NOT CHECKED,NO LIVE SIGNAL,BAR_PROXY,0.0,NO DATA,,,,,,,,-7.0,True
RKLB,67.45,REJECT,REJECT,none,0,6,40,NO TRADE,WEAK,37.0,price<EMA20; EMA20>EMA50; EMA20 falling,-10.15,49.8,0.85,9.46,0,False,4.49,1081507079.0,66.26,72.71,76.68,60.51,75.37,58.2,107.6,56.13,151.0,75.61,RESISTANCE_BREAKOUT,BREAKOUT,0.32,,,0,,,0,False,False,72.17,EMA50,72.71,3.84,4.56,60.51,60.51,79.39,81.66,83.17,1.76,107.6,42.3,True,5.0,81.66,8.0,1.76,False,2.5,15.05,0.0,16603324.0,997541101.0,4.39,True,True,Rocket Lab Corporation - Common Stock,0,-7.2,UNCLASSIFIED,,0.0,NONE,0.0,0.0,NONE,,True,0,NOT CHECKED,NONE,NEUTRAL,,,,NOT CHECKED,False,NOT CHECKED,NONE,0,,False,-7.2,NO TRADE,NOT CHECKED,,,,,,,,,False,,,False,,,,False,,,,False,NONE,False,False,0,,,,NOT CHECKED,NO LIVE SIGNAL,BAR_PROXY,0.0,NO DATA,,,,,,,,-7.2,False
EQT,50.09,REJECT,REJECT,none,0,6,55,NO TRADE,WEAK,37.0,price<EMA20; EMA20>EMA50; EMA20 falling,-5.7,22.4,0.45,4.62,0,False,2.96,331847234.0,53.46,53.45,54.35,50.0,56.52,47.79,56.52,47.79,67.84,56.64,RESISTANCE_BREAKOUT,BREAKOUT,0.21,,,0,,,0,False,False,53.24,EMA20,53.46,5.61,6.0,50.0,50.0,59.47,61.17,62.3,1.33,67.84,19.77,True,5.0,61.17,8.0,1.33,False,2.5,12.84,0.0,6133456.0,330158903.0,2.76,True,True,EQT Corporation Common Stock,0,-7.2,UNCLASSIFIED,,0.0,NONE,0.0,0.0,NONE,,True,0,NOT CHECKED,NONE,NEUTRAL,,,,NOT CHECKED,False,NOT CHECKED,NONE,0,,False,-7.2,NO TRADE,NOT CHECKED,,,,,,,,,False,,,False,,,,False,,,,False,NONE,False,False,0,,,,NOT CHECKED,NO LIVE SIGNAL,BAR_PROXY,0.0,NO DATA,,,,,,,,-7.2,False
BEPC,29.83,REJECT,REJECT,none,0,6,40,NO TRADE,WEAK,37.0,price<EMA20; EMA20>EMA50; EMA20 falling,-10.43,30.8,0.31,4.73,0,False,2.78,49969954.0,31.3,32.81,35.58,29.02,34.02,30.54,38.41,31.43,43.19,34.09,RESISTANCE_BREAKOUT,BREAKOUT,0.2,,,0,,,0,False,False,32.66,EMA50,32.81,3.75,4.19,29.02,29.02,35.79,36.82,37.5,1.91,38.41,12.67,True,5.0,36.82,8.0,1.91,False,2.5,14.05,0.0,1588742.0,51837178.0,2.45,True,True,Brookfield Renewable Corporation Brookfield Renewable Corporation Class A Subordinate Voting Shares,0,-7.3,UNCLASSIFIED,,0.0,NONE,0.0,0.0,NONE,,True,0,NOT CHECKED,NONE,NEUTRAL,,,,NOT CHECKED,False,NOT CHECKED,NONE,0,,False,-7.3,NO TRADE,NOT CHECKED,,,,,,,,,False,,,False,,,,False,,,,False,NONE,False,False,0,,,,NOT CHECKED,NO LIVE SIGNAL,BAR_PROXY,0.0,NO DATA,,,,,,,,-7.3,False
VRT,242.58,REJECT,REJECT,none,0,6,55,NO TRADE,WEAK,37.0,price<EMA20; EMA20>EMA50; EMA20 falling,-6.12,40.0,0.58,4.73,0,False,6.11,1307198513.0,257.38,271.32,258.83,226.94,295.27,220.87,358.45,220.87,379.76,296.45,RESISTANCE_BREAKOUT,BREAKOUT,0.4,,,0,,,0,False,False,278.67,ATR_FALLBACK,274.22,7.5,6.0,226.94,226.94,311.28,320.17,326.1,1.33,358.45,20.91,True,5.0,320.17,8.0,1.33,False,2.5,21.72,0.0,5105827.0,1117453439.0,4.72,True,True,"Vertiv Holdings, LLC Class A Common Stock",0,-7.4,UNCLASSIFIED,,0.0,NONE,0.0,0.0,NONE,,True,0,NOT CHECKED,NONE,NEUTRAL,,,,NOT CHECKED,False,NOT CHECKED,NONE,0,,False,-7.4,NO TRADE,NOT CHECKED,,,,,,,,,False,,,False,,,,False,,,,False,NONE,False,False,0,,,,NOT CHECKED,NO LIVE SIGNAL,BAR_PROXY,0.0,NO DATA,,,,,,,,-7.4,False
NKE,35.87,REJECT,REJECT,none,0,6,40,NO TRADE,WEAK,37.0,price<EMA20; EMA20>EMA50; EMA20 falling,-10.78,34.1,0.76,3.02,0,False,2.42,1036975745.0,37.86,39.74,48.02,35.76,40.91,36.55,44.57,37.77,60.34,40.98,RESISTANCE_BREAKOUT,BREAKOUT,0.17,,,0,,,0,False,False,39.58,EMA50,39.74,3.02,3.4,35.76,35.76,43.02,44.25,45.07,2.35,44.57,8.77,True,5.0,44.25,8.0,2.35,False,2.5,14.04,0.0,27331106.0,1082256393.0,2.12,True,True,"Nike, Inc. Common Stock",0,-7.5,UNCLASSIFIED,,0.0,NONE,0.0,0.0,NONE,,True,0,NOT CHECKED,NONE,NEUTRAL,,,,NOT CHECKED,False,NOT CHECKED,NONE,0,,False,-7.5,NO TRADE,NOT CHECKED,,,,,,,,,False,,,False,,,,False,,,,False,NONE,False,False,0,,,,NOT CHECKED,NO LIVE SIGNAL,BAR_PROXY,0.0,NO DATA,,,,,,,,-7.5,False
TMUS,168.35,REJECT,REJECT,none,0,6,55,NO TRADE,WEAK,37.0,price<EMA20; EMA20>EMA50; EMA20 falling,-6.24,40.6,0.75,3.75,0,False,3.07,702250440.0,179.37,180.66,192.27,173.17,189.87,164.71,197.72,164.71,219.62,190.28,RESISTANCE_BREAKOUT,BREAKOUT,0.22,,,0,,,0,False,False,179.73,EMA50,180.66,5.06,5.55,173.17,173.17,199.8,205.51,209.31,1.44,197.72,3.91,False,5.0,197.72,3.91,0.7,False,2.5,12.79,0.0,3889043.0,691728551.0,2.46,True,True,"T-Mobile US, Inc. - Common Stock",0,-7.5,UNCLASSIFIED,,0.0,NONE,0.0,0.0,NONE,,True,0,NOT CHECKED,NONE,NEUTRAL,,,,NOT CHECKED,False,NOT CHECKED,NONE,0,,False,-7.5,NO TRADE,NOT CHECKED,,,,,,,,,False,,,False,,,,False,,,,False,NONE,False,False,0,,,,NOT CHECKED,NO LIVE SIGNAL,BAR_PROXY,0.0,NO DATA,,,,,,,,-7.5,False
BROS,40.92,REJECT,REJECT,none,0,6,20,NO TRADE,WEAK,37.0,price<EMA20; EMA20>EMA50; EMA20 falling,-17.67,18.1,0.61,4.17,0,False,4.41,173877589.0,46.53,52.12,56.13,41.17,52.57,43.29,74.02,44.58,74.02,52.71,RESISTANCE_BREAKOUT,BREAKOUT,0.27,,,0,,,0,False,False,51.36,EMA50,52.12,1.13,2.57,41.17,41.17,55.35,56.93,57.99,3.11,74.02,40.42,True,5.0,56.93,8.0,3.11,True,2.5,28.45,0.0,3726142.0,167186329.0,3.62,True,True,Dutch Bros Inc. Class A Common Stock,0,-7.9,UNCLASSIFIED,,0.0,NONE,0.0,0.0,NONE,,True,0,NOT CHECKED,NONE,NEUTRAL,,,,NOT CHECKED,False,NOT CHECKED,NONE,0,,False,-7.9,NO TRADE,NOT CHECKED,,,,,,,,,False,,,False,,,,False,,,,False,NONE,False,False,0,,,,NOT CHECKED,NO LIVE SIGNAL,BAR_PROXY,0.0,NO DATA,,,,,,,,-7.9,False
WDC,423.54,REJECT,REJECT,none,0,6,55,NO TRADE,WEAK,37.0,price<EMA20; EMA20>EMA50; EMA20 falling,-7.4,36.6,0.53,7.31,0,False,5.38,2508327929.0,451.24,476.27,398.8,407.12,495.49,407.35,779.55,237.86,799.61,497.31,RESISTANCE_BREAKOUT,BREAKOUT,0.37,,,0,,,0,False,False,472.17,EMA50,476.27,4.23,5.06,407.12,407.12,522.18,537.1,547.04,1.58,779.55,56.75,True,5.0,537.1,8.0,1.58,False,2.5,18.01,0.0,5590349.0,2454923728.0,4.99,True,True,Western Digital Corporation - Common Stock,0,-8.0,UNCLASSIFIED,,0.0,NONE,0.0,0.0,NONE,,True,0,NOT CHECKED,NONE,NEUTRAL,,,,NOT CHECKED,False,NOT CHECKED,NONE,0,,False,-8.0,NO TRADE,NOT CHECKED,,,,,,,,,False,,,False,,,,False,,,,False,NONE,False,False,0,,,,NOT CHECKED,NO LIVE SIGNAL,BAR_PROXY,0.0,NO DATA,,,,,,,,-8.0,False
FIS,36.86,REJECT,REJECT,none,0,6,55,NO TRADE,WEAK,37.0,price<EMA20; EMA20>EMA50; EMA20 falling,-7.38,32.2,0.32,5.27,0,False,3.44,224496270.0,39.21,40.42,46.55,36.67,42.34,36.99,46.46,36.99,50.89,42.44,RESISTANCE_BREAKOUT,BREAKOUT,0.24,,,0,,,0,False,False,40.2,EMA50,40.42,4.76,5.29,36.67,36.67,44.56,45.84,46.69,1.51,46.46,9.47,True,5.0,45.84,8.0,1.51,False,2.5,14.87,0.0,5664921.0,219605148.0,2.88,True,True,"Fidelity National Information Services, Inc. Common Stock",0,-8.0,UNCLASSIFIED,,0.0,NONE,0.0,0.0,NONE,,True,0,NOT CHECKED,NONE,NEUTRAL,,,,NOT CHECKED,False,NOT CHECKED,NONE,0,,False,-8.0,NO TRADE,NOT CHECKED,,,,,,,,,False,,,False,,,,False,,,,False,NONE,False,False,0,,,,NOT CHECKED,NO LIVE SIGNAL,BAR_PROXY,0.0,NO DATA,,,,,,,,-8.0,False
CMCSA,23.16,REJECT,REJECT,none,0,6,40,NO TRADE,WEAK,37.0,price<EMA20; EMA20>EMA50; EMA20 falling,-12.0,26.0,0.75,2.79,0,False,3.17,585725275.0,25.28,25.21,26.03,23.59,27.35,21.28,27.35,21.28,31.65,27.41,RESISTANCE_BREAKOUT,BREAKOUT,0.21,,,0,,,0,False,False,26.17,ATR_FALLBACK,26.31,4.02,4.5,23.59,23.59,28.78,29.6,30.15,1.78,31.65,15.47,True,5.0,29.6,8.0,1.78,False,2.5,18.12,0.0,22724780.0,551820801.0,2.48,True,True,Comcast Corporation - Class A Common Stock,0,-8.1,UNCLASSIFIED,,0.0,NONE,0.0,0.0,NONE,,True,0,NOT CHECKED,NONE,NEUTRAL,,,,NOT CHECKED,False,NOT CHECKED,NONE,0,,False,-8.1,NO TRADE,NOT CHECKED,,,,,,,,,False,,,False,,,,False,,,,False,NONE,False,False,0,,,,NOT CHECKED,NO LIVE SIGNAL,BAR_PROXY,0.0,NO DATA,,,,,,,,-8.1,False
CC,14.54,REJECT,REJECT,none,0,6,55,NO TRADE,WEAK,37.0,price<EMA20; EMA20>EMA50; EMA20 falling,-7.69,29.7,0.35,4.47,0,False,3.76,25091047.0,15.21,16.35,17.81,14.1,16.22,14.38,21.71,14.38,28.4,16.26,RESISTANCE_BREAKOUT,BREAKOUT,0.27,,,0,,,0,False,False,15.29,EMA20,15.21,6.49,6.0,14.1,14.1,17.08,17.56,17.89,1.33,21.71,33.51,True,5.0,17.56,8.0,1.33,False,2.5,12.14,0.0,1642472.0,25261931.0,3.38,True,True,Chemours Company (The) Common Stock,0,-8.2,UNCLASSIFIED,,0.0,NONE,0.0,0.0,NONE,,True,0,NOT CHECKED,NONE,NEUTRAL,,,,NOT CHECKED,False,NOT CHECKED,NONE,0,,False,-8.2,NO TRADE,NOT CHECKED,,,,,,,,,False,,,False,,,,False,,,,False,NONE,False,False,0,,,,NOT CHECKED,NO LIVE SIGNAL,BAR_PROXY,0.0,NO DATA,,,,,,,,-8.2,False
YOU,40.28,REJECT,REJECT,none,0,6,55,NO TRADE,WEAK,37.0,price<EMA20; EMA20>EMA50; EMA20 falling,-7.83,28.0,0.46,3.26,0,False,3.68,74349788.0,43.48,46.91,46.62,39.37,45.61,42.14,68.83,42.56,68.83,45.73,RESISTANCE_BREAKOUT,BREAKOUT,0.26,,,0,,,0,False,False,43.21,EMA20,43.48,4.93,5.51,39.37,39.37,48.02,49.39,50.3,1.45,68.83,50.52,True,5.0,49.39,8.0,1.45,False,2.5,13.22,0.0,1732798.0,70338387.0,3.47,True,True,"Clear Secure, Inc. Class A Common Stock",0,-8.3,UNCLASSIFIED,,0.0,NONE,0.0,0.0,NONE,,True,0,NOT CHECKED,NONE,NEUTRAL,,,,NOT CHECKED,False,NOT CHECKED,NONE,0,,False,-8.3,NO TRADE,NOT CHECKED,,,,,,,,,False,,,False,,,,False,,,,False,NONE,False,False,0,,,,NOT CHECKED,NO LIVE SIGNAL,BAR_PROXY,0.0,NO DATA,,,,,,,,-8.3,False
FSLR,202.26,REJECT,REJECT,none,0,6,55,NO TRADE,WEAK,37.0,price<EMA20; EMA20>EMA50; EMA20 falling,-8.14,44.8,0.86,5.86,0,False,4.6,393901600.0,207.16,215.81,224.64,189.4,225.0,195.84,269.7,182.99,320.95,225.74,RESISTANCE_BREAKOUT,BREAKOUT,0.33,,,0,,,0,False,False,214.14,EMA50,215.81,4.4,5.14,189.4,189.4,237.03,243.8,248.32,1.56,269.7,19.47,True,5.0,243.8,8.0,1.56,False,2.5,11.24,0.0,1917029.0,336578241.0,4.19,True,True,"First Solar, Inc. - Common Stock",0,-8.4,UNCLASSIFIED,,0.0,NONE,0.0,0.0,NONE,,True,0,NOT CHECKED,NONE,NEUTRAL,,,,NOT CHECKED,False,NOT CHECKED,NONE,0,,False,-8.4,NO TRADE,NOT CHECKED,,,,,,,,,False,,,False,,,,False,,,,False,NONE,False,False,0,,,,NOT CHECKED,NO LIVE SIGNAL,BAR_PROXY,0.0,NO DATA,,,,,,,,-8.4,False
RUN,8.85,REJECT,REJECT,none,0,6,55,NO TRADE,WEAK,37.0,price<EMA20; EMA20>EMA50; EMA20 falling,-8.78,46.9,0.51,8.74,0,False,4.81,59007918.0,8.91,9.91,13.06,8.19,9.78,8.22,16.79,8.49,16.79,9.82,RESISTANCE_BREAKOUT,BREAKOUT,0.35,,,0,,,0,False,False,9.23,ATR_FALLBACK,9.18,6.51,6.0,8.19,8.19,10.31,10.6,10.8,1.33,16.79,70.99,True,5.0,10.6,8.0,1.33,False,2.5,11.41,0.0,6699089.0,56827057.0,4.3,True,True,Sunrun Inc. - Common Stock,0,-8.7,UNCLASSIFIED,,0.0,NONE,0.0,0.0,NONE,,True,0,NOT CHECKED,NONE,NEUTRAL,,,,NOT CHECKED,False,NOT CHECKED,NONE,0,,False,-8.7,NO TRADE,NOT CHECKED,,,,,,,,,False,,,False,,,,False,,,,False,NONE,False,False,0,,,,NOT CHECKED,NO LIVE SIGNAL,BAR_PROXY,0.0,NO DATA,,,,,,,,-8.7,False
CTRI,19.44,REJECT,REJECT,none,0,6,40,NO TRADE,WEAK,37.0,price<EMA20; EMA20>EMA50; EMA20 falling,-13.14,25.1,0.37,6.71,0,False,3.19,27155023.0,20.67,23.11,26.4,19.03,22.63,19.61,32.81,19.9,42.99,22.68,RESISTANCE_BREAKOUT,BREAKOUT,0.22,,,0,,,0,False,False,21.64,ATR_FALLBACK,21.75,4.1,4.59,19.03,19.03,23.81,24.49,24.95,1.74,32.81,44.65,True,5.0,24.49,8.0,1.74,False,2.5,19.86,0.0,1329863.0,26940207.0,3.05,True,True,"Centuri Holdings, Inc. Common Stock",0,-8.7,UNCLASSIFIED,,0.0,NONE,0.0,0.0,NONE,,True,0,NOT CHECKED,NONE,NEUTRAL,,,,NOT CHECKED,False,NOT CHECKED,NONE,0,,False,-8.7,NO TRADE,NOT CHECKED,,,,,,,,,False,,,False,,,,False,,,,False,NONE,False,False,0,,,,NOT CHECKED,NO LIVE SIGNAL,BAR_PROXY,0.0,NO DATA,,,,,,,,-8.7,False
AON,298.32,REJECT,REJECT,none,0,6,40,NO TRADE,WEAK,37.0,price<EMA20; EMA20>EMA50; EMA20 falling,-13.47,25.7,0.8,2.92,0,False,3.59,521536239.0,322.06,334.8,337.6,298.48,361.73,302.44,381.47,305.52,381.47,362.59,RESISTANCE_BREAKOUT,BREAKOUT,0.24,,,0,,,0,False,False,344.6,ATR_FALLBACK,346.53,4.43,4.96,298.48,298.48,380.72,391.59,398.84,1.61,381.47,5.21,True,5.0,381.47,5.21,1.05,False,2.5,21.26,0.0,1634861.0,513594527.0,2.58,True,True,Aon plc Class A Ordinary Shares (Ireland),0,-8.8,UNCLASSIFIED,,0.0,NONE,0.0,0.0,NONE,,True,0,NOT CHECKED,NONE,NEUTRAL,,,,NOT CHECKED,False,NOT CHECKED,NONE,0,,False,-8.8,NO TRADE,NOT CHECKED,,,,,,,,,False,,,False,,,,False,,,,False,NONE,False,False,0,,,,NOT CHECKED,NO LIVE SIGNAL,BAR_PROXY,0.0,NO DATA,,,,,,,,-8.8,False
NXT,83.03,REJECT,REJECT,none,0,6,55,NO TRADE,WEAK,37.0,price<EMA20; EMA20>EMA50; EMA20 falling,-8.95,38.1,0.54,6.41,0,False,4.88,161644270.0,85.12,93.82,102.21,76.71,92.02,78.68,129.99,81.5,163.13,92.34,RESISTANCE_BREAKOUT,BREAKOUT,0.35,,,0,,,0,False,False,86.8,ATR_FALLBACK,86.27,6.58,6.0,76.71,76.71,96.96,99.73,101.58,1.33,129.99,40.77,True,5.0,99.73,8.0,1.33,False,2.5,11.68,0.0,1931466.0,156635587.0,4.48,True,True,Nextpower Inc. - Common Stock,0,-8.8,UNCLASSIFIED,,0.0,NONE,0.0,0.0,NONE,,True,0,NOT CHECKED,NONE,NEUTRAL,,,,NOT CHECKED,False,NOT CHECKED,NONE,0,,False,-8.8,NO TRADE,NOT CHECKED,,,,,,,,,False,,,False,,,,False,,,,False,NONE,False,False,0,,,,NOT CHECKED,NO LIVE SIGNAL,BAR_PROXY,0.0,NO DATA,,,,,,,,-8.8,False
KBH,48.36,REJECT,REJECT,none,0,6,40,NO TRADE,WEAK,37.0,price<EMA20; EMA20>EMA50; EMA20 falling,-13.34,20.4,0.88,4.5,0,False,3.38,55568989.0,51.5,53.45,55.65,47.34,57.18,47.34,63.36,43.84,63.36,57.31,RESISTANCE_BREAKOUT,BREAKOUT,0.23,,,0,,,0,False,False,54.57,ATR_FALLBACK,54.86,4.28,4.79,47.34,47.34,60.18,61.9,63.04,1.67,63.36,10.56,True,5.0,61.9,8.0,1.67,False,2.5,18.67,0.0,1082479.0,43711014.0,2.96,True,True,KB Home Common Stock,0,-8.8,UNCLASSIFIED,,0.0,NONE,0.0,0.0,NONE,,True,0,NOT CHECKED,NONE,NEUTRAL,,,,NOT CHECKED,False,NOT CHECKED,NONE,0,,False,-8.8,NO TRADE,NOT CHECKED,,,,,,,,,False,,,False,,,,False,,,,False,NONE,False,False,0,,,,NOT CHECKED,NO LIVE SIGNAL,BAR_PROXY,0.0,NO DATA,,,,,,,,-8.8,False
GWRE,144.6,REJECT,REJECT,volume contraction,6,12,55,NO TRADE,WEAK,37.0,price<EMA20; EMA20>EMA50; EMA20 falling,-19.27,24.8,0.41,8.57,0,False,7.37,279862666.0,163.14,161.64,164.7,137.44,207.49,102.3,207.49,102.3,207.49,208.34,RESISTANCE_BREAKOUT,BREAKOUT,0.41,,,0,,,0,False,False,195.84,ATR_FALLBACK,192.35,7.68,6.0,137.44,137.44,218.76,225.01,229.18,1.33,,,False,5.0,225.01,8.0,1.33,False,2.5,43.49,0.0,1637417.0,242738624.0,4.26,True,True,"Guidewire Software, Inc. Common Stock",0,-8.9,UNCLASSIFIED,,0.0,NONE,0.0,0.0,NONE,,True,0,NOT CHECKED,NONE,NEUTRAL,,,,NOT CHECKED,False,NOT CHECKED,NONE,0,,False,-8.9,NO TRADE,NOT CHECKED,,,,,,,,,False,,,False,,,,False,,,,False,NONE,False,False,0,,,,NOT CHECKED,NO LIVE SIGNAL,BAR_PROXY,0.0,NO DATA,,,,,,,,-8.9,False
NXE,9.49,REJECT,REJECT,none,0,6,55,NO TRADE,WEAK,37.0,price<EMA20; EMA20>EMA50; EMA20 falling,-9.17,26.9,0.3,6.26,0,False,4.63,41819487.0,10.09,10.17,10.34,9.27,11.45,8.59,11.45,8.59,13.44,11.49,RESISTANCE_BREAKOUT,BREAKOUT,0.31,,,0,,,0,False,False,10.8,ATR_FALLBACK,10.83,5.75,6.0,9.27,9.27,12.06,12.4,12.63,1.33,13.44,17.02,True,5.0,12.4,8.0,1.33,False,2.5,20.59,0.0,4028192.0,41429515.0,3.83,True,True,Nexgen Energy Ltd. Common Shares,0,-8.9,UNCLASSIFIED,,0.0,NONE,0.0,0.0,NONE,,True,0,NOT CHECKED,NONE,NEUTRAL,,,,NOT CHECKED,False,NOT CHECKED,NONE,0,,False,-8.9,NO TRADE,NOT CHECKED,,,,,,,,,False,,,False,,,,False,,,,False,NONE,False,False,0,,,,NOT CHECKED,NO LIVE SIGNAL,BAR_PROXY,0.0,NO DATA,,,,,,,,-8.9,False
AMPX,9.53,REJECT,REJECT,none,0,6,55,NO TRADE,WEAK,37.0,price<EMA20; EMA20>EMA50; EMA20 falling,-9.38,36.7,0.58,5.9,0,False,4.96,41349132.0,9.84,10.93,12.89,8.76,10.72,8.44,16.63,8.44,24.23,10.76,RESISTANCE_BREAKOUT,BREAKOUT,0.35,,,0,,,0,False,False,10.11,ATR_FALLBACK,10.05,6.59,6.0,8.76,8.76,11.3,11.62,11.83,1.33,16.63,54.59,True,5.0,11.62,8.0,1.33,False,2.5,13.53,0.0,4217696.0,38854330.0,4.36,True,True,"Amprius Technologies, Inc. Common Stock",0,-9.0,UNCLASSIFIED,,0.0,NONE,0.0,0.0,NONE,,True,0,NOT CHECKED,NONE,NEUTRAL,,,,NOT CHECKED,False,NOT CHECKED,NONE,0,,False,-9.0,NO TRADE,NOT CHECKED,,,,,,,,,False,,,False,,,,False,,,,False,NONE,False,False,0,,,,NOT CHECKED,NO LIVE SIGNAL,BAR_PROXY,0.0,NO DATA,,,,,,,,-9.0,False
GMED,75.17,REJECT,REJECT,none,0,6,40,NO TRADE,WEAK,37.0,price<EMA20; EMA20>EMA50; EMA20 falling,-13.99,24.6,0.43,4.61,0,False,2.83,95613652.0,78.05,79.97,80.17,72.84,88.4,72.84,88.89,74.39,97.39,88.57,RESISTANCE_BREAKOUT,BREAKOUT,0.19,,,0,,,0,False,False,84.99,ATR_FALLBACK,85.37,3.61,4.04,72.84,72.84,93.0,95.66,97.43,1.98,88.89,0.36,False,5.0,88.89,0.36,0.09,False,2.5,18.25,0.0,1218424.0,87766592.0,2.68,True,True,"Globus Medical, Inc. Class A Common Stock",0,-9.1,UNCLASSIFIED,,0.0,NONE,0.0,0.0,NONE,,True,0,NOT CHECKED,NONE,NEUTRAL,,,,NOT CHECKED,False,NOT CHECKED,NONE,0,,False,-9.1,NO TRADE,NOT CHECKED,,,,,,,,,False,,,False,,,,False,,,,False,NONE,False,False,0,,,,NOT CHECKED,NO LIVE SIGNAL,BAR_PROXY,0.0,NO DATA,,,,,,,,-9.1,False
JEF,47.98,REJECT,REJECT,none,0,6,55,NO TRADE,WEAK,37.0,price<EMA20; EMA20>EMA50; EMA20 falling,-9.49,32.8,0.58,2.57,0,False,3.95,87303943.0,52.01,53.05,53.67,46.63,56.14,46.27,63.0,35.0,63.51,56.29,RESISTANCE_BREAKOUT,BREAKOUT,0.27,,,0,,,0,False,False,52.91,EMA50,53.05,5.77,6.0,46.63,46.63,59.11,60.8,61.92,1.33,63.0,11.93,True,5.0,60.8,8.0,1.33,False,2.5,17.01,0.0,1683260.0,76119509.0,3.33,True,True,Jefferies Financial Group Inc. Common Stock,0,-9.1,UNCLASSIFIED,,0.0,NONE,0.0,0.0,NONE,,True,0,NOT CHECKED,NONE,NEUTRAL,,,,NOT CHECKED,False,NOT CHECKED,NONE,0,,False,-9.1,NO TRADE,NOT CHECKED,,,,,,,,,False,,,False,,,,False,,,,False,NONE,False,False,0,,,,NOT CHECKED,NO LIVE SIGNAL,BAR_PROXY,0.0,NO DATA,,,,,,,,-9.1,False
ON,68.37,REJECT,REJECT,none,0,6,55,NO TRADE,WEAK,37.0,price<EMA20; EMA20>EMA50; EMA20 falling,-9.8,40.0,1.12,8.51,0,False,5.19,632303912.0,73.26,80.07,79.33,65.8,76.69,68.79,132.42,54.99,134.92,76.97,RESISTANCE_BREAKOUT,BREAKOUT,0.37,,,0,,,0,False,False,72.62,EMA20,73.26,4.82,5.65,65.8,65.8,80.82,83.13,84.67,1.42,132.42,72.03,True,5.0,83.13,8.0,1.42,False,2.5,18.58,0.0,8781799.0,555076983.0,3.88,True,True,ON Semiconductor Corporation - Common Stock,0,-9.2,UNCLASSIFIED,,0.0,NONE,0.0,0.0,NONE,,True,0,NOT CHECKED,NONE,NEUTRAL,,,,NOT CHECKED,False,NOT CHECKED,NONE,0,,False,-9.2,NO TRADE,NOT CHECKED,,,,,,,,,False,,,False,,,,False,,,,False,NONE,False,False,0,,,,NOT CHECKED,NO LIVE SIGNAL,BAR_PROXY,0.0,NO DATA,,,,,,,,-9.2,False
SFM,70.76,REJECT,REJECT,none,0,6,55,NO TRADE,WEAK,37.0,price<EMA20; EMA20>EMA50; EMA20 falling,-9.88,28.0,0.43,6.23,0,False,4.74,132113510.0,76.81,79.33,84.04,70.86,87.75,70.0,93.32,69.29,94.89,88.02,RESISTANCE_BREAKOUT,BREAKOUT,0.31,,,0,,,0,False,False,82.74,ATR_FALLBACK,82.99,5.71,6.0,70.86,70.86,92.42,95.06,96.82,1.33,93.32,6.02,True,5.0,93.32,6.02,1.0,False,2.5,24.0,0.0,1694822.0,131396196.0,4.28,True,True,"Sprouts Farmers Market, Inc. - Common Stock",0,-9.3,UNCLASSIFIED,,0.0,NONE,0.0,0.0,NONE,,True,0,NOT CHECKED,NONE,NEUTRAL,,,,NOT CHECKED,False,NOT CHECKED,NONE,0,,False,-9.3,NO TRADE,NOT CHECKED,,,,,,,,,False,,,False,,,,False,,,,False,NONE,False,False,0,,,,NOT CHECKED,NO LIVE SIGNAL,BAR_PROXY,0.0,NO DATA,,,,,,,,-9.3,False
AOS,56.93,REJECT,REJECT,none,0,6,55,NO TRADE,WEAK,37.0,price<EMA20; EMA20>EMA50; EMA20 falling,-9.85,26.2,0.27,4.83,0,False,2.5,75389159.0,58.99,60.03,63.19,56.5,64.09,56.5,64.38,53.83,77.48,64.2,RESISTANCE_BREAKOUT,BREAKOUT,0.18,,,0,,,0,False,False,60.35,EMA50,60.03,6.49,6.0,56.5,56.5,67.41,69.34,70.62,1.33,64.38,0.27,False,5.0,64.38,0.27,0.05,False,2.5,12.58,0.0,1264577.0,75290683.0,2.25,True,True,A.O. Smith Corporation Common Stock,0,-9.3,UNCLASSIFIED,,0.0,NONE,0.0,0.0,NONE,,True,0,NOT CHECKED,NONE,NEUTRAL,,,,NOT CHECKED,False,NOT CHECKED,NONE,0,,False,-9.3,NO TRADE,NOT CHECKED,,,,,,,,,False,,,False,,,,False,,,,False,NONE,False,False,0,,,,NOT CHECKED,NO LIVE SIGNAL,BAR_PROXY,0.0,NO DATA,,,,,,,,-9.3,False
OUST,35.45,REJECT,REJECT,none,0,6,55,NO TRADE,WEAK,37.0,price<EMA20; EMA20>EMA50; EMA20 falling,-10.59,46.4,0.44,7.93,0,False,5.03,68309104.0,36.17,37.97,33.82,32.24,40.7,30.82,63.79,16.4,63.79,40.84,RESISTANCE_BREAKOUT,BREAKOUT,0.35,,,0,,,0,False,False,38.39,ATR_FALLBACK,38.17,6.55,6.0,32.24,32.24,42.88,44.11,44.93,1.33,63.79,56.18,True,5.0,44.11,8.0,1.33,False,2.5,23.04,0.0,1921829.0,67751604.0,4.89,True,True,"Ouster, Inc. - Common Stock",0,-9.6,UNCLASSIFIED,,0.0,NONE,0.0,0.0,NONE,,True,0,NOT CHECKED,NONE,NEUTRAL,,,,NOT CHECKED,False,NOT CHECKED,NONE,0,,False,-9.6,NO TRADE,NOT CHECKED,,,,,,,,,False,,,False,,,,False,,,,False,NONE,False,False,0,,,,NOT CHECKED,NO LIVE SIGNAL,BAR_PROXY,0.0,NO DATA,,,,,,,,-9.6,False
CDNS,278.65,REJECT,REJECT,none,0,6,55,NO TRADE,WEAK,37.0,price<EMA20; EMA20>EMA50; EMA20 falling,-10.62,12.3,0.34,5.06,0,False,3.8,728450747.0,299.92,320.79,332.22,273.07,347.72,281.65,392.0,263.38,416.69,348.57,RESISTANCE_BREAKOUT,BREAKOUT,0.24,,,0,,,0,False,False,330.78,ATR_FALLBACK,332.68,4.56,5.1,273.07,273.07,366.0,376.45,383.42,1.57,392.0,12.46,True,5.0,376.45,8.0,1.57,False,2.5,24.79,0.0,2392323.0,692399372.0,3.38,True,True,"Cadence Design Systems, Inc. - Common Stock",0,-9.7,UNCLASSIFIED,,0.0,NONE,0.0,0.0,NONE,,True,0,NOT CHECKED,NONE,NEUTRAL,,,,NOT CHECKED,False,NOT CHECKED,NONE,0,,False,-9.7,NO TRADE,NOT CHECKED,,,,,,,,,False,,,False,,,,False,,,,False,NONE,False,False,0,,,,NOT CHECKED,NO LIVE SIGNAL,BAR_PROXY,0.0,NO DATA,,,,,,,,-9.7,False
COUR,5.17,REJECT,REJECT,none,0,6,55,NO TRADE,WEAK,37.0,price<EMA20; EMA20>EMA50; EMA20 falling,-10.71,17.6,0.37,5.45,0,False,4.48,25106370.0,5.61,5.7,6.5,5.14,6.64,5.05,6.64,5.0,6.68,6.65,RESISTANCE_BREAKOUT,BREAKOUT,0.28,,,0,,,0,False,False,6.26,ATR_FALLBACK,6.31,5.22,5.85,5.14,5.14,6.99,7.19,7.32,1.37,6.68,0.32,False,5.0,6.68,0.32,0.06,False,2.5,28.34,0.0,4306116.0,25649266.0,3.94,True,True,"Coursera, Inc. Common Stock",0,-9.7,UNCLASSIFIED,,0.0,NONE,0.0,0.0,NONE,,True,0,NOT CHECKED,NONE,NEUTRAL,,,,NOT CHECKED,False,NOT CHECKED,NONE,0,,False,-9.7,NO TRADE,NOT CHECKED,,,,,,,,,False,,,False,,,,False,,,,False,NONE,False,False,0,,,,NOT CHECKED,NO LIVE SIGNAL,BAR_PROXY,0.0,NO DATA,,,,,,,,-9.7,False
PFGC,91.19,REJECT,REJECT,none,0,6,55,NO TRADE,WEAK,37.0,price<EMA20; EMA20>EMA50; EMA20 falling,-10.84,15.1,0.41,2.65,0,False,2.45,136068266.0,97.52,102.03,100.59,88.95,107.55,93.05,117.47,80.82,117.47,107.73,RESISTANCE_BREAKOUT,BREAKOUT,0.17,,,0,,,0,False,False,101.63,EMA50,102.03,5.29,5.66,88.95,88.95,113.12,116.35,118.5,1.41,117.47,9.05,True,5.0,116.35,8.0,1.41,False,2.5,17.94,0.0,1386854.0,137400161.0,2.29,True,True,Performance Food Group Company Common Stock,0,-9.8,UNCLASSIFIED,,0.0,NONE,0.0,0.0,NONE,,True,0,NOT CHECKED,NONE,NEUTRAL,,,,NOT CHECKED,False,NOT CHECKED,NONE,0,,False,-9.8,NO TRADE,NOT CHECKED,,,,,,,,,False,,,False,,,,False,,,,False,NONE,False,False,0,,,,NOT CHECKED,NO LIVE SIGNAL,BAR_PROXY,0.0,NO DATA,,,,,,,,-9.8,False
FERG,213.29,REJECT,REJECT,none,0,6,55,NO TRADE,WEAK,37.0,price<EMA20; EMA20>EMA50; EMA20 falling,-11.05,26.3,0.46,2.76,0,False,2.66,284679557.0,225.08,230.8,234.14,213.14,243.68,215.8,266.84,212.89,266.92,244.13,RESISTANCE_BREAKOUT,BREAKOUT,0.19,,,0,,,0,False,False,229.78,EMA50,230.8,5.46,5.88,213.14,213.14,256.34,263.66,268.55,1.36,266.84,9.3,True,5.0,263.66,8.0,1.36,False,2.5,16.53,0.0,1260724.0,255158083.0,2.43,True,True,Ferguson Enterprises Inc. Common Stock,0,-9.9,UNCLASSIFIED,,0.0,NONE,0.0,0.0,NONE,,True,0,NOT CHECKED,NONE,NEUTRAL,,,,NOT CHECKED,False,NOT CHECKED,NONE,0,,False,-9.9,NO TRADE,NOT CHECKED,,,,,,,,,False,,,False,,,,False,,,,False,NONE,False,False,0,,,,NOT CHECKED,NO LIVE SIGNAL,BAR_PROXY,0.0,NO DATA,,,,,,,,-9.9,False
RRX,149.15,REJECT,REJECT,none,0,6,55,NO TRADE,WEAK,37.0,price<EMA20; EMA20>EMA50; EMA20 falling,-11.08,32.3,0.64,3.69,0,False,4.06,189939364.0,161.12,176.13,182.91,147.35,170.78,154.06,247.8,155.45,247.8,171.26,RESISTANCE_BREAKOUT,BREAKOUT,0.28,,,0,,,0,False,False,160.99,EMA20,161.12,5.92,6.0,147.35,147.35,179.83,184.97,188.39,1.33,247.8,44.69,True,5.0,184.97,8.0,1.33,False,2.5,16.82,0.0,1192796.0,183727711.0,3.34,True,True,Regal Rexnord Corporation Common Stock,0,-9.9,UNCLASSIFIED,,0.0,NONE,0.0,0.0,NONE,,True,0,NOT CHECKED,NONE,NEUTRAL,,,,NOT CHECKED,False,NOT CHECKED,NONE,0,,False,-9.9,NO TRADE,NOT CHECKED,,,,,,,,,False,,,False,,,,False,,,,False,NONE,False,False,0,,,,NOT CHECKED,NO LIVE SIGNAL,BAR_PROXY,0.0,NO DATA,,,,,,,,-9.9,False
HUBG,33.37,REJECT,REJECT,none,0,6,40,NO TRADE,WEAK,37.0,price<EMA20; EMA20>EMA50; EMA20 falling,-15.66,18.6,0.44,5.82,0,False,5.3,45040566.0,36.99,40.23,41.19,31.41,41.24,35.19,51.62,32.81,51.62,41.38,RESISTANCE_BREAKOUT,BREAKOUT,0.34,,,0,,,0,False,False,39.91,EMA50,40.23,2.78,3.55,31.41,31.41,43.45,44.69,45.52,2.25,51.62,24.74,True,5.0,44.69,8.0,2.25,False,2.5,23.58,0.0,1224309.0,40653925.0,4.53,True,True,"Hub Group, Inc. - Class A Common Stock",0,-9.9,UNCLASSIFIED,,0.0,NONE,0.0,0.0,NONE,,True,0,NOT CHECKED,NONE,NEUTRAL,,,,NOT CHECKED,False,NOT CHECKED,NONE,0,,False,-9.9,NO TRADE,NOT CHECKED,,,,,,,,,False,,,False,,,,False,,,,False,NONE,False,False,0,,,,NOT CHECKED,NO LIVE SIGNAL,BAR_PROXY,0.0,NO DATA,,,,,,,,-9.9,False
NCLH,14.44,REJECT,REJECT,none,0,6,40,NO TRADE,WEAK,37.0,price<EMA20; EMA20>EMA50; EMA20 falling,-15.78,18.7,0.52,3.33,0,False,3.57,237296141.0,15.72,17.16,19.49,14.19,17.72,14.45,21.95,14.53,22.88,17.76,RESISTANCE_BREAKOUT,BREAKOUT,0.23,,,0,,,0,False,False,17.07,EMA50,17.16,3.36,3.88,14.19,14.19,18.65,19.18,19.54,2.06,21.95,23.58,True,5.0,19.18,8.0,2.06,False,2.5,23.92,0.0,15144375.0,234575186.0,3.28,True,True,Norwegian Cruise Line Holdings Ltd. Ordinary Shares,0,-10.0,UNCLASSIFIED,,0.0,NONE,0.0,0.0,NONE,,True,0,NOT CHECKED,NONE,NEUTRAL,,,,NOT CHECKED,False,NOT CHECKED,NONE,0,,False,-10.0,NO TRADE,NOT CHECKED,,,,,,,,,False,,,False,,,,False,,,,False,NONE,False,False,0,,,,NOT CHECKED,NO LIVE SIGNAL,BAR_PROXY,0.0,NO DATA,,,,,,,,-10.0,False
GPK,9.86,REJECT,REJECT,none,0,6,55,NO TRADE,WEAK,37.0,price<EMA20; EMA20>EMA50; EMA20 falling,-11.54,29.2,0.54,3.92,0,False,3.9,54642917.0,10.24,10.59,11.87,9.19,11.99,9.19,12.11,8.6,12.11,12.02,RESISTANCE_BREAKOUT,BREAKOUT,0.26,,,0,,,0,False,False,11.37,ATR_FALLBACK,11.44,4.8,5.38,9.19,9.19,12.62,12.98,13.22,1.49,12.11,0.73,False,5.0,12.11,0.73,0.14,False,2.5,21.54,0.0,5318155.0,53388582.0,3.64,True,True,Graphic Packaging Holding Company,0,-10.1,UNCLASSIFIED,,0.0,NONE,0.0,0.0,NONE,,True,0,NOT CHECKED,NONE,NEUTRAL,,,,NOT CHECKED,False,NOT CHECKED,NONE,0,,False,-10.1,NO TRADE,NOT CHECKED,,,,,,,,,False,,,False,,,,False,,,,False,NONE,False,False,0,,,,NOT CHECKED,NO LIVE SIGNAL,BAR_PROXY,0.0,NO DATA,,,,,,,,-10.1,False
QXO,11.69,REJECT,REJECT,none,0,6,40,NO TRADE,WEAK,37.0,price<EMA20; EMA20>EMA50; EMA20 falling,-16.23,24.2,0.72,6.46,0,False,4.42,180405648.0,12.81,13.96,17.35,11.14,14.34,12.17,18.6,13.15,25.44,14.38,RESISTANCE_BREAKOUT,BREAKOUT,0.29,,,0,,,0,False,False,13.87,EMA50,13.96,2.93,3.57,11.14,11.14,15.1,15.53,15.82,2.24,18.6,29.33,True,5.0,15.53,8.0,2.24,False,2.5,22.67,0.0,14092699.0,175425435.0,3.73,True,True,"QXO, Inc. Common Stock",0,-10.2,UNCLASSIFIED,,0.0,NONE,0.0,0.0,NONE,,True,0,NOT CHECKED,NONE,NEUTRAL,,,,NOT CHECKED,False,NOT CHECKED,NONE,0,,False,-10.2,NO TRADE,NOT CHECKED,,,,,,,,,False,,,False,,,,False,,,,False,NONE,False,False,0,,,,NOT CHECKED,NO LIVE SIGNAL,BAR_PROXY,0.0,NO DATA,,,,,,,,-10.2,False
PZZA,20.33,REJECT,REJECT,none,0,6,55,NO TRADE,WEAK,37.0,price<EMA20; EMA20>EMA50; EMA20 falling,-11.72,29.6,0.49,6.13,0,False,4.21,28089309.0,22.47,25.63,32.45,19.99,24.25,20.53,36.95,22.77,39.42,24.32,RESISTANCE_BREAKOUT,BREAKOUT,0.28,,,0,,,0,False,False,22.88,ATR_FALLBACK,23.04,5.28,5.91,19.99,19.99,25.53,26.26,26.75,1.35,36.95,51.94,True,5.0,26.26,8.0,1.35,False,2.5,19.28,0.0,1265146.0,26029197.0,3.44,True,True,"Papa John's International, Inc. - Common Stock",0,-10.2,UNCLASSIFIED,,0.0,NONE,0.0,0.0,NONE,,True,0,NOT CHECKED,NONE,NEUTRAL,,,,NOT CHECKED,False,NOT CHECKED,NONE,0,,False,-10.2,NO TRADE,NOT CHECKED,,,,,,,,,False,,,False,,,,False,,,,False,NONE,False,False,0,,,,NOT CHECKED,NO LIVE SIGNAL,BAR_PROXY,0.0,NO DATA,,,,,,,,-10.2,False
NNE,16.74,REJECT,REJECT,none,0,6,55,NO TRADE,WEAK,37.0,price<EMA20; EMA20>EMA50; EMA20 falling,-11.67,36.3,0.79,9.2,0,False,6.07,28040776.0,17.4,18.51,24.09,15.03,19.87,14.71,27.57,14.71,31.59,19.95,RESISTANCE_BREAKOUT,BREAKOUT,0.41,,,0,,,0,False,False,18.76,ATR_FALLBACK,18.43,7.64,6.0,15.03,15.03,20.95,21.55,21.95,1.33,27.57,38.17,True,5.0,21.55,8.0,1.33,False,2.5,18.71,0.0,1580619.0,27752694.0,5.59,True,True,Nano Nuclear Energy Inc. - common stock,0,-10.2,UNCLASSIFIED,,0.0,NONE,0.0,0.0,NONE,,True,0,NOT CHECKED,NONE,NEUTRAL,,,,NOT CHECKED,False,NOT CHECKED,NONE,0,,False,-10.2,NO TRADE,NOT CHECKED,,,,,,,,,False,,,False,,,,False,,,,False,NONE,False,False,0,,,,NOT CHECKED,NO LIVE SIGNAL,BAR_PROXY,0.0,NO DATA,,,,,,,,-10.2,False
LPX,66.21,REJECT,REJECT,none,0,6,55,NO TRADE,WEAK,37.0,price<EMA20; EMA20>EMA50; EMA20 falling,-11.95,33.2,0.4,6.68,0,False,3.37,70567159.0,68.5,71.04,76.17,64.59,75.2,65.35,83.41,65.85,83.43,75.38,RESISTANCE_BREAKOUT,BREAKOUT,0.24,,,0,,,0,False,False,70.86,EMA50,71.04,5.75,6.0,64.59,64.59,79.15,81.41,82.92,1.33,83.41,10.66,True,5.0,81.41,8.0,1.33,False,2.5,14.86,0.0,1026141.0,66901279.0,3.0,True,True,Louisiana-Pacific Corporation Common Stock,0,-10.3,UNCLASSIFIED,,0.0,NONE,0.0,0.0,NONE,,True,0,NOT CHECKED,NONE,NEUTRAL,,,,NOT CHECKED,False,NOT CHECKED,NONE,0,,False,-10.3,NO TRADE,NOT CHECKED,,,,,,,,,False,,,False,,,,False,,,,False,NONE,False,False,0,,,,NOT CHECKED,NO LIVE SIGNAL,BAR_PROXY,0.0,NO DATA,,,,,,,,-10.3,False
ADSK,218.42,REJECT,REJECT,none,0,6,55,NO TRADE,WEAK,37.0,price<EMA20; EMA20>EMA50; EMA20 falling,-12.16,23.1,0.28,7.78,0,False,4.72,532484850.0,230.2,232.04,246.16,206.33,271.72,185.5,271.72,185.5,271.72,272.54,RESISTANCE_BREAKOUT,BREAKOUT,0.3,,,0,,,0,False,False,256.19,ATR_FALLBACK,257.08,5.67,6.0,206.42,206.33,286.17,294.35,299.8,1.33,,,False,5.0,294.35,8.0,1.33,False,2.5,24.4,0.0,2247227.0,463539375.0,3.59,True,True,"Autodesk, Inc. - Common Stock",0,-10.4,UNCLASSIFIED,,0.0,NONE,0.0,0.0,NONE,,True,0,NOT CHECKED,NONE,NEUTRAL,,,,NOT CHECKED,False,NOT CHECKED,NONE,0,,False,-10.4,NO TRADE,NOT CHECKED,,,,,,,,,False,,,False,,,,False,,,,False,NONE,False,False,0,,,,NOT CHECKED,NO LIVE SIGNAL,BAR_PROXY,0.0,NO DATA,,,,,,,,-10.4,False
CHWY,20.87,REJECT,REJECT,none,0,6,55,NO TRADE,WEAK,37.0,price<EMA20; EMA20>EMA50; EMA20 falling,-12.09,36.8,0.3,4.45,0,False,5.42,198166533.0,22.16,22.31,25.39,19.75,25.38,17.4,25.38,17.4,29.25,25.47,RESISTANCE_BREAKOUT,BREAKOUT,0.36,,,0,,,0,False,False,23.94,ATR_FALLBACK,23.78,6.66,6.0,19.75,19.75,26.74,27.51,28.02,1.33,29.25,14.84,True,5.0,27.51,8.0,1.33,False,2.5,21.61,0.0,8835482.0,183258657.0,4.45,True,True,"Chewy, Inc. Class A Common Stock",0,-10.4,UNCLASSIFIED,,0.0,NONE,0.0,0.0,NONE,,True,0,NOT CHECKED,NONE,NEUTRAL,,,,NOT CHECKED,False,NOT CHECKED,NONE,0,,False,-10.4,NO TRADE,NOT CHECKED,,,,,,,,,False,,,False,,,,False,,,,False,NONE,False,False,0,,,,NOT CHECKED,NO LIVE SIGNAL,BAR_PROXY,0.0,NO DATA,,,,,,,,-10.4,False
BAM,45.38,REJECT,REJECT,none,0,6,55,NO TRADE,WEAK,37.0,price<EMA20; EMA20>EMA50; EMA20 falling,-12.05,14.0,0.48,4.77,0,False,2.91,107819090.0,48.5,48.93,48.99,44.65,52.23,43.19,55.44,41.37,55.44,52.34,RESISTANCE_BREAKOUT,BREAKOUT,0.2,,,0,,,0,False,False,49.2,EMA50,48.93,6.51,6.0,44.65,44.65,54.95,56.52,57.57,1.33,55.44,5.92,True,5.0,55.44,5.92,0.99,False,2.5,16.33,0.0,2203524.0,101991337.0,2.25,True,True,Brookfield Asset Management Inc Class A Limited Voting Shares,0,-10.4,UNCLASSIFIED,,0.0,NONE,0.0,0.0,NONE,,True,0,NOT CHECKED,NONE,NEUTRAL,,,,NOT CHECKED,False,NOT CHECKED,NONE,0,,False,-10.4,NO TRADE,NOT CHECKED,,,,,,,,,False,,,False,,,,False,,,,False,NONE,False,False,0,,,,NOT CHECKED,NO LIVE SIGNAL,BAR_PROXY,0.0,NO DATA,,,,,,,,-10.4,False
GIL,46.68,REJECT,REJECT,none,0,6,40,NO TRADE,WEAK,37.0,price<EMA20; EMA20>EMA50; EMA20 falling,-16.87,28.1,0.34,4.31,0,False,3.5,51101730.0,50.54,52.66,55.93,45.76,57.05,48.05,58.92,46.35,66.84,57.18,RESISTANCE_BREAKOUT,BREAKOUT,0.23,,,0,,,0,False,False,54.43,ATR_FALLBACK,54.73,4.29,4.8,45.76,45.76,60.04,61.76,62.9,1.67,58.92,3.04,False,5.0,58.92,3.04,0.63,False,2.5,22.43,0.0,1001836.0,51520308.0,2.87,True,True,"Gildan Activewear, Inc. Class A Sub. Vot. Common Stock",0,-10.5,UNCLASSIFIED,,0.0,NONE,0.0,0.0,NONE,,True,0,NOT CHECKED,NONE,NEUTRAL,,,,NOT CHECKED,False,NOT CHECKED,NONE,0,,False,-10.5,NO TRADE,NOT CHECKED,,,,,,,,,False,,,False,,,,False,,,,False,NONE,False,False,0,,,,NOT CHECKED,NO LIVE SIGNAL,BAR_PROXY,0.0,NO DATA,,,,,,,,-10.5,False
RKT,12.65,REJECT,REJECT,none,0,6,55,NO TRADE,WEAK,37.0,price<EMA20; EMA20>EMA50; EMA20 falling,-12.58,32.3,0.9,7.05,0,False,4.99,340571081.0,13.51,13.81,15.52,12.7,14.55,12.57,16.39,12.17,17.65,14.6,RESISTANCE_BREAKOUT,BREAKOUT,0.35,,,0,,,0,False,False,13.72,EMA50,13.81,5.36,6.0,12.7,12.7,15.33,15.76,16.06,1.33,16.39,12.26,True,5.0,15.76,8.0,1.33,False,2.5,19.24,0.0,25074093.0,328932024.0,4.06,True,True,"Rocket Companies, Inc. Class A Common Stock",0,-10.6,UNCLASSIFIED,,0.0,NONE,0.0,0.0,NONE,,True,0,NOT CHECKED,NONE,NEUTRAL,,,,NOT CHECKED,False,NOT CHECKED,NONE,0,,False,-10.6,NO TRADE,NOT CHECKED,,,,,,,,,False,,,False,,,,False,,,,False,NONE,False,False,0,,,,NOT CHECKED,NO LIVE SIGNAL,BAR_PROXY,0.0,NO DATA,,,,,,,,-10.6,False
ALB,115.98,REJECT,REJECT,none,0,6,55,NO TRADE,WEAK,37.0,price<EMA20; EMA20>EMA50; EMA20 falling,-12.42,29.7,0.46,6.75,0,False,4.87,293126114.0,124.03,130.24,139.73,107.9,143.58,111.18,159.82,111.18,219.7,144.03,RESISTANCE_BREAKOUT,BREAKOUT,0.31,,,0,,,0,False,False,135.39,ATR_FALLBACK,135.56,5.88,6.0,107.9,107.9,151.23,155.55,158.43,1.33,159.82,10.97,True,5.0,155.55,8.0,1.33,False,2.5,23.79,0.0,2283544.0,273877781.0,3.83,True,True,Albemarle Corporation Common Stock,0,-10.6,UNCLASSIFIED,,0.0,NONE,0.0,0.0,NONE,,True,0,NOT CHECKED,NONE,NEUTRAL,,,,NOT CHECKED,False,NOT CHECKED,NONE,0,,False,-10.6,NO TRADE,NOT CHECKED,,,,,,,,,False,,,False,,,,False,,,,False,NONE,False,False,0,,,,NOT CHECKED,NO LIVE SIGNAL,BAR_PROXY,0.0,NO DATA,,,,,,,,-10.6,False
WING,104.33,REJECT,REJECT,none,0,6,55,NO TRADE,WEAK,37.0,price<EMA20; EMA20>EMA50; EMA20 falling,-12.52,43.5,0.39,11.05,1,True,6.5,129440257.0,111.27,122.4,169.44,100.13,121.33,105.43,179.21,105.43,250.93,121.88,RESISTANCE_BREAKOUT,BREAKOUT,0.45,,,0,,,0,False,False,114.56,ATR_FALLBACK,111.71,8.34,6.0,100.13,100.13,127.97,131.63,134.07,1.33,179.21,47.04,True,5.0,131.63,8.0,1.33,False,2.5,18.56,0.0,1177333.0,113416417.0,5.53,True,True,Wingstop Inc. - Common Stock,0,-10.6,UNCLASSIFIED,,0.0,NONE,0.0,0.0,NONE,,True,0,NOT CHECKED,NONE,NEUTRAL,,,,NOT CHECKED,False,NOT CHECKED,NONE,0,,False,-10.6,NO TRADE,NOT CHECKED,,,,,,,,,False,,,False,,,,False,,,,False,NONE,False,False,0,,,,NOT CHECKED,NO LIVE SIGNAL,BAR_PROXY,0.0,NO DATA,,,,,,,,-10.6,True
BSY,31.12,REJECT,REJECT,none,0,6,55,NO TRADE,WEAK,37.0,price<EMA20; EMA20>EMA50; EMA20 falling,-12.45,15.1,0.21,3.7,0,False,3.73,73470222.0,33.4,33.85,36.38,30.61,38.43,28.08,38.43,28.08,40.21,38.52,RESISTANCE_BREAKOUT,BREAKOUT,0.24,,,0,,,0,False,False,36.57,ATR_FALLBACK,36.78,4.52,5.06,30.61,30.61,40.45,41.6,42.38,1.58,40.21,4.38,False,5.0,40.21,4.38,0.87,False,2.5,23.49,0.0,2141454.0,77364628.0,3.22,True,True,"Bentley Systems, Incorporated - Class B Common Stock",0,-10.6,UNCLASSIFIED,,0.0,NONE,0.0,0.0,NONE,,True,0,NOT CHECKED,NONE,NEUTRAL,,,,NOT CHECKED,False,NOT CHECKED,NONE,0,,False,-10.6,NO TRADE,NOT CHECKED,,,,,,,,,False,,,False,,,,False,,,,False,NONE,False,False,0,,,,NOT CHECKED,NO LIVE SIGNAL,BAR_PROXY,0.0,NO DATA,,,,,,,,-10.6,False
FLY,21.83,REJECT,REJECT,none,0,6,55,NO TRADE,WEAK,37.0,price<EMA20; EMA20>EMA50; EMA20 falling,-12.78,48.2,0.57,11.01,1,True,5.87,50391998.0,21.88,23.75,28.54,19.56,25.36,17.71,31.09,17.71,62.17,25.46,RESISTANCE_BREAKOUT,BREAKOUT,0.4,,,0,,,0,False,False,23.94,ATR_FALLBACK,23.54,7.55,6.0,19.56,19.56,26.74,27.5,28.01,1.33,31.09,22.1,True,5.0,27.5,8.0,1.33,False,2.5,19.51,0.0,2311625.0,45516053.0,5.79,True,True,Firefly Aerospace Inc. - Common Stock,0,-10.7,UNCLASSIFIED,,0.0,NONE,0.0,0.0,NONE,,True,0,NOT CHECKED,NONE,NEUTRAL,,,,NOT CHECKED,False,NOT CHECKED,NONE,0,,False,-10.7,NO TRADE,NOT CHECKED,,,,,,,,,False,,,False,,,,False,,,,False,NONE,False,False,0,,,,NOT CHECKED,NO LIVE SIGNAL,BAR_PROXY,0.0,NO DATA,,,,,,,,-10.7,True
PUMP,10.23,REJECT,REJECT,none,0,6,55,NO TRADE,WEAK,37.0,price<EMA20; EMA20>EMA50; EMA20 falling,-13.08,37.3,0.92,5.74,0,False,5.52,35335828.0,11.12,11.82,11.94,10.01,12.43,10.0,15.1,10.0,18.5,12.48,RESISTANCE_BREAKOUT,BREAKOUT,0.36,,,0,,,0,False,False,11.73,EMA50,11.82,5.29,6.0,10.01,10.01,13.1,13.47,13.72,1.33,15.1,21.04,True,5.0,13.47,8.0,1.33,False,2.5,23.3,0.0,3187998.0,34664331.0,4.84,True,True,ProPetro Holding Corp. Common Stock,0,-10.9,UNCLASSIFIED,,0.0,NONE,0.0,0.0,NONE,,True,0,NOT CHECKED,NONE,NEUTRAL,,,,NOT CHECKED,False,NOT CHECKED,NONE,0,,False,-10.9,NO TRADE,NOT CHECKED,,,,,,,,,False,,,False,,,,False,,,,False,NONE,False,False,0,,,,NOT CHECKED,NO LIVE SIGNAL,BAR_PROXY,0.0,NO DATA,,,,,,,,-10.9,False
IP,35.26,REJECT,REJECT,none,0,6,55,NO TRADE,WEAK,37.0,price<EMA20; EMA20>EMA50; EMA20 falling,-13.22,24.8,1.05,3.51,0,False,3.59,164320955.0,36.59,37.59,38.0,33.48,42.21,33.82,44.32,28.51,44.32,42.31,RESISTANCE_BREAKOUT,BREAKOUT,0.24,,,0,,,0,False,False,40.18,ATR_FALLBACK,40.41,4.49,5.03,33.48,33.48,44.43,45.7,46.54,1.59,44.32,4.74,False,5.0,44.32,4.74,0.94,False,2.5,19.73,0.0,4457562.0,158735534.0,3.31,True,True,International Paper Company Common Stock,0,-11.0,UNCLASSIFIED,,0.0,NONE,0.0,0.0,NONE,,True,0,NOT CHECKED,NONE,NEUTRAL,,,,NOT CHECKED,False,NOT CHECKED,NONE,0,,False,-11.0,NO TRADE,NOT CHECKED,,,,,,,,,False,,,False,,,,False,,,,False,NONE,False,False,0,,,,NOT CHECKED,NO LIVE SIGNAL,BAR_PROXY,0.0,NO DATA,,,,,,,,-11.0,False
FBIN,39.61,REJECT,REJECT,none,0,6,55,NO TRADE,WEAK,37.0,price<EMA20; EMA20>EMA50; EMA20 falling,-13.39,22.2,0.35,4.19,0,False,3.74,88702420.0,42.56,44.63,46.37,38.9,46.74,39.29,54.83,31.92,54.83,46.86,RESISTANCE_BREAKOUT,BREAKOUT,0.25,,,0,,,0,False,False,44.37,EMA50,44.63,4.75,5.32,38.9,38.9,49.2,50.61,51.54,1.5,54.83,17.01,True,5.0,50.61,8.0,1.5,False,2.5,19.4,0.0,2070686.0,84941361.0,3.15,True,True,"Fortune Brands Innovations, Inc. Common Stock",0,-11.0,UNCLASSIFIED,,0.0,NONE,0.0,0.0,NONE,,True,0,NOT CHECKED,NONE,NEUTRAL,,,,NOT CHECKED,False,NOT CHECKED,NONE,0,,False,-11.0,NO TRADE,NOT CHECKED,,,,,,,,,False,,,False,,,,False,,,,False,NONE,False,False,0,,,,NOT CHECKED,NO LIVE SIGNAL,BAR_PROXY,0.0,NO DATA,,,,,,,,-11.0,False
UTI,20.85,REJECT,REJECT,none,0,6,55,NO TRADE,WEAK,37.0,price<EMA20; EMA20>EMA50; EMA20 falling,-13.28,41.6,0.26,3.98,0,False,5.67,36395528.0,22.49,27.87,32.48,19.52,24.35,20.18,51.34,20.74,51.34,24.44,RESISTANCE_BREAKOUT,BREAKOUT,0.39,,,0,,,0,False,False,22.98,ATR_FALLBACK,22.67,7.26,6.0,19.52,19.52,25.67,26.4,26.89,1.33,51.34,110.03,True,5.0,26.4,8.0,1.33,False,2.5,22.16,0.0,1694447.0,36796647.0,5.65,True,True,Universal Technical Institute Inc Common Stock,0,-11.0,UNCLASSIFIED,,0.0,NONE,0.0,0.0,NONE,,True,0,NOT CHECKED,NONE,NEUTRAL,,,,NOT CHECKED,False,NOT CHECKED,NONE,0,,False,-11.0,NO TRADE,NOT CHECKED,,,,,,,,,False,,,False,,,,False,,,,False,NONE,False,False,0,,,,NOT CHECKED,NO LIVE SIGNAL,BAR_PROXY,0.0,NO DATA,,,,,,,,-11.0,False
GT,5.13,REJECT,REJECT,none,0,6,55,NO TRADE,WEAK,37.0,price<EMA20; EMA20>EMA50; EMA20 falling,-13.44,26.2,0.66,3.67,0,False,5.18,47527314.0,5.76,6.14,6.94,5.14,6.58,5.35,7.56,5.43,8.28,6.6,RESISTANCE_BREAKOUT,BREAKOUT,0.32,,,0,,,0,False,False,6.21,ATR_FALLBACK,6.2,6.04,6.0,5.14,5.14,6.93,7.13,7.26,1.33,7.56,14.52,True,5.0,7.13,8.0,1.33,False,2.5,28.27,0.0,8204852.0,42384287.0,4.25,True,True,The Goodyear Tire & Rubber Company - Common Stock,0,-11.1,UNCLASSIFIED,,0.0,NONE,0.0,0.0,NONE,,True,0,NOT CHECKED,NONE,NEUTRAL,,,,NOT CHECKED,False,NOT CHECKED,NONE,0,,False,-11.1,NO TRADE,NOT CHECKED,,,,,,,,,False,,,False,,,,False,,,,False,NONE,False,False,0,,,,NOT CHECKED,NO LIVE SIGNAL,BAR_PROXY,0.0,NO DATA,,,,,,,,-11.1,False
HAYW,12.94,REJECT,REJECT,none,0,6,55,NO TRADE,WEAK,37.0,price<EMA20; EMA20>EMA50; EMA20 falling,-13.42,26.2,0.73,3.35,0,False,2.8,29249707.0,13.63,14.29,14.88,12.63,14.95,12.84,17.42,12.93,17.42,14.98,RESISTANCE_BREAKOUT,BREAKOUT,0.19,,,0,,,0,False,False,14.23,EMA50,14.29,4.6,5.03,12.63,12.63,15.73,16.18,16.48,1.59,17.42,16.26,True,5.0,16.18,8.0,1.59,False,2.5,18.17,0.0,2161051.0,27883292.0,2.35,True,True,"Hayward Holdings, Inc. Common Stock",0,-11.1,UNCLASSIFIED,,0.0,NONE,0.0,0.0,NONE,,True,0,NOT CHECKED,NONE,NEUTRAL,,,,NOT CHECKED,False,NOT CHECKED,NONE,0,,False,-11.1,NO TRADE,NOT CHECKED,,,,,,,,,False,,,False,,,,False,,,,False,NONE,False,False,0,,,,NOT CHECKED,NO LIVE SIGNAL,BAR_PROXY,0.0,NO DATA,,,,,,,,-11.1,False
KVYO,15.55,REJECT,REJECT,none,0,6,55,NO TRADE,WEAK,37.0,price<EMA20; EMA20>EMA50; EMA20 falling,-13.64,28.8,0.55,11.42,2,True,6.55,103977993.0,17.55,17.61,20.09,15.91,20.92,12.53,20.92,12.53,23.52,21.0,RESISTANCE_BREAKOUT,BREAKOUT,0.39,,,0,,,0,False,False,19.74,ATR_FALLBACK,19.47,7.28,6.0,15.91,15.91,22.05,22.68,23.1,1.33,23.52,12.02,True,5.0,22.68,8.0,1.33,False,2.5,34.5,0.0,5700423.0,97523465.0,5.13,True,True,"Klaviyo, Inc. Series A Common Stock",0,-11.2,UNCLASSIFIED,,0.0,NONE,0.0,0.0,NONE,,True,0,NOT CHECKED,NONE,NEUTRAL,,,,NOT CHECKED,False,NOT CHECKED,NONE,0,,False,-11.2,NO TRADE,NOT CHECKED,,,,,,,,,False,,,False,,,,False,,,,False,NONE,False,False,0,,,,NOT CHECKED,NO LIVE SIGNAL,BAR_PROXY,0.0,NO DATA,,,,,,,,-11.2,True
TRIP,8.87,REJECT,REJECT,none,0,6,55,NO TRADE,WEAK,37.0,price<EMA20; EMA20>EMA50; EMA20 falling,-13.8,29.8,0.34,3.45,0,False,4.0,32821651.0,9.58,10.72,12.35,8.41,10.39,8.41,15.15,9.01,15.15,10.42,RESISTANCE_BREAKOUT,BREAKOUT,0.27,,,0,,,0,False,False,9.82,ATR_FALLBACK,9.89,5.1,5.71,8.41,8.41,10.94,11.25,11.46,1.4,15.15,45.42,True,5.0,11.25,8.0,1.4,False,2.5,20.07,0.0,3516489.0,28219446.0,3.51,True,True,"TripAdvisor, Inc. - Common Stock",0,-11.2,UNCLASSIFIED,,0.0,NONE,0.0,0.0,NONE,,True,0,NOT CHECKED,NONE,NEUTRAL,,,,NOT CHECKED,False,NOT CHECKED,NONE,0,,False,-11.2,NO TRADE,NOT CHECKED,,,,,,,,,False,,,False,,,,False,,,,False,NONE,False,False,0,,,,NOT CHECKED,NO LIVE SIGNAL,BAR_PROXY,0.0,NO DATA,,,,,,,,-11.2,False
WYNN,85.2,REJECT,REJECT,none,0,6,55,NO TRADE,WEAK,37.0,price<EMA20; EMA20>EMA50; EMA20 falling,-13.97,25.3,0.39,2.23,0,False,2.72,153536242.0,91.19,95.26,103.89,84.02,101.46,86.96,108.97,90.87,111.4,101.65,RESISTANCE_BREAKOUT,BREAKOUT,0.18,,,0,,,0,False,False,95.55,EMA50,95.26,6.28,6.0,84.02,84.02,106.73,109.78,111.81,1.33,108.97,7.21,True,5.0,108.97,7.21,1.2,False,2.5,19.48,0.0,1673859.0,159082177.0,2.47,True,True,"Wynn Resorts, Limited - Common Stock",0,-11.3,UNCLASSIFIED,,0.0,NONE,0.0,0.0,NONE,,True,0,NOT CHECKED,NONE,NEUTRAL,,,,NOT CHECKED,False,NOT CHECKED,NONE,0,,False,-11.3,NO TRADE,NOT CHECKED,,,,,,,,,False,,,False,,,,False,,,,False,NONE,False,False,0,,,,NOT CHECKED,NO LIVE SIGNAL,BAR_PROXY,0.0,NO DATA,,,,,,,,-11.3,False
EFX,161.82,REJECT,REJECT,none,0,6,55,NO TRADE,WEAK,37.0,price<EMA20; EMA20>EMA50; EMA20 falling,-14.6,22.9,0.34,5.64,0,False,4.36,208609446.0,175.27,176.59,187.83,162.91,197.33,150.32,197.33,150.32,209.22,197.89,RESISTANCE_BREAKOUT,BREAKOUT,0.29,,,0,,,0,False,False,186.03,ATR_FALLBACK,187.3,5.35,5.99,162.91,162.91,207.79,213.73,217.68,1.33,209.22,5.72,True,5.0,209.22,5.72,0.96,False,2.5,21.94,0.0,1163126.0,196563172.0,3.19,True,True,"Equifax, Inc. Common Stock",0,-11.6,UNCLASSIFIED,,0.0,NONE,0.0,0.0,NONE,,True,0,NOT CHECKED,NONE,NEUTRAL,,,,NOT CHECKED,False,NOT CHECKED,NONE,0,,False,-11.6,NO TRADE,NOT CHECKED,,,,,,,,,False,,,False,,,,False,,,,False,NONE,False,False,0,,,,NOT CHECKED,NO LIVE SIGNAL,BAR_PROXY,0.0,NO DATA,,,,,,,,-11.6,False
BEAM,24.61,REJECT,REJECT,none,0,6,55,NO TRADE,WEAK,37.0,price<EMA20; EMA20>EMA50; EMA20 falling,-14.43,22.4,0.79,9.53,0,False,6.5,51323635.0,26.35,27.74,27.93,22.67,31.48,23.95,38.26,21.63,38.26,31.61,RESISTANCE_BREAKOUT,BREAKOUT,0.41,,,0,,,0,False,False,29.71,ATR_FALLBACK,29.21,7.6,6.0,22.67,22.67,33.19,34.14,34.77,1.33,38.26,21.05,True,5.0,34.14,8.0,1.33,False,2.5,27.92,0.0,1886980.0,38835778.0,5.16,True,True,Beam Therapeutics Inc. - Common Stock,0,-11.6,UNCLASSIFIED,,0.0,NONE,0.0,0.0,NONE,,True,0,NOT CHECKED,NONE,NEUTRAL,,,,NOT CHECKED,False,NOT CHECKED,NONE,0,,False,-11.6,NO TRADE,NOT CHECKED,,,,,,,,,False,,,False,,,,False,,,,False,NONE,False,False,0,,,,NOT CHECKED,NO LIVE SIGNAL,BAR_PROXY,0.0,NO DATA,,,,,,,,-11.6,False
RCUS,25.61,REJECT,REJECT,none,0,6,55,NO TRADE,WEAK,37.0,price<EMA20; EMA20>EMA50; EMA20 falling,-14.7,24.8,0.6,4.81,0,False,5.28,39925947.0,27.41,27.9,24.52,23.31,31.58,24.32,31.74,20.0,31.74,31.69,RESISTANCE_BREAKOUT,BREAKOUT,0.34,,,0,,,0,False,False,29.79,ATR_FALLBACK,29.66,6.4,6.0,23.31,23.31,33.27,34.22,34.86,1.33,31.74,0.15,False,5.0,31.74,0.15,0.02,False,2.5,23.31,0.0,1454388.0,37935251.0,4.5,True,True,"Arcus Biosciences, Inc. Common Stock",0,-11.7,UNCLASSIFIED,,0.0,NONE,0.0,0.0,NONE,,True,0,NOT CHECKED,NONE,NEUTRAL,,,,NOT CHECKED,False,NOT CHECKED,NONE,0,,False,-11.7,NO TRADE,NOT CHECKED,,,,,,,,,False,,,False,,,,False,,,,False,NONE,False,False,0,,,,NOT CHECKED,NO LIVE SIGNAL,BAR_PROXY,0.0,NO DATA,,,,,,,,-11.7,False
VVV,27.15,REJECT,REJECT,none,0,6,40,NO TRADE,WEAK,37.0,price<EMA20; EMA20>EMA50; EMA20 falling,-19.47,12.7,0.31,1.41,0,False,3.29,63049194.0,30.96,33.41,35.06,27.08,34.62,29.81,41.08,31.41,41.08,34.69,RESISTANCE_BREAKOUT,BREAKOUT,0.21,,,0,,,0,False,False,33.25,EMA50,33.41,3.7,4.16,27.08,27.08,36.43,37.47,38.16,1.92,41.08,18.42,True,5.0,37.47,8.0,1.92,False,2.5,27.51,0.0,2036998.0,60772613.0,2.88,True,True,Valvoline Inc. Common Stock,0,-11.8,UNCLASSIFIED,,0.0,NONE,0.0,0.0,NONE,,True,0,NOT CHECKED,NONE,NEUTRAL,,,,NOT CHECKED,False,NOT CHECKED,NONE,0,,False,-11.8,NO TRADE,NOT CHECKED,,,,,,,,,False,,,False,,,,False,,,,False,NONE,False,False,0,,,,NOT CHECKED,NO LIVE SIGNAL,BAR_PROXY,0.0,NO DATA,,,,,,,,-11.8,False
RCL,252.15,REJECT,REJECT,none,0,6,55,NO TRADE,WEAK,37.0,price<EMA20; EMA20>EMA50; EMA20 falling,-15.19,13.0,0.41,1.85,0,False,2.75,487059920.0,268.94,282.29,288.84,248.64,298.86,256.71,334.0,230.9,334.0,299.41,RESISTANCE_BREAKOUT,BREAKOUT,0.19,,,0,,,0,False,False,281.45,EMA50,282.29,5.72,6.0,248.64,248.64,314.38,323.37,329.36,1.33,334.0,11.55,True,5.0,323.37,8.0,1.33,False,2.5,20.65,0.0,1813737.0,470326243.0,2.56,True,True,Royal Caribbean Cruises Ltd. Common Stock,0,-11.9,UNCLASSIFIED,,0.0,NONE,0.0,0.0,NONE,,True,0,NOT CHECKED,NONE,NEUTRAL,,,,NOT CHECKED,False,NOT CHECKED,NONE,0,,False,-11.9,NO TRADE,NOT CHECKED,,,,,,,,,False,,,False,,,,False,,,,False,NONE,False,False,0,,,,NOT CHECKED,NO LIVE SIGNAL,BAR_PROXY,0.0,NO DATA,,,,,,,,-11.9,False
GENI,6.51,REJECT,REJECT,none,0,6,55,NO TRADE,WEAK,37.0,price<EMA20; EMA20>EMA50; EMA20 falling,-15.36,24.0,0.72,5.94,0,False,5.86,34517097.0,7.13,7.08,7.38,6.41,8.41,5.42,8.59,3.83,8.59,8.44,RESISTANCE_BREAKOUT,BREAKOUT,0.36,,,0,,,0,False,False,7.93,ATR_FALLBACK,7.87,6.78,6.0,6.41,6.41,8.86,9.12,9.28,1.33,8.59,1.77,False,5.0,8.59,1.77,0.3,False,2.5,29.29,0.0,4691160.0,31322373.0,5.17,True,True,Genius Sports Limited Ordinary Shares,0,-12.0,UNCLASSIFIED,,0.0,NONE,0.0,0.0,NONE,,True,0,NOT CHECKED,NONE,NEUTRAL,,,,NOT CHECKED,False,NOT CHECKED,NONE,0,,False,-12.0,NO TRADE,NOT CHECKED,,,,,,,,,False,,,False,,,,False,,,,False,NONE,False,False,0,,,,NOT CHECKED,NO LIVE SIGNAL,BAR_PROXY,0.0,NO DATA,,,,,,,,-12.0,False
BSX,43.52,REJECT,REJECT,none,0,6,55,NO TRADE,WEAK,37.0,price<EMA20; EMA20>EMA50; EMA20 falling,-15.41,37.8,0.59,4.82,0,False,3.89,987308518.0,45.97,47.37,61.59,42.78,51.8,42.2,52.99,42.2,76.68,51.94,RESISTANCE_BREAKOUT,BREAKOUT,0.26,,,0,,,0,False,False,49.09,ATR_FALLBACK,49.4,4.89,5.47,42.78,42.78,54.53,56.09,57.13,1.46,52.99,2.03,False,5.0,52.99,2.03,0.37,False,2.5,20.77,0.0,21154550.0,918703182.0,3.43,True,True,Boston Scientific Corporation Common Stock,0,-12.1,UNCLASSIFIED,,0.0,NONE,0.0,0.0,NONE,,True,0,NOT CHECKED,NONE,NEUTRAL,,,,NOT CHECKED,False,NOT CHECKED,NONE,0,,False,-12.1,NO TRADE,NOT CHECKED,,,,,,,,,False,,,False,,,,False,,,,False,NONE,False,False,0,,,,NOT CHECKED,NO LIVE SIGNAL,BAR_PROXY,0.0,NO DATA,,,,,,,,-12.1,False
CLX,84.46,REJECT,REJECT,none,0,6,40,NO TRADE,WEAK,37.0,price<EMA20; EMA20>EMA50; EMA20 falling,-20.81,7.0,0.64,2.43,0,False,3.19,289369225.0,93.17,96.35,100.91,84.79,109.42,85.72,109.42,83.72,124.42,109.64,RESISTANCE_BREAKOUT,BREAKOUT,0.2,,,0,,,0,False,False,105.11,ATR_FALLBACK,105.59,3.69,4.13,84.79,84.79,115.12,118.41,120.6,1.94,124.42,13.48,True,5.0,118.41,8.0,1.94,False,2.5,29.56,0.0,3053887.0,219540418.0,2.65,True,True,Clorox Company (The) Common Stock,0,-12.1,UNCLASSIFIED,,0.0,NONE,0.0,0.0,NONE,,True,0,NOT CHECKED,NONE,NEUTRAL,,,,NOT CHECKED,False,NOT CHECKED,NONE,0,,False,-12.1,NO TRADE,NOT CHECKED,,,,,,,,,False,,,False,,,,False,,,,False,NONE,False,False,0,,,,NOT CHECKED,NO LIVE SIGNAL,BAR_PROXY,0.0,NO DATA,,,,,,,,-12.1,False
SYK,282.17,REJECT,REJECT,none,0,6,55,NO TRADE,WEAK,37.0,price<EMA20; EMA20>EMA50; EMA20 falling,-16.09,27.1,0.27,2.66,0,False,3.8,842152837.0,299.44,313.1,331.06,267.0,342.35,267.0,352.49,280.25,387.25,343.21,RESISTANCE_BREAKOUT,BREAKOUT,0.25,,,0,,,0,False,False,325.17,ATR_FALLBACK,327.1,4.69,5.26,267.0,267.0,360.37,370.67,377.53,1.52,352.49,2.7,False,5.0,352.49,2.7,0.51,False,2.5,21.87,0.0,2820971.0,734068658.0,3.23,True,True,Stryker Corporation Common Stock,0,-12.4,UNCLASSIFIED,,0.0,NONE,0.0,0.0,NONE,,True,0,NOT CHECKED,NONE,NEUTRAL,,,,NOT CHECKED,False,NOT CHECKED,NONE,0,,False,-12.4,NO TRADE,NOT CHECKED,,,,,,,,,False,,,False,,,,False,,,,False,NONE,False,False,0,,,,NOT CHECKED,NO LIVE SIGNAL,BAR_PROXY,0.0,NO DATA,,,,,,,,-12.4,False
ACHR,5.34,REJECT,REJECT,none,0,6,55,NO TRADE,WEAK,37.0,price<EMA20; EMA20>EMA50; EMA20 falling,-16.29,33.5,0.62,11.99,2,True,4.83,136393831.0,5.62,5.62,6.39,5.12,6.53,4.3,7.29,4.3,7.55,6.55,RESISTANCE_BREAKOUT,BREAKOUT,0.32,,,0,,,0,False,False,6.15,ATR_FALLBACK,6.16,5.92,6.0,5.12,5.12,6.87,7.07,7.2,1.33,7.29,11.37,True,5.0,7.07,8.0,1.33,False,2.5,22.19,0.0,23724939.0,132784649.0,4.47,True,True,Archer Aviation Inc. Class A Common Stock,0,-12.5,UNCLASSIFIED,,0.0,NONE,0.0,0.0,NONE,,True,0,NOT CHECKED,NONE,NEUTRAL,,,,NOT CHECKED,False,NOT CHECKED,NONE,0,,False,-12.5,NO TRADE,NOT CHECKED,,,,,,,,,False,,,False,,,,False,,,,False,NONE,False,False,0,,,,NOT CHECKED,NO LIVE SIGNAL,BAR_PROXY,0.0,NO DATA,,,,,,,,-12.5,True
COMP,10.52,REJECT,REJECT,none,0,6,55,NO TRADE,WEAK,37.0,price<EMA20; EMA20>EMA50; EMA20 falling,-16.86,42.0,0.83,4.87,0,False,4.65,123441204.0,10.91,11.08,10.19,9.93,12.56,9.57,13.6,6.37,13.6,12.6,RESISTANCE_BREAKOUT,BREAKOUT,0.31,,,0,,,0,False,False,11.85,ATR_FALLBACK,11.87,5.82,6.0,9.93,9.93,13.23,13.61,13.86,1.33,13.6,7.9,True,5.0,13.6,7.9,1.32,False,2.5,23.18,0.0,11400949.0,124621179.0,4.17,True,True,"Compass, Inc. Class A Common Stock",0,-12.8,UNCLASSIFIED,,0.0,NONE,0.0,0.0,NONE,,True,0,NOT CHECKED,NONE,NEUTRAL,,,,NOT CHECKED,False,NOT CHECKED,NONE,0,,False,-12.8,NO TRADE,NOT CHECKED,,,,,,,,,False,,,False,,,,False,,,,False,NONE,False,False,0,,,,NOT CHECKED,NO LIVE SIGNAL,BAR_PROXY,0.0,NO DATA,,,,,,,,-12.8,False
WHR,32.8,REJECT,REJECT,none,0,6,55,NO TRADE,WEAK,37.0,price<EMA20; EMA20>EMA50; EMA20 falling,-17.27,25.3,0.59,3.52,0,False,5.23,93695001.0,36.85,38.99,51.84,32.26,41.97,35.07,47.1,35.45,67.7,42.11,RESISTANCE_BREAKOUT,BREAKOUT,0.33,,,0,,,0,False,False,39.58,ATR_FALLBACK,39.53,6.12,6.0,32.26,32.26,44.21,45.48,46.32,1.33,47.1,11.86,True,5.0,45.48,8.0,1.33,False,2.5,27.96,0.0,2516143.0,82262172.0,4.17,True,True,Whirlpool Corporation Common Stock,0,-13.0,UNCLASSIFIED,,0.0,NONE,0.0,0.0,NONE,,True,0,NOT CHECKED,NONE,NEUTRAL,,,,NOT CHECKED,False,NOT CHECKED,NONE,0,,False,-13.0,NO TRADE,NOT CHECKED,,,,,,,,,False,,,False,,,,False,,,,False,NONE,False,False,0,,,,NOT CHECKED,NO LIVE SIGNAL,BAR_PROXY,0.0,NO DATA,,,,,,,,-13.0,False
UUUU,12.16,REJECT,REJECT,none,0,6,55,NO TRADE,WEAK,37.0,price<EMA20; EMA20>EMA50; EMA20 falling,-17.2,16.9,0.68,9.61,0,False,6.15,91522122.0,13.51,14.01,16.01,11.48,16.5,10.69,16.93,10.69,25.79,16.56,RESISTANCE_BREAKOUT,BREAKOUT,0.36,,,0,,,0,False,False,15.57,ATR_FALLBACK,15.44,6.77,6.0,11.48,11.48,17.39,17.88,18.22,1.33,16.93,2.24,False,5.0,16.93,2.24,0.37,False,2.5,35.69,0.0,6508383.0,87489016.0,5.31,True,True,Energy Fuels Inc Ordinary Shares (Canada),0,-13.0,UNCLASSIFIED,,0.0,NONE,0.0,0.0,NONE,,True,0,NOT CHECKED,NONE,NEUTRAL,,,,NOT CHECKED,False,NOT CHECKED,NONE,0,,False,-13.0,NO TRADE,NOT CHECKED,,,,,,,,,False,,,False,,,,False,,,,False,NONE,False,False,0,,,,NOT CHECKED,NO LIVE SIGNAL,BAR_PROXY,0.0,NO DATA,,,,,,,,-13.0,False
VKTX,29.39,REJECT,REJECT,none,0,6,55,NO TRADE,WEAK,37.0,price<EMA20; EMA20>EMA50; EMA20 falling,-17.4,28.2,0.56,7.82,0,False,4.94,60393080.0,32.32,33.32,32.6,28.8,35.79,30.52,42.79,27.16,42.79,35.91,RESISTANCE_BREAKOUT,BREAKOUT,0.32,,,0,,,0,False,False,33.75,ATR_FALLBACK,33.73,6.07,6.0,28.8,28.8,37.7,38.78,39.5,1.33,42.79,19.17,True,5.0,38.78,8.0,1.33,False,2.5,23.38,0.0,1852660.0,58059786.0,4.28,True,True,"Viking Therapeutics, Inc. - Common Stock",0,-13.0,UNCLASSIFIED,,0.0,NONE,0.0,0.0,NONE,,True,0,NOT CHECKED,NONE,NEUTRAL,,,,NOT CHECKED,False,NOT CHECKED,NONE,0,,False,-13.0,NO TRADE,NOT CHECKED,,,,,,,,,False,,,False,,,,False,,,,False,NONE,False,False,0,,,,NOT CHECKED,NO LIVE SIGNAL,BAR_PROXY,0.0,NO DATA,,,,,,,,-13.0,False
IMVT,36.74,REJECT,REJECT,none,0,6,55,NO TRADE,WEAK,37.0,price<EMA20; EMA20>EMA50; EMA20 falling,-17.36,12.0,0.38,4.52,0,False,4.19,44905936.0,39.14,39.13,32.1,36.11,45.12,35.94,45.42,22.79,45.42,45.24,RESISTANCE_BREAKOUT,BREAKOUT,0.27,,,0,,,0,False,False,42.66,ATR_FALLBACK,42.94,5.1,5.71,36.11,36.11,47.51,48.86,49.77,1.4,45.42,0.39,False,5.0,45.42,0.39,0.07,False,2.5,23.61,0.0,1118548.0,42431568.0,3.36,True,True,"Immunovant, Inc.  - Common Stock",0,-13.0,UNCLASSIFIED,,0.0,NONE,0.0,0.0,NONE,,True,0,NOT CHECKED,NONE,NEUTRAL,,,,NOT CHECKED,False,NOT CHECKED,NONE,0,,False,-13.0,NO TRADE,NOT CHECKED,,,,,,,,,False,,,False,,,,False,,,,False,NONE,False,False,0,,,,NOT CHECKED,NO LIVE SIGNAL,BAR_PROXY,0.0,NO DATA,,,,,,,,-13.0,False
CG,40.3,REJECT,REJECT,none,0,6,55,NO TRADE,WEAK,37.0,price<EMA20; EMA20>EMA50; EMA20 falling,-17.51,12.6,0.72,6.51,0,False,3.77,149425782.0,44.66,45.8,49.54,39.16,50.32,39.32,51.79,39.32,53.08,50.44,RESISTANCE_BREAKOUT,BREAKOUT,0.24,,,0,,,0,False,False,47.89,ATR_FALLBACK,48.16,4.52,5.06,39.16,39.16,52.96,54.48,55.49,1.58,51.79,2.67,False,5.0,51.79,2.67,0.53,False,2.5,25.53,0.0,3248490.0,143103957.0,3.0,True,True,The Carlyle Group Inc. - Common Stock,0,-13.1,UNCLASSIFIED,,0.0,NONE,0.0,0.0,NONE,,True,0,NOT CHECKED,NONE,NEUTRAL,,,,NOT CHECKED,False,NOT CHECKED,NONE,0,,False,-13.1,NO TRADE,NOT CHECKED,,,,,,,,,False,,,False,,,,False,,,,False,NONE,False,False,0,,,,NOT CHECKED,NO LIVE SIGNAL,BAR_PROXY,0.0,NO DATA,,,,,,,,-13.1,False
CRI,29.84,REJECT,REJECT,none,0,6,55,NO TRADE,WEAK,37.0,price<EMA20; EMA20>EMA50; EMA20 falling,-18.27,32.0,0.21,2.79,0,False,4.44,48441843.0,32.32,34.93,35.44,28.86,36.64,30.02,43.94,31.01,43.94,36.74,RESISTANCE_BREAKOUT,BREAKOUT,0.29,,,0,,,0,False,False,34.69,EMA50,34.93,4.93,5.58,28.86,28.86,38.58,39.68,40.42,1.43,43.94,19.59,True,5.0,39.68,8.0,1.43,False,2.5,26.46,0.0,1504486.0,48066712.0,3.97,True,True,"Carter's, Inc. Common Stock",0,-13.5,UNCLASSIFIED,,0.0,NONE,0.0,0.0,NONE,,True,0,NOT CHECKED,NONE,NEUTRAL,,,,NOT CHECKED,False,NOT CHECKED,NONE,0,,False,-13.5,NO TRADE,NOT CHECKED,,,,,,,,,False,,,False,,,,False,,,,False,NONE,False,False,0,,,,NOT CHECKED,NO LIVE SIGNAL,BAR_PROXY,0.0,NO DATA,,,,,,,,-13.5,False
BKNG,170.88,REJECT,REJECT,none,0,6,55,NO TRADE,WEAK,37.0,price<EMA20; EMA20>EMA50; EMA20 falling,-18.66,18.8,0.44,3.39,0,False,3.84,1147870286.0,185.9,189.02,187.79,169.71,216.8,163.73,216.8,149.4,216.8,217.32,RESISTANCE_BREAKOUT,BREAKOUT,0.24,,,0,,,0,False,False,206.3,ATR_FALLBACK,207.48,4.53,5.07,169.9,169.71,228.19,234.71,239.05,1.58,,,False,5.0,234.71,8.0,1.58,False,2.5,26.87,0.0,6092638.0,1040121440.0,3.08,True,True,Booking Holdings Inc. - Common Stock,0,-13.7,UNCLASSIFIED,,0.0,NONE,0.0,0.0,NONE,,True,0,NOT CHECKED,NONE,NEUTRAL,,,,NOT CHECKED,False,NOT CHECKED,NONE,0,,False,-13.7,NO TRADE,NOT CHECKED,,,,,,,,,False,,,False,,,,False,,,,False,NONE,False,False,0,,,,NOT CHECKED,NO LIVE SIGNAL,BAR_PROXY,0.0,NO DATA,,,,,,,,-13.7,False
BBIO,67.46,REJECT,REJECT,none,0,6,55,NO TRADE,WEAK,37.0,price<EMA20; EMA20>EMA50; EMA20 falling,-18.72,9.5,0.45,3.87,0,False,3.93,147518419.0,74.49,76.64,72.2,66.96,84.36,66.3,93.42,62.5,93.42,84.58,RESISTANCE_BREAKOUT,BREAKOUT,0.25,,,0,,,0,False,False,80.13,ATR_FALLBACK,80.6,4.7,5.26,66.96,66.96,88.81,91.34,93.03,1.52,93.42,10.45,True,5.0,91.34,8.0,1.52,False,2.5,26.95,0.0,1976978.0,134661472.0,3.14,True,True,"BridgeBio Pharma, Inc. - Common Stock",0,-13.7,UNCLASSIFIED,,0.0,NONE,0.0,0.0,NONE,,True,0,NOT CHECKED,NONE,NEUTRAL,,,,NOT CHECKED,False,NOT CHECKED,NONE,0,,False,-13.7,NO TRADE,NOT CHECKED,,,,,,,,,False,,,False,,,,False,,,,False,NONE,False,False,0,,,,NOT CHECKED,NO LIVE SIGNAL,BAR_PROXY,0.0,NO DATA,,,,,,,,-13.7,False
JOBY,6.2,REJECT,REJECT,none,0,6,55,NO TRADE,WEAK,37.0,price<EMA20; EMA20>EMA50; EMA20 falling,-18.84,24.9,0.55,5.51,0,False,4.34,170038744.0,6.73,7.41,9.73,5.93,7.78,6.24,10.3,6.63,12.48,7.8,RESISTANCE_BREAKOUT,BREAKOUT,0.28,,,0,,,0,False,False,7.36,EMA50,7.41,4.96,5.58,5.93,5.93,8.19,8.42,8.58,1.43,10.3,32.05,True,5.0,8.42,8.0,1.43,False,2.5,25.5,0.0,25190794.0,167174404.0,3.8,True,True,"Joby Aviation, Inc. Common Stock",0,-13.8,UNCLASSIFIED,,0.0,NONE,0.0,0.0,NONE,,True,0,NOT CHECKED,NONE,NEUTRAL,,,,NOT CHECKED,False,NOT CHECKED,NONE,0,,False,-13.8,NO TRADE,NOT CHECKED,,,,,,,,,False,,,False,,,,False,,,,False,NONE,False,False,0,,,,NOT CHECKED,NO LIVE SIGNAL,BAR_PROXY,0.0,NO DATA,,,,,,,,-13.8,False
LUNR,14.82,REJECT,REJECT,none,0,6,55,NO TRADE,WEAK,37.0,price<EMA20; EMA20>EMA50; EMA20 falling,-19.06,37.6,0.81,9.85,0,False,5.39,93044149.0,15.11,16.64,18.41,13.48,18.98,11.29,22.56,11.29,46.75,19.04,RESISTANCE_BREAKOUT,BREAKOUT,0.34,,,0,,,0,False,False,17.9,ATR_FALLBACK,17.85,6.3,6.0,13.48,13.48,20.0,20.57,20.95,1.33,22.56,18.46,True,5.0,20.57,8.0,1.33,False,2.5,28.74,0.0,5999594.0,87234207.0,5.12,True,True,"Intuitive Machines, Inc. - Class A Common Stock",0,-13.9,UNCLASSIFIED,,0.0,NONE,0.0,0.0,NONE,,True,0,NOT CHECKED,NONE,NEUTRAL,,,,NOT CHECKED,False,NOT CHECKED,NONE,0,,False,-13.9,NO TRADE,NOT CHECKED,,,,,,,,,False,,,False,,,,False,,,,False,NONE,False,False,0,,,,NOT CHECKED,NO LIVE SIGNAL,BAR_PROXY,0.0,NO DATA,,,,,,,,-13.9,False
BLDR,57.69,REJECT,REJECT,none,0,6,55,NO TRADE,WEAK,37.0,price<EMA20; EMA20>EMA50; EMA20 falling,-19.57,25.4,0.72,7.29,0,False,4.79,144940602.0,63.64,68.62,85.7,58.13,72.72,58.13,90.96,65.1,102.43,72.94,RESISTANCE_BREAKOUT,BREAKOUT,0.3,,,0,,,0,False,False,68.56,EMA50,68.62,5.92,6.0,58.13,58.13,76.59,78.78,80.24,1.33,90.96,24.7,True,5.0,78.78,8.0,1.33,False,2.5,26.61,0.0,2273220.0,144056982.0,3.99,True,True,"Builders FirstSource, Inc. Common Stock",0,-14.1,UNCLASSIFIED,,0.0,NONE,0.0,0.0,NONE,,True,0,NOT CHECKED,NONE,NEUTRAL,,,,NOT CHECKED,False,NOT CHECKED,NONE,0,,False,-14.1,NO TRADE,NOT CHECKED,,,,,,,,,False,,,False,,,,False,,,,False,NONE,False,False,0,,,,NOT CHECKED,NO LIVE SIGNAL,BAR_PROXY,0.0,NO DATA,,,,,,,,-14.1,False
PINS,18.38,REJECT,REJECT,none,0,6,55,NO TRADE,WEAK,37.0,price<EMA20; EMA20>EMA50; EMA20 falling,-20.52,21.6,0.58,3.36,0,False,4.73,246074240.0,20.49,21.52,23.17,18.05,23.79,18.05,25.73,16.6,25.73,23.86,RESISTANCE_BREAKOUT,BREAKOUT,0.29,,,0,,,0,False,False,22.43,ATR_FALLBACK,22.56,5.46,6.0,18.05,18.05,25.05,25.77,26.25,1.33,25.73,7.82,True,5.0,25.73,7.82,1.3,False,2.5,29.47,0.0,11916964.0,234560559.0,3.6,True,True,"Pinterest, Inc. Class A Common Stock",0,-14.4,UNCLASSIFIED,,0.0,NONE,0.0,0.0,NONE,,True,0,NOT CHECKED,NONE,NEUTRAL,,,,NOT CHECKED,False,NOT CHECKED,NONE,0,,False,-14.4,NO TRADE,NOT CHECKED,,,,,,,,,False,,,False,,,,False,,,,False,NONE,False,False,0,,,,NOT CHECKED,NO LIVE SIGNAL,BAR_PROXY,0.0,NO DATA,,,,,,,,-14.4,False
COO,53.66,REJECT,REJECT,none,0,6,55,NO TRADE,WEAK,37.0,price<EMA20; EMA20>EMA50; EMA20 falling,-29.15,13.6,0.68,2.82,0,False,5.09,222096792.0,63.35,67.68,69.87,51.01,77.09,51.01,78.11,58.89,84.09,77.31,RESISTANCE_BREAKOUT,BREAKOUT,0.28,,,0,,,0,False,False,72.72,ATR_FALLBACK,73.21,5.3,5.94,51.01,51.01,81.17,83.49,85.04,1.35,78.11,1.04,False,5.0,78.11,1.04,0.17,False,2.5,45.56,0.0,3683675.0,135030155.0,2.88,True,True,"The Cooper Companies, Inc.  - Common Stock",0,-14.4,UNCLASSIFIED,,0.0,NONE,0.0,0.0,NONE,,True,0,NOT CHECKED,NONE,NEUTRAL,,,,NOT CHECKED,False,NOT CHECKED,NONE,0,,False,-14.4,NO TRADE,NOT CHECKED,,,,,,,,,False,,,False,,,,False,,,,False,NONE,False,False,0,,,,NOT CHECKED,NO LIVE SIGNAL,BAR_PROXY,0.0,NO DATA,,,,,,,,-14.4,False
IONS,46.31,REJECT,REJECT,none,0,6,55,NO TRADE,WEAK,37.0,price<EMA20; EMA20>EMA50; EMA20 falling,-22.92,13.3,0.51,3.85,0,False,5.62,186474408.0,54.65,58.84,67.32,44.66,64.19,50.01,86.74,50.01,86.74,64.4,RESISTANCE_BREAKOUT,BREAKOUT,0.32,,,0,,,0,False,False,60.53,ATR_FALLBACK,60.5,6.06,6.0,44.66,44.66,67.62,69.55,70.84,1.33,86.74,34.69,True,5.0,69.55,8.0,1.33,False,2.5,38.61,0.0,3387862.0,145759159.0,3.92,True,True,"Ionis Pharmaceuticals, Inc. - Common Stock",0,-14.4,UNCLASSIFIED,,0.0,NONE,0.0,0.0,NONE,,True,0,NOT CHECKED,NONE,NEUTRAL,,,,NOT CHECKED,False,NOT CHECKED,NONE,0,,False,-14.4,NO TRADE,NOT CHECKED,,,,,,,,,False,,,False,,,,False,,,,False,NONE,False,False,0,,,,NOT CHECKED,NO LIVE SIGNAL,BAR_PROXY,0.0,NO DATA,,,,,,,,-14.4,False
CAVA,51.29,REJECT,REJECT,none,0,6,55,NO TRADE,WEAK,37.0,price<EMA20; EMA20>EMA50; EMA20 falling,-27.42,17.2,0.53,14.24,1,True,5.11,172886138.0,59.07,64.82,70.08,49.67,74.47,53.91,88.7,60.15,98.79,74.68,RESISTANCE_BREAKOUT,BREAKOUT,0.28,,,0,,,0,False,False,70.28,ATR_FALLBACK,70.75,5.26,5.9,49.67,49.67,78.41,80.65,82.15,1.36,88.7,18.77,True,5.0,80.65,8.0,1.36,False,2.5,45.19,0.0,2925414.0,149569608.0,3.97,True,True,"CAVA Group, Inc. Common Stock",0,-14.4,UNCLASSIFIED,,0.0,NONE,0.0,0.0,NONE,,True,0,NOT CHECKED,NONE,NEUTRAL,,,,NOT CHECKED,False,NOT CHECKED,NONE,0,,False,-14.4,NO TRADE,NOT CHECKED,,,,,,,,,False,,,False,,,,False,,,,False,NONE,False,False,0,,,,NOT CHECKED,NO LIVE SIGNAL,BAR_PROXY,0.0,NO DATA,,,,,,,,-14.4,True
KRMN,35.6,REJECT,REJECT,none,0,6,55,NO TRADE,WEAK,37.0,price<EMA20; EMA20>EMA50; EMA20 falling,-37.92,19.3,0.6,7.86,0,False,7.16,119898233.0,41.46,47.37,62.05,33.99,57.62,33.99,63.73,41.44,108.47,57.82,RESISTANCE_BREAKOUT,BREAKOUT,0.35,,,0,,,0,False,False,54.35,ATR_FALLBACK,53.99,6.62,6.0,33.99,33.99,60.71,62.44,63.6,1.33,63.73,10.22,True,5.0,62.44,8.0,1.33,False,2.5,67.43,0.0,2958490.0,120309214.0,6.44,True,True,Karman Holdings Inc. Common Stock,0,-14.4,UNCLASSIFIED,,0.0,NONE,0.0,0.0,NONE,,True,0,NOT CHECKED,NONE,NEUTRAL,,,,NOT CHECKED,False,NOT CHECKED,NONE,0,,False,-14.4,NO TRADE,NOT CHECKED,,,,,,,,,False,,,False,,,,False,,,,False,NONE,False,False,0,,,,NOT CHECKED,NO LIVE SIGNAL,BAR_PROXY,0.0,NO DATA,,,,,,,,-14.4,False
NAVN,22.12,REJECT,REJECT,none,0,6,55,NO TRADE,WEAK,37.0,price<EMA20; EMA20>EMA50; EMA20 falling,-23.27,23.4,0.25,4.91,0,False,7.68,95246135.0,25.11,25.51,21.02,19.64,30.88,19.64,30.88,8.1,30.88,31.02,RESISTANCE_BREAKOUT,BREAKOUT,0.44,,,0,,,0,False,False,29.15,ATR_FALLBACK,28.47,8.21,6.0,19.64,19.64,32.57,33.5,34.12,1.33,,,False,5.0,33.5,8.0,1.33,False,2.5,39.59,0.0,3916225.0,66705785.0,4.8,True,True,"Navan, Inc. - Class A Common Stock",0,-14.4,UNCLASSIFIED,,0.0,NONE,0.0,0.0,NONE,,True,0,NOT CHECKED,NONE,NEUTRAL,,,,NOT CHECKED,False,NOT CHECKED,NONE,0,,False,-14.4,NO TRADE,NOT CHECKED,,,,,,,,,False,,,False,,,,False,,,,False,NONE,False,False,0,,,,NOT CHECKED,NO LIVE SIGNAL,BAR_PROXY,0.0,NO DATA,,,,,,,,-14.4,False
SHAK,56.55,REJECT,REJECT,none,0,6,55,NO TRADE,WEAK,37.0,price<EMA20; EMA20>EMA50; EMA20 falling,-21.9,17.4,0.47,3.21,0,False,5.29,70864901.0,64.81,66.07,75.63,56.62,76.41,52.12,76.41,51.6,106.84,76.65,RESISTANCE_BREAKOUT,BREAKOUT,0.31,,,0,,,0,False,False,72.05,ATR_FALLBACK,72.17,5.85,6.0,56.62,56.62,80.48,82.78,84.31,1.33,106.84,39.39,True,5.0,82.78,8.0,1.33,False,2.5,35.12,0.0,1068012.0,67919860.0,3.97,True,True,"Shake Shack, Inc. Class A Common Stock",0,-14.4,UNCLASSIFIED,,0.0,NONE,0.0,0.0,NONE,,True,0,NOT CHECKED,NONE,NEUTRAL,,,,NOT CHECKED,False,NOT CHECKED,NONE,0,,False,-14.4,NO TRADE,NOT CHECKED,,,,,,,,,False,,,False,,,,False,,,,False,NONE,False,False,0,,,,NOT CHECKED,NO LIVE SIGNAL,BAR_PROXY,0.0,NO DATA,,,,,,,,-14.4,False
RCAT,7.16,REJECT,REJECT,none,0,6,55,NO TRADE,WEAK,37.0,price<EMA20; EMA20>EMA50; EMA20 falling,-26.74,23.5,0.92,8.8,0,False,6.91,55068138.0,8.29,8.91,10.42,6.97,10.04,6.7,11.81,6.7,18.78,10.08,RESISTANCE_BREAKOUT,BREAKOUT,0.39,,,0,,,0,False,False,9.47,ATR_FALLBACK,9.34,7.36,6.0,6.97,6.97,10.58,10.88,11.09,1.33,11.81,17.19,True,5.0,10.88,8.0,1.33,False,2.5,42.98,0.0,6609380.0,47473720.0,5.74,True,True,"Red Cat Holdings, Inc. - Common Stock",0,-14.4,UNCLASSIFIED,,0.0,NONE,0.0,0.0,NONE,,True,0,NOT CHECKED,NONE,NEUTRAL,,,,NOT CHECKED,False,NOT CHECKED,NONE,0,,False,-14.4,NO TRADE,NOT CHECKED,,,,,,,,,False,,,False,,,,False,,,,False,NONE,False,False,0,,,,NOT CHECKED,NO LIVE SIGNAL,BAR_PROXY,0.0,NO DATA,,,,,,,,-14.4,False
HYMC,21.35,REJECT,REJECT,none,0,6,55,NO TRADE,WEAK,37.0,price<EMA20; EMA20>EMA50; EMA20 falling,-22.54,29.8,0.76,15.34,2,True,7.51,45747464.0,22.57,23.85,25.41,19.62,28.17,18.02,29.77,18.02,55.75,28.3,RESISTANCE_BREAKOUT,BREAKOUT,0.46,,,0,,,0,False,False,26.6,ATR_FALLBACK,25.89,8.5,6.0,19.62,19.62,29.71,30.56,31.13,1.33,29.77,5.2,True,5.0,29.77,5.2,0.87,False,2.5,31.91,0.0,1956518.0,44381994.0,6.49,True,True,Hycroft Mining Holding Corporation - Class A Common Stock,0,-14.4,UNCLASSIFIED,,0.0,NONE,0.0,0.0,NONE,,True,0,NOT CHECKED,NONE,NEUTRAL,,,,NOT CHECKED,False,NOT CHECKED,NONE,0,,False,-14.4,NO TRADE,NOT CHECKED,,,,,,,,,False,,,False,,,,False,,,,False,NONE,False,False,0,,,,NOT CHECKED,NO LIVE SIGNAL,BAR_PROXY,0.0,NO DATA,,,,,,,,-14.4,True
NAMS,21.9,REJECT,REJECT,none,0,6,55,NO TRADE,WEAK,37.0,price<EMA20; EMA20>EMA50; EMA20 falling,-22.32,26.9,0.68,4.7,0,False,6.28,32663224.0,24.3,26.94,30.21,21.02,28.43,21.23,37.37,24.8,42.21,28.54,RESISTANCE_BREAKOUT,BREAKOUT,0.39,,,0,,,0,False,False,26.83,EMA50,26.94,5.61,6.0,21.02,21.02,29.97,30.82,31.39,1.33,37.37,30.94,True,5.0,30.82,8.0,1.33,False,2.5,31.32,0.0,1337477.0,25652477.0,4.96,True,True,NewAmsterdam Pharma Company N.V. - Ordinary Shares,0,-14.4,UNCLASSIFIED,,0.0,NONE,0.0,0.0,NONE,,True,0,NOT CHECKED,NONE,NEUTRAL,,,,NOT CHECKED,False,NOT CHECKED,NONE,0,,False,-14.4,NO TRADE,NOT CHECKED,,,,,,,,,False,,,False,,,,False,,,,False,NONE,False,False,0,,,,NOT CHECKED,NO LIVE SIGNAL,BAR_PROXY,0.0,NO DATA,,,,,,,,-14.4,False
TNDM,17.12,REJECT,REJECT,none,0,6,55,NO TRADE,WEAK,37.0,price<EMA20; EMA20>EMA50; EMA20 falling,-26.11,23.3,0.56,19.11,1,True,6.49,30615953.0,19.17,19.33,18.43,16.12,23.53,13.95,24.81,12.26,26.38,23.62,RESISTANCE_BREAKOUT,BREAKOUT,0.38,,,0,,,0,False,False,22.2,ATR_FALLBACK,21.95,7.05,6.0,16.12,16.12,24.8,25.51,25.98,1.33,24.81,5.04,True,5.0,24.81,5.04,0.84,False,2.5,44.92,0.0,1567392.0,29549401.0,5.34,True,True,"Tandem Diabetes Care, Inc. - Common Stock",0,-14.4,UNCLASSIFIED,,0.0,NONE,0.0,0.0,NONE,,True,0,NOT CHECKED,NONE,NEUTRAL,,,,NOT CHECKED,False,NOT CHECKED,NONE,0,,False,-14.4,NO TRADE,NOT CHECKED,,,,,,,,,False,,,False,,,,False,,,,False,NONE,False,False,0,,,,NOT CHECKED,NO LIVE SIGNAL,BAR_PROXY,0.0,NO DATA,,,,,,,,-14.4,True
FUN,12.69,REJECT,REJECT,none,0,6,55,NO TRADE,WEAK,37.0,price<EMA20; EMA20>EMA50; EMA20 falling,-23.97,30.6,0.38,8.64,0,False,6.45,27746534.0,14.53,16.25,18.33,12.26,17.24,13.12,24.78,14.92,26.28,17.31,RESISTANCE_BREAKOUT,BREAKOUT,0.38,,,0,,,0,False,False,16.27,EMA50,16.25,6.09,6.0,12.26,12.26,18.17,18.69,19.04,1.33,24.78,43.19,True,5.0,18.69,8.0,1.33,False,2.5,35.8,0.0,1883940.0,27306923.0,4.71,True,True,Six Flags Entertainment Corporation Common Stock New,0,-14.4,UNCLASSIFIED,,0.0,NONE,0.0,0.0,NONE,,True,0,NOT CHECKED,NONE,NEUTRAL,,,,NOT CHECKED,False,NOT CHECKED,NONE,0,,False,-14.4,NO TRADE,NOT CHECKED,,,,,,,,,False,,,False,,,,False,,,,False,NONE,False,False,0,,,,NOT CHECKED,NO LIVE SIGNAL,BAR_PROXY,0.0,NO DATA,,,,,,,,-14.4,False
